Id,Name,State__c,Grade_Level__c
01tam00000B0mXmAAJ,Test TLG Product,,
01tam00000BCGSUAA5,ACT Achievement English,Alabama;Alaska;Arizona;Arkansas;California;Colorado;Connecticut;Delaware;District of Columbia;Florida;Georgia;Hawaii;Idaho;Illinois;Indiana;Iowa;Kansas;Louisiana;Maine;Maryland;Massachusetts;Michigan;Minnesota;Mississippi;Missouri;Montana;Nebraska;Nevada;New Hampshire;New Jersey;New Mexico;New York;North Carolina;North Dakota;Ohio;Oklahoma;Oregon;Pennsylvania;Rhode Island;South Carolina;South Dakota;Tennessee;Texas;Utah;Vermont;Virginia;Washington;West Virginia;Wisconsin;Wyoming,Grade 12
01tam00000BCKW5AAP,Gearing Up for 2nd Grade Mathematics,Alabama;Alaska;Arizona;Arkansas;California;Colorado;Connecticut;Delaware;District of Columbia;Florida;Georgia;Hawaii;Idaho;Illinois;Indiana;Iowa;Kansas;Louisiana;Maine;Maryland;Massachusetts;Michigan;Minnesota;Mississippi;Missouri;Montana;Nebraska;Nevada;New Hampshire;New Jersey;New Mexico;New York;North Carolina;North Dakota;Ohio;Oklahoma;Oregon;Pennsylvania;Rhode Island;South Carolina;South Dakota;Texas;Utah;Vermont;Virginia;Washington;West Virginia;Wisconsin;Wyoming,Grade 1
01tam00000BCKW6AAP,Gearing Up for 3rd Grade English Language Arts,Alabama;Alaska;Arizona;Arkansas;California;Colorado;Connecticut;Delaware;District of Columbia;Florida;Georgia;Hawaii;Idaho;Illinois;Indiana;Iowa;Kansas;Louisiana;Maine;Maryland;Massachusetts;Michigan;Minnesota;Mississippi;Missouri;Montana;Nebraska;Nevada;New Hampshire;New Jersey;New Mexico;New York;North Carolina;North Dakota;Ohio;Oklahoma;Oregon;Pennsylvania;Rhode Island;South Carolina;South Dakota;Texas;Utah;Vermont;Virginia;Washington;West Virginia;Wisconsin;Wyoming,Grade 2
01tam00000BCKXhAAP,Gearing Up for 8th Grade English Language Arts,Alabama;Alaska;Arizona;Arkansas;California;Colorado;Connecticut;Delaware;District of Columbia;Florida;Georgia;Hawaii;Idaho;Illinois;Indiana;Iowa;Kansas;Louisiana;Maine;Maryland;Massachusetts;Michigan;Minnesota;Mississippi;Missouri;Montana;Nebraska;Nevada;New Hampshire;New Jersey;New Mexico;New York;North Carolina;North Dakota;Ohio;Oklahoma;Oregon;Pennsylvania;Rhode Island;South Carolina;South Dakota;Texas;Utah;Vermont;Virginia;Washington;West Virginia;Wisconsin;Wyoming,Grade 7
01tam00000BCKXiAAP,Gearing Up for 8th Grade Mathematics,Alabama;Alaska;Arizona;Arkansas;California;Colorado;Connecticut;Delaware;District of Columbia;Florida;Georgia;Hawaii;Idaho;Illinois;Indiana;Iowa;Kansas;Louisiana;Maine;Maryland;Massachusetts;Michigan;Minnesota;Mississippi;Missouri;Montana;Nebraska;Nevada;New Hampshire;New Jersey;New Mexico;New York;North Carolina;North Dakota;Ohio;Oklahoma;Oregon;Pennsylvania;Rhode Island;South Carolina;South Dakota;Texas;Utah;Vermont;Virginia;Washington;West Virginia;Wisconsin;Wyoming,Grade 7
01tam00000BCBatAAH,English I Foundations,Alabama;Alaska;Arizona;Arkansas;California;Colorado;Connecticut;Delaware;District of Columbia;Florida;Georgia;Hawaii;Idaho;Illinois;Indiana;Iowa;Kansas;Louisiana;Maine;Maryland;Massachusetts;Michigan;Minnesota;Mississippi;Missouri;Montana;Nebraska;Nevada;New Hampshire;New Jersey;New Mexico;New York;North Carolina;North Dakota;Ohio;Oklahoma;Oregon;Pennsylvania;Rhode Island;South Carolina;South Dakota;Texas;Utah;Vermont;Virginia;Washington;West Virginia;Wisconsin;Wyoming,Grade 10;Grade 11;Grade 12;Grade 9
01tam00000BCBauAAH,Economics Foundations,Alabama;Alaska;Arizona;Arkansas;California;Colorado;Connecticut;Delaware;District of Columbia;Florida;Georgia;Hawaii;Idaho;Illinois;Indiana;Iowa;Kansas;Louisiana;Maine;Maryland;Massachusetts;Michigan;Minnesota;Mississippi;Missouri;Montana;Nebraska;Nevada;New Hampshire;New Jersey;New Mexico;New York;North Carolina;North Dakota;Ohio;Oklahoma;Oregon;Pennsylvania;Rhode Island;South Carolina;South Dakota;Texas;Utah;Vermont;Virginia;Washington;West Virginia;Wisconsin;Wyoming,Grade 10;Grade 11;Grade 12;Grade 9
01tam00000BCKZJAA5,Foundations Kindergarten English Language Arts,Alabama;Alaska;Arizona;Arkansas;California;Colorado;Connecticut;Delaware;District of Columbia;Florida;Georgia;Hawaii;Idaho;Illinois;Indiana;Iowa;Kansas;Louisiana;Maine;Maryland;Massachusetts;Michigan;Minnesota;Mississippi;Missouri;Montana;Nebraska;Nevada;New Hampshire;New Jersey;New Mexico;New York;North Carolina;North Dakota;Ohio;Oklahoma;Oregon;Pennsylvania;Rhode Island;South Carolina;South Dakota;Tennessee;Texas;Utah;Vermont;Virginia;Washington;West Virginia;Wisconsin;Wyoming,Grade K
01tam00000BCKZKAA5,Foundations Kindergarten Mathematics,Alabama;Alaska;Arizona;Arkansas;California;Colorado;Connecticut;Delaware;District of Columbia;Florida;Georgia;Hawaii;Idaho;Illinois;Indiana;Iowa;Kansas;Louisiana;Maine;Maryland;Massachusetts;Michigan;Minnesota;Mississippi;Missouri;Montana;Nebraska;Nevada;New Hampshire;New Jersey;New Mexico;New York;North Carolina;North Dakota;Ohio;Oklahoma;Oregon;Pennsylvania;Rhode Island;South Carolina;South Dakota;Tennessee;Texas;Utah;Vermont;Virginia;Washington;West Virginia;Wisconsin;Wyoming,Grade K
01tam00000BCKavAAH,ACT Achievement Mathematics,Alabama;Alaska;Arizona;Arkansas;California;Colorado;Connecticut;Delaware;District of Columbia;Florida;Georgia;Hawaii;Idaho;Illinois;Indiana;Iowa;Kansas;Kentucky;Louisiana;Maine;Maryland;Massachusetts;Michigan;Minnesota;Mississippi;Missouri;Montana;Nebraska;Nevada;New Hampshire;New Jersey;New Mexico;New York;North Carolina;North Dakota;Ohio;Oklahoma;Oregon;Pennsylvania;Rhode Island;South Carolina;South Dakota;Tennessee;Texas;Utah;Vermont;Virginia;Washington;West Virginia;Wisconsin;Wyoming,Grade 12
01tam00000BCKawAAH,ACT Achievement Reading,Alabama;Alaska;Arizona;Arkansas;California;Colorado;Connecticut;Delaware;District of Columbia;Florida;Georgia;Hawaii;Idaho;Illinois;Indiana;Iowa;Kansas;Louisiana;Maine;Maryland;Massachusetts;Michigan;Minnesota;Mississippi;Missouri;Montana;Nebraska;Nevada;New Hampshire;New Jersey;New Mexico;New York;North Carolina;North Dakota;Ohio;Oklahoma;Oregon;Pennsylvania;Rhode Island;South Carolina;South Dakota;Tennessee;Texas;Utah;Vermont;Virginia;Washington;West Virginia;Wisconsin;Wyoming,Grade 12
01tam00000BCKcXAAX,Middle School Physical Science Foundations,Alabama;Alaska;Arizona;Arkansas;California;Colorado;Connecticut;Delaware;District of Columbia;Florida;Georgia;Hawaii;Idaho;Illinois;Indiana;Iowa;Kansas;Louisiana;Maine;Maryland;Massachusetts;Michigan;Minnesota;Mississippi;Missouri;Montana;Nebraska;Nevada;New Hampshire;New Jersey;New Mexico;New York;North Carolina;North Dakota;Ohio;Oklahoma;Oregon;Pennsylvania;Rhode Island;South Carolina;South Dakota;Texas;Utah;Vermont;Virginia;Washington;West Virginia;Wisconsin;Wyoming,Grade 6;Grade 7;Grade 8
01tam00000BCKeAAAX,Foundations Grade 2 Mathematics,Alabama;Alaska;Arizona;Arkansas;California;Colorado;Connecticut;Delaware;District of Columbia;Florida;Georgia;Hawaii;Idaho;Illinois;Indiana;Iowa;Kansas;Louisiana;Maine;Maryland;Massachusetts;Michigan;Minnesota;Mississippi;Missouri;Montana;Nebraska;Nevada;New Hampshire;New Jersey;New Mexico;New York;North Carolina;North Dakota;Ohio;Oklahoma;Oregon;Pennsylvania;Rhode Island;South Carolina;South Dakota;Texas;Utah;Vermont;Virginia;Washington;West Virginia;Wisconsin;Wyoming,Grade 2
01tam00000BCKe9AAH,Foundations Grade 2 English Language Arts,Alabama;Alaska;Arizona;Arkansas;California;Colorado;Connecticut;Delaware;District of Columbia;Florida;Georgia;Hawaii;Idaho;Illinois;Indiana;Iowa;Kansas;Louisiana;Maine;Maryland;Massachusetts;Michigan;Minnesota;Mississippi;Missouri;Montana;Nebraska;Nevada;New Hampshire;New Jersey;New Mexico;New York;North Carolina;North Dakota;Ohio;Oklahoma;Oregon;Pennsylvania;Rhode Island;South Carolina;South Dakota;Texas;Utah;Vermont;Virginia;Washington;West Virginia;Wisconsin;Wyoming,Grade 2
01tam00000BCKhNAAX,ACT Achievement Science,Alabama;Alaska;Arizona;Arkansas;California;Colorado;Connecticut;Delaware;District of Columbia;Florida;Georgia;Hawaii;Idaho;Illinois;Indiana;Iowa;Kansas;Louisiana;Maine;Maryland;Massachusetts;Michigan;Minnesota;Mississippi;Missouri;Montana;Nebraska;Nevada;New Hampshire;New Jersey;New Mexico;New York;North Carolina;North Dakota;Ohio;Oklahoma;Oregon;Pennsylvania;Rhode Island;South Carolina;South Dakota;Tennessee;Texas;Utah;Vermont;Virginia;Washington;West Virginia;Wisconsin;Wyoming,Grade 12
01tam00000BCKkbAAH,Basics Made Easy: Reading Review,Alabama;Alaska;Arizona;Arkansas;California;Colorado;Connecticut;Delaware;District of Columbia;Florida;Georgia;Hawaii;Idaho;Illinois;Indiana;Iowa;Kansas;Kentucky;Louisiana;Maine;Maryland;Massachusetts;Michigan;Minnesota;Mississippi;Missouri;Montana;Nebraska;Nevada;New Hampshire;New Jersey;New Mexico;New York;North Carolina;North Dakota;Ohio;Oklahoma;Oregon;Pennsylvania;Rhode Island;South Carolina;South Dakota;Tennessee;Texas;Utah;Vermont;Virginia;Washington;West Virginia;Wisconsin;Wyoming,Grade 6;Grade 7;Grade 8
01tam00000BCKkcAAH,Basics Made Easy: Mathematics Review,Alabama;Alaska;Arizona;Arkansas;California;Colorado;Connecticut;Delaware;District of Columbia;Florida;Georgia;Hawaii;Idaho;Illinois;Indiana;Iowa;Kansas;Kentucky;Louisiana;Maine;Maryland;Massachusetts;Michigan;Minnesota;Mississippi;Missouri;Montana;Nebraska;Nevada;New Hampshire;New Jersey;New Mexico;New York;North Carolina;North Dakota;Ohio;Oklahoma;Oregon;Pennsylvania;Rhode Island;South Carolina;South Dakota;Tennessee;Texas;Utah;Vermont;Virginia;Washington;West Virginia;Wisconsin;Wyoming,Grade 6;Grade 7;Grade 8
01tam00000BCKmDAAX,Middle School Life Science Foundations,Alabama;Alaska;Arizona;Arkansas;California;Colorado;Connecticut;Delaware;District of Columbia;Florida;Georgia;Hawaii;Idaho;Illinois;Indiana;Iowa;Kansas;Louisiana;Maine;Maryland;Massachusetts;Michigan;Minnesota;Mississippi;Missouri;Montana;Nebraska;Nevada;New Hampshire;New Jersey;New Mexico;New York;North Carolina;North Dakota;Ohio;Oklahoma;Oregon;Pennsylvania;Rhode Island;South Carolina;South Dakota;Texas;Utah;Vermont;Virginia;Washington;West Virginia;Wisconsin;Wyoming,Grade 6;Grade 7;Grade 8
01tam00000BCKnpAAH,Foundations Grade 1 Mathematics,Alabama;Alaska;Arizona;Arkansas;California;Colorado;Connecticut;Delaware;District of Columbia;Florida;Georgia;Hawaii;Idaho;Illinois;Indiana;Iowa;Kansas;Louisiana;Maine;Maryland;Massachusetts;Michigan;Minnesota;Mississippi;Missouri;Montana;Nebraska;Nevada;New Hampshire;New Jersey;New Mexico;New York;North Carolina;North Dakota;Ohio;Oklahoma;Oregon;Pennsylvania;Rhode Island;South Carolina;South Dakota;Tennessee;Texas;Utah;Vermont;Virginia;Washington;West Virginia;Wisconsin;Wyoming,Grade 1
01tam00000BCKpSAAX,Gearing Up for 5th Grade English Language Arts,Alabama;Alaska;Arizona;Arkansas;California;Colorado;Connecticut;Delaware;District of Columbia;Florida;Georgia;Hawaii;Idaho;Illinois;Indiana;Iowa;Kansas;Louisiana;Maine;Maryland;Massachusetts;Michigan;Minnesota;Mississippi;Missouri;Montana;Nebraska;Nevada;New Hampshire;New Jersey;New Mexico;New York;North Carolina;North Dakota;Ohio;Oklahoma;Oregon;Pennsylvania;Rhode Island;South Carolina;South Dakota;Texas;Utah;Vermont;Virginia;Washington;West Virginia;Wisconsin;Wyoming,Grade 4
01tam00000BCKpRAAX,Gearing Up for 5th Grade Mathematics,Alabama;Alaska;Arizona;Arkansas;California;Colorado;Connecticut;Delaware;District of Columbia;Florida;Georgia;Hawaii;Idaho;Illinois;Indiana;Iowa;Kansas;Louisiana;Maine;Maryland;Massachusetts;Michigan;Minnesota;Mississippi;Missouri;Montana;Nebraska;Nevada;New Hampshire;New Jersey;New Mexico;New York;North Carolina;North Dakota;Ohio;Oklahoma;Oregon;Pennsylvania;Rhode Island;South Carolina;South Dakota;Texas;Utah;Vermont;Virginia;Washington;West Virginia;Wisconsin;Wyoming,Grade 4
01tam00000BCKr4AAH,Gearing Up for 1st Grade English Language Arts,Alabama;Alaska;Arizona;Arkansas;California;Colorado;Connecticut;Delaware;District of Columbia;Florida;Georgia;Hawaii;Idaho;Illinois;Indiana;Iowa;Kansas;Louisiana;Maine;Maryland;Massachusetts;Michigan;Minnesota;Mississippi;Missouri;Montana;Nebraska;Nevada;New Hampshire;New Jersey;New Mexico;New York;North Carolina;North Dakota;Ohio;Oklahoma;Oregon;Pennsylvania;Rhode Island;South Carolina;South Dakota;Tennessee;Texas;Utah;Vermont;Virginia;Washington;West Virginia;Wisconsin;Wyoming,Grade K
01tam00000BCKr3AAH,Gearing Up for 1st Grade Mathematics,Alabama;Alaska;Arizona;Arkansas;California;Colorado;Connecticut;Delaware;District of Columbia;Florida;Georgia;Hawaii;Idaho;Illinois;Indiana;Iowa;Kansas;Louisiana;Maine;Maryland;Massachusetts;Michigan;Minnesota;Mississippi;Missouri;Montana;Nebraska;Nevada;New Hampshire;New Jersey;New Mexico;New York;North Carolina;North Dakota;Ohio;Oklahoma;Oregon;Pennsylvania;Rhode Island;South Carolina;South Dakota;Texas;Utah;Vermont;Virginia;Washington;West Virginia;Wisconsin;Wyoming,Grade K
01tam00000BCKsfAAH,Gearing Up for 3rd Grade Mathematics,Alabama;Alaska;Arizona;Arkansas;California;Colorado;Connecticut;Delaware;District of Columbia;Florida;Georgia;Hawaii;Idaho;Illinois;Indiana;Iowa;Kansas;Louisiana;Maine;Maryland;Massachusetts;Michigan;Minnesota;Mississippi;Missouri;Montana;Nebraska;Nevada;New Hampshire;New Jersey;New Mexico;New York;North Carolina;North Dakota;Ohio;Oklahoma;Oregon;Pennsylvania;Rhode Island;South Carolina;South Dakota;Texas;Utah;Vermont;Virginia;Washington;West Virginia;Wisconsin;Wyoming,Grade 2
01tam00000BCKsgAAH,Gearing Up for 4th Grade English Language Arts,Alabama;Alaska;Arizona;Arkansas;California;Colorado;Connecticut;Delaware;District of Columbia;Florida;Georgia;Hawaii;Idaho;Illinois;Indiana;Iowa;Kansas;Louisiana;Maine;Maryland;Massachusetts;Michigan;Minnesota;Mississippi;Missouri;Montana;Nebraska;Nevada;New Hampshire;New Jersey;New Mexico;New York;North Carolina;North Dakota;Ohio;Oklahoma;Oregon;Pennsylvania;Rhode Island;South Carolina;South Dakota;Texas;Utah;Vermont;Virginia;Washington;West Virginia;Wisconsin;Wyoming,Grade 3
01tam00000BCKuHAAX,Biology Foundations,Alabama;Alaska;Arizona;Arkansas;California;Colorado;Connecticut;Delaware;District of Columbia;Florida;Georgia;Hawaii;Idaho;Illinois;Indiana;Iowa;Kansas;Louisiana;Maine;Maryland;Massachusetts;Michigan;Minnesota;Mississippi;Missouri;Montana;Nebraska;Nevada;New Hampshire;New Jersey;New Mexico;New York;North Carolina;North Dakota;Ohio;Oklahoma;Oregon;Pennsylvania;Rhode Island;South Carolina;South Dakota;Texas;Utah;Vermont;Virginia;Washington;West Virginia;Wisconsin;Wyoming,Grade 10;Grade 11;Grade 12;Grade 9
01tam00000BCKvuAAH,Gearing Up for Algebra I,Alabama;Alaska;Arizona;Arkansas;California;Colorado;Connecticut;Delaware;District of Columbia;Florida;Georgia;Hawaii;Idaho;Illinois;Indiana;Iowa;Kansas;Louisiana;Maine;Maryland;Massachusetts;Michigan;Minnesota;Mississippi;Missouri;Montana;Nebraska;Nevada;New Hampshire;New Jersey;New Mexico;New York;North Carolina;North Dakota;Ohio;Oklahoma;Oregon;Pennsylvania;Rhode Island;South Carolina;South Dakota;Texas;Utah;Vermont;Virginia;Washington;West Virginia;Wisconsin;Wyoming,Grade 8
01tam00000BCKvtAAH,Gearing Up for 9th Grade Literature & Composition,Alabama;Alaska;Arizona;Arkansas;California;Colorado;Connecticut;Delaware;District of Columbia;Florida;Georgia;Hawaii;Idaho;Illinois;Indiana;Iowa;Kansas;Louisiana;Maine;Maryland;Massachusetts;Michigan;Minnesota;Mississippi;Missouri;Montana;Nebraska;Nevada;New Hampshire;New Jersey;New Mexico;New York;North Carolina;North Dakota;Ohio;Oklahoma;Oregon;Pennsylvania;Rhode Island;South Carolina;South Dakota;Texas;Utah;Vermont;Virginia;Washington;West Virginia;Wisconsin;Wyoming,Grade 8;Grade 9
01tam00000BCKxVAAX,Gearing Up for 6th Grade English Language Arts,Alabama;Alaska;Arizona;Arkansas;California;Colorado;Connecticut;Delaware;District of Columbia;Florida;Georgia;Hawaii;Idaho;Illinois;Indiana;Iowa;Kansas;Louisiana;Maine;Maryland;Massachusetts;Michigan;Minnesota;Mississippi;Missouri;Montana;Nebraska;Nevada;New Hampshire;New Jersey;New Mexico;New York;North Carolina;North Dakota;Ohio;Oklahoma;Oregon;Pennsylvania;Rhode Island;South Carolina;South Dakota;Texas;Utah;Vermont;Virginia;Washington;West Virginia;Wisconsin;Wyoming,Grade 5
01tam00000BCKxWAAX,Gearing Up for 6th Grade Mathematics,Alabama;Alaska;Arizona;Arkansas;California;Colorado;Connecticut;Delaware;District of Columbia;Florida;Georgia;Hawaii;Idaho;Illinois;Indiana;Iowa;Kansas;Louisiana;Maine;Maryland;Massachusetts;Michigan;Minnesota;Mississippi;Missouri;Montana;Nebraska;Nevada;New Hampshire;New Jersey;New Mexico;New York;North Carolina;North Dakota;Ohio;Oklahoma;Oregon;Pennsylvania;Rhode Island;South Carolina;South Dakota;Texas;Utah;Vermont;Virginia;Washington;West Virginia;Wisconsin;Wyoming,Grade 5
01tam00000BCJgUAAX,Gearing Up for 7th Grade English Language Arts,Alabama;Alaska;Arizona;Arkansas;California;Colorado;Connecticut;Delaware;District of Columbia;Florida;Georgia;Hawaii;Idaho;Illinois;Indiana;Iowa;Kansas;Louisiana;Maine;Maryland;Massachusetts;Michigan;Minnesota;Mississippi;Missouri;Montana;Nebraska;Nevada;New Hampshire;New Jersey;New Mexico;New York;North Carolina;North Dakota;Ohio;Oklahoma;Oregon;Pennsylvania;Rhode Island;South Carolina;South Dakota;Texas;Utah;Vermont;Virginia;Washington;West Virginia;Wisconsin;Wyoming,Grade 6
01tam00000BCKzCAAX,South Carolina SCCCRS Success Grade 1 Mathematics,South Carolina,Grade 1
01tam00000BCKzDAAX,Tennessee TAS Success Grade 3 Social Studies,Tennessee,Grade 3
01tam00000BCKzEAAX,South Carolina GET READY Success Grade 6 ELA,South Carolina,Grade 6
01tam00000BCKzFAAX,South Carolina Success Geometry with Statistics,South Carolina,Grade 10;Grade 11;Grade 12;Grade 9
01tam00000BCKzGAAX,Tennessee TAS Success Grade 4 Social Studies,Tennessee,Grade 4
01tam00000BCKzHAAX,South Carolina SCCCRS Success Grade 1 ELA,South Carolina,Grade 1
01tam00000BCKzIAAX,South Carolina SCCCRS Success Grade 2 ELA,South Carolina,Grade 2
01tam00000BCKzJAAX,South Carolina GET READY Success Grade 8 Mathematics,South Carolina,Grade 8
01tam00000BCKzKAAX,Tennessee Civics Test Success,Tennessee,Grade 10;Grade 11;Grade 12;Grade 9
01tam00000BCKzLAAX,South Carolina SCCCRS Success Kindergarten ELA,South Carolina,Grade K
01tam00000BCKzMAAX,South Carolina GET READY Success Grade 5 Mathematics,South Carolina,Grade 5
01tam00000BCKzNAAX,South Carolina SCCCRS Success Kindergarten Mathematics,South Carolina,Grade K
01tam00000BCKzOAAX,South Carolina GET READY Success Grade 8 ELA,South Carolina,Grade 8
01tam00000BCKzPAAX,South Carolina GET READY Success Grade 7 Mathematics,South Carolina,Grade 7
01tam00000BCKzQAAX,South Carolina SCCCRS Success Grade 2 Mathematics,South Carolina,Grade 2
01tam00000BCKzBAAX,South Carolina GET READY Success Grade 5 ELA,South Carolina,Grade 5
01tam00000BCKzAAAX,South Carolina SCCCRS Success Algebra 2 with Probability,South Carolina,Grade 11;Grade 12
01tam00000BCKz9AAH,South Carolina SCCCRS Success English 1,South Carolina,Grade 9
01tam00000BCKz8AAH,South Carolina GET READY Success Grade 6 Mathematics,South Carolina,Grade 6
01tam00000BCKz7AAH,South Carolina GET READY Success Grade 7 ELA,South Carolina,Grade 7
01tam00000BCKzSAAX,Tennessee TCAP Success Grade 5 English Language Arts,Tennessee,Grade 5
01tam00000BCKzTAAX,Tennessee TCAP Success Grade 3 Science,Tennessee,Grade 3
01tam00000BCKzUAAX,Tennessee TCAP Success Grade 5 Science,Tennessee,Grade 5
01tam00000BCKzYAAX,Tennessee TCAP Success Grade 5 Mathematics,Tennessee,Grade 5
01tam00000BCKzeAAH,Tennessee TCAP Success Grade 2 English Language Arts,Tennessee,Grade 2
01tam00000BCKzfAAH,Tennessee TCAP Success Grade 6 English Language Arts,Tennessee,Grade 6
01tam00000BCKzgAAH,Tennessee TCAP Success Biology,Tennessee,Grade 10;Grade 11;Grade 12;Grade 9
01tam00000BCKzhAAH,Tennessee TCAP Success Grade 4 Science,Tennessee,Grade 4
01tam00000BCKziAAH,Tennessee TCAP Success Grade 3 English Language Arts,Tennessee,Grade 3
01tam00000BCKzXAAX,Tennessee TCAP Success Grade 4 English Language Arts,Tennessee,Grade 4
01tam00000BCKzWAAX,Tennessee TCAP Success English II,Tennessee,Grade 10;Grade 11;Grade 12
01tam00000BCKzVAAX,Tennessee TCAP Success Grade 3 Mathematics,Tennessee,Grade 3
01tam00000BCKzaAAH,Tennessee TCAP Success Grade 2 Mathematics,Tennessee,Grade 2
01tam00000BCKzbAAH,Tennessee TCAP Success Algebra II,Tennessee,Grade 10;Grade 11;Grade 12;Grade 9
01tam00000BCKzcAAH,Tennessee TCAP Success Grade 4 Mathematics,Tennessee,Grade 4
01tam00000BCKzRAAX,Tennessee TCAP Success English I,Tennessee,Grade 10;Grade 11;Grade 12
01tam00000BCKzdAAH,Tennessee TCAP Success Algebra I,Tennessee,Grade 10;Grade 11;Grade 12;Grade 9
01tam00000BCKzjAAH,Tennessee TAS Success Grade 5 Social Studies,Tennessee,Grade 5
01tam00000BCKzZAAX,Tennessee TCAP Success Geometry,,
01tWj00000BiwLJIAZ,Georgia K-12 Standards Success Grade 3 ELA,Georgia,Grade 3
01tWj00000BiwI5IAJ,Georgia K-12 Standards Success Grade 2 ELA,Georgia,Grade 2
01tWj00000BiwJhIAJ,Georgia K-12 Standards Success Grade 2 Mathematics,Georgia,Grade 2
01tWj00000BiwTNIAZ,Georgia K-12 Standards Success Grade 5 Mathematics,Georgia,Grade 5
01tWj00000BiwOXIAZ,Georgia K-12 Standards Success Grade 4 ELA,Georgia,Grade 4
01tWj00000BiwWbIAJ,Georgia K-12 Standards Success Grade 6 Mathematics,Georgia,Grade 6
01tWj00000BiwMvIAJ,Georgia K-12 Standards Success Grade 3 Mathematics,Georgia,Grade 3
01tWj00000Biwd3IAB,Georgia K-12 Standards Success Grade 8 Mathematics,Georgia,Grade 8
01tWj00000BiwbRIAR,Georgia K-12 Standards Success Grade 8 ELA,Georgia,Grade 8
01tWj00000BiwQ9IAJ,Georgia K-12 Standards Success Grade 4 Mathematics,Georgia,Grade 4
01tWj00000Biw6nIAB,Georgia K-12 Standards Success Enhanced Advanced Algebra and AP Precalculus: Concepts & Connections EOC,Georgia,Grade 10;Grade 11;Grade 12;Grade 9
01tWj00000BiwRlIAJ,Georgia K-12 Standards Success Grade 5 ELA,Georgia,Grade 5
01tWj00000BiwBdIAJ,Georgia K-12 Standards Success Geometry: Concepts & Connections,Georgia,Grade 10;Grade 11;Grade 12;Grade 9
01tWj00000BiwYDIAZ,Georgia K-12 Standards Success Grade 7 ELA,Georgia,Grade 7
01tWj00000BiwGTIAZ,Georgia K-12 Standards Success Grade 1 Mathematics,Georgia,Grade 1
01tWj00000BiwUzIAJ,Georgia K-12 Standards Success Grade 6 ELA,Georgia,Grade 6
01tWj00000BiwZpIAJ,Georgia K-12 Standards Success Grade 7 Mathematics,Georgia,Grade 7
01tWj00000BiwDFIAZ,Georgia K-12 Standards Success Grade 1 ELA,Georgia,Grade 1
01tWj00000Biw8PIAR,Georgia K-12 Standards Success Enhanced Advanced Algebra and AP Precalculus: Concepts & Connections EOC Alternative Sequence,Georgia,Grade 10;Grade 11;Grade 12;Grade 9
01tam00000BCL19AAH,Kentucky KSA Success Grade 3 Mathematics,Kentucky,Grade 3
01tam00000BCL1DAAX,Kentucky KSA Success Grade 4 Science,Kentucky,Grade 4
01tam00000BCL1EAAX,"Kentucky KSA Success Grade 11 On-Demand Writing, Editing, & Mechanics",Kentucky,Grade 11
01tam00000BCL1FAAX,Kentucky ACT Achievement Science,Kentucky,Grade 12
01tam00000BCL1GAAX,Kentucky ACT Achievement English,Kentucky,Grade 12
01tam00000BCL1HAAX,Kentucky KSA Success Grade 11 Science,Kentucky,Grade 11
01tam00000BCL1IAAX,Kentucky KSA Success Grade 4 Reading,Kentucky,Grade 4
01tWj00000BiwjVIAR,Georgia K-12 Standards Success Literature & Composition III,Georgia,Grade 10;Grade 11;Grade 12;Grade 9
01tam00000BCL1LAAX,Kentucky KSA Success Grade 10 Reading,Kentucky,Grade 10
01tam00000BCL1MAAX,Kentucky ACT Achievement Reading,Kentucky,Grade 12
01tam00000BCL13AAH,Kentucky KSA Success Grade 4 Mathematics,Kentucky,Grade 4
01tam00000BCL14AAH,Kentucky KSA Success Grade 3 Reading,Kentucky,Grade 3
01tWj00000BiwhtIAB,Georgia K-12 Standards Success Literature & Composition II,Georgia,Grade 10;Grade 11;Grade 12;Grade 9
01tWj00000BipQIIAZ,Georgia K-12 Standards Success Literature & Composition I,Georgia,Grade 10;Grade 11;Grade 12;Grade 9
01tam00000BCL17AAH,Kentucky ACT Achievement Math,Kentucky,Grade 12
01tam00000BCL18AAH,Kentucky KSA Success Grade 10 Mathematics,Kentucky,Grade 10
01tam00000BCL1BAAX,Kentucky KSA Success Grade 11 Social Studies,Kentucky,Grade 11
01tam00000BCL1CAAX,Kentucky ACT Achievement Writing,Kentucky,Grade 12
01tam00000BCL2LAAX,Gearing Up for 4th Grade Mathematics,Alabama;Alaska;Arizona;Arkansas;California;Colorado;Connecticut;Delaware;District of Columbia;Florida;Georgia;Hawaii;Idaho;Illinois;Indiana;Iowa;Kansas;Louisiana;Maine;Maryland;Massachusetts;Michigan;Minnesota;Mississippi;Missouri;Montana;Nebraska;Nevada;New Hampshire;New Jersey;New Mexico;New York;North Carolina;North Dakota;Ohio;Oklahoma;Oregon;Pennsylvania;Rhode Island;South Carolina;South Dakota;Texas;Utah;Vermont;Virginia;Washington;West Virginia;Wisconsin;Wyoming,Grade 3
01tam00000BCL3xAAH,Middle School Integrated Science Foundations,Alabama;Alaska;Arizona;Arkansas;California;Colorado;Connecticut;Delaware;District of Columbia;Florida;Georgia;Hawaii;Idaho;Illinois;Indiana;Iowa;Kansas;Louisiana;Maine;Maryland;Massachusetts;Michigan;Minnesota;Mississippi;Missouri;Montana;Nebraska;Nevada;New Hampshire;New Jersey;New Mexico;New York;North Carolina;North Dakota;Ohio;Oklahoma;Oregon;Pennsylvania;Rhode Island;South Carolina;South Dakota;Texas;Utah;Vermont;Virginia;Washington;West Virginia;Wisconsin;Wyoming,Grade 6;Grade 7;Grade 8
01tam00000BCCn6AAH,Oklahoma OSTP Success Grade 5 Mathematics,Oklahoma,Grade 5
01tam00000BCCn7AAH,North Carolina Math 1 EOC,North Carolina,Grade 10;Grade 11;Grade 12
01tam00000BCCn5AAH,North Carolina Success in Economics and Personal Finance,North Carolina,Grade 10;Grade 11;Grade 12;Grade 9
01tam00000BCCn4AAH,North Carolina Math 3 EOC,North Carolina,Grade 10;Grade 11;Grade 12;Grade 9
01tam00000BCCn8AAH,North Carolina EOG Success Grade 5 Science,North Carolina,Grade 5
01tam00000BCCnMAAX,Oklahoma OSTP Success Grade 3 Mathematics,Oklahoma,Grade 3
01tam00000BCCnCAAX,North Carolina EOG Success Grade 8 Science,North Carolina,Grade 8
01tam00000BCCnDAAX,North Carolina EOG Grade 7 Mathematics,North Carolina,Grade 7
01tam00000BCCnEAAX,North Carolina EOG Grade 7 English Language Arts,North Carolina,Grade 7
01tam00000BCCnFAAX,Oklahoma OSTP Success Grade 6 English Language Arts,Oklahoma,Grade 6
01tam00000BCCnGAAX,North Carolina EOG Grade 8 English Language Arts,North Carolina,Grade 8
01tam00000BCCnHAAX,Oklahoma OSTP Success Grade 4 English Language Arts,Oklahoma,Grade 4
01tam00000BCCnIAAX,North Carolina Math 2,North Carolina,Grade 10;Grade 11;Grade 12;Grade 9
01tam00000BCCnJAAX,Oklahoma CCRA Success in US History,Oklahoma,Grade 10;Grade 11;Grade 12
01tam00000BCCnKAAX,Oklahoma OSTP Success Grade 5 English Language Arts,Oklahoma,Grade 5
01tam00000BCCnLAAX,North Carolina EOG Grade 8 Mathematics,North Carolina,Grade 8
01tam00000BCCnBAAX,Oklahoma OSTP Success Grade 4 Mathematics,Oklahoma,Grade 4
01tam00000BCCn9AAH,Oklahoma CCRA Success in Science,Oklahoma,Grade 11
01tam00000BCCnNAAX,Oklahoma OSTP Success Grade 3 English Language Arts,Oklahoma,Grade 3
01tam00000BCCnAAAX,Oklahoma OSTP Success Grade 5 Science,Oklahoma,Grade 5
01tam00000BCCnbAAH,South Carolina EOCEP Success Algebra 1,South Carolina,Grade 10;Grade 11;Grade 12;Grade 9
01tam00000BCCnhAAH,Oklahoma OSTP Success Grade 8 English Language Arts,Oklahoma,Grade 8
01tam00000BCCnOAAX,South Carolina GET READY Success Grade 3 ELA,South Carolina,Grade 3
01tam00000BCCnPAAX,South Carolina GET READY Success 7th & 8th Grade Compacted Math,South Carolina,Grade 7;Grade 8
01tam00000BCCnQAAX,South Carolina GET READY Grade 6 Science,South Carolina,Grade 6
01tam00000BCCnRAAX,South Carolina EOCEP Biology,South Carolina,Grade 10;Grade 9
01tam00000BCCnSAAX,South Carolina GET READY Success Grade 3 Mathematics,South Carolina,Grade 3
01tam00000BCCnTAAX,Oklahoma OSTP Success Grade 8 Science,Oklahoma,Grade 8
01tam00000BCCnUAAX,Oklahoma OSTP Success Grade 7 English Language Arts,Oklahoma,Grade 7
01tam00000BCCnVAAX,South Carolina EOCEP Success US History and the Constitution,South Carolina,Grade 10;Grade 11;Grade 12;Grade 9
01tam00000BCCnWAAX,South Carolina GET READY Grade 4 Science,South Carolina,Grade 4
01tam00000BCCnXAAX,South Carolina GET READY Success 8th Grade & Geometry Compacted Math,South Carolina,Grade 8
01tam00000BCCnYAAX,South Carolina GET READY Success Grade 4 ELA,South Carolina,Grade 4
01tam00000BCCnZAAX,Oklahoma OSTP Success Pre-Algebra,Oklahoma,Grade 8
01tam00000BCCnaAAH,Pre-Minnesota MCA High School Math,Minnesota,Grade 10;Grade 11;Grade 12;Grade 9
01tam00000BCCncAAH,South Carolina EOCEP Success English 2,South Carolina,Grade 10;Grade 11;Grade 12;Grade 9
01tam00000BCCndAAH,Oklahoma OSTP Success Grade 7 Mathematics,Oklahoma,Grade 7
01tam00000BCCneAAH,South Carolina SCCCRS Success Pre-Calculus,South Carolina,Grade 10;Grade 11;Grade 12;Grade 9
01tam00000BCCnfAAH,Oklahoma OSTP Success Grade 6 Mathematics,Oklahoma,Grade 6
01tam00000BCCngAAH,South Carolina GET READY Success Grade 4 Mathematics,South Carolina,Grade 4
01tam00000BCKxXAAX,Basics Made Easy: Writing Review,Alabama;Alaska;Arizona;Arkansas;California;Colorado;Connecticut;Delaware;District of Columbia;Florida;Georgia;Hawaii;Idaho;Illinois;Indiana;Iowa;Kansas;Kentucky;Louisiana;Maine;Maryland;Massachusetts;Michigan;Minnesota;Mississippi;Missouri;Montana;Nebraska;Nevada;New Hampshire;New Jersey;New Mexico;New York;North Carolina;North Dakota;Ohio;Oklahoma;Oregon;Pennsylvania;Rhode Island;South Carolina;South Dakota;Tennessee;Texas;Utah;Vermont;Virginia;Washington;West Virginia;Wisconsin;Wyoming,Grade 6;Grade 7;Grade 8
01tam00000BCL7BAAX,Algebra II Foundations,Alabama;Alaska;Arizona;Arkansas;California;Colorado;Connecticut;Delaware;District of Columbia;Florida;Georgia;Hawaii;Idaho;Illinois;Indiana;Iowa;Kansas;Louisiana;Maine;Maryland;Massachusetts;Michigan;Minnesota;Mississippi;Missouri;Montana;Nebraska;Nevada;New Hampshire;New Jersey;New Mexico;New York;North Carolina;North Dakota;Ohio;Oklahoma;Oregon;Pennsylvania;Rhode Island;South Carolina;South Dakota;Texas;Utah;Vermont;Virginia;Washington;West Virginia;Wisconsin;Wyoming,Grade 10;Grade 11;Grade 12;Grade 9
01tam00000BCL8nAAH,Basics Made Easy: Grammar and Usage Review,Alabama;Alaska;Arizona;Arkansas;California;Colorado;Connecticut;Delaware;District of Columbia;Florida;Georgia;Hawaii;Idaho;Illinois;Indiana;Iowa;Kansas;Kentucky;Louisiana;Maine;Maryland;Massachusetts;Michigan;Minnesota;Mississippi;Missouri;Montana;Nebraska;Nevada;New Hampshire;New Jersey;New Mexico;New York;North Carolina;North Dakota;Ohio;Oklahoma;Oregon;Pennsylvania;Rhode Island;South Carolina;South Dakota;Tennessee;Texas;Utah;Vermont;Virginia;Washington;West Virginia;Wisconsin;Wyoming,Grade 6;Grade 7;Grade 8
01tam00000BCIFmAAP,US History Foundations,Alabama;Alaska;Arizona;Arkansas;California;Colorado;Connecticut;Delaware;District of Columbia;Florida;Georgia;Hawaii;Idaho;Illinois;Indiana;Iowa;Kansas;Louisiana;Maine;Maryland;Massachusetts;Michigan;Minnesota;Mississippi;Missouri;Montana;Nebraska;Nevada;New Hampshire;New Jersey;New Mexico;New York;North Carolina;North Dakota;Ohio;Oklahoma;Oregon;Pennsylvania;Rhode Island;South Carolina;South Dakota;Texas;Utah;Vermont;Virginia;Washington;West Virginia;Wisconsin;Wyoming,Grade 10;Grade 11;Grade 12;Grade 9
01tam00000BCIFqAAP,Virginia SOL Success Grade 4 Reading,Virginia,Grade 4
01tam00000BCIFnAAP,Virginia SOL Success Grade 8 Reading,Virginia,Grade 8
01tam00000BCIFoAAP,Virginia SOL Success Grade 3 Reading,Virginia,Grade 3
01tam00000BCIFpAAP,Virginia SOL Success Grade 3 Mathematics,Virginia,Grade 3
01tam00000BCLDdAAP,English II Foundations,Alabama;Alaska;Arizona;Arkansas;California;Colorado;Connecticut;Delaware;District of Columbia;Florida;Georgia;Hawaii;Idaho;Illinois;Indiana;Iowa;Kansas;Louisiana;Maine;Maryland;Massachusetts;Michigan;Minnesota;Mississippi;Missouri;Montana;Nebraska;Nevada;New Hampshire;New Jersey;New Mexico;New York;North Carolina;North Dakota;Ohio;Oklahoma;Oregon;Pennsylvania;Rhode Island;South Carolina;South Dakota;Texas;Utah;Vermont;Virginia;Washington;West Virginia;Wisconsin;Wyoming,Grade 10;Grade 11;Grade 12;Grade 9
01tam00000BCLDeAAP,Foundations Grade 1 English Language Arts,Alabama;Alaska;Arizona;Arkansas;California;Colorado;Connecticut;Delaware;District of Columbia;Florida;Georgia;Hawaii;Idaho;Illinois;Indiana;Iowa;Kansas;Louisiana;Maine;Maryland;Massachusetts;Michigan;Minnesota;Mississippi;Missouri;Montana;Nebraska;Nevada;New Hampshire;New Jersey;New Mexico;New York;North Carolina;North Dakota;Ohio;Oklahoma;Oregon;Pennsylvania;Rhode Island;South Carolina;South Dakota;Tennessee;Texas;Utah;Vermont;Virginia;Washington;West Virginia;Wisconsin;Wyoming,Grade 1
01tam00000BCLFFAA5,Gearing Up for 7th Grade Mathematics,Alabama;Alaska;Arizona;Arkansas;California;Colorado;Connecticut;Delaware;District of Columbia;Florida;Georgia;Hawaii;Idaho;Illinois;Indiana;Iowa;Kansas;Louisiana;Maine;Maryland;Massachusetts;Michigan;Minnesota;Mississippi;Missouri;Montana;Nebraska;Nevada;New Hampshire;New Jersey;New Mexico;New York;North Carolina;North Dakota;Ohio;Oklahoma;Oregon;Pennsylvania;Rhode Island;South Carolina;South Dakota;Texas;Utah;Vermont;Virginia;Washington;West Virginia;Wisconsin;Wyoming,Grade 6
01tam00000BCLGrAAP,Geometry Foundations,Alabama;Alaska;Arizona;Arkansas;California;Colorado;Connecticut;Delaware;District of Columbia;Florida;Georgia;Hawaii;Idaho;Illinois;Indiana;Iowa;Kansas;Louisiana;Maine;Maryland;Massachusetts;Michigan;Minnesota;Mississippi;Missouri;Montana;Nebraska;Nevada;New Hampshire;New Jersey;New Mexico;New York;North Carolina;North Dakota;Ohio;Oklahoma;Oregon;Pennsylvania;Rhode Island;South Carolina;South Dakota;Texas;Utah;Vermont;Virginia;Washington;West Virginia;Wisconsin;Wyoming,Grade 10;Grade 11;Grade 12;Grade 9
01tWj00000Biw5BIAR,Georgia K-12 Standards Success Algebra: Concepts & Connections EOC,Georgia,Grade 9
01tWj00000BivkDIAR,Georgia GSE Success Grade 4 Social Studies,Georgia,Grade 4
01tWj00000BivdlIAB,Georgia GSE Success Biology EOC: Milestones Edition,Georgia,Grade 10;Grade 9
01tWj00000BivyjIAB,Georgia GSE Success in Personal Finance and Economics,Georgia,Grade 10;Grade 11;Grade 12;Grade 9
01tWj00000Bivp3IAB,Georgia GSE Success Grade 6 Science,Georgia,Grade 6
01tWj00000BivqfIAB,Georgia GSE Success Grade 6 Social Studies,Georgia,Grade 6
01tWj00000Biw0LIAR,Georgia GSE Success Physical Science,Georgia,Grade 8;Grade 9
01tWj00000Bitx0IAB,Georgia GSE Success American Government/Civics,Georgia,Grade 10;Grade 11;Grade 12
01tWj00000Bivx7IAB,Georgia GSE Success Grade 8 Social Studies,Georgia,Grade 8
01tWj00000BivnRIAR,Georgia GSE Success Grade 5 Social Studies,Georgia,Grade 5
01tWj00000BivfNIAR,Georgia GSE Success Grade 3 Science,Georgia,Grade 3
01tWj00000BivvVIAR,Georgia GSE Success Grade 8 Science EOG: Milestones Edition,Georgia,Grade 8
01tWj00000BivgzIAB,Georgia GSE Success Grade 3 Social Studies,Georgia,Grade 3
01tWj00000BivlpIAB,Georgia GSE Success Grade 5 Science EOG: Milestones Edition,Georgia,Grade 5
01tWj00000BivsHIAR,Georgia GSE Success Grade 7 Science,Georgia,Grade 7
01tWj00000Biw1xIAB,Georgia GSE Success US History EOC: Milestones Edition,Georgia,Grade 11;Grade 12
01tWj00000BivibIAB,Georgia GSE Success Grade 4 Science,Georgia,Grade 4
01tWj00000BivttIAB,Georgia GSE Success Grade 7 Social Studies,Georgia,Grade 7
01tWj00000Biw3ZIAR,Georgia K-12 Standards Success Advanced Algebra: Concepts & Connections,Georgia,Grade 10;Grade 11;Grade 12;Grade 9
01tam00000BCKsnAAH,Alabama ACAP Success Grade 2 Mathematics,Alabama,Grade 2
01tam00000BCKshAAH,Alabama ACAP Success Grade 4 Science,Alabama,Grade 4
01tam00000BCKsiAAH,Alabama ACAP Success Grade 2 English Language Arts,Alabama,Grade 2
01tam00000BCKsjAAH,Alabama ACAP Success Grade 4 English Language Arts,Alabama,Grade 4
01tam00000BCKskAAH,Alabama ACAP Success Grade 4 Mathematics,Alabama,Grade 4
01tam00000BCKslAAH,Alabama ACAP Success Grade 3 English Language Arts,Alabama,Grade 3
01tam00000BCKsmAAH,Alabama ACAP Success Grade 3 Mathematics,Alabama,Grade 3
01tam00000BCKsoAAH,Alabama ACAP Success Grade 5 English Language Arts,Alabama,Grade 5
01tam00000BCKspAAH,Alabama ACAP Success Grade 5 Mathematics,Alabama,Grade 5
01tam00000BCKsqAAH,ACT Achievement Writing,Alabama;Alaska;Arizona;Arkansas;California;Colorado;Connecticut;Delaware;District of Columbia;Florida;Georgia;Hawaii;Idaho;Illinois;Indiana;Iowa;Kansas;Louisiana;Maine;Maryland;Massachusetts;Michigan;Minnesota;Mississippi;Missouri;Montana;Nebraska;Nevada;New Hampshire;New Jersey;New Mexico;New York;North Carolina;North Dakota;Ohio;Oklahoma;Oregon;Pennsylvania;Rhode Island;South Carolina;South Dakota;Tennessee;Texas;Utah;Vermont;Virginia;Washington;West Virginia;Wisconsin;Wyoming,Grade 12
01tam00000BCKssAAH,Alabama ACAP Success Grade 8 Science,Alabama,Grade 8
01tam00000BCKt2AAH,Alabama ACAP Success Grade 7 Mathematics,Alabama,Grade 7
01tam00000BCKt0AAH,Alabama ACAP Success Grade 8 Mathematics,Alabama,Grade 8
01tam00000BCKszAAH,Alabama ACAP Success Grade 6 English Language Arts,Alabama,Grade 6
01tam00000BCKsyAAH,Alabama ACAP Success Grade 6 Science,Alabama,Grade 6
01tam00000BCKsxAAH,Alabama ACAP Success Grade 7 English Language Arts,Alabama,Grade 7
01tam00000BCKswAAH,Algebra I Foundations,Alabama;Alaska;Arizona;Arkansas;California;Colorado;Connecticut;Delaware;District of Columbia;Florida;Georgia;Hawaii;Idaho;Illinois;Indiana;Iowa;Kansas;Louisiana;Maine;Maryland;Massachusetts;Michigan;Minnesota;Mississippi;Missouri;Montana;Nebraska;Nevada;New Hampshire;New Jersey;New Mexico;New York;North Carolina;North Dakota;Ohio;Oklahoma;Oregon;Pennsylvania;Rhode Island;South Carolina;South Dakota;Texas;Utah;Vermont;Virginia;Washington;West Virginia;Wisconsin;Wyoming,Grade 10;Grade 11;Grade 12;Grade 9
01tam00000BCKsvAAH,Alabama Course of Study Success Grade 5 Science,,
01tam00000BCKsuAAH,Alabama ACAP Success Grade 8 English Language Arts,Alabama,Grade 8
01tam00000BCKstAAH,Alabama ACAP Success Grade 6 Mathematics,Alabama,Grade 6
01tam00000BCKt1AAH,Alabama Course of Study Success Grade 3 Science,,
01tam00000BCKsrAAH,Alabama Course of Study Success Grade 7 Science,,
01tam00000BCLKEAA5,Arkansas ATLAS Success Grade 4 ELA,Arkansas,Grade 4
01tam00000BCLK5AAP,Arkansas ATLAS Success Grade 5 Mathematics,Arkansas,Grade 5
01tam00000BCLK6AAP,Arkansas ATLAS Success Algebra 1,Arkansas,Grade 10;Grade 11;Grade 12;Grade 9
01tam00000BCLK7AAP,Arkansas ATLAS Success Biology,Arkansas,Grade 10;Grade 11;Grade 12;Grade 9
01tam00000BCLK8AAP,Arkansas ATLAS Success Grade 4 Science,Arkansas,Grade 4
01tam00000BCLK9AAP,Arkansas ATLAS Success Grade 5 ELA,Arkansas,Grade 5
01tam00000BCLKAAA5,Arkansas ATLAS Success Grade 4 Mathematics,Arkansas,Grade 4
01tam00000BCLKBAA5,Arkansas ATLAS Success Geometry,Arkansas,Grade 10;Grade 11;Grade 12;Grade 9
01tam00000BCLKCAA5,Arkansas ATLAS Success Grade 3 Science,Arkansas,Grade 3
01tam00000BCLKDAA5,Arkansas ATLAS Success Grade 3 ELA,Arkansas,Grade 3
01tam00000BCLKFAA5,Arkansas ATLAS Success Grade 3 Mathematics,Arkansas,Grade 3
01tam00000BCLKPAA5,Arkansas ATLAS Success Grade 6 Mathematics,Arkansas,Grade 6
01tam00000BCLKGAA5,Arkansas ATLAS Success Grade 8 Mathematics,Arkansas,Grade 8
01tam00000BCLKHAA5,Arkansas ATLAS Success Grade 6 ELA,Arkansas,Grade 6
01tam00000BCLKIAA5,Arkansas ATLAS Success Grade 7 Science,Arkansas,Grade 7
01tam00000BCLKLAA5,Arkansas ATLAS Success Grade 7 ELA,Arkansas,Grade 7
01tam00000BCLKMAA5,Arkansas ATLAS Success Grade 8 Science,Arkansas,Grade 8
01tam00000BCLKNAA5,Arkansas ATLAS Success Grade 5 Science,Arkansas,Grade 5
01tam00000BCLKOAA5,Arkansas ATLAS Success Grade 6 Science,Arkansas,Grade 6
01tam00000BCLKJAA5,Arkansas ATLAS Success Grade 8 ELA,Arkansas,Grade 8
01tam00000BCLKKAA5,Arkansas ATLAS Success Grade 7 Mathematics,Arkansas,Grade 7
01tam00000BCLLhAAP,Louisiana LEAP Success Grade 6 Social Studies,Louisiana,Grade 6
01tam00000BCLLjAAP,Louisiana LSS Success World Geography,Louisiana,Grade 10;Grade 11;Grade 12;Grade 9
01tam00000BCLLkAAP,Louisiana LEAP Success Grade 7 Social Studies,Louisiana,Grade 7
01tam00000BCLLlAAP,Middle School Earth & Space Science Foundations,Alabama;Alaska;Arizona;Arkansas;California;Colorado;Connecticut;Delaware;District of Columbia;Florida;Georgia;Hawaii;Idaho;Illinois;Indiana;Iowa;Kansas;Louisiana;Maine;Maryland;Massachusetts;Michigan;Minnesota;Mississippi;Missouri;Montana;Nebraska;Nevada;New Hampshire;New Jersey;New Mexico;New York;North Carolina;North Dakota;Ohio;Oklahoma;Oregon;Pennsylvania;Rhode Island;South Carolina;South Dakota;Texas;Utah;Vermont;Virginia;Washington;West Virginia;Wisconsin;Wyoming,Grade 6;Grade 7;Grade 8
01tam00000BCLLnAAP,Louisiana LEAP Success US History,Louisiana,Grade 10;Grade 11;Grade 12;Grade 9
01tam00000BCLLoAAP,Louisiana LEAP Success Civics,Louisiana,Grade 10;Grade 11;Grade 12;Grade 9
01tam00000BCLLpAAP,Louisiana LEAP Success Grade 4 Social Studies,Louisiana,Grade 4
01tam00000BCLLmAAP,Louisiana LEAP Success Grade 3 Social Studies,Louisiana,Grade 3
01tam00000BCLLiAAP,Louisiana LSS Success World History,Louisiana,Grade 10;Grade 9
01tam00000BCLNJAA5,Gearing Up for 2nd Grade English Language Arts,Alabama;Alaska;Arizona;Arkansas;California;Colorado;Connecticut;Delaware;District of Columbia;Florida;Georgia;Hawaii;Idaho;Illinois;Indiana;Iowa;Kansas;Louisiana;Maine;Maryland;Massachusetts;Michigan;Minnesota;Mississippi;Missouri;Montana;Nebraska;Nevada;New Hampshire;New Jersey;New Mexico;New York;North Carolina;North Dakota;Ohio;Oklahoma;Oregon;Pennsylvania;Rhode Island;South Carolina;South Dakota;Tennessee;Texas;Utah;Vermont;Virginia;Washington;West Virginia;Wisconsin;Wyoming,Grade 1
01tam00000BCLOwAAP,Kentucky KSA Success Grade 5 Social Studies,Kentucky,Grade 5
01tam00000BCLOvAAP,Kentucky KSA Success Grade 7 Reading,Kentucky,Grade 7
01tam00000BCLOxAAP,Kentucky KSA Success Grade 8 Mathematics,Kentucky,Grade 8
01tam00000BCLOyAAP,Kentucky KSA Success Grade 5 Reading,Kentucky,Grade 5
01tam00000BCLOzAAP,Kentucky KSA Success Grade 6 Mathematics,Kentucky,Grade 6
01tam00000BCLP0AAP,"Kentucky KSA Success Grade 8 On-Demand Writing, Editing, & Mechanics",Kentucky,Grade 8
01tam00000BCLP1AAP,Kentucky KSA Success Grade 6 Reading,Kentucky,Grade 6
01tam00000BCLP2AAP,Kentucky KSA Success Grade 8 Reading,Kentucky,Grade 8
01tam00000BCLP3AAP,Kentucky KSA Success Grade 7 Mathematics,Kentucky,Grade 7
01tam00000BCLP4AAP,Kentucky KSA Success Grade 8 Social Studies,Kentucky,Grade 8
01tam00000BCLP5AAP,"Kentucky KSA Success Grade 5 On-Demand Writing, Editing, & Mechanics",Kentucky,Grade 5
01tam00000BCLP6AAP,LEAP 2025 Prep in 3rd Grade Mathematics,Louisiana,Grade 3
01tam00000BCLP7AAP,LEAP 2025 Prep English II,Louisiana,Grade 10;Grade 11;Grade 12;Grade 9
01tam00000BCLP8AAP,LEAP 2025 Prep in 4th Grade ELA,Louisiana,Grade 4
01tam00000BCLP9AAP,LEAP 2025 Prep in 3rd Grade Science,Louisiana,Grade 3
01tam00000BCLPAAA5,LEAP 2025 Geometry,Louisiana,Grade 10;Grade 11;Grade 12;Grade 9
01tam00000BCLPBAA5,LEAP 2025 Prep in 3rd Grade ELA,Louisiana,Grade 3
01tam00000BCLPCAA5,LEAP 2025 Biology,Louisiana,Grade 10;Grade 11;Grade 12
01tam00000BCLPDAA5,Kentucky KSA Success Grade 5 Mathematics,Kentucky,Grade 5
01tam00000BCLPEAA5,Kentucky KSA Success Grade 7 Science,Kentucky,Grade 7
01tam00000BCLPUAA5,LEAP 2025 Prep in 6th Grade Science,Louisiana,Grade 6
01tam00000BCLPVAA5,LEAP 2025 Prep in 5th Grade Mathematics,Louisiana,Grade 5
01tam00000BCLPWAA5,Louisiana LEAP 2025 English I,Louisiana,Grade 10;Grade 11;Grade 12;Grade 9
01tam00000BCLPXAA5,LEAP 2025 Prep in 4th Grade Science,Louisiana,Grade 4
01tam00000BCLPYAA5,LEAP 2025 Prep in 4th Grade Mathematics,Louisiana,Grade 4
01tam00000BCLPHAA5,Louisiana LEAP 2025 Success Grade 5 Social Studies,Louisiana,Grade 5
01tam00000BCLPIAA5,Louisiana EOC Prep - English III,Louisiana,Grade 10;Grade 11;Grade 12;Grade 9
01tam00000BCLPJAA5,LEAP 2025 Prep in 6th Grade Mathematics,Louisiana,Grade 6
01tam00000BCLPKAA5,LEAP 2025 Prep in 8th Grade ELA,Louisiana,Grade 8
01tam00000BCLPLAA5,LEAP 2025 Prep in 5th Grade Science,Louisiana,Grade 5
01tam00000BCLPMAA5,LEAP 2025 Prep in 7th Grade ELA,Louisiana,Grade 7
01tam00000BCLPNAA5,LEAP 2025 Prep in 7th Grade Science,Louisiana,Grade 7
01tam00000BCLPFAA5,Louisiana LEAP 2025 Algebra I,Louisiana,Grade 9
01tam00000BCLPGAA5,Louisiana LEAP 2025 Success Grade 8 Social Studies,Louisiana,Grade 8
01tam00000BCLPOAA5,LEAP 2025 Prep in 6th Grade ELA,Louisiana,Grade 6
01tam00000BCLPPAA5,LEAP 2025 Prep in 8th Grade Mathematics,Louisiana,Grade 8
01tam00000BCLPQAA5,LEAP 2025 Prep in 7th Grade Mathematics,Louisiana,Grade 7
01tam00000BCLPRAA5,LEAP 2025 Prep in 5th Grade ELA,Louisiana,Grade 5
01tam00000BCLPSAA5,LEAP 2025 Prep US History,Louisiana,Grade 10;Grade 11;Grade 12;Grade 9
01tam00000BCLPTAA5,LEAP 2025 Prep in 8th Grade Science,Louisiana,Grade 8
01tam00000BCLVWAA5,Minnesota MCA Success Grade 5 Mathematics,Minnesota,Grade 5
01tam00000BCLVYAA5,Minnesota MCA in High School Mathematics,Minnesota,Grade 10;Grade 11;Grade 12;Grade 9
01tam00000BCLVZAA5,Minnesota MCA Success Grade 6 Reading,Minnesota,Grade 6
01tam00000BCLVaAAP,Minnesota MCA Success Grade 3 Reading,Minnesota,Grade 3
01tam00000BCLVbAAP,New Mexico Success Grade 3 Math,New Mexico,Grade 3
01tam00000BCLVcAAP,Minnesota MCA Success Grade 8 Reading,Minnesota,Grade 8
01tam00000BCLVUAA5,Minnesota MCA Success Grade 7 Reading,Minnesota,Grade 7
01tam00000BCLVNAA5,Minnesota MCA Success Grade 3 Mathematics,Minnesota,Grade 3
01tam00000BCLVOAA5,New Mexico Success Grade 3 ELA,New Mexico,Grade 3
01tam00000BCLVPAA5,Minnesota MCA Success Grade 4 Mathematics,Minnesota,Grade 4
01tam00000BCLVTAA5,Minnesota MCA in High School Science,Minnesota,Grade 10;Grade 11;Grade 12;Grade 9
01tam00000BCLVSAA5,Minnesota MCA Grade 6 Mathematics,Minnesota,Grade 6
01tam00000BCLVRAA5,Minnesota MCA Success Grade 5 Reading,Minnesota,Grade 5
01tam00000BCLVQAA5,Minnesota MCA Grade 8 Mathematics,Minnesota,Grade 8
01tam00000BCLVVAA5,Minnesota MCA Grade 7 Mathematics,Minnesota,Grade 7
01tam00000BCLVXAA5,Minnesota MCA Success Grade 4 Reading,Minnesota,Grade 4
01tam00000BCLVdAAP,New Mexico Success Grade 4 Math,New Mexico,Grade 4
01tam00000BCLVrAAP,New Mexico Success Grade 4 ELA,New Mexico,Grade 4
01tam00000BCLVsAAP,North Carolina EOG Grade 5 English Language Arts,North Carolina,Grade 5
01tam00000BCLVtAAP,New Mexico Success Grade 5 ELA,New Mexico,Grade 5
01tam00000BCLVuAAP,North Carolina EOC Success Biology,North Carolina,Grade 10;Grade 11;Grade 12;Grade 9
01tam00000BCLVvAAP,North Carolina English II EOC,North Carolina,Grade 10;Grade 11;Grade 12;Grade 9
01tam00000BCLVwAAP,New Mexico Success Grade 8 Math,New Mexico,Grade 8
01tam00000BCLVkAAP,North Carolina EOG Grade 3 Mathematics,North Carolina,Grade 3
01tam00000BCLVjAAP,North Carolina EOG Grade 6 English Language Arts,North Carolina,Grade 6
01tam00000BCLVmAAP,North Carolina EOG Grade 3 English Language Arts,North Carolina,Grade 3
01tam00000BCLVnAAP,North Carolina EOG Grade 5 Mathematics,North Carolina,Grade 5
01tam00000BCLVoAAP,New Mexico Success Grade 5 Math,New Mexico,Grade 5
01tam00000BCLVpAAP,North Carolina EOG Grade 6 Mathematics,North Carolina,Grade 6
01tam00000BCLViAAP,New Mexico Success Grade 6 ELA,New Mexico,Grade 6
01tam00000BCLVqAAP,North Carolina EOG Grade 4 English Language Arts,North Carolina,Grade 4
01tam00000BCLVhAAP,New Mexico Success Grade 7 Math,New Mexico,Grade 7
01tam00000BCLVgAAP,New Mexico Success Grade 6 Math,New Mexico,Grade 6
01tam00000BCLVfAAP,New Mexico Success Grade 8 ELA,New Mexico,Grade 8
01tam00000BCLVeAAP,New Mexico Success Grade 7 ELA,New Mexico,Grade 7
01tam00000BCLVlAAP,North Carolina EOG Grade 4 Mathematics,North Carolina,Grade 4
01tam00000BCLX8AAP,Tennessee TCAP Success Grade 8 Social Studies,Tennessee,Grade 8
01tam00000BCLX9AAP,Tennessee TCAP Success US History,Tennessee,Grade 10;Grade 11;Grade 12;Grade 9
01tam00000BCLXAAA5,Tennessee TCAP Success Grade 6 Science,Tennessee,Grade 6
01tam00000BCLX2AAP,Tennessee TCAP Success Grade 6 Social Studies,Tennessee,Grade 6
01tam00000BCLX1AAP,Tennessee TCAP Success Grade 7 Mathematics,Tennessee,Grade 7
01tam00000BCLX0AAP,Tennessee TCAP Success Grade 6 Mathematics,Tennessee,Grade 6
01tam00000BCLWzAAP,Tennessee TCAP Success Grade 8 Science,Tennessee,Grade 8
01tam00000BCLX7AAP,Tennessee TCAP Success Grade 7 Science,Tennessee,Grade 7
01tam00000BCLX6AAP,Tennessee TCAP Success Grade 8 English Language Arts,Tennessee,Grade 8
01tam00000BCLX5AAP,Tennessee TCAP Success Grade 7 English Language Arts,Tennessee,Grade 7
01tam00000BCLX4AAP,Tennessee TCAP Success Grade 8 Mathematics,Tennessee,Grade 8
01tam00000BCLX3AAP,Tennessee TCAP Success Grade 7 Social Studies,Tennessee,Grade 7
01tWj00000BZmY6IAL,Test,,
01tWj00000BgsSfIAJ,Arkansas ATLAS Success Biology - Color Print + Digital,,
01tWj00000BgsSgIAJ,Arkansas ATLAS Success Biology - Digital Only,,
01tWj00000BgsSnIAJ,Arkansas ATLAS Success Geometry - Color Print + Digital,,
01tWj00000BgsSoIAJ,Arkansas ATLAS Success Geometry - Digital Only,,
01tWj00000BgsSvIAJ,Arkansas ATLAS Success Grade 3 ELA - Color Print + Digital,,
01tWj00000BgsSwIAJ,Arkansas ATLAS Success Grade 3 ELA - Digital Only,,
01tWj00000BgsSxIAJ,Arkansas ATLAS Success Grade 3 Mathematics - Color Print + Digital,,
01tWj00000BgsSyIAJ,Arkansas ATLAS Success Grade 3 Mathematics - Digital Only,,
01tWj00000BgsSzIAJ,Arkansas ATLAS Success Grade 3 Science - Color Print + Digital,,
01tWj00000BgsT0IAJ,Arkansas ATLAS Success Grade 3 Science - Digital Only,,
01tWj00000BgsT1IAJ,Arkansas ATLAS Success Grade 4 ELA - Color Print + Digital,,
01tWj00000BgsT2IAJ,Arkansas ATLAS Success Grade 4 ELA - Digital Only,,
01tWj00000BgsT3IAJ,Arkansas ATLAS Success Grade 4 Mathematics - Color Print + Digital,,
01tWj00000BgsT4IAJ,Arkansas ATLAS Success Grade 4 Mathematics - Digital Only,,
01tWj00000BgsT5IAJ,Arkansas ATLAS Success Grade 4 Science - Color Print + Digital,,
01tWj00000BgsT6IAJ,Arkansas ATLAS Success Grade 4 Science - Digital Only,,
01tWj00000BgsT7IAJ,Arkansas ATLAS Success Grade 5 ELA - Color Print + Digital,,
01tWj00000BgsT8IAJ,Arkansas ATLAS Success Grade 5 ELA - Digital Only,,
01tWj00000BgsT9IAJ,Arkansas ATLAS Success Grade 5 Mathematics - Color Print + Digital,,
01tWj00000BgsTAIAZ,Arkansas ATLAS Success Grade 5 Mathematics - Digital Only,,
01tWj00000BgsTBIAZ,Arkansas ATLAS Success Grade 5 Science - Color Print + Digital,,
01tWj00000BgsTCIAZ,Arkansas ATLAS Success Grade 5 Science - Digital Only,,
01tWj00000BgsTDIAZ,Arkansas ATLAS Success Grade 6 ELA - Color Print + Digital,,
01tWj00000BgsTEIAZ,Arkansas ATLAS Success Grade 6 ELA - Digital Only,,
01tWj00000BgsTFIAZ,Arkansas ATLAS Success Grade 6 Mathematics - Color Print + Digital,,
01tWj00000BgsTGIAZ,Arkansas ATLAS Success Grade 6 Mathematics - Digital Only,,
01tWj00000BgsTHIAZ,Arkansas ATLAS Success Grade 6 Science - Color Print + Digital,,
01tWj00000BgsTIIAZ,Arkansas ATLAS Success Grade 6 Science - Digital Only,,
01tWj00000BgsTJIAZ,Arkansas ATLAS Success Grade 7 ELA - Color Print + Digital,,
01tWj00000BgsTKIAZ,Arkansas ATLAS Success Grade 7 ELA - Digital Only,,
01tWj00000BgsTLIAZ,Arkansas ATLAS Success Grade 7 Mathematics - Color Print + Digital,,
01tWj00000BgsTMIAZ,Arkansas ATLAS Success Grade 7 Mathematics - Digital Only,,
01tWj00000BgsTNIAZ,Arkansas ATLAS Success Grade 7 Science - Color Print + Digital,,
01tWj00000BgsTOIAZ,Arkansas ATLAS Success Grade 7 Science - Digital Only,,
01tWj00000BgsTPIAZ,Arkansas ATLAS Success Grade 8 ELA - Color Print + Digital,,
01tWj00000BgsTQIAZ,Arkansas ATLAS Success Grade 8 ELA - Digital Only,,
01tWj00000BgsTRIAZ,Arkansas ATLAS Success Grade 8 Mathematics - Color Print + Digital,,
01tWj00000BgsTSIAZ,Arkansas ATLAS Success Grade 8 Mathematics - Digital Only,,
01tWj00000BgsTTIAZ,Arkansas ATLAS Success Grade 8 Science - Color Print + Digital,,
01tWj00000BgsTUIAZ,Arkansas ATLAS Success Grade 8 Science - Digital Only,,
01tWj00000BgsTVIAZ,Basics Made Easy: Grammar and Usage Review - Color Print + Digital,,
01tWj00000BgsTWIAZ,Basics Made Easy: Grammar and Usage Review - Digital Only,,
01tWj00000BgsTbIAJ,Basics Made Easy: Mathematics Review - Color Print + Digital,,
01tWj00000BgsTcIAJ,Basics Made Easy: Mathematics Review - Digital Only,,
01tWj00000BgsThIAJ,Basics Made Easy: Reading Review - Color Print + Digital,,
01tWj00000BgsTiIAJ,Basics Made Easy: Reading Review - Digital Only,,
01tWj00000BgsTnIAJ,Basics Made Easy: Writing Review - Color Print + Digital,,
01tWj00000BgsToIAJ,Basics Made Easy: Writing Review - Digital Only,,
01tWj00000BgsSdIAJ,Arkansas ATLAS Success Algebra 1 - Color Print + Digital,,
01tWj00000BgsTtIAJ,Biology Foundations - Color Print + Digital,,
01tWj00000BgsTuIAJ,Biology Foundations - Digital Only,,
01tWj00000BgsU1IAJ,Economics Foundations - Color Print + Digital,,
01tWj00000BgsU2IAJ,Economics Foundations - Digital Only,,
01tWj00000BgsU9IAJ,English I Foundations - Color Print + Digital,,
01tWj00000BgsUAIAZ,English I Foundations - Digital Only,,
01tWj00000BgsUHIAZ,English II Foundations - Color Print + Digital,,
01tWj00000BgsUIIAZ,English II Foundations - Digital Only,,
01tWj00000BgsUPIAZ,Foundations Grade 1 English Language Arts - Color Print + Digital,,
01tWj00000BgsUQIAZ,Foundations Grade 1 English Language Arts - Digital Only,,
01tWj00000BgsURIAZ,Foundations Grade 1 Mathematics - Color Print + Digital,,
01tWj00000BgsUSIAZ,Foundations Grade 1 Mathematics - Digital Only,,
01tWj00000BgsUTIAZ,Foundations Grade 2 English Language Arts - Color Print + Digital,,
01tWj00000BgsUUIAZ,Foundations Grade 2 English Language Arts - Digital Only,,
01tWj00000BgsUVIAZ,Foundations Grade 2 Mathematics - Color Print + Digital,,
01tWj00000BgsUWIAZ,Foundations Grade 2 Mathematics - Digital Only,,
01tWj00000BgsUXIAZ,Foundations Kindergarten English Language Arts - Color Print + Digital,,
01tWj00000BgsUYIAZ,Foundations Kindergarten English Language Arts - Digital Only,,
01tWj00000BgsUZIAZ,Foundations Kindergarten Mathematics - Color Print + Digital,,
01tWj00000BgsUaIAJ,Foundations Kindergarten Mathematics - Digital Only,,
01tWj00000BgsUbIAJ,Gearing Up for 1st Grade English Language Arts - Color Print + Digital,,
01tWj00000BgsUcIAJ,Gearing Up for 1st Grade English Language Arts - Digital Only,,
01tWj00000BgsUdIAJ,Gearing Up for 1st Grade Mathematics - Color Print + Digital,,
01tWj00000BgsUeIAJ,Gearing Up for 1st Grade Mathematics - Digital Only,,
01tWj00000BgsUfIAJ,Gearing Up for 2nd Grade English Language Arts - Color Print + Digital,,
01tWj00000BgsUgIAJ,Gearing Up for 2nd Grade English Language Arts - Digital Only,,
01tWj00000BgsSeIAJ,Arkansas ATLAS Success Algebra 1 - Digital Only,,
01tWj00000BgsRTIAZ,ACT Achievement English - Color Print + Digital,,
01tWj00000BgsRUIAZ,ACT Achievement English - Digital Only,,
01tWj00000BgsRVIAZ,ACT Achievement Mathematics - Color Print + Digital,,
01tWj00000BgsRWIAZ,ACT Achievement Mathematics - Digital Only,,
01tWj00000BgsRXIAZ,ACT Achievement Reading - Color Print + Digital,,
01tWj00000BgsRYIAZ,ACT Achievement Reading - Digital Only,,
01tWj00000BgsRZIAZ,ACT Achievement Science - Color Print + Digital,,
01tWj00000BgsRaIAJ,ACT Achievement Science - Digital Only,,
01tWj00000BgsRbIAJ,ACT Achievement Writing - Color Print + Digital,,
01tWj00000BgsRcIAJ,ACT Achievement Writing - Digital Only,,
01tWj00000BgsRdIAJ,Alabama ACAP Success Grade 2 English Language Arts - Color Print + Digital,,
01tWj00000BgsReIAJ,Alabama ACAP Success Grade 2 English Language Arts - Digital Only,,
01tWj00000BgsRfIAJ,Alabama ACAP Success Grade 2 Mathematics - Color Print + Digital,,
01tWj00000BgsRgIAJ,Alabama ACAP Success Grade 2 Mathematics - Digital Only,,
01tWj00000BgsRhIAJ,Alabama ACAP Success Grade 3 English Language Arts - Color Print + Digital,,
01tWj00000BgsRiIAJ,Alabama ACAP Success Grade 3 English Language Arts - Digital Only,,
01tWj00000BgsRjIAJ,Alabama ACAP Success Grade 3 Mathematics - Color Print + Digital,,
01tWj00000BgsRkIAJ,Alabama ACAP Success Grade 3 Mathematics - Digital Only,,
01tWj00000BgsRlIAJ,Alabama ACAP Success Grade 4 English Language Arts - Color Print + Digital,,
01tWj00000BgsRmIAJ,Alabama ACAP Success Grade 4 English Language Arts - Digital Only,,
01tWj00000BgsRnIAJ,Alabama ACAP Success Grade 4 Mathematics - Color Print + Digital,,
01tWj00000BgsRoIAJ,Alabama ACAP Success Grade 4 Mathematics - Digital Only,,
01tWj00000BgsRpIAJ,Alabama ACAP Success Grade 4 Science - Color Print + Digital,,
01tWj00000BgsRqIAJ,Alabama ACAP Success Grade 4 Science - Digital Only,,
01tWj00000BgsRrIAJ,Alabama ACAP Success Grade 5 English Language Arts - Color Print + Digital,,
01tWj00000BgsRsIAJ,Alabama ACAP Success Grade 5 English Language Arts - Digital Only,,
01tWj00000BgsRtIAJ,Alabama ACAP Success Grade 5 Mathematics - Color Print + Digital,,
01tWj00000BgsRuIAJ,Alabama ACAP Success Grade 5 Mathematics - Digital Only,,
01tWj00000BgsRvIAJ,Alabama ACAP Success Grade 6 English Language Arts - Color Print + Digital,,
01tWj00000BgsRwIAJ,Alabama ACAP Success Grade 6 English Language Arts - Digital Only,,
01tWj00000BgsRxIAJ,Alabama ACAP Success Grade 6 Mathematics - Color Print + Digital,,
01tWj00000BgsRyIAJ,Alabama ACAP Success Grade 6 Mathematics - Digital Only,,
01tWj00000BgsRzIAJ,Alabama ACAP Success Grade 6 Science - Color Print + Digital,,
01tWj00000BgsS0IAJ,Alabama ACAP Success Grade 6 Science - Digital Only,,
01tWj00000BgsS1IAJ,Alabama ACAP Success Grade 7 English Language Arts - Color Print + Digital,,
01tWj00000BgsS2IAJ,Alabama ACAP Success Grade 7 English Language Arts - Digital Only,,
01tWj00000BgsS3IAJ,Alabama ACAP Success Grade 7 Mathematics - Color Print + Digital,,
01tWj00000BgsS4IAJ,Alabama ACAP Success Grade 7 Mathematics - Digital Only,,
01tWj00000BgsS5IAJ,Alabama ACAP Success Grade 8 English Language Arts - Color Print + Digital,,
01tWj00000BgsS6IAJ,Alabama ACAP Success Grade 8 English Language Arts - Digital Only,,
01tWj00000BgsS7IAJ,Alabama ACAP Success Grade 8 Mathematics - Color Print + Digital,,
01tWj00000BgsS8IAJ,Alabama ACAP Success Grade 8 Mathematics - Digital Only,,
01tWj00000BgsS9IAJ,Alabama ACAP Success Grade 8 Science - Color Print + Digital,,
01tWj00000BgsSAIAZ,Alabama ACAP Success Grade 8 Science - Digital Only,,
01tWj00000BgsSBIAZ,Alabama Course of Study Success Grade 3 Science - Color Print + Digital,,
01tWj00000BgsSCIAZ,Alabama Course of Study Success Grade 3 Science - Digital Only,,
01tWj00000BgsSDIAZ,Alabama Course of Study Success Grade 5 Science - Color Print + Digital,,
01tWj00000BgsSEIAZ,Alabama Course of Study Success Grade 5 Science - Digital Only,,
01tWj00000BgsSFIAZ,Alabama Course of Study Success Grade 7 Science - Color Print + Digital,,
01tWj00000BgsSGIAZ,Alabama Course of Study Success Grade 7 Science - Digital Only,,
01tWj00000BgsSHIAZ,Algebra I Foundations - Color Print + Digital,,
01tWj00000BgsSIIAZ,Algebra I Foundations - Digital Only,,
01tWj00000BgsSPIAZ,Algebra II Foundations - Color Print + Digital,,
01tWj00000BgsSQIAZ,Algebra II Foundations - Digital Only,,
01tWj00000BgsW4IAJ,Georgia GSE Success Physical Science - Digital Only,,
01tWj00000BgsW5IAJ,Georgia GSE Success Physical Science - Color Print + Digital,,
01tWj00000BgsW7IAJ,Georgia GSE Success US History EOC: Milestones Edition - Color Print + Digital,,
01tWj00000BgsW8IAJ,Georgia GSE Success US History EOC: Milestones Edition - Digital Only,,
01tWj00000BgsWBIAZ,Georgia K-12 Standards Success Advanced Algebra: Concepts & Connections - Color Print + Digital,,
01tWj00000BgsWCIAZ,Georgia K-12 Standards Success Advanced Algebra: Concepts & Connections - Digital Only,,
01tWj00000BgsVsIAJ,Georgia GSE Success Grade 8 Science EOG: Milestones Edition - Digital Only,,
01tWj00000BgsVtIAJ,Georgia GSE Success Grade 8 Social Studies - Color Print + Digital,,
01tWj00000BgsVuIAJ,Georgia GSE Success Grade 8 Social Studies - Digital Only,,
01tWj00000BgsVvIAJ,Georgia GSE Success in Personal Finance and Economics - Color Print + Digital,,
01tWj00000BgsVwIAJ,Georgia GSE Success in Personal Finance and Economics - Digital Only,,
01tWj00000BgsVrIAJ,Georgia GSE Success Grade 8 Science EOG: Milestones Edition - Color Print + Digital,,
01tWj00000BgsVqIAJ,Georgia GSE Success Grade 7 Social Studies - Digital Only,,
01tWj00000BgsVpIAJ,Georgia GSE Success Grade 7 Social Studies - Color Print + Digital,,
01tWj00000BgsUjIAJ,Gearing Up for 3rd Grade English Language Arts - Color Print + Digital,,
01tWj00000BgsUkIAJ,Gearing Up for 3rd Grade English Language Arts - Digital Only,,
01tWj00000BgsUlIAJ,Gearing Up for 3rd Grade Mathematics - Color Print + Digital,,
01tWj00000BgsUmIAJ,Gearing Up for 3rd Grade Mathematics - Digital Only,,
01tWj00000BgsUnIAJ,Gearing Up for 4th Grade English Language Arts - Color Print + Digital,,
01tWj00000BgsUoIAJ,Gearing Up for 4th Grade English Language Arts - Digital Only,,
01tWj00000BgsUpIAJ,Gearing Up for 4th Grade Mathematics - Color Print + Digital,,
01tWj00000BgsUqIAJ,Gearing Up for 4th Grade Mathematics - Digital Only,,
01tWj00000BgsUrIAJ,Gearing Up for 5th Grade English Language Arts - Color Print + Digital,,
01tWj00000BgsUsIAJ,Gearing Up for 5th Grade English Language Arts - Digital Only,,
01tWj00000BgsUtIAJ,Gearing Up for 5th Grade Mathematics - Color Print + Digital,,
01tWj00000BgsUuIAJ,Gearing Up for 5th Grade Mathematics - Digital Only,,
01tWj00000BgsUvIAJ,Gearing Up for 6th Grade English Language Arts - Color Print + Digital,,
01tWj00000BgsUwIAJ,Gearing Up for 6th Grade English Language Arts - Digital Only,,
01tWj00000BgsUxIAJ,Gearing Up for 6th Grade Mathematics - Color Print + Digital,,
01tWj00000BgsUyIAJ,Gearing Up for 6th Grade Mathematics - Digital Only,,
01tWj00000BgsUiIAJ,Gearing Up for 2nd Grade Mathematics - Digital Only,,
01tWj00000BgsUhIAJ,Gearing Up for 2nd Grade Mathematics - Color Print + Digital,,
01tWj00000BgsVoIAJ,Georgia GSE Success Grade 7 Science - Digital Only,,
01tWj00000BgsVnIAJ,Georgia GSE Success Grade 7 Science - Color Print + Digital,,
01tWj00000BgsVmIAJ,Georgia GSE Success Grade 6 Social Studies - Digital Only,,
01tWj00000BgsVlIAJ,Georgia GSE Success Grade 6 Social Studies - Color Print + Digital,,
01tWj00000BgsVkIAJ,Georgia GSE Success Grade 6 Science - Digital Only,,
01tWj00000BgsVjIAJ,Georgia GSE Success Grade 6 Science - Color Print + Digital,,
01tWj00000BgsViIAJ,Georgia GSE Success Grade 5 Social Studies - Digital Only,,
01tWj00000BgsVhIAJ,Georgia GSE Success Grade 5 Social Studies - Color Print + Digital,,
01tWj00000BgsVgIAJ,Georgia GSE Success Grade 5 Science EOG: Milestones Edition - Digital Only,,
01tWj00000BgsVfIAJ,Georgia GSE Success Grade 5 Science EOG: Milestones Edition - Color Print + Digital,,
01tWj00000BgsVeIAJ,Georgia GSE Success Grade 4 Social Studies - Digital Only,,
01tWj00000BgsVdIAJ,Georgia GSE Success Grade 4 Social Studies - Color Print + Digital,,
01tWj00000BgsVcIAJ,Georgia GSE Success Grade 4 Science - Digital Only,,
01tWj00000BgsVbIAJ,Georgia GSE Success Grade 4 Science - Color Print + Digital,,
01tWj00000BgsVaIAJ,Georgia GSE Success Grade 3 Social Studies - Digital Only,,
01tWj00000BgsVZIAZ,Georgia GSE Success Grade 3 Social Studies - Color Print + Digital,,
01tWj00000BgsVYIAZ,Georgia GSE Success Grade 3 Science - Digital Only,,
01tWj00000BgsVXIAZ,Georgia GSE Success Grade 3 Science - Color Print + Digital,,
01tWj00000BgsVWIAZ,Georgia GSE Success Biology EOC: Milestones Edition - Digital Only,,
01tWj00000BgsVVIAZ,Georgia GSE Success Biology EOC: Milestones Edition - Color Print + Digital,,
01tWj00000BgsVSIAZ,Georgia GSE Success American Government/Civics - Digital Only,,
01tWj00000BgsVRIAZ,Georgia GSE Success American Government/Civics - Color Print + Digital,,
01tWj00000BgsVMIAZ,Geometry Foundations - Digital Only,,
01tWj00000BgsVLIAZ,Geometry Foundations - Color Print + Digital,,
01tWj00000BgsVEIAZ,Gearing Up for Algebra I - Digital Only,,
01tWj00000BgsVDIAZ,Gearing Up for Algebra I - Color Print + Digital,,
01tWj00000BgsVAIAZ,Gearing Up for 9th Grade Literature & Composition - Digital Only,,
01tWj00000BgsV9IAJ,Gearing Up for 9th Grade Literature & Composition - Color Print + Digital,,
01tWj00000BgsV6IAJ,Gearing Up for 8th Grade Mathematics - Digital Only,,
01tWj00000BgsV5IAJ,Gearing Up for 8th Grade Mathematics - Color Print + Digital,,
01tWj00000BgsV4IAJ,Gearing Up for 8th Grade English Language Arts - Digital Only,,
01tWj00000BgsV3IAJ,Gearing Up for 8th Grade English Language Arts - Color Print + Digital,,
01tWj00000BgsV2IAJ,Gearing Up for 7th Grade Mathematics - Digital Only,,
01tWj00000BgsV1IAJ,Gearing Up for 7th Grade Mathematics - Color Print + Digital,,
01tWj00000BgsV0IAJ,Gearing Up for 7th Grade English Language Arts - Digital Only,,
01tWj00000BgsUzIAJ,Gearing Up for 7th Grade English Language Arts - Color Print + Digital,,
01tWj00000BgsfvIAB,LEAP 2025 Prep in 8th Grade ELA - Color Print + Digital,,
01tWj00000BgsclIAB,Georgia K-12 Standards Success Algebra: Concepts & Connections EOC - Color Print + Digital,,
01tWj00000BgscmIAB,Georgia K-12 Standards Success Algebra: Concepts & Connections EOC - Digital Only,,
01tWj00000BgscnIAB,Georgia K-12 Standards Success Enhanced Advanced Algebra and AP Precalculus: Concepts & Connections EOC - Color Print + Digital,,
01tWj00000BgscoIAB,Georgia K-12 Standards Success Enhanced Advanced Algebra and AP Precalculus: Concepts & Connections EOC - Digital Only,,
01tWj00000BgscvIAB,Georgia K-12 Standards Success Enhanced Advanced Algebra and AP Precalculus: Concepts & Connections EOC Alternative Sequence - Color Print + Digital,,
01tWj00000BgscwIAB,Georgia K-12 Standards Success Enhanced Advanced Algebra and AP Precalculus: Concepts & Connections EOC Alternative Sequence - Digital Only,,
01tWj00000Bgsd3IAB,Georgia K-12 Standards Success Enhanced Algebra: Concepts & Connections EOC - Color Print + Digital,,
01tWj00000Bgsd4IAB,Georgia K-12 Standards Success Enhanced Algebra: Concepts & Connections EOC - Digital Only,,
01tWj00000Bgsd5IAB,Georgia K-12 Standards Success Geometry: Concepts & Connections - Color Print + Digital,,
01tWj00000Bgsd6IAB,Georgia K-12 Standards Success Geometry: Concepts & Connections - Digital Only,,
01tWj00000BgsdDIAR,Georgia K-12 Standards Success Grade 1 ELA - Color Print + Digital,,
01tWj00000BgsdEIAR,Georgia K-12 Standards Success Grade 1 ELA - Digital Only,,
01tWj00000BgsdFIAR,Georgia K-12 Standards Success Grade 1 Mathematics - Color Print + Digital,,
01tWj00000BgsdGIAR,Georgia K-12 Standards Success Grade 1 Mathematics - Digital Only,,
01tWj00000BgsdHIAR,Georgia K-12 Standards Success Grade 2 ELA - Color Print + Digital,,
01tWj00000BgsdIIAR,Georgia K-12 Standards Success Grade 2 ELA - Digital Only,,
01tWj00000BgsdJIAR,Georgia K-12 Standards Success Grade 2 Mathematics - Color Print + Digital,,
01tWj00000BgsdKIAR,Georgia K-12 Standards Success Grade 2 Mathematics - Digital Only,,
01tWj00000BgsdLIAR,Georgia K-12 Standards Success Grade 3 ELA - Color Print + Digital,,
01tWj00000BgsdMIAR,Georgia K-12 Standards Success Grade 3 ELA - Digital Only,,
01tWj00000BgsdNIAR,Georgia K-12 Standards Success Grade 3 Mathematics - Color Print + Digital,,
01tWj00000BgsdOIAR,Georgia K-12 Standards Success Grade 3 Mathematics - Digital Only,,
01tWj00000BgsdPIAR,Georgia K-12 Standards Success Grade 4 ELA - Color Print + Digital,,
01tWj00000BgsdQIAR,Georgia K-12 Standards Success Grade 4 ELA - Digital Only,,
01tWj00000BgsdRIAR,Georgia K-12 Standards Success Grade 4 Mathematics - Color Print + Digital,,
01tWj00000BgsdSIAR,Georgia K-12 Standards Success Grade 4 Mathematics - Digital Only,,
01tWj00000BgsdTIAR,Georgia K-12 Standards Success Grade 5 ELA - Color Print + Digital,,
01tWj00000BgsdUIAR,Georgia K-12 Standards Success Grade 5 ELA - Digital Only,,
01tWj00000BgsdVIAR,Georgia K-12 Standards Success Grade 5 Mathematics - Color Print + Digital,,
01tWj00000BgsdWIAR,Georgia K-12 Standards Success Grade 5 Mathematics - Digital Only,,
01tWj00000BgsdXIAR,Georgia K-12 Standards Success Grade 6 ELA - Color Print + Digital,,
01tWj00000BgsdYIAR,Georgia K-12 Standards Success Grade 6 ELA - Digital Only,,
01tWj00000BgsdZIAR,Georgia K-12 Standards Success Grade 6 Mathematics - Color Print + Digital,,
01tWj00000BgsdaIAB,Georgia K-12 Standards Success Grade 6 Mathematics - Digital Only,,
01tWj00000BgsdbIAB,Georgia K-12 Standards Success Grade 7 ELA - Color Print + Digital,,
01tWj00000BgsdcIAB,Georgia K-12 Standards Success Grade 7 ELA - Digital Only,,
01tWj00000BgsddIAB,Georgia K-12 Standards Success Grade 7 Mathematics - Color Print + Digital,,
01tWj00000BgsdeIAB,Georgia K-12 Standards Success Grade 7 Mathematics - Digital Only,,
01tWj00000BgsdfIAB,Georgia K-12 Standards Success Grade 8 ELA - Color Print + Digital,,
01tWj00000BgsdgIAB,Georgia K-12 Standards Success Grade 8 ELA - Digital Only,,
01tWj00000BgsdhIAB,Georgia K-12 Standards Success Grade 8 Mathematics - Color Print + Digital,,
01tWj00000BgsdiIAB,Georgia K-12 Standards Success Grade 8 Mathematics - Digital Only,,
01tWj00000BgsdjIAB,Georgia K-12 Standards Success Kindergarten ELA - Color Print + Digital,,
01tWj00000BgsdkIAB,Georgia K-12 Standards Success Kindergarten ELA - Digital Only,,
01tWj00000BgsdlIAB,Georgia K-12 Standards Success Kindergarten Mathematics - Color Print + Digital,,
01tWj00000BgsdmIAB,Georgia K-12 Standards Success Kindergarten Mathematics - Digital Only,,
01tWj00000BgsdnIAB,Georgia K-12 Standards Success Literature & Composition I - Color Print + Digital,,
01tWj00000BgsdoIAB,Georgia K-12 Standards Success Literature & Composition I - Digital Only,,
01tWj00000BgsdvIAB,Georgia K-12 Standards Success Literature & Composition II - Color Print + Digital,,
01tWj00000BgsdwIAB,Georgia K-12 Standards Success Literature & Composition II - Digital Only,,
01tWj00000Bgse3IAB,Georgia K-12 Standards Success Literature & Composition III - Color Print + Digital,,
01tWj00000Bgse4IAB,Georgia K-12 Standards Success Literature & Composition III - Digital Only,,
01tWj00000BgseBIAR,Kentucky ACT Achievement English - Color Print + Digital,,
01tWj00000BgseCIAR,Kentucky ACT Achievement English - Digital Only,,
01tWj00000BgseDIAR,Kentucky ACT Achievement Math - Color Print + Digital,,
01tWj00000BgseEIAR,Kentucky ACT Achievement Math - Digital Only,,
01tWj00000BgseFIAR,Kentucky ACT Achievement Reading - Color Print + Digital,,
01tWj00000BgseGIAR,Kentucky ACT Achievement Reading - Digital Only,,
01tWj00000BgseHIAR,Kentucky ACT Achievement Science - Color Print + Digital,,
01tWj00000BgseIIAR,Kentucky ACT Achievement Science - Digital Only,,
01tWj00000BgseJIAR,Kentucky ACT Achievement Writing - Color Print + Digital,,
01tWj00000BgseKIAR,Kentucky ACT Achievement Writing - Digital Only,,
01tWj00000BgseLIAR,Kentucky KSA Success Grade 10 Mathematics - Color Print + Digital,,
01tWj00000BgseMIAR,Kentucky KSA Success Grade 10 Mathematics - Digital Only,,
01tWj00000BgseNIAR,Kentucky KSA Success Grade 10 Reading - Color Print + Digital,,
01tWj00000BgseOIAR,Kentucky KSA Success Grade 10 Reading - Digital Only,,
01tWj00000BgsePIAR,"Kentucky KSA Success Grade 11 On-Demand Writing, Editing, & Mechanics - Color Print + Digital",,
01tWj00000BgseQIAR,"Kentucky KSA Success Grade 11 On-Demand Writing, Editing, & Mechanics - Digital Only",,
01tWj00000BgseRIAR,Kentucky KSA Success Grade 11 Science - Color Print + Digital,,
01tWj00000BgseSIAR,Kentucky KSA Success Grade 11 Science - Digital Only,,
01tWj00000BgseTIAR,Kentucky KSA Success Grade 11 Social Studies - Color Print + Digital,,
01tWj00000BgseUIAR,Kentucky KSA Success Grade 11 Social Studies - Digital Only,,
01tWj00000BgseVIAR,Kentucky KSA Success Grade 3 Mathematics - Color Print + Digital,,
01tWj00000BgseWIAR,Kentucky KSA Success Grade 3 Mathematics - Digital Only,,
01tWj00000BgseXIAR,Kentucky KSA Success Grade 3 Reading - Color Print + Digital,,
01tWj00000BgseYIAR,Kentucky KSA Success Grade 3 Reading - Digital Only,,
01tWj00000BgseZIAR,Kentucky KSA Success Grade 4 Mathematics - Color Print + Digital,,
01tWj00000BgseaIAB,Kentucky KSA Success Grade 4 Mathematics - Digital Only,,
01tWj00000BgsebIAB,Kentucky KSA Success Grade 4 Reading - Color Print + Digital,,
01tWj00000BgsecIAB,Kentucky KSA Success Grade 4 Reading - Digital Only,,
01tWj00000BgsedIAB,Kentucky KSA Success Grade 4 Science - Color Print + Digital,,
01tWj00000BgseeIAB,Kentucky KSA Success Grade 4 Science - Digital Only,,
01tWj00000BgsefIAB,Kentucky KSA Success Grade 5 Mathematics - Color Print + Digital,,
01tWj00000BgsegIAB,Kentucky KSA Success Grade 5 Mathematics - Digital Only,,
01tWj00000BgsehIAB,"Kentucky KSA Success Grade 5 On-Demand Writing, Editing, & Mechanics - Color Print + Digital",,
01tWj00000BgseiIAB,"Kentucky KSA Success Grade 5 On-Demand Writing, Editing, & Mechanics - Digital Only",,
01tWj00000BgsejIAB,Kentucky KSA Success Grade 5 Reading - Color Print + Digital,,
01tWj00000BgsekIAB,Kentucky KSA Success Grade 5 Reading - Digital Only,,
01tWj00000BgselIAB,Kentucky KSA Success Grade 5 Social Studies - Color Print + Digital,,
01tWj00000BgsemIAB,Kentucky KSA Success Grade 5 Social Studies - Digital Only,,
01tWj00000BgsenIAB,Kentucky KSA Success Grade 6 Mathematics - Color Print + Digital,,
01tWj00000BgseoIAB,Kentucky KSA Success Grade 6 Mathematics - Digital Only,,
01tWj00000BgsepIAB,Kentucky KSA Success Grade 6 Reading - Color Print + Digital,,
01tWj00000BgseqIAB,Kentucky KSA Success Grade 6 Reading - Digital Only,,
01tWj00000BgserIAB,Kentucky KSA Success Grade 7 Mathematics - Color Print + Digital,,
01tWj00000BgsesIAB,Kentucky KSA Success Grade 7 Mathematics - Digital Only,,
01tWj00000BgsetIAB,Kentucky KSA Success Grade 7 Reading - Color Print + Digital,,
01tWj00000BgseuIAB,Kentucky KSA Success Grade 7 Reading - Digital Only,,
01tWj00000BgsevIAB,Kentucky KSA Success Grade 7 Science - Color Print + Digital,,
01tWj00000BgsewIAB,Kentucky KSA Success Grade 7 Science - Digital Only,,
01tWj00000BgsexIAB,Kentucky KSA Success Grade 8 Mathematics - Color Print + Digital,,
01tWj00000BgseyIAB,Kentucky KSA Success Grade 8 Mathematics - Digital Only,,
01tWj00000BgsezIAB,"Kentucky KSA Success Grade 8 On-Demand Writing, Editing, & Mechanics - Color Print + Digital",,
01tWj00000Bgsf0IAB,"Kentucky KSA Success Grade 8 On-Demand Writing, Editing, & Mechanics - Digital Only",,
01tWj00000Bgsf1IAB,Kentucky KSA Success Grade 8 Reading - Color Print + Digital,,
01tWj00000Bgsf2IAB,Kentucky KSA Success Grade 8 Reading - Digital Only,,
01tWj00000Bgsf3IAB,Kentucky KSA Success Grade 8 Social Studies - Color Print + Digital,,
01tWj00000Bgsf4IAB,Kentucky KSA Success Grade 8 Social Studies - Digital Only,,
01tWj00000Bgsf5IAB,LEAP 2025 Biology - Color Print + Digital,,
01tWj00000Bgsf6IAB,LEAP 2025 Biology - Digital Only,,
01tWj00000BgsfBIAR,LEAP 2025 Geometry - Color Print + Digital,,
01tWj00000BgsfCIAR,LEAP 2025 Geometry - Digital Only,,
01tWj00000BgsfJIAR,LEAP 2025 Prep English II - Color Print + Digital,,
01tWj00000BgsfKIAR,LEAP 2025 Prep English II - Digital Only,,
01tWj00000BgsfRIAR,LEAP 2025 Prep in 3rd Grade ELA - Color Print + Digital,,
01tWj00000BgsfSIAR,LEAP 2025 Prep in 3rd Grade ELA - Digital Only,,
01tWj00000BgsfTIAR,LEAP 2025 Prep in 3rd Grade Mathematics - Color Print + Digital,,
01tWj00000BgsfUIAR,LEAP 2025 Prep in 3rd Grade Mathematics - Digital Only,,
01tWj00000BgsfVIAR,LEAP 2025 Prep in 3rd Grade Science - Color Print + Digital,,
01tWj00000BgsfWIAR,LEAP 2025 Prep in 3rd Grade Science - Digital Only,,
01tWj00000BgsfXIAR,LEAP 2025 Prep in 4th Grade ELA - Color Print + Digital,,
01tWj00000BgsfYIAR,LEAP 2025 Prep in 4th Grade ELA - Digital Only,,
01tWj00000BgsfZIAR,LEAP 2025 Prep in 4th Grade Mathematics - Color Print + Digital,,
01tWj00000BgsfaIAB,LEAP 2025 Prep in 4th Grade Mathematics - Digital Only,,
01tWj00000BgsfbIAB,LEAP 2025 Prep in 4th Grade Science - Color Print + Digital,,
01tWj00000BgsfcIAB,LEAP 2025 Prep in 4th Grade Science - Digital Only,,
01tWj00000BgsfdIAB,LEAP 2025 Prep in 5th Grade ELA - Color Print + Digital,,
01tWj00000BgsfeIAB,LEAP 2025 Prep in 5th Grade ELA - Digital Only,,
01tWj00000BgsffIAB,LEAP 2025 Prep in 5th Grade Mathematics - Color Print + Digital,,
01tWj00000BgsfgIAB,LEAP 2025 Prep in 5th Grade Mathematics - Digital Only,,
01tWj00000BgsfhIAB,LEAP 2025 Prep in 5th Grade Science - Color Print + Digital,,
01tWj00000BgsfiIAB,LEAP 2025 Prep in 5th Grade Science - Digital Only,,
01tWj00000BgsfjIAB,LEAP 2025 Prep in 6th Grade ELA - Color Print + Digital,,
01tWj00000BgsfkIAB,LEAP 2025 Prep in 6th Grade ELA - Digital Only,,
01tWj00000BgsflIAB,LEAP 2025 Prep in 6th Grade Mathematics - Color Print + Digital,,
01tWj00000BgsfmIAB,LEAP 2025 Prep in 6th Grade Mathematics - Digital Only,,
01tWj00000BgsfnIAB,LEAP 2025 Prep in 6th Grade Science - Color Print + Digital,,
01tWj00000BgsfoIAB,LEAP 2025 Prep in 6th Grade Science - Digital Only,,
01tWj00000BgsfpIAB,LEAP 2025 Prep in 7th Grade ELA - Color Print + Digital,,
01tWj00000BgsfqIAB,LEAP 2025 Prep in 7th Grade ELA - Digital Only,,
01tWj00000BgsfrIAB,LEAP 2025 Prep in 7th Grade Mathematics - Color Print + Digital,,
01tWj00000BgsfsIAB,LEAP 2025 Prep in 7th Grade Mathematics - Digital Only,,
01tWj00000BgsftIAB,LEAP 2025 Prep in 7th Grade Science - Color Print + Digital,,
01tWj00000BgsfuIAB,LEAP 2025 Prep in 7th Grade Science - Digital Only,,
01tWj00000BgsfwIAB,LEAP 2025 Prep in 8th Grade ELA - Digital Only,,
01tWj00000BgsfxIAB,LEAP 2025 Prep in 8th Grade Mathematics - Color Print + Digital,,
01tWj00000BgsfyIAB,LEAP 2025 Prep in 8th Grade Mathematics - Digital Only,,
01tWj00000BgshBIAR,Middle School Integrated Science Foundations - Color Print + Digital,,
01tWj00000BgshCIAR,Middle School Integrated Science Foundations - Digital Only,,
01tWj00000BgshHIAR,Middle School Life Science Foundations - Color Print + Digital,,
01tWj00000BgshIIAR,Middle School Life Science Foundations - Digital Only,,
01tWj00000BgshNIAR,Middle School Physical Science Foundations - Color Print + Digital,,
01tWj00000BgshOIAR,Middle School Physical Science Foundations - Digital Only,,
01tWj00000BgshTIAR,Minnesota MCA Grade 6 Mathematics - Color Print + Digital,,
01tWj00000BgshUIAR,Minnesota MCA Grade 6 Mathematics - Digital Only,,
01tWj00000BgshVIAR,Minnesota MCA Grade 7 Mathematics - Color Print + Digital,,
01tWj00000BgshWIAR,Minnesota MCA Grade 7 Mathematics - Digital Only,,
01tWj00000BgshXIAR,Minnesota MCA Grade 8 Mathematics - Color Print + Digital,,
01tWj00000BgshYIAR,Minnesota MCA Grade 8 Mathematics - Digital Only,,
01tWj00000BgshZIAR,Minnesota MCA in High School Mathematics - Color Print + Digital,,
01tWj00000BgshaIAB,Minnesota MCA in High School Mathematics - Digital Only,,
01tWj00000BgsfzIAB,LEAP 2025 Prep in 8th Grade Science - Color Print + Digital,,
01tWj00000Bgsg0IAB,LEAP 2025 Prep in 8th Grade Science - Digital Only,,
01tWj00000Bgsg1IAB,LEAP 2025 Prep US History - Color Print + Digital,,
01tWj00000Bgsg2IAB,LEAP 2025 Prep US History - Digital Only,,
01tWj00000Bgsg9IAB,Louisiana EOC Prep - English III - Color Print + Digital,,
01tWj00000BgsgAIAR,Louisiana EOC Prep - English III - Digital Only,,
01tWj00000BgsgHIAR,Louisiana LEAP 2025 Algebra I - Color Print + Digital,,
01tWj00000BgsgIIAR,Louisiana LEAP 2025 Algebra I - Digital Only,,
01tWj00000BgsgJIAR,Louisiana LEAP 2025 English I - Color Print + Digital,,
01tWj00000BgsgKIAR,Louisiana LEAP 2025 English I - Digital Only,,
01tWj00000BgsgRIAR,Louisiana LEAP 2025 Success Grade 5 Social Studies - Color Print + Digital,,
01tWj00000BgsgSIAR,Louisiana LEAP 2025 Success Grade 5 Social Studies - Digital Only,,
01tWj00000BgsgTIAR,Louisiana LEAP 2025 Success Grade 8 Social Studies - Color Print + Digital,,
01tWj00000BgsgUIAR,Louisiana LEAP 2025 Success Grade 8 Social Studies - Digital Only,,
01tWj00000BgsgVIAR,Louisiana LEAP Success Civics - Color Print + Digital,,
01tWj00000BgsgWIAR,Louisiana LEAP Success Civics - Digital Only,,
01tWj00000BgsgdIAB,Louisiana LEAP Success Grade 3 Social Studies - Color Print + Digital,,
01tWj00000BgsgeIAB,Louisiana LEAP Success Grade 3 Social Studies - Digital Only,,
01tWj00000BgsgfIAB,Louisiana LEAP Success Grade 4 Social Studies - Color Print + Digital,,
01tWj00000BgsggIAB,Louisiana LEAP Success Grade 4 Social Studies - Digital Only,,
01tWj00000BgsghIAB,Louisiana LEAP Success Grade 6 Social Studies - Color Print + Digital,,
01tWj00000BgsgiIAB,Louisiana LEAP Success Grade 6 Social Studies - Digital Only,,
01tWj00000BgsgjIAB,Louisiana LEAP Success Grade 7 Social Studies - Color Print + Digital,,
01tWj00000BgsgkIAB,Louisiana LEAP Success Grade 7 Social Studies - Digital Only,,
01tWj00000BgsglIAB,Louisiana LEAP Success US History - Color Print + Digital,,
01tWj00000BgsgmIAB,Louisiana LEAP Success US History - Digital Only,,
01tWj00000BgsgtIAB,Louisiana LSS Success World Geography - Color Print + Digital,,
01tWj00000BgsguIAB,Louisiana LSS Success World Geography - Digital Only,,
01tWj00000Bgsh1IAB,Louisiana LSS Success World History - Color Print + Digital,,
01tWj00000Bgsh2IAB,Louisiana LSS Success World History - Digital Only,,
01tWj00000Bgsh5IAB,Middle School Earth & Space Science Foundations - Color Print + Digital,,
01tWj00000Bgsh6IAB,Middle School Earth & Space Science Foundations - Digital Only,,
01tWj00000Bgso2IAB,North Carolina EOG Success Grade 8 Science - Digital Only,,
01tWj00000Bgso1IAB,North Carolina EOG Success Grade 8 Science - Color Print + Digital,,
01tWj00000Bgso0IAB,North Carolina EOG Success Grade 5 Science - Digital Only,,
01tWj00000BgsnzIAB,North Carolina EOG Success Grade 5 Science - Color Print + Digital,,
01tWj00000BgsnyIAB,North Carolina EOG Grade 8 Mathematics - Digital Only,,
01tWj00000BgsnxIAB,North Carolina EOG Grade 8 Mathematics - Color Print + Digital,,
01tWj00000BgsnwIAB,North Carolina EOG Grade 8 English Language Arts - Digital Only,,
01tWj00000BgsnvIAB,North Carolina EOG Grade 8 English Language Arts - Color Print + Digital,,
01tWj00000BgsnuIAB,North Carolina EOG Grade 7 Mathematics - Digital Only,,
01tWj00000BgsntIAB,North Carolina EOG Grade 7 Mathematics - Color Print + Digital,,
01tWj00000BgsnsIAB,North Carolina EOG Grade 7 English Language Arts - Digital Only,,
01tWj00000BgsnrIAB,North Carolina EOG Grade 7 English Language Arts - Color Print + Digital,,
01tWj00000BgsnqIAB,North Carolina EOG Grade 6 Mathematics - Digital Only,,
01tWj00000BgsnpIAB,North Carolina EOG Grade 6 Mathematics - Color Print + Digital,,
01tWj00000BgsnoIAB,North Carolina EOG Grade 6 English Language Arts - Digital Only,,
01tWj00000BgsnnIAB,North Carolina EOG Grade 6 English Language Arts - Color Print + Digital,,
01tWj00000BgsnmIAB,North Carolina EOG Grade 5 Mathematics - Digital Only,,
01tWj00000BgsnlIAB,North Carolina EOG Grade 5 Mathematics - Color Print + Digital,,
01tWj00000BgsnkIAB,North Carolina EOG Grade 5 English Language Arts - Digital Only,,
01tWj00000BgsnjIAB,North Carolina EOG Grade 5 English Language Arts - Color Print + Digital,,
01tWj00000BgsniIAB,North Carolina EOG Grade 4 Mathematics - Digital Only,,
01tWj00000BgsnhIAB,North Carolina EOG Grade 4 Mathematics - Color Print + Digital,,
01tWj00000BgsngIAB,North Carolina EOG Grade 4 English Language Arts - Digital Only,,
01tWj00000BgsnfIAB,North Carolina EOG Grade 4 English Language Arts - Color Print + Digital,,
01tWj00000BgsneIAB,North Carolina EOG Grade 3 Mathematics - Digital Only,,
01tWj00000BgsndIAB,North Carolina EOG Grade 3 Mathematics - Color Print + Digital,,
01tWj00000BgsncIAB,North Carolina EOG Grade 3 English Language Arts - Digital Only,,
01tWj00000BgsnbIAB,North Carolina EOG Grade 3 English Language Arts - Color Print + Digital,,
01tWj00000BgsnaIAB,North Carolina EOC Success Biology - Digital Only,,
01tWj00000BgsnZIAR,North Carolina EOC Success Biology - Color Print + Digital,,
01tWj00000BgsnSIAR,North Carolina English II EOC - Digital Only,,
01tWj00000BgsnRIAR,North Carolina English II EOC - Color Print + Digital,,
01tWj00000BgsnKIAR,New Mexico Success Grade 8 Math - Digital Only,,
01tWj00000BgsnJIAR,New Mexico Success Grade 8 Math - Color Print + Digital,,
01tWj00000BgsnIIAR,New Mexico Success Grade 8 ELA - Digital Only,,
01tWj00000BgsnHIAR,New Mexico Success Grade 8 ELA - Color Print + Digital,,
01tWj00000BgsnGIAR,New Mexico Success Grade 7 Math - Digital Only,,
01tWj00000BgsnFIAR,New Mexico Success Grade 7 Math - Color Print + Digital,,
01tWj00000BgspFIAR,South Carolina EOCEP Biology - Color Print + Digital,,
01tWj00000BgsnDIAR,New Mexico Success Grade 7 ELA - Color Print + Digital,,
01tWj00000BgsnCIAR,New Mexico Success Grade 6 Math - Digital Only,,
01tWj00000BgsnBIAR,New Mexico Success Grade 6 Math - Color Print + Digital,,
01tWj00000BgsnAIAR,New Mexico Success Grade 6 ELA - Digital Only,,
01tWj00000Bgsn9IAB,New Mexico Success Grade 6 ELA - Color Print + Digital,,
01tWj00000Bgsn8IAB,New Mexico Success Grade 5 Math - Digital Only,,
01tWj00000Bgsn7IAB,New Mexico Success Grade 5 Math - Color Print + Digital,,
01tWj00000Bgsn6IAB,New Mexico Success Grade 5 ELA - Digital Only,,
01tWj00000Bgsn5IAB,New Mexico Success Grade 5 ELA - Color Print + Digital,,
01tWj00000Bgsn4IAB,New Mexico Success Grade 4 Math - Digital Only,,
01tWj00000Bgsn3IAB,New Mexico Success Grade 4 Math - Color Print + Digital,,
01tWj00000Bgsn2IAB,New Mexico Success Grade 4 ELA - Digital Only,,
01tWj00000Bgsn1IAB,New Mexico Success Grade 4 ELA - Color Print + Digital,,
01tWj00000Bgsn0IAB,New Mexico Success Grade 3 Math - Digital Only,,
01tWj00000BgsmzIAB,New Mexico Success Grade 3 Math - Color Print + Digital,,
01tWj00000BgsmyIAB,New Mexico Success Grade 3 ELA - Digital Only,,
01tWj00000BgsmxIAB,New Mexico Success Grade 3 ELA - Color Print + Digital,,
01tWj00000BgsmwIAB,Minnesota MCA Success Grade 8 Reading - Digital Only,,
01tWj00000BgsmvIAB,Minnesota MCA Success Grade 8 Reading - Color Print + Digital,,
01tWj00000BgsmuIAB,Minnesota MCA Success Grade 7 Reading - Digital Only,,
01tWj00000BgsmtIAB,Minnesota MCA Success Grade 7 Reading - Color Print + Digital,,
01tWj00000BgsmsIAB,Minnesota MCA Success Grade 6 Reading - Digital Only,,
01tWj00000BgsmrIAB,Minnesota MCA Success Grade 6 Reading - Color Print + Digital,,
01tWj00000BgsmqIAB,Minnesota MCA Success Grade 5 Reading - Digital Only,,
01tWj00000BgsmpIAB,Minnesota MCA Success Grade 5 Reading - Color Print + Digital,,
01tWj00000BgsmoIAB,Minnesota MCA Success Grade 5 Mathematics - Digital Only,,
01tWj00000BgsmnIAB,Minnesota MCA Success Grade 5 Mathematics - Color Print + Digital,,
01tWj00000BgsmmIAB,Minnesota MCA Success Grade 4 Reading - Digital Only,,
01tWj00000BgsmlIAB,Minnesota MCA Success Grade 4 Reading - Color Print + Digital,,
01tWj00000BgsmkIAB,Minnesota MCA Success Grade 4 Mathematics - Digital Only,,
01tWj00000BgsmjIAB,Minnesota MCA Success Grade 4 Mathematics - Color Print + Digital,,
01tWj00000BgsmiIAB,Minnesota MCA Success Grade 3 Reading - Digital Only,,
01tWj00000BgsmhIAB,Minnesota MCA Success Grade 3 Reading - Color Print + Digital,,
01tWj00000BgsmgIAB,Minnesota MCA Success Grade 3 Mathematics - Digital Only,,
01tWj00000BgsmfIAB,Minnesota MCA Success Grade 3 Mathematics - Color Print + Digital,,
01tWj00000BgsmeIAB,Minnesota MCA in High School Science - Digital Only,,
01tWj00000BgsmdIAB,Minnesota MCA in High School Science - Color Print + Digital,,
01tWj00000BgsnEIAR,New Mexico Success Grade 7 ELA - Digital Only,,
01tWj00000BgspGIAR,South Carolina EOCEP Biology - Digital Only,,
01tWj00000BgspJIAR,South Carolina EOCEP Success Algebra 1 - Color Print + Digital,,
01tWj00000BgspKIAR,South Carolina EOCEP Success Algebra 1 - Digital Only,,
01tWj00000BgspRIAR,South Carolina EOCEP Success English 2 - Color Print + Digital,,
01tWj00000BgspSIAR,South Carolina EOCEP Success English 2 - Digital Only,,
01tWj00000BgspZIAR,South Carolina EOCEP Success US History and the Constitution - Color Print + Digital,,
01tWj00000BgspaIAB,South Carolina EOCEP Success US History and the Constitution - Digital Only,,
01tWj00000BgspEIAR,Pre-Minnesota MCA High School Math - Digital Only,,
01tWj00000BgspDIAR,Pre-Minnesota MCA High School Math - Color Print + Digital,,
01tWj00000Bgsp6IAB,Oklahoma OSTP Success Pre-Algebra - Digital Only,,
01tWj00000Bgsp5IAB,Oklahoma OSTP Success Pre-Algebra - Color Print + Digital,,
01tWj00000Bgsp4IAB,Oklahoma OSTP Success Grade 8 Science - Digital Only,,
01tWj00000Bgsp3IAB,Oklahoma OSTP Success Grade 8 Science - Color Print + Digital,,
01tWj00000Bgsp2IAB,Oklahoma OSTP Success Grade 8 English Language Arts - Digital Only,,
01tWj00000Bgsp1IAB,Oklahoma OSTP Success Grade 8 English Language Arts - Color Print + Digital,,
01tWj00000Bgsp0IAB,Oklahoma OSTP Success Grade 7 Mathematics - Digital Only,,
01tWj00000BgsozIAB,Oklahoma OSTP Success Grade 7 Mathematics - Color Print + Digital,,
01tWj00000BgsoyIAB,Oklahoma OSTP Success Grade 7 English Language Arts - Digital Only,,
01tWj00000BgsoxIAB,Oklahoma OSTP Success Grade 7 English Language Arts - Color Print + Digital,,
01tWj00000BgsowIAB,Oklahoma OSTP Success Grade 6 Mathematics - Digital Only,,
01tWj00000BgsovIAB,Oklahoma OSTP Success Grade 6 Mathematics - Color Print + Digital,,
01tWj00000BgsouIAB,Oklahoma OSTP Success Grade 6 English Language Arts - Digital Only,,
01tWj00000BgsotIAB,Oklahoma OSTP Success Grade 6 English Language Arts - Color Print + Digital,,
01tWj00000BgsosIAB,Oklahoma OSTP Success Grade 5 Science - Digital Only,,
01tWj00000BgsorIAB,Oklahoma OSTP Success Grade 5 Science - Color Print + Digital,,
01tWj00000BgsoqIAB,Oklahoma OSTP Success Grade 5 Mathematics - Digital Only,,
01tWj00000BgsopIAB,Oklahoma OSTP Success Grade 5 Mathematics - Color Print + Digital,,
01tWj00000BgsooIAB,Oklahoma OSTP Success Grade 5 English Language Arts - Digital Only,,
01tWj00000BgsonIAB,Oklahoma OSTP Success Grade 5 English Language Arts - Color Print + Digital,,
01tWj00000BgsomIAB,Oklahoma OSTP Success Grade 4 Mathematics - Digital Only,,
01tWj00000BgsolIAB,Oklahoma OSTP Success Grade 4 Mathematics - Color Print + Digital,,
01tWj00000BgsokIAB,Oklahoma OSTP Success Grade 4 English Language Arts - Digital Only,,
01tWj00000BgsojIAB,Oklahoma OSTP Success Grade 4 English Language Arts - Color Print + Digital,,
01tWj00000BgsoiIAB,Oklahoma OSTP Success Grade 3 Mathematics - Digital Only,,
01tWj00000BgsohIAB,Oklahoma OSTP Success Grade 3 Mathematics - Color Print + Digital,,
01tWj00000BgsogIAB,Oklahoma OSTP Success Grade 3 English Language Arts - Digital Only,,
01tWj00000BgsofIAB,Oklahoma OSTP Success Grade 3 English Language Arts - Color Print + Digital,,
01tWj00000BgsoeIAB,Oklahoma CCRA Success in US History - Digital Only,,
01tWj00000BgsodIAB,Oklahoma CCRA Success in US History - Color Print + Digital,,
01tWj00000BgsoYIAR,Oklahoma CCRA Success in Science - Digital Only,,
01tWj00000BgsoXIAR,Oklahoma CCRA Success in Science - Color Print + Digital,,
01tWj00000BgsoWIAR,North Carolina Success in Economics and Personal Finance - Digital Only,,
01tWj00000BgsoVIAR,North Carolina Success in Economics and Personal Finance - Color Print + Digital,,
01tWj00000BgsoOIAR,North Carolina Math 3 EOC - Digital Only,,
01tWj00000BgsoNIAR,North Carolina Math 3 EOC - Color Print + Digital,,
01tWj00000BgsoGIAR,North Carolina Math 2 - Digital Only,,
01tWj00000BgsoFIAR,North Carolina Math 2 - Color Print + Digital,,
01tWj00000Bgso8IAB,North Carolina Math 1 EOC - Digital Only,,
01tWj00000Bgso7IAB,North Carolina Math 1 EOC - Color Print + Digital,,
01tWj00000BgsrGIAR,Tennessee TCAP Success Algebra II - Digital Only,,
01tWj00000BgsrFIAR,Tennessee TCAP Success Algebra II - Color Print + Digital,,
01tWj00000Bgsr8IAB,Tennessee TCAP Success Algebra I - Digital Only,,
01tWj00000Bgsr7IAB,Tennessee TCAP Success Algebra I - Color Print + Digital,,
01tWj00000Bgsr0IAB,Tennessee TAS Success Grade 5 Social Studies - Digital Only,,
01tWj00000BgsqzIAB,Tennessee TAS Success Grade 5 Social Studies - Color Print + Digital,,
01tWj00000BgsqyIAB,Tennessee TAS Success Grade 4 Social Studies - Digital Only,,
01tWj00000BgsqxIAB,Tennessee TAS Success Grade 4 Social Studies - Color Print + Digital,,
01tWj00000BgsqwIAB,Tennessee TAS Success Grade 3 Social Studies - Digital Only,,
01tWj00000BgsqvIAB,Tennessee TAS Success Grade 3 Social Studies - Color Print + Digital,,
01tWj00000BgsquIAB,Tennessee Civics Test Success - Digital Only,,
01tWj00000BgsqtIAB,Tennessee Civics Test Success - Color Print + Digital,,
01tWj00000BgsqmIAB,South Carolina Success Geometry with Statistics - Digital Only,,
01tWj00000BgsqlIAB,South Carolina Success Geometry with Statistics - Color Print + Digital,,
01tWj00000BgsqeIAB,South Carolina SCCCRS Success Pre-Calculus - Digital Only,,
01tWj00000BgsqdIAB,South Carolina SCCCRS Success Pre-Calculus - Color Print + Digital,,
01tWj00000BgsqWIAR,South Carolina SCCCRS Success Kindergarten Mathematics - Digital Only,,
01tWj00000BgsqVIAR,South Carolina SCCCRS Success Kindergarten Mathematics - Color Print + Digital,,
01tWj00000BgsqUIAR,South Carolina SCCCRS Success Kindergarten ELA - Digital Only,,
01tWj00000BgsqTIAR,South Carolina SCCCRS Success Kindergarten ELA - Color Print + Digital,,
01tWj00000BgsqSIAR,South Carolina SCCCRS Success Grade 2 Mathematics - Digital Only,,
01tWj00000BgsqRIAR,South Carolina SCCCRS Success Grade 2 Mathematics - Color Print + Digital,,
01tWj00000BgsqQIAR,South Carolina SCCCRS Success Grade 2 ELA - Digital Only,,
01tWj00000BgsqPIAR,South Carolina SCCCRS Success Grade 2 ELA - Color Print + Digital,,
01tWj00000BgsqOIAR,South Carolina SCCCRS Success Grade 1 Mathematics - Digital Only,,
01tWj00000BgsqNIAR,South Carolina SCCCRS Success Grade 1 Mathematics - Color Print + Digital,,
01tWj00000BgsqMIAR,South Carolina SCCCRS Success Grade 1 ELA - Digital Only,,
01tWj00000BgsqLIAR,South Carolina SCCCRS Success Grade 1 ELA - Color Print + Digital,,
01tWj00000BgsqKIAR,South Carolina SCCCRS Success English 1 - Digital Only,,
01tWj00000BgsqJIAR,South Carolina SCCCRS Success English 1 - Color Print + Digital,,
01tWj00000BgsqIIAR,South Carolina SCCCRS Success Algebra 2 with Probability - Digital Only,,
01tWj00000BgsqHIAR,South Carolina SCCCRS Success Algebra 2 with Probability - Color Print + Digital,,
01tWj00000BgsqEIAR,South Carolina GET READY Success Grade 8 Mathematics - Digital Only,,
01tWj00000BgsqDIAR,South Carolina GET READY Success Grade 8 Mathematics - Color Print + Digital,,
01tWj00000BgsqCIAR,South Carolina GET READY Success Grade 8 ELA - Digital Only,,
01tWj00000BgsqBIAR,South Carolina GET READY Success Grade 8 ELA - Color Print + Digital,,
01tWj00000BgsqAIAR,South Carolina GET READY Success Grade 7 Mathematics - Digital Only,,
01tWj00000Bgsq9IAB,South Carolina GET READY Success Grade 7 Mathematics - Color Print + Digital,,
01tWj00000Bgsq8IAB,South Carolina GET READY Success Grade 7 ELA - Digital Only,,
01tWj00000Bgsq7IAB,South Carolina GET READY Success Grade 7 ELA - Color Print + Digital,,
01tWj00000Bgsq6IAB,South Carolina GET READY Success Grade 6 Mathematics - Digital Only,,
01tWj00000Bgsq5IAB,South Carolina GET READY Success Grade 6 Mathematics - Color Print + Digital,,
01tWj00000Bgsq4IAB,South Carolina GET READY Success Grade 6 ELA - Digital Only,,
01tWj00000Bgsq3IAB,South Carolina GET READY Success Grade 6 ELA - Color Print + Digital,,
01tWj00000Bgsq2IAB,South Carolina GET READY Success Grade 5 Mathematics - Digital Only,,
01tWj00000Bgsq1IAB,South Carolina GET READY Success Grade 5 Mathematics - Color Print + Digital,,
01tWj00000Bgsq0IAB,South Carolina GET READY Success Grade 5 ELA - Digital Only,,
01tWj00000BgspzIAB,South Carolina GET READY Success Grade 5 ELA - Color Print + Digital,,
01tWj00000BgspyIAB,South Carolina GET READY Success Grade 4 Mathematics - Digital Only,,
01tWj00000BgspxIAB,South Carolina GET READY Success Grade 4 Mathematics - Color Print + Digital,,
01tWj00000BgspwIAB,South Carolina GET READY Success Grade 4 ELA - Digital Only,,
01tWj00000BgspvIAB,South Carolina GET READY Success Grade 4 ELA - Color Print + Digital,,
01tWj00000BgspuIAB,South Carolina GET READY Success Grade 3 Mathematics - Digital Only,,
01tWj00000BgsptIAB,South Carolina GET READY Success Grade 3 Mathematics - Color Print + Digital,,
01tWj00000BgspsIAB,South Carolina GET READY Success Grade 3 ELA - Digital Only,,
01tWj00000BgsprIAB,South Carolina GET READY Success Grade 3 ELA - Color Print + Digital,,
01tWj00000BgspqIAB,South Carolina GET READY Success 8th Grade & Geometry Compacted Math - Digital Only,,
01tWj00000BgsppIAB,South Carolina GET READY Success 8th Grade & Geometry Compacted Math - Color Print + Digital,,
01tWj00000BgspoIAB,South Carolina GET READY Success 7th & 8th Grade Compacted Math - Digital Only,,
01tWj00000BgspnIAB,South Carolina GET READY Success 7th & 8th Grade Compacted Math - Color Print + Digital,,
01tWj00000BgspkIAB,South Carolina GET READY Grade 6 Science - Digital Only,,
01tWj00000BgspjIAB,South Carolina GET READY Grade 6 Science - Color Print + Digital,,
01tWj00000BgspiIAB,South Carolina GET READY Grade 4 Science - Digital Only,,
01tWj00000BgsphIAB,South Carolina GET READY Grade 4 Science - Color Print + Digital,,
01tWj00000Bgsw4IAB,Virginia SOL Success Grade 3 Mathematics - Digital Only,,
01tWj00000BgpfGIAR,Tennessee TCAP Success Geometry - Digital Only,,
01tWj00000BgpfFIAR,Tennessee TCAP Success Geometry - Color Print + Digital,,
01tWj00000BgpfEIAR,Tennessee TCAP Success English II - Digital Only,,
01tWj00000BgpfDIAR,Tennessee TCAP Success English II - Color Print + Digital,,
01tWj00000Bgpf8IAB,Tennessee TCAP Success English I - Digital Only,,
01tWj00000Bgpf7IAB,Tennessee TCAP Success English I - Color Print + Digital,,
01tWj00000Bgpf2IAB,Tennessee TCAP Success Biology - Digital Only,,
01tWj00000Bgpf1IAB,Tennessee TCAP Success Biology - Color Print + Digital,,
01tWj00000BgpfNIAR,Tennessee TCAP Success Grade 2 English Language Arts - Color Print + Digital,,
01tWj00000BgpfOIAR,Tennessee TCAP Success Grade 2 English Language Arts - Digital Only,,
01tWj00000BgpfPIAR,Tennessee TCAP Success Grade 2 Mathematics - Color Print + Digital,,
01tWj00000BgpfQIAR,Tennessee TCAP Success Grade 2 Mathematics - Digital Only,,
01tWj00000BgpfRIAR,Tennessee TCAP Success Grade 3 English Language Arts - Color Print + Digital,,
01tWj00000BgpfSIAR,Tennessee TCAP Success Grade 3 English Language Arts - Digital Only,,
01tWj00000BgpfTIAR,Tennessee TCAP Success Grade 3 Mathematics - Color Print + Digital,,
01tWj00000BgpfUIAR,Tennessee TCAP Success Grade 3 Mathematics - Digital Only,,
01tWj00000BgpfVIAR,Tennessee TCAP Success Grade 3 Science - Color Print + Digital,,
01tWj00000BgpfWIAR,Tennessee TCAP Success Grade 3 Science - Digital Only,,
01tWj00000BgpfXIAR,Tennessee TCAP Success Grade 4 English Language Arts - Color Print + Digital,,
01tWj00000BgpfYIAR,Tennessee TCAP Success Grade 4 English Language Arts - Digital Only,,
01tWj00000BgpfZIAR,Tennessee TCAP Success Grade 4 Mathematics - Color Print + Digital,,
01tWj00000BgpfaIAB,Tennessee TCAP Success Grade 4 Mathematics - Digital Only,,
01tWj00000BgpfbIAB,Tennessee TCAP Success Grade 4 Science - Color Print + Digital,,
01tWj00000BgpfcIAB,Tennessee TCAP Success Grade 4 Science - Digital Only,,
01tWj00000BgpfdIAB,Tennessee TCAP Success Grade 5 English Language Arts - Color Print + Digital,,
01tWj00000BgpfeIAB,Tennessee TCAP Success Grade 5 English Language Arts - Digital Only,,
01tWj00000BgpffIAB,Tennessee TCAP Success Grade 5 Mathematics - Color Print + Digital,,
01tWj00000BgpfgIAB,Tennessee TCAP Success Grade 5 Mathematics - Digital Only,,
01tWj00000BgsvJIAR,Tennessee TCAP Success Grade 5 Science - Color Print + Digital,,
01tWj00000BgsvKIAR,Tennessee TCAP Success Grade 5 Science - Digital Only,,
01tWj00000BgsvLIAR,Tennessee TCAP Success Grade 6 English Language Arts - Color Print + Digital,,
01tWj00000BgsvMIAR,Tennessee TCAP Success Grade 6 English Language Arts - Digital Only,,
01tWj00000BgsvNIAR,Tennessee TCAP Success Grade 6 Mathematics - Color Print + Digital,,
01tWj00000BgsvOIAR,Tennessee TCAP Success Grade 6 Mathematics - Digital Only,,
01tWj00000BgsvPIAR,Tennessee TCAP Success Grade 6 Science - Color Print + Digital,,
01tWj00000BgsvQIAR,Tennessee TCAP Success Grade 6 Science - Digital Only,,
01tWj00000BgsvRIAR,Tennessee TCAP Success Grade 6 Social Studies - Color Print + Digital,,
01tWj00000BgsvSIAR,Tennessee TCAP Success Grade 6 Social Studies - Digital Only,,
01tWj00000BgsvTIAR,Tennessee TCAP Success Grade 7 English Language Arts - Color Print + Digital,,
01tWj00000BgsvUIAR,Tennessee TCAP Success Grade 7 English Language Arts - Digital Only,,
01tWj00000BgsvVIAR,Tennessee TCAP Success Grade 7 Mathematics - Color Print + Digital,,
01tWj00000BgsvWIAR,Tennessee TCAP Success Grade 7 Mathematics - Digital Only,,
01tWj00000BgsvXIAR,Tennessee TCAP Success Grade 7 Science - Color Print + Digital,,
01tWj00000BgsvYIAR,Tennessee TCAP Success Grade 7 Science - Digital Only,,
01tWj00000BgsvZIAR,Tennessee TCAP Success Grade 7 Social Studies - Color Print + Digital,,
01tWj00000BgsvaIAB,Tennessee TCAP Success Grade 7 Social Studies - Digital Only,,
01tWj00000BgsvbIAB,Tennessee TCAP Success Grade 8 English Language Arts - Color Print + Digital,,
01tWj00000BgsvcIAB,Tennessee TCAP Success Grade 8 English Language Arts - Digital Only,,
01tWj00000BgsvdIAB,Tennessee TCAP Success Grade 8 Mathematics - Color Print + Digital,,
01tWj00000BgsveIAB,Tennessee TCAP Success Grade 8 Mathematics - Digital Only,,
01tWj00000BgsvfIAB,Tennessee TCAP Success Grade 8 Science - Color Print + Digital,,
01tWj00000BgsvgIAB,Tennessee TCAP Success Grade 8 Science - Digital Only,,
01tWj00000BgsvhIAB,Tennessee TCAP Success Grade 8 Social Studies - Color Print + Digital,,
01tWj00000BgsviIAB,Tennessee TCAP Success Grade 8 Social Studies - Digital Only,,
01tWj00000BgsvjIAB,Tennessee TCAP Success US History - Color Print + Digital,,
01tWj00000BgsvkIAB,Tennessee TCAP Success US History - Digital Only,,
01tWj00000BgsvrIAB,Test - Color Print + Digital,,
01tWj00000BgsvsIAB,Test - Digital Only,,
01tWj00000BgsvtIAB,Test TLG Product - Color Print + Digital,,
01tWj00000BgsvuIAB,Test TLG Product - Digital Only,,
01tWj00000BgsvvIAB,US History Foundations - Color Print + Digital,,
01tWj00000BgsvwIAB,US History Foundations - Digital Only,,
01tWj00000Bgsw3IAB,Virginia SOL Success Grade 3 Mathematics - Color Print + Digital,,
01tWj00000Bgsw5IAB,Virginia SOL Success Grade 3 Reading - Color Print + Digital,,
01tWj00000Bgsw6IAB,Virginia SOL Success Grade 3 Reading - Digital Only,,
01tWj00000Bgsw7IAB,Virginia SOL Success Grade 4 Reading - Color Print + Digital,,
01tWj00000Bgsw8IAB,Virginia SOL Success Grade 4 Reading - Digital Only,,
01tWj00000Bgsw9IAB,Virginia SOL Success Grade 8 Reading - Color Print + Digital,,
01tWj00000BgswAIAR,Virginia SOL Success Grade 8 Reading - Digital Only,,
01tWj00000BiqnmIAB,Georgia K-12 Standards Success Enhanced Algebra: Concepts & Connections EOC,Georgia,Grade 8
01tWj00000BiwefIAB,Georgia K-12 Standards Success Kindergarten ELA,Georgia,Grade K
01tWj00000BiwgHIAR,Georgia K-12 Standards Success Kindergarten Mathematics,Georgia,Grade K
01tWj00000C34qxIAB,Adult Basic Curriculum ELA VIII,Alabama;Alaska;Arizona;Arkansas;California;Colorado;Connecticut;Delaware;District of Columbia;Florida;Georgia;Hawaii;Idaho;Illinois;Indiana;Iowa;Kansas;Louisiana;Maine;Maryland;Massachusetts;Michigan;Minnesota;Mississippi;Missouri;Montana;Nebraska;Nevada;New Hampshire;New Jersey;New Mexico;New York;North Carolina;North Dakota;Ohio;Oklahoma;Oregon;Pennsylvania;Rhode Island;South Carolina;South Dakota;Texas;Utah;Vermont;Virginia;Washington;West Virginia;Wisconsin;Wyoming,Grade 10;Grade 11;Grade 12;Grade 9
01tWj00000C2ya3IAB,Adult Basic Curriculum Math IX,Alabama;Alaska;Arizona;Arkansas;California;Colorado;Connecticut;Delaware;District of Columbia;Florida;Georgia;Hawaii;Idaho;Illinois;Indiana;Iowa;Kansas;Louisiana;Maine;Maryland;Massachusetts;Michigan;Minnesota;Mississippi;Missouri;Montana;Nebraska;Nevada;New Hampshire;New Jersey;New Mexico;New York;North Carolina;North Dakota;Ohio;Oklahoma;Oregon;Pennsylvania;Rhode Island;South Carolina;South Dakota;Texas;Utah;Vermont;Virginia;Washington;West Virginia;Wisconsin;Wyoming,Grade 10;Grade 11;Grade 12;Grade 9
01tWj00000C34tfIAB,Adult Basic Curriculum Math IV,Alabama;Alaska;Arizona;Arkansas;California;Colorado;Connecticut;Delaware;District of Columbia;Florida;Georgia;Hawaii;Idaho;Illinois;Indiana;Iowa;Kansas;Louisiana;Maine;Maryland;Massachusetts;Michigan;Minnesota;Mississippi;Missouri;Montana;Nebraska;Nevada;New Hampshire;New Jersey;New Mexico;New York;North Carolina;North Dakota;Ohio;Oklahoma;Oregon;Pennsylvania;Rhode Island;South Carolina;South Dakota;Texas;Utah;Vermont;Virginia;Washington;West Virginia;Wisconsin;Wyoming,Grade 10;Grade 11;Grade 12;Grade 9
01tWj00000C35A1IAJ,Adult Basic Curriculum Math VIII,Alabama;Alaska;Arizona;Arkansas;California;Colorado;Connecticut;Delaware;District of Columbia;Florida;Georgia;Hawaii;Idaho;Illinois;Indiana;Iowa;Kansas;Louisiana;Maine;Maryland;Massachusetts;Michigan;Minnesota;Mississippi;Missouri;Montana;Nebraska;Nevada;New Hampshire;New Jersey;New Mexico;New York;North Carolina;North Dakota;Ohio;Oklahoma;Oregon;Pennsylvania;Rhode Island;South Carolina;South Dakota;Texas;Utah;Vermont;Virginia;Washington;West Virginia;Wisconsin;Wyoming,Grade 10;Grade 11;Grade 12;Grade 9
01tWj00000C2x6pIAB,Adult Basic Curriculum Math VII,Alabama;Alaska;Arizona;Arkansas;California;Colorado;Connecticut;Delaware;District of Columbia;Florida;Georgia;Hawaii;Idaho;Illinois;Indiana;Iowa;Kansas;Louisiana;Maine;Maryland;Massachusetts;Michigan;Minnesota;Mississippi;Missouri;Montana;Nebraska;Nevada;New Hampshire;New Jersey;New Mexico;New York;North Carolina;North Dakota;Ohio;Oklahoma;Oregon;Pennsylvania;Rhode Island;South Carolina;South Dakota;Texas;Utah;Vermont;Virginia;Washington;West Virginia;Wisconsin;Wyoming,Grade 10;Grade 11;Grade 12;Grade 9
01tWj00000C35ChIAJ,Alabama Course of Study Success KIndergarten ELA,Alabama,Grade K
01tWj00000C35CgIAJ,Alabama ACAP Success Grade 7 Science,Alabama,Grade 7
01tWj00000C35CfIAJ,Alabama ACAP Success Grade 5 Science,Alabama,Grade 5
01tWj00000C35CdIAJ,Alabama ACAP Success Grade 3 Science,Alabama,Grade 3
01tWj00000C35W4IAJ,Common Core in Algebra I,Alaska;Arizona;California;Colorado;Connecticut;Delaware;District of Columbia;Florida;Hawaii;Idaho;Illinois;Indiana;Iowa;Kansas;Maine;Maryland;Massachusetts;Michigan;Minnesota;Mississippi;Missouri;Montana;Nebraska;Nevada;New Hampshire;New Jersey;New Mexico;New York;North Dakota;Ohio;Oklahoma;Oregon;Pennsylvania;Rhode Island;South Carolina;South Dakota;Texas;Utah;Vermont;Virginia;Washington;West Virginia;Wisconsin;Wyoming,Grade 10;Grade 11;Grade 12;Grade 9
01tWj00000C35YjIAJ,Common Core in Algebra II,Alaska;Arizona;California;Colorado;Connecticut;Delaware;District of Columbia;Florida;Hawaii;Idaho;Illinois;Indiana;Iowa;Kansas;Maine;Maryland;Massachusetts;Michigan;Minnesota;Mississippi;Missouri;Montana;Nebraska;Nevada;New Hampshire;New Jersey;New Mexico;New York;North Dakota;Ohio;Oregon;Pennsylvania;Rhode Island;South Dakota;Texas;Utah;Vermont;Virginia;Washington;West Virginia;Wisconsin;Wyoming,Grade 10;Grade 11;Grade 12;Grade 9
01tWj00000C35VhIAJ,California Common Core State Standards In Grade 3 English Language Arts,California,Grade 3
01tWj00000C35ViIAJ,California Common Core State Standards in Grade 3 Mathematics,California,Grade 3
01tWj00000C35VjIAJ,California Common Core State Standards in Grade 4 English Language Arts,California,Grade 4
01tWj00000C35VkIAJ,California Common Core State Standards in Grade 4 Mathematics,California,Grade 4
01tWj00000C35VlIAJ,California Common Core State Standards in Grade 5 English Language Arts,California,Grade 5
01tWj00000C35VmIAJ,California Common Core State Standards in Grade 5 Mathematics,California,Grade 5
01tWj00000C35VnIAJ,California Common Core State Standards in Grade 6 English Language Arts,California,Grade 6
01tWj00000C35VoIAJ,California Common Core State Standards in Grade 6 Mathematics,California,Grade 6
01tWj00000C35VpIAJ,California Common Core State Standards in Grade 7 English Language Arts,California,Grade 7
01tWj00000C35VqIAJ,California Common Core State Standards in Grade 7 Mathematics,California,Grade 7
01tWj00000C35VrIAJ,California Common Core State Standards in Grade 8 English Language Arts,California,Grade 8
01tWj00000C35VsIAJ,California Common Core State Standards in Grade 8 Mathematics,California,Grade 8
01tWj00000C35dkIAB,Common Core in Geometry,Alaska;Arizona;California;Colorado;Connecticut;Delaware;District of Columbia;Florida;Hawaii;Idaho;Illinois;Indiana;Iowa;Kansas;Maine;Maryland;Massachusetts;Michigan;Mississippi;Missouri;Montana;Nebraska;Nevada;New Hampshire;New Jersey;New Mexico;New York;North Dakota;Ohio;Oregon;Pennsylvania;Rhode Island;South Dakota;Texas;Utah;Vermont;Virginia;Washington;West Virginia;Wisconsin;Wyoming,Grade 10;Grade 11;Grade 12;Grade 9
01tWj00000C35hBIAR,Common Core in Grade 3 Mathematics,Alaska;Arizona;California;Colorado;Connecticut;Delaware;District of Columbia;Florida;Hawaii;Idaho;Illinois;Indiana;Iowa;Kansas;Maine;Maryland;Massachusetts;Michigan;Minnesota;Mississippi;Missouri;Montana;Nebraska;Nevada;New Hampshire;New Jersey;New Mexico;New York;North Dakota;Ohio;Oregon;Pennsylvania;Rhode Island;South Dakota;Texas;Utah;Vermont;Virginia;Washington;West Virginia;Wisconsin;Wyoming,Grade 3
01tWj00000C35hkIAB,Common Core in Grade 4 English Language Arts,Alaska;Arizona;California;Colorado;Connecticut;Delaware;District of Columbia;Florida;Hawaii;Idaho;Illinois;Indiana;Iowa;Kansas;Maine;Maryland;Massachusetts;Michigan;Minnesota;Mississippi;Missouri;Montana;Nebraska;Nevada;New Hampshire;New Jersey;New Mexico;New York;North Dakota;Ohio;Oregon;Pennsylvania;Rhode Island;South Dakota;Texas;Utah;Vermont;Virginia;Washington;West Virginia;Wisconsin;Wyoming,Grade 4
01tWj00000C35iQIAR,Common Core in Grade 4 Mathematics,Alaska;Arizona;California;Colorado;Connecticut;Delaware;District of Columbia;Florida;Hawaii;Idaho;Illinois;Indiana;Iowa;Kansas;Maine;Maryland;Massachusetts;Michigan;Minnesota;Mississippi;Missouri;Montana;Nebraska;Nevada;New Hampshire;New Jersey;New Mexico;New York;North Dakota;Ohio;Oregon;Pennsylvania;Rhode Island;South Dakota;Texas;Utah;Vermont;Virginia;Washington;West Virginia;Wisconsin;Wyoming,Grade 4
01tWj00000C35j6IAB,Common Core in Grade 5 English Language Arts,Alaska;Arizona;California;Colorado;Connecticut;Delaware;District of Columbia;Florida;Hawaii;Idaho;Illinois;Indiana;Iowa;Kansas;Maine;Maryland;Massachusetts;Michigan;Minnesota;Mississippi;Missouri;Montana;Nebraska;Nevada;New Hampshire;New Jersey;New Mexico;New York;North Dakota;Ohio;Oregon;Pennsylvania;Rhode Island;South Dakota;Texas;Utah;Vermont;Virginia;Washington;West Virginia;Wisconsin;Wyoming,Grade 5
01tWj00000C35jmIAB,Common Core in Grade 5 Mathematics,Alaska;Arizona;California;Colorado;Connecticut;Delaware;District of Columbia;Florida;Hawaii;Idaho;Illinois;Indiana;Iowa;Kansas;Maine;Maryland;Massachusetts;Michigan;Minnesota;Mississippi;Missouri;Montana;Nebraska;Nevada;New Hampshire;New Jersey;New Mexico;New York;North Dakota;Ohio;Oregon;Pennsylvania;Rhode Island;South Dakota;Texas;Utah;Vermont;Virginia;Washington;West Virginia;Wisconsin;Wyoming,Grade 5
01tWj00000C35gzIAB,Common Core in Grade 3 English Language Arts,Alaska;Arizona;California;Colorado;Connecticut;Delaware;District of Columbia;Florida;Hawaii;Idaho;Illinois;Indiana;Iowa;Kansas;Maine;Maryland;Massachusetts;Michigan;Minnesota;Mississippi;Missouri;Montana;Nebraska;Nevada;New Hampshire;New Jersey;New Mexico;New York;North Dakota;Ohio;Oregon;Pennsylvania;Rhode Island;South Dakota;Texas;Utah;Vermont;Virginia;Washington;West Virginia;Wisconsin;Wyoming,Grade 3
01tWj00000C36SNIAZ,Georgia Technical College Readiness Mathematics (TCRM),Georgia,Grade 10;Grade 11;Grade 12
01tWj00000C36SHIAZ,Georgia Coordinate Algebra EOC,Georgia,Grade 10;Grade 11;Grade 12;Grade 9
01tWj00000C36SDIAZ,Georgia Analytic Geometry EOC,Georgia,Grade 10;Grade 11;Grade 12;Grade 9
01tWj00000C37hXIAR,Adult Basic Curriculum Math V,Alabama;Alaska;Arizona;Arkansas;California;Colorado;Connecticut;Delaware;District of Columbia;Florida;Georgia;Hawaii;Idaho;Illinois;Indiana;Iowa;Kansas;Louisiana;Maine;Maryland;Massachusetts;Michigan;Minnesota;Mississippi;Missouri;Montana;Nebraska;Nevada;New Hampshire;New Jersey;New Mexico;New York;North Carolina;North Dakota;Ohio;Oklahoma;Oregon;Pennsylvania;Rhode Island;South Carolina;South Dakota;Texas;Utah;Vermont;Virginia;Washington;West Virginia;Wisconsin;Wyoming,Grade 10;Grade 11;Grade 12;Grade 9
01tWj00000C37lZIAR,Adult Basic Curriculum Math VI,Alabama;Alaska;Arizona;Arkansas;California;Colorado;Connecticut;Delaware;District of Columbia;Florida;Georgia;Hawaii;Idaho;Illinois;Indiana;Iowa;Kansas;Louisiana;Maine;Maryland;Massachusetts;Michigan;Minnesota;Mississippi;Missouri;Montana;Nebraska;Nevada;New Hampshire;New Jersey;New Mexico;New York;North Carolina;North Dakota;Ohio;Oklahoma;Oregon;Pennsylvania;Rhode Island;South Carolina;South Dakota;Texas;Utah;Vermont;Virginia;Washington;West Virginia;Wisconsin;Wyoming,Grade 10;Grade 11;Grade 12;Grade 9
01tWj00000C385KIAR,Common Core in Grade 6 Mathematics,Alaska;Arizona;California;Colorado;Connecticut;Delaware;District of Columbia;Florida;Hawaii;Idaho;Illinois;Indiana;Iowa;Kansas;Maine;Maryland;Massachusetts;Michigan;Minnesota;Mississippi;Missouri;Montana;Nebraska;Nevada;New Hampshire;New Jersey;New Mexico;New York;North Dakota;Ohio;Oregon;Pennsylvania;Rhode Island;South Dakota;Texas;Utah;Vermont;Virginia;Washington;West Virginia;Wisconsin;Wyoming,Grade 6
01tWj00000C3840IAB,Common Core in Grade 6 English Language Arts,Alaska;Arizona;California;Colorado;Connecticut;Delaware;District of Columbia;Florida;Hawaii;Idaho;Illinois;Indiana;Iowa;Kansas;Maine;Maryland;Massachusetts;Michigan;Minnesota;Mississippi;Missouri;Montana;Nebraska;Nevada;New Hampshire;New Jersey;New Mexico;New York;North Dakota;Ohio;Oregon;Pennsylvania;Rhode Island;South Dakota;Texas;Utah;Vermont;Virginia;Washington;West Virginia;Wisconsin;Wyoming,Grade 6
01tWj00000C385MIAR,Common Core in Grade 7 English Language Arts,Alaska;Arizona;California;Colorado;Connecticut;Delaware;District of Columbia;Florida;Hawaii;Idaho;Illinois;Indiana;Iowa;Kansas;Maine;Maryland;Massachusetts;Michigan;Minnesota;Mississippi;Missouri;Montana;Nebraska;Nevada;New Hampshire;New Jersey;New Mexico;New York;North Dakota;Ohio;Oregon;Pennsylvania;Rhode Island;South Dakota;Texas;Utah;Vermont;Virginia;Washington;West Virginia;Wisconsin;Wyoming,Grade 7
01tWj00000C3862IAB,Common Core in Grade 7 Mathematics,Alaska;Arizona;California;Colorado;Connecticut;Delaware;District of Columbia;Florida;Hawaii;Idaho;Illinois;Indiana;Iowa;Kansas;Maine;Maryland;Massachusetts;Michigan;Minnesota;Mississippi;Missouri;Montana;Nebraska;Nevada;New Hampshire;New Jersey;New Mexico;New York;North Dakota;Ohio;Oregon;Pennsylvania;Rhode Island;South Dakota;Texas;Utah;Vermont;Virginia;Washington;West Virginia;Wisconsin;Wyoming,Grade 7
01tWj00000C386iIAB,Common Core in Grade 8 English Language Arts,Alaska;Arizona;California;Colorado;Connecticut;Delaware;District of Columbia;Florida;Hawaii;Idaho;Illinois;Indiana;Iowa;Kansas;Maine;Maryland;Massachusetts;Michigan;Minnesota;Mississippi;Missouri;Montana;Nebraska;Nevada;New Hampshire;New Jersey;New Mexico;New York;North Dakota;Ohio;Oregon;Pennsylvania;Rhode Island;South Dakota;Texas;Utah;Vermont;Virginia;Washington;West Virginia;Wisconsin;Wyoming,Grade 8
01tWj00000C38BpIAJ,Common Core in Grades 9-10 English Language Arts,Alaska;Arizona;California;Colorado;Connecticut;Delaware;District of Columbia;Florida;Hawaii;Idaho;Illinois;Indiana;Iowa;Kansas;Maine;Maryland;Massachusetts;Michigan;Minnesota;Mississippi;Missouri;Montana;Nebraska;Nevada;New Hampshire;New Jersey;New Mexico;New York;North Dakota;Ohio;Oregon;Pennsylvania;Rhode Island;South Dakota;Texas;Utah;Vermont;Virginia;Washington;West Virginia;Wisconsin;Wyoming,Grade 10;Grade 9
01tWj00000C38COIAZ,District of Columbia PARCC Grade 3 ELA,District of Columbia,Grade 3
01tWj00000C38CPIAZ,District of Columbia PARCC Grade 3 Math,District of Columbia,Grade 3
01tWj00000C38CQIAZ,District of Columbia PARCC Grade 4 ELA,District of Columbia,Grade 4
01tWj00000C38CRIAZ,District of Columbia PARCC Grade 4 Math,District of Columbia,Grade 4
01tWj00000C38CSIAZ,District of Columbia PARCC Grade 5 ELA,District of Columbia,Grade 5
01tWj00000C38CTIAZ,District of Columbia PARCC Grade 5 Math,District of Columbia,Grade 5
01tWj00000C38CUIAZ,District of Columbia PARCC Grade 6 ELA,District of Columbia,Grade 6
01tWj00000C38CVIAZ,District of Columbia PARCC Grade 6 Math,District of Columbia,Grade 6
01tWj00000C38CWIAZ,District of Columbia PARCC Grade 7 ELA,District of Columbia,Grade 7
01tWj00000C38CXIAZ,District of Columbia PARCC Grade 7 Math,District of Columbia,Grade 7
01tWj00000C38CYIAZ,District of Columbia PARCC Grade 8 ELA,District of Columbia,Grade 8
01tWj00000C38CZIAZ,District of Columbia PARCC Grade 8 Math,District of Columbia,Grade 8
01tWj00000C38cEIAR,Tennessee TCAP Success Geometry EOC,Tennessee,Grade 10;Grade 11;Grade 12;Grade 9
01tWj00000C38cAIAR,Tennessee TCAP SUCCESS Grade 6 Social Studies,Tennessee,Grade 6
01tWj00000C38c9IAB,Tennessee High School Social Studies Bundle,Tennessee,Grade 10;Grade 11;Grade 12;Grade 9
01tWj00000C38c1IAB,Smarter Balanced in Math 8th Grade,Connecticut;Delaware;Hawaii;Idaho;Oregon;Washington,Grade 8
01tWj00000C38bvIAB,Smarter Balanced in Math 7th Grade,Connecticut;Delaware;Hawaii;Idaho;Oregon;Washington,Grade 7
01tWj00000C38bpIAB,Smarter Balanced in Math 6th Grade,Connecticut;Delaware;Hawaii;Idaho;Oregon;Washington,Grade 6
01tWj00000C38bjIAB,Smarter Balanced in Math 5th Grade,Connecticut;Delaware;Hawaii;Idaho;Oregon;Washington,Grade 5
01tWj00000C38bdIAB,Smarter Balanced in Math 4th Grade,Connecticut;Delaware;Hawaii;Idaho;Oregon;Washington,Grade 4
01tWj00000C38bXIAR,Smarter Balanced in Math 3rd Grade,Connecticut;Delaware;Hawaii;Idaho;Oregon;Washington,Grade 3
01tWj00000C38bRIAR,Smarter Balanced in English Language Arts 8th Grade,Connecticut;Delaware;Hawaii;Idaho;Oregon;Washington,Grade 8
01tWj00000C38bLIAR,Smarter Balanced in English Language Arts 7th Grade,Connecticut;Delaware;Hawaii;Idaho;Oregon;Washington,Grade 7
01tWj00000C38bFIAR,Smarter Balanced in English Language Arts 6th Grade,Connecticut;Delaware;Hawaii;Idaho;Oregon;Washington,Grade 6
01tWj00000C38b9IAB,Smarter Balanced in English Language Arts 5th Grade,Connecticut;Delaware;Hawaii;Idaho;Oregon;Washington,Grade 5
01tWj00000C38b3IAB,Smarter Balanced in English Language Arts 4th Grade,Connecticut;Delaware;Hawaii;Idaho;Oregon;Washington,Grade 4
01tWj00000C38axIAB,Smarter Balanced in English Language Arts 3rd Grade,Connecticut;Delaware;Hawaii;Idaho;Oregon;Washington,Grade 3
01tWj00000C38aoIAB,North Carolina English II EOC: Testing Booklet,North Carolina,Grade 10;Grade 11
01tWj00000C38amIAB,North Carolina English II EOC: Instruction Book,North Carolina,Grade 10;Grade 11
01tWj00000C38akIAB,Nevada Academic Content Standards in Math II,Nevada,Grade 10;Grade 11;Grade 12;Grade 9
01tWj00000C38agIAB,Nevada Academic Content Standards in Math I,Nevada,Grade 10;Grade 11;Grade 12;Grade 9
01tWj00000C38acIAB,Nevada Academic Content Standards in Grade 8 Mathematics,Nevada,Grade 8
01tWj00000C38abIAB,Nevada Academic Content Standards in Grade 8 English Language Arts,Nevada,Grade 8
01tWj00000C38aaIAB,Nevada Academic Content Standards in Grade 7 Mathematics,Nevada,Grade 7
01tWj00000C38aZIAR,Nevada Academic Content Standards in Grade 7 English Language Arts,Nevada,Grade 7
01tWj00000C38aYIAR,Nevada Academic Content Standards in Grade 6 Mathematics,Nevada,Grade 6
01tWj00000C38aXIAR,Nevada Academic Content Standards in Grade 6 English Language Arts,Nevada,Grade 6
01tWj00000C38aWIAR,Nevada Academic Content Standards in Grade 5 Mathematics,Nevada,Grade 5
01tWj00000C38aVIAR,Nevada Academic Content Standards in Grade 5 English Language Arts,Nevada,Grade 5
01tWj00000C38aUIAR,Nevada Academic Content Standards in Grade 4 Mathematics,Nevada,Grade 4
01tWj00000C38aTIAR,Nevada Academic Content Standards in Grade 4 English Language Arts,Nevada,Grade 4
01tWj00000C38aSIAR,Nevada Academic Content Standards in Grade 3 Mathematics,Nevada,Grade 3
01tWj00000C38aRIAR,Nevada Academic Content Standards in Grade 3 English Language Arts,Nevada,Grade 3
01tWj00000C38aQIAR,Nevada Academic Content Standards in English II,Nevada,Grade 10;Grade 11;Grade 12;Grade 9
01tWj00000C38aMIAR,Nevada Academic Content Standards in English I,Nevada,Grade 10;Grade 11;Grade 12;Grade 9
01tWj00000C38tkIAB,Common Core in Grade 1 Mathematics,Alaska;Arizona;Arkansas;California;Colorado;Connecticut;Delaware;District of Columbia;Florida;Hawaii;Idaho;Illinois;Indiana;Iowa;Kansas;Maine;Maryland;Massachusetts;Michigan;Minnesota;Mississippi;Missouri;Montana;Nebraska;Nevada;New Hampshire;New Jersey;New Mexico;New York;North Dakota;Ohio;Oregon;Pennsylvania;Rhode Island;South Dakota;Texas;Utah;Vermont;Virginia;Washington;West Virginia;Wisconsin;Wyoming,Grade 1
01tWj00000C39LHIAZ,Common Core in Grades 11-12 English Language Arts,Alaska;Arizona;California;Colorado;Connecticut;Delaware;District of Columbia;Florida;Hawaii;Idaho;Illinois;Indiana;Iowa;Kansas;Maine;Maryland;Massachusetts;Michigan;Minnesota;Mississippi;Missouri;Montana;Nebraska;Nevada;New Hampshire;New Jersey;New Mexico;New York;North Dakota;Ohio;Oregon;Pennsylvania;Rhode Island;South Dakota;Texas;Utah;Vermont;Virginia;Washington;West Virginia;Wisconsin;Wyoming,Grade 11;Grade 12
01tWj00000C39JaIAJ,Common Core in Grade 8 Mathematics,Alaska;Arizona;California;Colorado;Connecticut;Delaware;District of Columbia;Florida;Hawaii;Idaho;Illinois;Indiana;Iowa;Kansas;Maine;Maryland;Massachusetts;Michigan;Minnesota;Mississippi;Missouri;Montana;Nebraska;Nevada;New Hampshire;New Jersey;New Mexico;New York;North Dakota;Ohio;Oregon;Pennsylvania;Rhode Island;South Dakota;Texas;Utah;Vermont;Virginia;Washington;West Virginia;Wisconsin;Wyoming,Grade 8
