Id,ProductId,ProductCategoryId,CreatedDate
0ZRWj0000006CPtOAM,01tWj00000BMu6rIAD,0ZGam000000isCnGAI,2026-03-04T14:25:19.000+0000
0ZRWj0000006CoYOAU,01tWj00000BN7VaIAL,0ZGam000000itATGAY,2026-03-04T19:44:04.000+0000
0ZRWj0000006CRVOA2,01tWj00000BN7VaIAL,0ZGam000000isCnGAI,2026-03-04T18:30:24.000+0000
0ZRWj0000006CoZOAU,01tWj00000BN7VbIAL,0ZGam000000itATGAY,2026-03-04T19:44:04.000+0000
0ZRWj0000006CRWOA2,01tWj00000BN7VbIAL,0ZGam000000isCnGAI,2026-03-04T18:30:24.000+0000
0ZRWj0000006CRXOA2,01tWj00000BN7VcIAL,0ZGam000000isCnGAI,2026-03-04T18:30:24.000+0000
0ZRWj0000006CoaOAE,01tWj00000BN7VcIAL,0ZGam000000itATGAY,2026-03-04T19:44:04.000+0000
0ZRWj0000006CT8OAM,01tWj00000BN7VdIAL,0ZGam000000isG1GAI,2026-03-04T18:43:08.000+0000
0ZRWj0000006CoVOAU,01tWj00000BN7VdIAL,0ZGam000000itATGAY,2026-03-04T19:44:04.000+0000
0ZRWj0000006CoWOAU,01tWj00000BN7VeIAL,0ZGam000000itATGAY,2026-03-04T19:44:04.000+0000
0ZRWj0000006CT9OAM,01tWj00000BN7VeIAL,0ZGam000000isG1GAI,2026-03-04T18:43:08.000+0000
0ZRWj0000006CoXOAU,01tWj00000BN7VfIAL,0ZGam000000itATGAY,2026-03-04T19:44:04.000+0000
0ZRWj0000006CTAOA2,01tWj00000BN7VfIAL,0ZGam000000isG1GAI,2026-03-04T18:43:08.000+0000
0ZRWj0000006CUtOAM,01tWj00000BN7VgIAL,0ZGam000000isBBGAY,2026-03-04T18:59:44.000+0000
0ZRWj0000006CqXOAU,01tWj00000BN7VgIAL,0ZGam000000itATGAY,2026-03-04T19:48:52.000+0000
0ZRWj0000006CUuOAM,01tWj00000BN7VhIAL,0ZGam000000isBBGAY,2026-03-04T18:59:44.000+0000
0ZRWj0000006CqYOAU,01tWj00000BN7VhIAL,0ZGam000000itATGAY,2026-03-04T19:48:52.000+0000
0ZRWj0000006CqZOAU,01tWj00000BN7ViIAL,0ZGam000000itATGAY,2026-03-04T19:48:52.000+0000
0ZRWj0000006CUvOAM,01tWj00000BN7ViIAL,0ZGam000000isBBGAY,2026-03-04T18:59:44.000+0000
0ZRWj0000006CqaOAE,01tWj00000BN7VjIAL,0ZGam000000itATGAY,2026-03-04T19:48:52.000+0000
0ZRWj0000006CTEOA2,01tWj00000BN7VjIAL,0ZGam000000isG1GAI,2026-03-04T18:43:08.000+0000
0ZRWj0000006CqbOAE,01tWj00000BN7VkIAL,0ZGam000000itATGAY,2026-03-04T19:48:52.000+0000
0ZRWj0000006CTFOA2,01tWj00000BN7VkIAL,0ZGam000000isG1GAI,2026-03-04T18:43:08.000+0000
0ZRWj0000006CTGOA2,01tWj00000BN7VlIAL,0ZGam000000isG1GAI,2026-03-04T18:43:08.000+0000
0ZRWj0000006CqcOAE,01tWj00000BN7VlIAL,0ZGam000000itATGAY,2026-03-04T19:48:52.000+0000
0ZRWj0000006CqSOAU,01tWj00000BN7VmIAL,0ZGam000000itATGAY,2026-03-04T19:48:52.000+0000
0ZRWj0000006CUoOAM,01tWj00000BN7VmIAL,0ZGam000000isBBGAY,2026-03-04T18:59:44.000+0000
0ZRWj0000006CUpOAM,01tWj00000BN7VnIAL,0ZGam000000isBBGAY,2026-03-04T18:59:44.000+0000
0ZRWj0000006CqTOAU,01tWj00000BN7VnIAL,0ZGam000000itATGAY,2026-03-04T19:48:52.000+0000
0ZRWj0000006CUqOAM,01tWj00000BN7VoIAL,0ZGam000000isBBGAY,2026-03-04T18:59:44.000+0000
0ZRWj0000006CqUOAU,01tWj00000BN7VoIAL,0ZGam000000itATGAY,2026-03-04T19:48:52.000+0000
0ZRWj0000006CqVOAU,01tWj00000BN7VpIAL,0ZGam000000itATGAY,2026-03-04T19:48:52.000+0000
0ZRWj0000006CUrOAM,01tWj00000BN7VpIAL,0ZGam000000isBBGAY,2026-03-04T18:59:44.000+0000
0ZRWj0000006CqWOAU,01tWj00000BN7VqIAL,0ZGam000000itATGAY,2026-03-04T19:48:52.000+0000
0ZRWj0000006CUsOAM,01tWj00000BN7VqIAL,0ZGam000000isBBGAY,2026-03-04T18:59:44.000+0000
0ZRWj0000006CqdOAE,01tWj00000BN7VrIAL,0ZGam000000itATGAY,2026-03-04T19:48:52.000+0000
0ZRWj0000006CWTOA2,01tWj00000BN7VrIAL,0ZGam000000isG1GAI,2026-03-04T19:06:00.000+0000
0ZRWj0000006CqeOAE,01tWj00000BN7VsIAL,0ZGam000000itATGAY,2026-03-04T19:48:52.000+0000
0ZRWj0000006CWUOA2,01tWj00000BN7VsIAL,0ZGam000000isG1GAI,2026-03-04T19:06:00.000+0000
0ZRWj0000006CrJOAU,01tWj00000BN7VtIAL,0ZGam000000itATGAY,2026-03-04T19:51:07.000+0000
0ZRWj0000006CUzOAM,01tWj00000BN7VtIAL,0ZGam000000isBBGAY,2026-03-04T18:59:44.000+0000
0ZRWj0000006CqiOAE,01tWj00000BN7VuIAL,0ZGam000000itATGAY,2026-03-04T19:48:52.000+0000
0ZRWj0000006CY9OAM,01tWj00000BN7VuIAL,0ZGam000000isHdGAI,2026-03-04T19:11:29.000+0000
0ZRWj0000006CqpOAE,01tWj00000BN7VvIAL,0ZGam000000itATGAY,2026-03-04T19:48:52.000+0000
0ZRWj0000006CWVOA2,01tWj00000BN7VvIAL,0ZGam000000isG1GAI,2026-03-04T19:06:00.000+0000
0ZRWj0000006CqqOAE,01tWj00000BN7VwIAL,0ZGam000000itATGAY,2026-03-04T19:48:52.000+0000
0ZRWj0000006CWWOA2,01tWj00000BN7VwIAL,0ZGam000000isG1GAI,2026-03-04T19:06:00.000+0000
0ZRWj0000006CWXOA2,01tWj00000BN7VxIAL,0ZGam000000isG1GAI,2026-03-04T19:06:00.000+0000
0ZRWj0000006CqrOAE,01tWj00000BN7VxIAL,0ZGam000000itATGAY,2026-03-04T19:48:52.000+0000
0ZRWj0000006CqfOAE,01tWj00000BN7VyIAL,0ZGam000000itATGAY,2026-03-04T19:48:52.000+0000
0ZRWj0000006CUwOAM,01tWj00000BN7VyIAL,0ZGam000000isBBGAY,2026-03-04T18:59:44.000+0000
0ZRWj0000006CUxOAM,01tWj00000BN7VzIAL,0ZGam000000isBBGAY,2026-03-04T18:59:44.000+0000
0ZRWj0000006CqgOAE,01tWj00000BN7VzIAL,0ZGam000000itATGAY,2026-03-04T19:48:52.000+0000
0ZRWj0000006CqhOAE,01tWj00000BN7W0IAL,0ZGam000000itATGAY,2026-03-04T19:48:52.000+0000
0ZRWj0000006CUyOAM,01tWj00000BN7W0IAL,0ZGam000000isBBGAY,2026-03-04T18:59:44.000+0000
0ZRWj0000006CqjOAE,01tWj00000BN7W1IAL,0ZGam000000itATGAY,2026-03-04T19:48:52.000+0000
0ZRWj0000006CZsOAM,01tWj00000BN7W1IAL,0ZGam000000isBBGAY,2026-03-04T19:16:25.000+0000
0ZRWj0000006CqkOAE,01tWj00000BN7W2IAL,0ZGam000000itATGAY,2026-03-04T19:48:52.000+0000
0ZRWj0000006CZtOAM,01tWj00000BN7W2IAL,0ZGam000000isBBGAY,2026-03-04T19:16:25.000+0000
0ZRWj0000006CZuOAM,01tWj00000BN7W3IAL,0ZGam000000isBBGAY,2026-03-04T19:16:25.000+0000
0ZRWj0000006CqlOAE,01tWj00000BN7W3IAL,0ZGam000000itATGAY,2026-03-04T19:48:52.000+0000
0ZRWj0000006CqmOAE,01tWj00000BN7W4IAL,0ZGam000000itATGAY,2026-03-04T19:48:52.000+0000
0ZRWj0000006CRoOAM,01tWj00000BN7W4IAL,0ZGam000000isCnGAI,2026-03-04T18:30:24.000+0000
0ZRWj0000006CqnOAE,01tWj00000BN7W5IAL,0ZGam000000itATGAY,2026-03-04T19:48:52.000+0000
0ZRWj0000006CRpOAM,01tWj00000BN7W5IAL,0ZGam000000isCnGAI,2026-03-04T18:30:24.000+0000
0ZRWj0000006CqoOAE,01tWj00000BN7W6IAL,0ZGam000000itATGAY,2026-03-04T19:48:52.000+0000
0ZRWj0000006CRqOAM,01tWj00000BN7W6IAL,0ZGam000000isCnGAI,2026-03-04T18:30:24.000+0000
0ZRWj0000006CbBOAU,01tWj00000BN7W7IAL,0ZGam000000isBBGAY,2026-03-04T19:18:56.000+0000
0ZRWj0000006CrLOAU,01tWj00000BN7W7IAL,0ZGam000000itATGAY,2026-03-04T19:51:07.000+0000
0ZRWj0000006CrMOAU,01tWj00000BN7W8IAL,0ZGam000000itATGAY,2026-03-04T19:51:07.000+0000
0ZRWj0000006CbCOAU,01tWj00000BN7W8IAL,0ZGam000000isBBGAY,2026-03-04T19:18:56.000+0000
0ZRWj0000006CrNOAU,01tWj00000BN7W9IAL,0ZGam000000itATGAY,2026-03-04T19:51:07.000+0000
0ZRWj0000006CbDOAU,01tWj00000BN7W9IAL,0ZGam000000isBBGAY,2026-03-04T19:18:56.000+0000
0ZRWj0000006CWbOAM,01tWj00000BN7WAIA1,0ZGam000000isG1GAI,2026-03-04T19:06:00.000+0000
0ZRWj0000006CroOAE,01tWj00000BN7WAIA1,0ZGam000000itATGAY,2026-03-04T19:51:07.000+0000
0ZRWj0000006CrpOAE,01tWj00000BN7WBIA1,0ZGam000000itATGAY,2026-03-04T19:51:07.000+0000
0ZRWj0000006CWcOAM,01tWj00000BN7WBIA1,0ZGam000000isG1GAI,2026-03-04T19:06:00.000+0000
0ZRWj0000006CWdOAM,01tWj00000BN7WCIA1,0ZGam000000isG1GAI,2026-03-04T19:06:00.000+0000
0ZRWj0000006CrqOAE,01tWj00000BN7WCIA1,0ZGam000000itATGAY,2026-03-04T19:51:07.000+0000
0ZRWj0000006CqEOAU,01tWj00000BN7WDIA1,0ZGam000000itATGAY,2026-03-04T19:48:52.000+0000
0ZRWj0000006CcuOAE,01tWj00000BN7WDIA1,0ZGam000000isHdGAI,2026-03-04T19:24:44.000+0000
0ZRWj0000006CcvOAE,01tWj00000BN7WEIA1,0ZGam000000isHdGAI,2026-03-04T19:24:44.000+0000
0ZRWj0000006CqFOAU,01tWj00000BN7WEIA1,0ZGam000000itATGAY,2026-03-04T19:48:52.000+0000
0ZRWj0000006CePOAU,01tWj00000BN7WFIA1,0ZGam000000isEPGAY,2026-03-04T19:27:42.000+0000
0ZRWj0000006CoOOAU,01tWj00000BN7WFIA1,0ZGam000000itATGAY,2026-03-04T19:44:04.000+0000
0ZRWj0000006CeQOAU,01tWj00000BN7WGIA1,0ZGam000000isEPGAY,2026-03-04T19:27:42.000+0000
0ZRWj0000006CoPOAU,01tWj00000BN7WGIA1,0ZGam000000itATGAY,2026-03-04T19:44:04.000+0000
0ZRWj0000006CoMOAU,01tWj00000BN7WHIA1,0ZGam000000itATGAY,2026-03-04T19:44:04.000+0000
0ZRWj0000006CUjOAM,01tWj00000BN7WHIA1,0ZGam000000isBBGAY,2026-03-04T18:59:44.000+0000
0ZRWj0000006CUkOAM,01tWj00000BN7WIIA1,0ZGam000000isBBGAY,2026-03-04T18:59:44.000+0000
0ZRWj0000006CoNOAU,01tWj00000BN7WIIA1,0ZGam000000itATGAY,2026-03-04T19:44:04.000+0000
0ZRWj0000006CqCOAU,01tWj00000BN7WJIA1,0ZGam000000itATGAY,2026-03-04T19:48:52.000+0000
0ZRWj0000006CcsOAE,01tWj00000BN7WJIA1,0ZGam000000isHdGAI,2026-03-04T19:24:44.000+0000
0ZRWj0000006CctOAE,01tWj00000BN7WKIA1,0ZGam000000isHdGAI,2026-03-04T19:24:44.000+0000
0ZRWj0000006CqDOAU,01tWj00000BN7WKIA1,0ZGam000000itATGAY,2026-03-04T19:48:52.000+0000
0ZRWj0000006CZZOA2,01tWj00000BN7WLIA1,0ZGam000000isBBGAY,2026-03-04T19:16:25.000+0000
0ZRWj0000006Co5OAE,01tWj00000BN7WLIA1,0ZGam000000itATGAY,2026-03-04T19:44:04.000+0000
0ZRWj0000006Co6OAE,01tWj00000BN7WMIA1,0ZGam000000itATGAY,2026-03-04T19:44:04.000+0000
0ZRWj0000006CZaOAM,01tWj00000BN7WMIA1,0ZGam000000isBBGAY,2026-03-04T19:16:25.000+0000
0ZRWj0000006CZbOAM,01tWj00000BN7WNIA1,0ZGam000000isBBGAY,2026-03-04T19:16:25.000+0000
0ZRWj0000006Co7OAE,01tWj00000BN7WNIA1,0ZGam000000itATGAY,2026-03-04T19:44:04.000+0000
0ZRWj0000006CY0OAM,01tWj00000BN7WOIA1,0ZGam000000isHdGAI,2026-03-04T19:11:29.000+0000
0ZRWj0000006CoSOAU,01tWj00000BN7WOIA1,0ZGam000000itATGAY,2026-03-04T19:44:04.000+0000
0ZRWj0000006CoTOAU,01tWj00000BN7WPIA1,0ZGam000000itATGAY,2026-03-04T19:44:04.000+0000
0ZRWj0000006CY1OAM,01tWj00000BN7WPIA1,0ZGam000000isHdGAI,2026-03-04T19:11:29.000+0000
0ZRWj0000006CoUOAU,01tWj00000BN7WQIA1,0ZGam000000itATGAY,2026-03-04T19:44:04.000+0000
0ZRWj0000006CY2OAM,01tWj00000BN7WQIA1,0ZGam000000isHdGAI,2026-03-04T19:11:29.000+0000
0ZRWj0000006CoeOAE,01tWj00000BN7WRIA1,0ZGam000000itATGAY,2026-03-04T19:44:04.000+0000
0ZRWj0000006Cg1OAE,01tWj00000BN7WRIA1,0ZGam000000isCnGAI,2026-03-04T19:30:28.000+0000
0ZRWj0000006CofOAE,01tWj00000BN7WSIA1,0ZGam000000itATGAY,2026-03-04T19:44:04.000+0000
0ZRWj0000006CZiOAM,01tWj00000BN7WSIA1,0ZGam000000isBBGAY,2026-03-04T19:16:25.000+0000
0ZRWj0000006ChdOAE,01tWj00000BN7WTIA1,0ZGam000000isJFGAY,2026-03-04T19:32:23.000+0000
0ZRWj0000006CoQOAU,01tWj00000BN7WTIA1,0ZGam000000itATGAY,2026-03-04T19:44:04.000+0000
0ZRWj0000006CoROAU,01tWj00000BN7WUIA1,0ZGam000000itATGAY,2026-03-04T19:44:04.000+0000
0ZRWj0000006CheOAE,01tWj00000BN7WUIA1,0ZGam000000isJFGAY,2026-03-04T19:32:23.000+0000
0ZRWj0000006CZvOAM,01tWj00000BN7WVIA1,0ZGam000000isBBGAY,2026-03-04T19:16:25.000+0000
0ZRWj0000006CrKOAU,01tWj00000BN7WVIA1,0ZGam000000itATGAY,2026-03-04T19:51:07.000+0000
0ZRWj0000006CrOOAU,01tWj00000BN7WWIA1,0ZGam000000itATGAY,2026-03-04T19:51:07.000+0000
0ZRWj0000006CgBOAU,01tWj00000BN7WWIA1,0ZGam000000isBBGAY,2026-03-04T19:34:16.000+0000
0ZRWj0000006CgCOAU,01tWj00000BN7WXIA1,0ZGam000000isBBGAY,2026-03-04T19:34:16.000+0000
0ZRWj0000006CrPOAU,01tWj00000BN7WXIA1,0ZGam000000itATGAY,2026-03-04T19:51:07.000+0000
0ZRWj0000006CgDOAU,01tWj00000BN7WYIA1,0ZGam000000isBBGAY,2026-03-04T19:34:16.000+0000
0ZRWj0000006CrQOAU,01tWj00000BN7WYIA1,0ZGam000000itATGAY,2026-03-04T19:51:07.000+0000
0ZRWj0000006CrROAU,01tWj00000BN7WZIA1,0ZGam000000itATGAY,2026-03-04T19:51:07.000+0000
0ZRWj0000006CkzOAE,01tWj00000BN7WZIA1,0ZGam000000isG1GAI,2026-03-04T19:40:45.000+0000
0ZRWj0000006Cl0OAE,01tWj00000BN7WaIAL,0ZGam000000isG1GAI,2026-03-04T19:40:45.000+0000
0ZRWj0000006CrSOAU,01tWj00000BN7WaIAL,0ZGam000000itATGAY,2026-03-04T19:51:07.000+0000
0ZRWj0000006Cl1OAE,01tWj00000BN7WbIAL,0ZGam000000isG1GAI,2026-03-04T19:40:45.000+0000
0ZRWj0000006CrTOAU,01tWj00000BN7WbIAL,0ZGam000000itATGAY,2026-03-04T19:51:07.000+0000
0ZRWj0000006CrdOAE,01tWj00000BN7WcIAL,0ZGam000000itATGAY,2026-03-04T19:51:07.000+0000
0ZRWj0000006CRrOAM,01tWj00000BN7WcIAL,0ZGam000000isCnGAI,2026-03-04T18:30:24.000+0000
0ZRWj0000006CreOAE,01tWj00000BN7WdIAL,0ZGam000000itATGAY,2026-03-04T19:51:07.000+0000
0ZRWj0000006CRsOAM,01tWj00000BN7WdIAL,0ZGam000000isCnGAI,2026-03-04T18:30:24.000+0000
0ZRWj0000006CrfOAE,01tWj00000BN7WeIAL,0ZGam000000itATGAY,2026-03-04T19:51:07.000+0000
0ZRWj0000006CRtOAM,01tWj00000BN7WeIAL,0ZGam000000isCnGAI,2026-03-04T18:30:24.000+0000
0ZRWj0000006CRuOAM,01tWj00000BN7WfIAL,0ZGam000000isCnGAI,2026-03-04T18:30:24.000+0000
0ZRWj0000006CrgOAE,01tWj00000BN7WfIAL,0ZGam000000itATGAY,2026-03-04T19:51:07.000+0000
0ZRWj0000006CrhOAE,01tWj00000BN7WgIAL,0ZGam000000itATGAY,2026-03-04T19:51:07.000+0000
0ZRWj0000006CjROAU,01tWj00000BN7WgIAL,0ZGam000000isBBGAY,2026-03-04T19:37:56.000+0000
0ZRWj0000006CriOAE,01tWj00000BN7WhIAL,0ZGam000000itATGAY,2026-03-04T19:51:07.000+0000
0ZRWj0000006CjSOAU,01tWj00000BN7WhIAL,0ZGam000000isBBGAY,2026-03-04T19:37:56.000+0000
0ZRWj0000006CrjOAE,01tWj00000BN7WiIAL,0ZGam000000itATGAY,2026-03-04T19:51:07.000+0000
0ZRWj0000006CjTOAU,01tWj00000BN7WiIAL,0ZGam000000isBBGAY,2026-03-04T19:37:56.000+0000
0ZRWj0000006CZzOAM,01tWj00000BN7WjIAL,0ZGam000000isBBGAY,2026-03-04T19:16:25.000+0000
0ZRWj0000006CrXOAU,01tWj00000BN7WjIAL,0ZGam000000itATGAY,2026-03-04T19:51:07.000+0000
0ZRWj0000006Ca0OAE,01tWj00000BN7WkIAL,0ZGam000000isBBGAY,2026-03-04T19:16:25.000+0000
0ZRWj0000006CrYOAU,01tWj00000BN7WkIAL,0ZGam000000itATGAY,2026-03-04T19:51:07.000+0000
0ZRWj0000006Ca1OAE,01tWj00000BN7WlIAL,0ZGam000000isBBGAY,2026-03-04T19:16:25.000+0000
0ZRWj0000006CrZOAU,01tWj00000BN7WlIAL,0ZGam000000itATGAY,2026-03-04T19:51:07.000+0000
0ZRWj0000006CrUOAU,01tWj00000BN7WmIAL,0ZGam000000itATGAY,2026-03-04T19:51:07.000+0000
0ZRWj0000006CZwOAM,01tWj00000BN7WmIAL,0ZGam000000isBBGAY,2026-03-04T19:16:25.000+0000
0ZRWj0000006CZxOAM,01tWj00000BN7WnIAL,0ZGam000000isBBGAY,2026-03-04T19:16:25.000+0000
0ZRWj0000006CrVOAU,01tWj00000BN7WnIAL,0ZGam000000itATGAY,2026-03-04T19:51:07.000+0000
0ZRWj0000006CrWOAU,01tWj00000BN7WoIAL,0ZGam000000itATGAY,2026-03-04T19:51:07.000+0000
0ZRWj0000006CZyOAM,01tWj00000BN7WoIAL,0ZGam000000isBBGAY,2026-03-04T19:16:25.000+0000
0ZRWj0000006CYAOA2,01tWj00000BN7WpIAL,0ZGam000000isHdGAI,2026-03-04T19:11:29.000+0000
0ZRWj0000006CraOAE,01tWj00000BN7WpIAL,0ZGam000000itATGAY,2026-03-04T19:51:07.000+0000
0ZRWj0000006CYBOA2,01tWj00000BN7WqIAL,0ZGam000000isHdGAI,2026-03-04T19:11:29.000+0000
0ZRWj0000006CrbOAE,01tWj00000BN7WqIAL,0ZGam000000itATGAY,2026-03-04T19:51:07.000+0000
0ZRWj0000006CrcOAE,01tWj00000BN7WrIAL,0ZGam000000itATGAY,2026-03-04T19:51:07.000+0000
0ZRWj0000006CYCOA2,01tWj00000BN7WrIAL,0ZGam000000isHdGAI,2026-03-04T19:11:29.000+0000
0ZRWj0000006CZpOAM,01tWj00000BN7WsIAL,0ZGam000000isBBGAY,2026-03-04T19:16:25.000+0000
0ZRWj0000006CoxOAE,01tWj00000BN7WsIAL,0ZGam000000itATGAY,2026-03-04T19:44:04.000+0000
0ZRWj0000006CoyOAE,01tWj00000BN7WtIAL,0ZGam000000itATGAY,2026-03-04T19:44:04.000+0000
0ZRWj0000006CZqOAM,01tWj00000BN7WtIAL,0ZGam000000isBBGAY,2026-03-04T19:16:25.000+0000
0ZRWj0000006CZrOAM,01tWj00000BN7WuIAL,0ZGam000000isBBGAY,2026-03-04T19:16:25.000+0000
0ZRWj0000006CozOAE,01tWj00000BN7WuIAL,0ZGam000000itATGAY,2026-03-04T19:44:04.000+0000
0ZRWj0000006CZmOAM,01tWj00000BN7WvIAL,0ZGam000000isBBGAY,2026-03-04T19:16:25.000+0000
0ZRWj0000006CouOAE,01tWj00000BN7WvIAL,0ZGam000000itATGAY,2026-03-04T19:44:04.000+0000
0ZRWj0000006CZnOAM,01tWj00000BN7WwIAL,0ZGam000000isBBGAY,2026-03-04T19:16:25.000+0000
0ZRWj0000006CovOAE,01tWj00000BN7WwIAL,0ZGam000000itATGAY,2026-03-04T19:44:04.000+0000
0ZRWj0000006CowOAE,01tWj00000BN7WxIAL,0ZGam000000itATGAY,2026-03-04T19:44:04.000+0000
0ZRWj0000006CZoOAM,01tWj00000BN7WxIAL,0ZGam000000isBBGAY,2026-03-04T19:16:25.000+0000
0ZRWj0000006Cp0OAE,01tWj00000BN7WyIAL,0ZGam000000itATGAY,2026-03-04T19:44:04.000+0000
0ZRWj0000006CjLOAU,01tWj00000BN7WyIAL,0ZGam000000isBBGAY,2026-03-04T19:37:56.000+0000
0ZRWj0000006Cp1OAE,01tWj00000BN7WzIAL,0ZGam000000itATGAY,2026-03-04T19:44:04.000+0000
0ZRWj0000006CjMOAU,01tWj00000BN7WzIAL,0ZGam000000isBBGAY,2026-03-04T19:37:56.000+0000
0ZRWj0000006CjNOAU,01tWj00000BN7X0IAL,0ZGam000000isBBGAY,2026-03-04T19:37:56.000+0000
0ZRWj0000006Cp2OAE,01tWj00000BN7X0IAL,0ZGam000000itATGAY,2026-03-04T19:44:04.000+0000
0ZRWj0000006Cp6OAE,01tWj00000BN7X1IAL,0ZGam000000itATGAY,2026-03-04T19:44:04.000+0000
0ZRWj0000006Cg5OAE,01tWj00000BN7X1IAL,0ZGam000000isCnGAI,2026-03-04T19:30:28.000+0000
0ZRWj0000006Cg6OAE,01tWj00000BN7X2IAL,0ZGam000000isCnGAI,2026-03-04T19:30:28.000+0000
0ZRWj0000006Cp7OAE,01tWj00000BN7X2IAL,0ZGam000000itATGAY,2026-03-04T19:44:04.000+0000
0ZRWj0000006Cp8OAE,01tWj00000BN7X3IAL,0ZGam000000itATGAY,2026-03-04T19:44:04.000+0000
0ZRWj0000006Cg7OAE,01tWj00000BN7X3IAL,0ZGam000000isCnGAI,2026-03-04T19:30:28.000+0000
0ZRWj0000006Cg2OAE,01tWj00000BN7X4IAL,0ZGam000000isCnGAI,2026-03-04T19:30:28.000+0000
0ZRWj0000006Cp3OAE,01tWj00000BN7X4IAL,0ZGam000000itATGAY,2026-03-04T19:44:04.000+0000
0ZRWj0000006Cg3OAE,01tWj00000BN7X5IAL,0ZGam000000isCnGAI,2026-03-04T19:30:28.000+0000
0ZRWj0000006Cp4OAE,01tWj00000BN7X5IAL,0ZGam000000itATGAY,2026-03-04T19:44:04.000+0000
0ZRWj0000006Cg4OAE,01tWj00000BN7X6IAL,0ZGam000000isCnGAI,2026-03-04T19:30:28.000+0000
0ZRWj0000006Cp5OAE,01tWj00000BN7X6IAL,0ZGam000000itATGAY,2026-03-04T19:44:04.000+0000
0ZRWj0000006Cp9OAE,01tWj00000BND33IAH,0ZGam000000itATGAY,2026-03-04T19:44:04.000+0000
0ZRWj0000006Cg8OAE,01tWj00000BND33IAH,0ZGam000000isCnGAI,2026-03-04T19:30:28.000+0000
0ZRWj0000006CpAOAU,01tWj00000BND34IAH,0ZGam000000itATGAY,2026-03-04T19:44:04.000+0000
0ZRWj0000006Cg9OAE,01tWj00000BND34IAH,0ZGam000000isCnGAI,2026-03-04T19:30:28.000+0000
0ZRWj0000006CpBOAU,01tWj00000BND35IAH,0ZGam000000itATGAY,2026-03-04T19:44:04.000+0000
0ZRWj0000006CgAOAU,01tWj00000BND35IAH,0ZGam000000isCnGAI,2026-03-04T19:30:28.000+0000
0ZRWj0000006CcqOAE,01tWj00000BND36IAH,0ZGam000000isHdGAI,2026-03-04T19:24:44.000+0000
0ZRWj0000006CqAOAU,01tWj00000BND36IAH,0ZGam000000itATGAY,2026-03-04T19:48:52.000+0000
0ZRWj0000006CqBOAU,01tWj00000BND37IAH,0ZGam000000itATGAY,2026-03-04T19:48:52.000+0000
0ZRWj0000006CcrOAE,01tWj00000BND37IAH,0ZGam000000isHdGAI,2026-03-04T19:24:44.000+0000
0ZRWj0000006CZcOAM,01tWj00000BND38IAH,0ZGam000000isBBGAY,2026-03-04T19:16:25.000+0000
0ZRWj0000006Co8OAE,01tWj00000BND38IAH,0ZGam000000itATGAY,2026-03-04T19:44:04.000+0000
0ZRWj0000006Co9OAE,01tWj00000BND39IAH,0ZGam000000itATGAY,2026-03-04T19:44:04.000+0000
0ZRWj0000006CZdOAM,01tWj00000BND39IAH,0ZGam000000isBBGAY,2026-03-04T19:16:25.000+0000
0ZRWj0000006CZeOAM,01tWj00000BND3AIAX,0ZGam000000isBBGAY,2026-03-04T19:16:25.000+0000
0ZRWj0000006CoAOAU,01tWj00000BND3AIAX,0ZGam000000itATGAY,2026-03-04T19:44:04.000+0000
0ZRWj0000006CmTOAU,01tWj00000BND3BIAX,0ZGam000000isCnGAI,2026-03-04T19:42:49.000+0000
0ZRWj0000006CoKOAU,01tWj00000BND3BIAX,0ZGam000000itATGAY,2026-03-04T19:44:04.000+0000
0ZRWj0000006CoLOAU,01tWj00000BND3CIAX,0ZGam000000itATGAY,2026-03-04T19:44:04.000+0000
0ZRWj0000006CmUOAU,01tWj00000BND3CIAX,0ZGam000000isCnGAI,2026-03-04T19:42:49.000+0000
0ZRWj0000006CobOAE,01tWj00000BND3DIAX,0ZGam000000itATGAY,2026-03-04T19:44:04.000+0000
0ZRWj0000006CRYOA2,01tWj00000BND3DIAX,0ZGam000000isCnGAI,2026-03-04T18:30:24.000+0000
0ZRWj0000006CocOAE,01tWj00000BND3EIAX,0ZGam000000itATGAY,2026-03-04T19:44:04.000+0000
0ZRWj0000006CRZOA2,01tWj00000BND3EIAX,0ZGam000000isCnGAI,2026-03-04T18:30:24.000+0000
0ZRWj0000006CodOAE,01tWj00000BND3FIAX,0ZGam000000itATGAY,2026-03-04T19:44:04.000+0000
0ZRWj0000006CRaOAM,01tWj00000BND3FIAX,0ZGam000000isCnGAI,2026-03-04T18:30:24.000+0000
0ZRWj0000006CogOAE,01tWj00000BND3GIAX,0ZGam000000itATGAY,2026-03-04T19:44:04.000+0000
0ZRWj0000006CjIOAU,01tWj00000BND3GIAX,0ZGam000000isBBGAY,2026-03-04T19:37:56.000+0000
0ZRWj0000006CohOAE,01tWj00000BND3HIAX,0ZGam000000itATGAY,2026-03-04T19:44:04.000+0000
0ZRWj0000006CjJOAU,01tWj00000BND3HIAX,0ZGam000000isBBGAY,2026-03-04T19:37:56.000+0000
0ZRWj0000006CjKOAU,01tWj00000BND3IIAX,0ZGam000000isBBGAY,2026-03-04T19:37:56.000+0000
0ZRWj0000006CoiOAE,01tWj00000BND3IIAX,0ZGam000000itATGAY,2026-03-04T19:44:04.000+0000
0ZRWj0000006ColOAE,01tWj00000BND3JIAX,0ZGam000000itATGAY,2026-03-04T19:44:04.000+0000
0ZRWj0000006CY3OAM,01tWj00000BND3JIAX,0ZGam000000isHdGAI,2026-03-04T19:11:29.000+0000
0ZRWj0000006CTBOA2,01tWj00000BND3KIAX,0ZGam000000isG1GAI,2026-03-04T18:43:08.000+0000
0ZRWj0000006ComOAE,01tWj00000BND3KIAX,0ZGam000000itATGAY,2026-03-04T19:44:04.000+0000
0ZRWj0000006ConOAE,01tWj00000BND3LIAX,0ZGam000000itATGAY,2026-03-04T19:44:04.000+0000
0ZRWj0000006CTCOA2,01tWj00000BND3LIAX,0ZGam000000isG1GAI,2026-03-04T18:43:08.000+0000
0ZRWj0000006CooOAE,01tWj00000BND3MIAX,0ZGam000000itATGAY,2026-03-04T19:44:04.000+0000
0ZRWj0000006CTDOA2,01tWj00000BND3MIAX,0ZGam000000isG1GAI,2026-03-04T18:43:08.000+0000
0ZRWj0000006CkrOAE,01tWj00000BND3NIAX,0ZGam000000isG1GAI,2026-03-04T19:40:45.000+0000
0ZRWj0000006CojOAE,01tWj00000BND3NIAX,0ZGam000000itATGAY,2026-03-04T19:44:04.000+0000
0ZRWj0000006CokOAE,01tWj00000BND3OIAX,0ZGam000000itATGAY,2026-03-04T19:44:04.000+0000
0ZRWj0000006CksOAE,01tWj00000BND3OIAX,0ZGam000000isG1GAI,2026-03-04T19:40:45.000+0000
0ZRWj0000006CopOAE,01tWj00000BND3PIAX,0ZGam000000itATGAY,2026-03-04T19:44:04.000+0000
0ZRWj0000006CcnOAE,01tWj00000BND3PIAX,0ZGam000000isHdGAI,2026-03-04T19:24:44.000+0000
0ZRWj0000006CZjOAM,01tWj00000BND3QIAX,0ZGam000000isBBGAY,2026-03-04T19:16:25.000+0000
0ZRWj0000006CorOAE,01tWj00000BND3QIAX,0ZGam000000itATGAY,2026-03-04T19:44:04.000+0000
0ZRWj0000006CZkOAM,01tWj00000BND3RIAX,0ZGam000000isBBGAY,2026-03-04T19:16:25.000+0000
0ZRWj0000006CosOAE,01tWj00000BND3RIAX,0ZGam000000itATGAY,2026-03-04T19:44:04.000+0000
0ZRWj0000006CZlOAM,01tWj00000BND3SIAX,0ZGam000000isBBGAY,2026-03-04T19:16:25.000+0000
0ZRWj0000006CotOAE,01tWj00000BND3SIAX,0ZGam000000itATGAY,2026-03-04T19:44:04.000+0000
0ZRWj0000006CoqOAE,01tWj00000BND3TIAX,0ZGam000000itATGAY,2026-03-04T19:44:04.000+0000
0ZRWj0000006CWLOA2,01tWj00000BND3TIAX,0ZGam000000isG1GAI,2026-03-04T19:06:00.000+0000
0ZRWj0000006CoBOAU,01tWj00000BND3UIAX,0ZGam000000itATGAY,2026-03-04T19:44:04.000+0000
0ZRWj0000006CZfOAM,01tWj00000BND3UIAX,0ZGam000000isBBGAY,2026-03-04T19:16:25.000+0000
0ZRWj0000006CZgOAM,01tWj00000BND3VIAX,0ZGam000000isBBGAY,2026-03-04T19:16:25.000+0000
0ZRWj0000006CoCOAU,01tWj00000BND3VIAX,0ZGam000000itATGAY,2026-03-04T19:44:04.000+0000
0ZRWj0000006CZhOAM,01tWj00000BND3WIAX,0ZGam000000isBBGAY,2026-03-04T19:16:25.000+0000
0ZRWj0000006CoDOAU,01tWj00000BND3WIAX,0ZGam000000itATGAY,2026-03-04T19:44:04.000+0000
0ZRWj0000006CoEOAU,01tWj00000BND3XIAX,0ZGam000000itATGAY,2026-03-04T19:44:04.000+0000
0ZRWj0000006CXxOAM,01tWj00000BND3XIAX,0ZGam000000isHdGAI,2026-03-04T19:11:29.000+0000
0ZRWj0000006CXyOAM,01tWj00000BND3YIAX,0ZGam000000isHdGAI,2026-03-04T19:11:29.000+0000
0ZRWj0000006CoFOAU,01tWj00000BND3YIAX,0ZGam000000itATGAY,2026-03-04T19:44:04.000+0000
0ZRWj0000006CoGOAU,01tWj00000BND3ZIAX,0ZGam000000itATGAY,2026-03-04T19:44:04.000+0000
0ZRWj0000006CXzOAM,01tWj00000BND3ZIAX,0ZGam000000isHdGAI,2026-03-04T19:11:29.000+0000
0ZRWj0000006CjFOAU,01tWj00000BND3aIAH,0ZGam000000isBBGAY,2026-03-04T19:37:56.000+0000
0ZRWj0000006CoHOAU,01tWj00000BND3aIAH,0ZGam000000itATGAY,2026-03-04T19:44:04.000+0000
0ZRWj0000006CoIOAU,01tWj00000BND3bIAH,0ZGam000000itATGAY,2026-03-04T19:44:04.000+0000
0ZRWj0000006CjGOAU,01tWj00000BND3bIAH,0ZGam000000isBBGAY,2026-03-04T19:37:56.000+0000
0ZRWj0000006CoJOAU,01tWj00000BND3cIAH,0ZGam000000itATGAY,2026-03-04T19:44:04.000+0000
0ZRWj0000006CjHOAU,01tWj00000BND3cIAH,0ZGam000000isBBGAY,2026-03-04T19:37:56.000+0000
0ZRWj0000006Cq7OAE,01tWj00000BND3dIAH,0ZGam000000itATGAY,2026-03-04T19:48:52.000+0000
0ZRWj0000006CWSOA2,01tWj00000BND3dIAH,0ZGam000000isG1GAI,2026-03-04T19:06:00.000+0000
0ZRWj0000006CkwOAE,01tWj00000BND3eIAH,0ZGam000000isG1GAI,2026-03-04T19:40:45.000+0000
0ZRWj0000006Cq4OAE,01tWj00000BND3eIAH,0ZGam000000itATGAY,2026-03-04T19:48:52.000+0000
0ZRWj0000006Cq5OAE,01tWj00000BND3fIAH,0ZGam000000itATGAY,2026-03-04T19:48:52.000+0000
0ZRWj0000006CkxOAE,01tWj00000BND3fIAH,0ZGam000000isG1GAI,2026-03-04T19:40:45.000+0000
0ZRWj0000006CkyOAE,01tWj00000BND3gIAH,0ZGam000000isG1GAI,2026-03-04T19:40:45.000+0000
0ZRWj0000006Cq6OAE,01tWj00000BND3gIAH,0ZGam000000itATGAY,2026-03-04T19:48:52.000+0000
0ZRWj0000006Cq8OAE,01tWj00000BND3hIAH,0ZGam000000itATGAY,2026-03-04T19:48:52.000+0000
0ZRWj0000006CcoOAE,01tWj00000BND3hIAH,0ZGam000000isHdGAI,2026-03-04T19:24:44.000+0000
0ZRWj0000006Cq9OAE,01tWj00000BND3iIAH,0ZGam000000itATGAY,2026-03-04T19:48:52.000+0000
0ZRWj0000006CcpOAE,01tWj00000BND3iIAH,0ZGam000000isHdGAI,2026-03-04T19:24:44.000+0000
0ZRWj0000006CWPOA2,01tWj00000BND3jIAH,0ZGam000000isG1GAI,2026-03-04T19:06:00.000+0000
0ZRWj0000006Cq1OAE,01tWj00000BND3jIAH,0ZGam000000itATGAY,2026-03-04T19:48:52.000+0000
0ZRWj0000006CWQOA2,01tWj00000BND3kIAH,0ZGam000000isG1GAI,2026-03-04T19:06:00.000+0000
0ZRWj0000006Cq2OAE,01tWj00000BND3kIAH,0ZGam000000itATGAY,2026-03-04T19:48:52.000+0000
0ZRWj0000006CWROA2,01tWj00000BND3lIAH,0ZGam000000isG1GAI,2026-03-04T19:06:00.000+0000
0ZRWj0000006Cq3OAE,01tWj00000BND3lIAH,0ZGam000000itATGAY,2026-03-04T19:48:52.000+0000
0ZRWj0000006CpyOAE,01tWj00000BND3mIAH,0ZGam000000itATGAY,2026-03-04T19:48:52.000+0000
0ZRWj0000006CktOAE,01tWj00000BND3mIAH,0ZGam000000isG1GAI,2026-03-04T19:40:45.000+0000
0ZRWj0000006CkuOAE,01tWj00000BND3nIAH,0ZGam000000isG1GAI,2026-03-04T19:40:45.000+0000
0ZRWj0000006CpzOAE,01tWj00000BND3nIAH,0ZGam000000itATGAY,2026-03-04T19:48:52.000+0000
0ZRWj0000006CkvOAE,01tWj00000BND3oIAH,0ZGam000000isG1GAI,2026-03-04T19:40:45.000+0000
0ZRWj0000006Cq0OAE,01tWj00000BND3oIAH,0ZGam000000itATGAY,2026-03-04T19:48:52.000+0000
0ZRWj0000006CRcOAM,01tWj00000BND3pIAH,0ZGam000000isCnGAI,2026-03-04T18:30:24.000+0000
0ZRWj0000006CpmOAE,01tWj00000BND3pIAH,0ZGam000000itATGAY,2026-03-04T19:48:52.000+0000
0ZRWj0000006CRdOAM,01tWj00000BND3qIAH,0ZGam000000isCnGAI,2026-03-04T18:30:24.000+0000
0ZRWj0000006CpnOAE,01tWj00000BND3qIAH,0ZGam000000itATGAY,2026-03-04T19:48:52.000+0000
0ZRWj0000006CReOAM,01tWj00000BND3rIAH,0ZGam000000isCnGAI,2026-03-04T18:30:24.000+0000
0ZRWj0000006CpoOAE,01tWj00000BND3rIAH,0ZGam000000itATGAY,2026-03-04T19:48:52.000+0000
0ZRWj0000006CjOOAU,01tWj00000BND3sIAH,0ZGam000000isBBGAY,2026-03-04T19:37:56.000+0000
0ZRWj0000006CpjOAE,01tWj00000BND3sIAH,0ZGam000000itATGAY,2026-03-04T19:48:52.000+0000
0ZRWj0000006CjPOAU,01tWj00000BND3tIAH,0ZGam000000isBBGAY,2026-03-04T19:37:56.000+0000
0ZRWj0000006CpkOAE,01tWj00000BND3tIAH,0ZGam000000itATGAY,2026-03-04T19:48:52.000+0000
0ZRWj0000006CjQOAU,01tWj00000BND3uIAH,0ZGam000000isBBGAY,2026-03-04T19:37:56.000+0000
0ZRWj0000006CplOAE,01tWj00000BND3uIAH,0ZGam000000itATGAY,2026-03-04T19:48:52.000+0000
0ZRWj0000006CY4OAM,01tWj00000BND3vIAH,0ZGam000000isHdGAI,2026-03-04T19:11:29.000+0000
0ZRWj0000006CphOAE,01tWj00000BND3vIAH,0ZGam000000itATGAY,2026-03-04T19:48:52.000+0000
0ZRWj0000006CY5OAM,01tWj00000BND3wIAH,0ZGam000000isHdGAI,2026-03-04T19:11:29.000+0000
0ZRWj0000006CpiOAE,01tWj00000BND3wIAH,0ZGam000000itATGAY,2026-03-04T19:48:52.000+0000
0ZRWj0000006CpsOAE,01tWj00000BND3xIAH,0ZGam000000itATGAY,2026-03-04T19:48:52.000+0000
0ZRWj0000006CRfOAM,01tWj00000BND3xIAH,0ZGam000000isCnGAI,2026-03-04T18:30:24.000+0000
0ZRWj0000006CptOAE,01tWj00000BND3yIAH,0ZGam000000itATGAY,2026-03-04T19:48:52.000+0000
0ZRWj0000006CRgOAM,01tWj00000BND3yIAH,0ZGam000000isCnGAI,2026-03-04T18:30:24.000+0000
0ZRWj0000006CpuOAE,01tWj00000BND3zIAH,0ZGam000000itATGAY,2026-03-04T19:48:52.000+0000
0ZRWj0000006CRhOAM,01tWj00000BND3zIAH,0ZGam000000isCnGAI,2026-03-04T18:30:24.000+0000
0ZRWj0000006CWMOA2,01tWj00000BND40IAH,0ZGam000000isG1GAI,2026-03-04T19:06:00.000+0000
0ZRWj0000006CppOAE,01tWj00000BND40IAH,0ZGam000000itATGAY,2026-03-04T19:48:52.000+0000
0ZRWj0000006CWNOA2,01tWj00000BND41IAH,0ZGam000000isG1GAI,2026-03-04T19:06:00.000+0000
0ZRWj0000006CpqOAE,01tWj00000BND41IAH,0ZGam000000itATGAY,2026-03-04T19:48:52.000+0000
0ZRWj0000006CprOAE,01tWj00000BND42IAH,0ZGam000000itATGAY,2026-03-04T19:48:52.000+0000
0ZRWj0000006CWOOA2,01tWj00000BND42IAH,0ZGam000000isG1GAI,2026-03-04T19:06:00.000+0000
0ZRWj0000006CpvOAE,01tWj00000BND43IAH,0ZGam000000itATGAY,2026-03-04T19:48:52.000+0000
0ZRWj0000006CRiOAM,01tWj00000BND43IAH,0ZGam000000isCnGAI,2026-03-04T18:30:24.000+0000
0ZRWj0000006CRjOAM,01tWj00000BND44IAH,0ZGam000000isCnGAI,2026-03-04T18:30:24.000+0000
0ZRWj0000006CpwOAE,01tWj00000BND44IAH,0ZGam000000itATGAY,2026-03-04T19:48:52.000+0000
0ZRWj0000006CpxOAE,01tWj00000BND45IAH,0ZGam000000itATGAY,2026-03-04T19:48:52.000+0000
0ZRWj0000006CRkOAM,01tWj00000BND45IAH,0ZGam000000isCnGAI,2026-03-04T18:30:24.000+0000
0ZRWj0000006CqJOAU,01tWj00000BND46IAH,0ZGam000000itATGAY,2026-03-04T19:48:52.000+0000
0ZRWj0000006CcwOAE,01tWj00000BND46IAH,0ZGam000000isHdGAI,2026-03-04T19:24:44.000+0000
0ZRWj0000006CqKOAU,01tWj00000BND47IAH,0ZGam000000itATGAY,2026-03-04T19:48:52.000+0000
0ZRWj0000006CcxOAE,01tWj00000BND47IAH,0ZGam000000isHdGAI,2026-03-04T19:24:44.000+0000
0ZRWj0000006CcyOAE,01tWj00000BND48IAH,0ZGam000000isHdGAI,2026-03-04T19:24:44.000+0000
0ZRWj0000006CqLOAU,01tWj00000BND48IAH,0ZGam000000itATGAY,2026-03-04T19:48:52.000+0000
0ZRWj0000006CqGOAU,01tWj00000BND49IAH,0ZGam000000itATGAY,2026-03-04T19:48:52.000+0000
0ZRWj0000006CUlOAM,01tWj00000BND49IAH,0ZGam000000isBBGAY,2026-03-04T18:59:44.000+0000
0ZRWj0000006CUmOAM,01tWj00000BND4AIAX,0ZGam000000isBBGAY,2026-03-04T18:59:44.000+0000
0ZRWj0000006CqHOAU,01tWj00000BND4AIAX,0ZGam000000itATGAY,2026-03-04T19:48:52.000+0000
0ZRWj0000006CUnOAM,01tWj00000BND4BIAX,0ZGam000000isBBGAY,2026-03-04T18:59:44.000+0000
0ZRWj0000006CqIOAU,01tWj00000BND4BIAX,0ZGam000000itATGAY,2026-03-04T19:48:52.000+0000
0ZRWj0000006CqPOAU,01tWj00000BND4CIAX,0ZGam000000itATGAY,2026-03-04T19:48:52.000+0000
0ZRWj0000006CY6OAM,01tWj00000BND4CIAX,0ZGam000000isHdGAI,2026-03-04T19:11:29.000+0000
0ZRWj0000006CqQOAU,01tWj00000BND4DIAX,0ZGam000000itATGAY,2026-03-04T19:48:52.000+0000
0ZRWj0000006CY7OAM,01tWj00000BND4DIAX,0ZGam000000isHdGAI,2026-03-04T19:11:29.000+0000
0ZRWj0000006CqROAU,01tWj00000BND4EIAX,0ZGam000000itATGAY,2026-03-04T19:48:52.000+0000
0ZRWj0000006CY8OAM,01tWj00000BND4EIAX,0ZGam000000isHdGAI,2026-03-04T19:11:29.000+0000
0ZRWj0000006CqMOAU,01tWj00000BND4FIAX,0ZGam000000itATGAY,2026-03-04T19:48:52.000+0000
0ZRWj0000006CRlOAM,01tWj00000BND4FIAX,0ZGam000000isCnGAI,2026-03-04T18:30:24.000+0000
0ZRWj0000006CqNOAU,01tWj00000BND4GIAX,0ZGam000000itATGAY,2026-03-04T19:48:52.000+0000
0ZRWj0000006CRmOAM,01tWj00000BND4GIAX,0ZGam000000isCnGAI,2026-03-04T18:30:24.000+0000
0ZRWj0000006CqOOAU,01tWj00000BND4HIAX,0ZGam000000itATGAY,2026-03-04T19:48:52.000+0000
0ZRWj0000006CRnOAM,01tWj00000BND4HIAX,0ZGam000000isCnGAI,2026-03-04T18:30:24.000+0000
0ZRWj0000006CrkOAE,01tWj00000BND4IIAX,0ZGam000000itATGAY,2026-03-04T19:51:07.000+0000
0ZRWj0000006CWYOA2,01tWj00000BND4IIAX,0ZGam000000isG1GAI,2026-03-04T19:06:00.000+0000
0ZRWj0000006CWZOA2,01tWj00000BND4JIAX,0ZGam000000isG1GAI,2026-03-04T19:06:00.000+0000
0ZRWj0000006CrlOAE,01tWj00000BND4JIAX,0ZGam000000itATGAY,2026-03-04T19:51:07.000+0000
0ZRWj0000006CrmOAE,01tWj00000BND4KIAX,0ZGam000000itATGAY,2026-03-04T19:51:07.000+0000
0ZRWj0000006CWaOAM,01tWj00000BND4KIAX,0ZGam000000isG1GAI,2026-03-04T19:06:00.000+0000
0ZRWj0000006CzNOAU,01tWj00000BRfaDIAT,0ZGam000000isCnGAI,2026-03-06T20:55:58.000+0000
0ZRWj0000006MfsOAE,01tWj00000BZmY6IAL,0ZGam000000itATGAY,2026-03-27T23:32:01.000+0000
0ZRWj0000006N2dOAE,01tWj00000BgpevIAB,0ZGam000000itATGAY,2026-03-27T23:32:27.000+0000
0ZRWj0000006N8xOAE,01tWj00000BgpewIAB,0ZGam000000itATGAY,2026-03-27T23:32:34.000+0000
0ZRWj0000006N1LOAU,01tWj00000BgpexIAB,0ZGam000000itATGAY,2026-03-27T23:32:27.000+0000
0ZRWj0000006NhFOAU,01tWj00000BgpeyIAB,0ZGam000000itATGAY,2026-03-27T23:33:16.000+0000
0ZRWj0000006MwKOAU,01tWj00000BgpezIAB,0ZGam000000itATGAY,2026-03-27T23:32:20.000+0000
0ZRWj0000006NgoOAE,01tWj00000Bgpf0IAB,0ZGam000000itATGAY,2026-03-27T23:33:16.000+0000
0ZRWj0000006NkIOAU,01tWj00000Bgpf1IAB,0ZGam000000itATGAY,2026-03-27T23:33:20.000+0000
0ZRWj0000006Mw9OAE,01tWj00000Bgpf2IAB,0ZGam000000itATGAY,2026-03-27T23:32:20.000+0000
0ZRWj0000006MvUOAU,01tWj00000Bgpf3IAB,0ZGam000000itATGAY,2026-03-27T23:32:20.000+0000
0ZRWj0000006NIdOAM,01tWj00000Bgpf4IAB,0ZGam000000itATGAY,2026-03-27T23:32:46.000+0000
0ZRWj0000006NNVOA2,01tWj00000Bgpf5IAB,0ZGam000000itATGAY,2026-03-27T23:32:53.000+0000
0ZRWj0000006NeMOAU,01tWj00000Bgpf6IAB,0ZGam000000itATGAY,2026-03-27T23:33:12.000+0000
0ZRWj0000006MzYOAU,01tWj00000Bgpf7IAB,0ZGam000000itATGAY,2026-03-27T23:32:23.000+0000
0ZRWj0000006NCIOA2,01tWj00000Bgpf8IAB,0ZGam000000itATGAY,2026-03-27T23:32:38.000+0000
0ZRWj0000006NtqOAE,01tWj00000Bgpf9IAB,0ZGam000000itATGAY,2026-03-27T23:33:31.000+0000
0ZRWj0000006NhdOAE,01tWj00000BgpfAIAR,0ZGam000000itATGAY,2026-03-27T23:33:16.000+0000
0ZRWj0000006NL4OAM,01tWj00000BgpfBIAR,0ZGam000000itATGAY,2026-03-27T23:32:50.000+0000
0ZRWj0000006MpmOAE,01tWj00000BgpfCIAR,0ZGam000000itATGAY,2026-03-27T23:32:12.000+0000
0ZRWj0000006Ms8OAE,01tWj00000BgpfDIAR,0ZGam000000itATGAY,2026-03-27T23:32:15.000+0000
0ZRWj0000006NOLOA2,01tWj00000BgpfEIAR,0ZGam000000itATGAY,2026-03-27T23:32:53.000+0000
0ZRWj0000006NLaOAM,01tWj00000BgpfFIAR,0ZGam000000itATGAY,2026-03-27T23:32:50.000+0000
0ZRWj0000006MzmOAE,01tWj00000BgpfGIAR,0ZGam000000itATGAY,2026-03-27T23:32:23.000+0000
0ZRWj0000006Mm0OAE,01tWj00000BgpfHIAR,0ZGam000000itATGAY,2026-03-27T23:32:08.000+0000
0ZRWj0000006NgEOAU,01tWj00000BgpfIIAR,0ZGam000000itATGAY,2026-03-27T23:33:12.000+0000
0ZRWj0000006Np9OAE,01tWj00000BgpfJIAR,0ZGam000000itATGAY,2026-03-27T23:33:23.000+0000
0ZRWj0000006Mv0OAE,01tWj00000BgpfKIAR,0ZGam000000itATGAY,2026-03-27T23:32:20.000+0000
0ZRWj0000006N9yOAE,01tWj00000BgpfLIAR,0ZGam000000itATGAY,2026-03-27T23:32:34.000+0000
0ZRWj0000006NGrOAM,01tWj00000BgpfMIAR,0ZGam000000itATGAY,2026-03-27T23:32:46.000+0000
0ZRWj0000006MmaOAE,01tWj00000BgpfNIAR,0ZGam000000itATGAY,2026-03-27T23:32:08.000+0000
0ZRWj0000006NIlOAM,01tWj00000BgpfOIAR,0ZGam000000itATGAY,2026-03-27T23:32:46.000+0000
0ZRWj0000006NakOAE,01tWj00000BgpfPIAR,0ZGam000000itATGAY,2026-03-27T23:33:08.000+0000
0ZRWj0000006Mj9OAE,01tWj00000BgpfQIAR,0ZGam000000itATGAY,2026-03-27T23:32:04.000+0000
0ZRWj0000006NuvOAE,01tWj00000BgpfRIAR,0ZGam000000itATGAY,2026-03-27T23:33:31.000+0000
0ZRWj0000006MhnOAE,01tWj00000BgpfSIAR,0ZGam000000itATGAY,2026-03-27T23:32:04.000+0000
0ZRWj0000006NItOAM,01tWj00000BgpfTIAR,0ZGam000000itATGAY,2026-03-27T23:32:46.000+0000
0ZRWj0000006NirOAE,01tWj00000BgpfUIAR,0ZGam000000itATGAY,2026-03-27T23:33:16.000+0000
0ZRWj0000006Mv7OAE,01tWj00000BgpfVIAR,0ZGam000000itATGAY,2026-03-27T23:32:20.000+0000
0ZRWj0000006NNtOAM,01tWj00000BgpfWIAR,0ZGam000000itATGAY,2026-03-27T23:32:53.000+0000
0ZRWj0000006NVROA2,01tWj00000BgpfXIAR,0ZGam000000itATGAY,2026-03-27T23:33:01.000+0000
0ZRWj0000006NrjOAE,01tWj00000BgpfYIAR,0ZGam000000itATGAY,2026-03-27T23:33:27.000+0000
0ZRWj0000006MyfOAE,01tWj00000BgpfZIAR,0ZGam000000itATGAY,2026-03-27T23:32:23.000+0000
0ZRWj0000006NRvOAM,01tWj00000BgpfaIAB,0ZGam000000itATGAY,2026-03-27T23:32:57.000+0000
0ZRWj0000006N0gOAE,01tWj00000BgpfbIAB,0ZGam000000itATGAY,2026-03-27T23:32:27.000+0000
0ZRWj0000006MzkOAE,01tWj00000BgpfcIAB,0ZGam000000itATGAY,2026-03-27T23:32:23.000+0000
0ZRWj0000006NTMOA2,01tWj00000BgpfdIAB,0ZGam000000itATGAY,2026-03-27T23:32:57.000+0000
0ZRWj0000006NLIOA2,01tWj00000BgpfeIAB,0ZGam000000itATGAY,2026-03-27T23:32:50.000+0000
0ZRWj0000006Nl0OAE,01tWj00000BgpffIAB,0ZGam000000itATGAY,2026-03-27T23:33:20.000+0000
0ZRWj0000006Ms7OAE,01tWj00000BgpfgIAB,0ZGam000000itATGAY,2026-03-27T23:32:15.000+0000
0ZRWj0000006MneOAE,01tWj00000BgsRTIAZ,0ZGam000000itATGAY,2026-03-27T23:32:12.000+0000
0ZRWj0000006N9IOAU,01tWj00000BgsRUIAZ,0ZGam000000itATGAY,2026-03-27T23:32:34.000+0000
0ZRWj0000006NsOOAU,01tWj00000BgsRVIAZ,0ZGam000000itATGAY,2026-03-27T23:33:27.000+0000
0ZRWj0000006Nm2OAE,01tWj00000BgsRWIAZ,0ZGam000000itATGAY,2026-03-27T23:33:20.000+0000
0ZRWj0000006NjSOAU,01tWj00000BgsRXIAZ,0ZGam000000itATGAY,2026-03-27T23:33:16.000+0000
0ZRWj0000006NaLOAU,01tWj00000BgsRYIAZ,0ZGam000000itATGAY,2026-03-27T23:33:08.000+0000
0ZRWj0000006MpnOAE,01tWj00000BgsRZIAZ,0ZGam000000itATGAY,2026-03-27T23:32:12.000+0000
0ZRWj0000006N7JOAU,01tWj00000BgsRaIAJ,0ZGam000000itATGAY,2026-03-27T23:32:34.000+0000
0ZRWj0000006NFFOA2,01tWj00000BgsRbIAJ,0ZGam000000itATGAY,2026-03-27T23:32:42.000+0000
0ZRWj0000006N62OAE,01tWj00000BgsRcIAJ,0ZGam000000itATGAY,2026-03-27T23:32:31.000+0000
0ZRWj0000006N77OAE,01tWj00000BgsRdIAJ,0ZGam000000itATGAY,2026-03-27T23:32:34.000+0000
0ZRWj0000006Mp6OAE,01tWj00000BgsReIAJ,0ZGam000000itATGAY,2026-03-27T23:32:12.000+0000
0ZRWj0000006NFOOA2,01tWj00000BgsRfIAJ,0ZGam000000itATGAY,2026-03-27T23:32:42.000+0000
0ZRWj0000006NQgOAM,01tWj00000BgsRgIAJ,0ZGam000000itATGAY,2026-03-27T23:32:57.000+0000
0ZRWj0000006N1KOAU,01tWj00000BgsRhIAJ,0ZGam000000itATGAY,2026-03-27T23:32:27.000+0000
0ZRWj0000006NbFOAU,01tWj00000BgsRiIAJ,0ZGam000000itATGAY,2026-03-27T23:33:08.000+0000
0ZRWj0000006MiYOAU,01tWj00000BgsRjIAJ,0ZGam000000itATGAY,2026-03-27T23:32:04.000+0000
0ZRWj0000006N09OAE,01tWj00000BgsRkIAJ,0ZGam000000itATGAY,2026-03-27T23:32:23.000+0000
0ZRWj0000006NX1OAM,01tWj00000BgsRlIAJ,0ZGam000000itATGAY,2026-03-27T23:33:04.000+0000
0ZRWj0000006N8qOAE,01tWj00000BgsRmIAJ,0ZGam000000itATGAY,2026-03-27T23:32:34.000+0000
0ZRWj0000006NReOAM,01tWj00000BgsRnIAJ,0ZGam000000itATGAY,2026-03-27T23:32:57.000+0000
0ZRWj0000006NihOAE,01tWj00000BgsRoIAJ,0ZGam000000itATGAY,2026-03-27T23:33:16.000+0000
0ZRWj0000006NmJOAU,01tWj00000BgsRpIAJ,0ZGam000000itATGAY,2026-03-27T23:33:20.000+0000
0ZRWj0000006MkFOAU,01tWj00000BgsRqIAJ,0ZGam000000itATGAY,2026-03-27T23:32:08.000+0000
0ZRWj0000006MmFOAU,01tWj00000BgsRrIAJ,0ZGam000000itATGAY,2026-03-27T23:32:08.000+0000
0ZRWj0000006Na7OAE,01tWj00000BgsRsIAJ,0ZGam000000itATGAY,2026-03-27T23:33:08.000+0000
0ZRWj0000006NI8OAM,01tWj00000BgsRtIAJ,0ZGam000000itATGAY,2026-03-27T23:32:46.000+0000
0ZRWj0000006NfKOAU,01tWj00000BgsRuIAJ,0ZGam000000itATGAY,2026-03-27T23:33:12.000+0000
0ZRWj0000006N1cOAE,01tWj00000BgsRvIAJ,0ZGam000000itATGAY,2026-03-27T23:32:27.000+0000
0ZRWj0000006MsHOAU,01tWj00000BgsRwIAJ,0ZGam000000itATGAY,2026-03-27T23:32:15.000+0000
0ZRWj0000006NG9OAM,01tWj00000BgsRxIAJ,0ZGam000000itATGAY,2026-03-27T23:32:42.000+0000
0ZRWj0000006NACOA2,01tWj00000BgsRyIAJ,0ZGam000000itATGAY,2026-03-27T23:32:38.000+0000
0ZRWj0000006NVUOA2,01tWj00000BgsRzIAJ,0ZGam000000itATGAY,2026-03-27T23:33:01.000+0000
0ZRWj0000006NKsOAM,01tWj00000BgsS0IAJ,0ZGam000000itATGAY,2026-03-27T23:32:50.000+0000
0ZRWj0000006NncOAE,01tWj00000BgsS1IAJ,0ZGam000000itATGAY,2026-03-27T23:33:23.000+0000
0ZRWj0000006MuNOAU,01tWj00000BgsS2IAJ,0ZGam000000itATGAY,2026-03-27T23:32:20.000+0000
0ZRWj0000006NCdOAM,01tWj00000BgsS3IAJ,0ZGam000000itATGAY,2026-03-27T23:32:38.000+0000
0ZRWj0000006N6AOAU,01tWj00000BgsS4IAJ,0ZGam000000itATGAY,2026-03-27T23:32:31.000+0000
0ZRWj0000006NJhOAM,01tWj00000BgsS5IAJ,0ZGam000000itATGAY,2026-03-27T23:32:50.000+0000
0ZRWj0000006NKNOA2,01tWj00000BgsS6IAJ,0ZGam000000itATGAY,2026-03-27T23:32:50.000+0000
0ZRWj0000006NFnOAM,01tWj00000BgsS7IAJ,0ZGam000000itATGAY,2026-03-27T23:32:42.000+0000
0ZRWj0000006MtsOAE,01tWj00000BgsS8IAJ,0ZGam000000itATGAY,2026-03-27T23:32:15.000+0000
0ZRWj0000006NWTOA2,01tWj00000BgsS9IAJ,0ZGam000000itATGAY,2026-03-27T23:33:01.000+0000
0ZRWj0000006Nd2OAE,01tWj00000BgsSAIAZ,0ZGam000000itATGAY,2026-03-27T23:33:08.000+0000
0ZRWj0000006NR5OAM,01tWj00000BgsSBIAZ,0ZGam000000itATGAY,2026-03-27T23:32:57.000+0000
0ZRWj0000006MrmOAE,01tWj00000BgsSCIAZ,0ZGam000000itATGAY,2026-03-27T23:32:15.000+0000
0ZRWj0000006NsIOAU,01tWj00000BgsSDIAZ,0ZGam000000itATGAY,2026-03-27T23:33:27.000+0000
0ZRWj0000006Mg4OAE,01tWj00000BgsSEIAZ,0ZGam000000itATGAY,2026-03-27T23:32:01.000+0000
0ZRWj0000006NgZOAU,01tWj00000BgsSFIAZ,0ZGam000000itATGAY,2026-03-27T23:33:16.000+0000
0ZRWj0000006NXLOA2,01tWj00000BgsSGIAZ,0ZGam000000itATGAY,2026-03-27T23:33:04.000+0000
0ZRWj0000006NixOAE,01tWj00000BgsSHIAZ,0ZGam000000itATGAY,2026-03-27T23:33:16.000+0000
0ZRWj0000006NF7OAM,01tWj00000BgsSIIAZ,0ZGam000000itATGAY,2026-03-27T23:32:42.000+0000
0ZRWj0000006Nd9OAE,01tWj00000BgsSJIAZ,0ZGam000000itATGAY,2026-03-27T23:33:12.000+0000
0ZRWj0000006NkrOAE,01tWj00000BgsSKIAZ,0ZGam000000itATGAY,2026-03-27T23:33:20.000+0000
0ZRWj0000006NJFOA2,01tWj00000BgsSLIAZ,0ZGam000000itATGAY,2026-03-27T23:32:46.000+0000
0ZRWj0000006N57OAE,01tWj00000BgsSMIAZ,0ZGam000000itATGAY,2026-03-27T23:32:31.000+0000
0ZRWj0000006MpWOAU,01tWj00000BgsSNIAZ,0ZGam000000itATGAY,2026-03-27T23:32:12.000+0000
0ZRWj0000006NsrOAE,01tWj00000BgsSOIAZ,0ZGam000000itATGAY,2026-03-27T23:33:27.000+0000
0ZRWj0000006NZXOA2,01tWj00000BgsSPIAZ,0ZGam000000itATGAY,2026-03-27T23:33:04.000+0000
0ZRWj0000006MkROAU,01tWj00000BgsSQIAZ,0ZGam000000itATGAY,2026-03-27T23:32:08.000+0000
0ZRWj0000006NIsOAM,01tWj00000BgsSRIAZ,0ZGam000000itATGAY,2026-03-27T23:32:46.000+0000
0ZRWj0000006NmOOAU,01tWj00000BgsSSIAZ,0ZGam000000itATGAY,2026-03-27T23:33:20.000+0000
0ZRWj0000006NJLOA2,01tWj00000BgsSTIAZ,0ZGam000000itATGAY,2026-03-27T23:32:46.000+0000
0ZRWj0000006NdvOAE,01tWj00000BgsSUIAZ,0ZGam000000itATGAY,2026-03-27T23:33:12.000+0000
0ZRWj0000006Nv5OAE,01tWj00000BgsSVIAZ,0ZGam000000itATGAY,2026-03-27T23:33:31.000+0000
0ZRWj0000006MvaOAE,01tWj00000BgsSWIAZ,0ZGam000000itATGAY,2026-03-27T23:32:20.000+0000
0ZRWj0000006N91OAE,01tWj00000BgsSXIAZ,0ZGam000000itATGAY,2026-03-27T23:32:34.000+0000
0ZRWj0000006MkBOAU,01tWj00000BgsSYIAZ,0ZGam000000itATGAY,2026-03-27T23:32:04.000+0000
0ZRWj0000006MvtOAE,01tWj00000BgsSZIAZ,0ZGam000000itATGAY,2026-03-27T23:32:20.000+0000
0ZRWj0000006N45OAE,01tWj00000BgsSaIAJ,0ZGam000000itATGAY,2026-03-27T23:32:31.000+0000
0ZRWj0000006MogOAE,01tWj00000BgsSbIAJ,0ZGam000000itATGAY,2026-03-27T23:32:12.000+0000
0ZRWj0000006NZ2OAM,01tWj00000BgsScIAJ,0ZGam000000itATGAY,2026-03-27T23:33:04.000+0000
0ZRWj0000006NdeOAE,01tWj00000BgsSdIAJ,0ZGam000000itATGAY,2026-03-27T23:33:12.000+0000
0ZRWj0000006MytOAE,01tWj00000BgsSeIAJ,0ZGam000000itATGAY,2026-03-27T23:32:23.000+0000
0ZRWj0000006N5fOAE,01tWj00000BgsSfIAJ,0ZGam000000itATGAY,2026-03-27T23:32:31.000+0000
0ZRWj0000006NFMOA2,01tWj00000BgsSgIAJ,0ZGam000000itATGAY,2026-03-27T23:32:42.000+0000
0ZRWj0000006NXROA2,01tWj00000BgsShIAJ,0ZGam000000itATGAY,2026-03-27T23:33:04.000+0000
0ZRWj0000006N4UOAU,01tWj00000BgsSiIAJ,0ZGam000000itATGAY,2026-03-27T23:32:31.000+0000
0ZRWj0000006N4KOAU,01tWj00000BgsSjIAJ,0ZGam000000itATGAY,2026-03-27T23:32:31.000+0000
0ZRWj0000006NAVOA2,01tWj00000BgsSkIAJ,0ZGam000000itATGAY,2026-03-27T23:32:38.000+0000
0ZRWj0000006MhrOAE,01tWj00000BgsSlIAJ,0ZGam000000itATGAY,2026-03-27T23:32:04.000+0000
0ZRWj0000006NgLOAU,01tWj00000BgsSmIAJ,0ZGam000000itATGAY,2026-03-27T23:33:16.000+0000
0ZRWj0000006NGgOAM,01tWj00000BgsSnIAJ,0ZGam000000itATGAY,2026-03-27T23:32:46.000+0000
0ZRWj0000006NXOOA2,01tWj00000BgsSoIAJ,0ZGam000000itATGAY,2026-03-27T23:33:04.000+0000
0ZRWj0000006Nn0OAE,01tWj00000BgsSpIAJ,0ZGam000000itATGAY,2026-03-27T23:33:23.000+0000
0ZRWj0000006NZJOA2,01tWj00000BgsSqIAJ,0ZGam000000itATGAY,2026-03-27T23:33:04.000+0000
0ZRWj0000006NILOA2,01tWj00000BgsSrIAJ,0ZGam000000itATGAY,2026-03-27T23:32:46.000+0000
0ZRWj0000006NTtOAM,01tWj00000BgsSsIAJ,0ZGam000000itATGAY,2026-03-27T23:33:01.000+0000
0ZRWj0000006NfhOAE,01tWj00000BgsStIAJ,0ZGam000000itATGAY,2026-03-27T23:33:12.000+0000
0ZRWj0000006MrKOAU,01tWj00000BgsSuIAJ,0ZGam000000itATGAY,2026-03-27T23:32:15.000+0000
0ZRWj0000006NrZOAU,01tWj00000BgsSvIAJ,0ZGam000000itATGAY,2026-03-27T23:33:27.000+0000
0ZRWj0000006N0sOAE,01tWj00000BgsSwIAJ,0ZGam000000itATGAY,2026-03-27T23:32:27.000+0000
0ZRWj0000006MpsOAE,01tWj00000BgsSxIAJ,0ZGam000000itATGAY,2026-03-27T23:32:12.000+0000
0ZRWj0000006NqsOAE,01tWj00000BgsSyIAJ,0ZGam000000itATGAY,2026-03-27T23:33:27.000+0000
0ZRWj0000006NkxOAE,01tWj00000BgsSzIAJ,0ZGam000000itATGAY,2026-03-27T23:33:20.000+0000
0ZRWj0000006ND6OAM,01tWj00000BgsT0IAJ,0ZGam000000itATGAY,2026-03-27T23:32:38.000+0000
0ZRWj0000006NdDOAU,01tWj00000BgsT1IAJ,0ZGam000000itATGAY,2026-03-27T23:33:12.000+0000
0ZRWj0000006NazOAE,01tWj00000BgsT2IAJ,0ZGam000000itATGAY,2026-03-27T23:33:08.000+0000
0ZRWj0000006MshOAE,01tWj00000BgsT3IAJ,0ZGam000000itATGAY,2026-03-27T23:32:15.000+0000
0ZRWj0000006MvnOAE,01tWj00000BgsT4IAJ,0ZGam000000itATGAY,2026-03-27T23:32:20.000+0000
0ZRWj0000006NbEOAU,01tWj00000BgsT5IAJ,0ZGam000000itATGAY,2026-03-27T23:33:08.000+0000
0ZRWj0000006NDJOA2,01tWj00000BgsT6IAJ,0ZGam000000itATGAY,2026-03-27T23:32:42.000+0000
0ZRWj0000006MoeOAE,01tWj00000BgsT7IAJ,0ZGam000000itATGAY,2026-03-27T23:32:12.000+0000
0ZRWj0000006NEpOAM,01tWj00000BgsT8IAJ,0ZGam000000itATGAY,2026-03-27T23:32:42.000+0000
0ZRWj0000006NopOAE,01tWj00000BgsT9IAJ,0ZGam000000itATGAY,2026-03-27T23:33:23.000+0000
0ZRWj0000006NhKOAU,01tWj00000BgsTAIAZ,0ZGam000000itATGAY,2026-03-27T23:33:16.000+0000
0ZRWj0000006MoDOAU,01tWj00000BgsTBIAZ,0ZGam000000itATGAY,2026-03-27T23:32:12.000+0000
0ZRWj0000006NO4OAM,01tWj00000BgsTCIAZ,0ZGam000000itATGAY,2026-03-27T23:32:53.000+0000
0ZRWj0000006MhIOAU,01tWj00000BgsTDIAZ,0ZGam000000itATGAY,2026-03-27T23:32:04.000+0000
0ZRWj0000006MqpOAE,01tWj00000BgsTEIAZ,0ZGam000000itATGAY,2026-03-27T23:32:15.000+0000
0ZRWj0000006Mj2OAE,01tWj00000BgsTFIAZ,0ZGam000000itATGAY,2026-03-27T23:32:04.000+0000
0ZRWj0000006NkuOAE,01tWj00000BgsTGIAZ,0ZGam000000itATGAY,2026-03-27T23:33:20.000+0000
0ZRWj0000006NnZOAU,01tWj00000BgsTHIAZ,0ZGam000000itATGAY,2026-03-27T23:33:23.000+0000
0ZRWj0000006MdIOAU,01tWj00000BgsTIIAZ,0ZGam000000itATGAY,2026-03-27T23:31:57.000+0000
0ZRWj0000006NXGOA2,01tWj00000BgsTJIAZ,0ZGam000000itATGAY,2026-03-27T23:33:04.000+0000
0ZRWj0000006NbUOAU,01tWj00000BgsTKIAZ,0ZGam000000itATGAY,2026-03-27T23:33:08.000+0000
0ZRWj0000006NrcOAE,01tWj00000BgsTLIAZ,0ZGam000000itATGAY,2026-03-27T23:33:27.000+0000
0ZRWj0000006NKoOAM,01tWj00000BgsTMIAZ,0ZGam000000itATGAY,2026-03-27T23:32:50.000+0000
0ZRWj0000006Mc5OAE,01tWj00000BgsTNIAZ,0ZGam000000itATGAY,2026-03-27T23:31:57.000+0000
0ZRWj0000006MbkOAE,01tWj00000BgsTOIAZ,0ZGam000000itATGAY,2026-03-27T23:31:57.000+0000
0ZRWj0000006N24OAE,01tWj00000BgsTPIAZ,0ZGam000000itATGAY,2026-03-27T23:32:27.000+0000
0ZRWj0000006N6COAU,01tWj00000BgsTQIAZ,0ZGam000000itATGAY,2026-03-27T23:32:31.000+0000
0ZRWj0000006MfDOAU,01tWj00000BgsTRIAZ,0ZGam000000itATGAY,2026-03-27T23:32:01.000+0000
0ZRWj0000006MvrOAE,01tWj00000BgsTSIAZ,0ZGam000000itATGAY,2026-03-27T23:32:20.000+0000
0ZRWj0000006NNAOA2,01tWj00000BgsTTIAZ,0ZGam000000itATGAY,2026-03-27T23:32:53.000+0000
0ZRWj0000006MuxOAE,01tWj00000BgsTUIAZ,0ZGam000000itATGAY,2026-03-27T23:32:20.000+0000
0ZRWj0000006MvhOAE,01tWj00000BgsTVIAZ,0ZGam000000itATGAY,2026-03-27T23:32:20.000+0000
0ZRWj0000006NseOAE,01tWj00000BgsTWIAZ,0ZGam000000itATGAY,2026-03-27T23:33:27.000+0000
0ZRWj0000006MfiOAE,01tWj00000BgsTXIAZ,0ZGam000000itATGAY,2026-03-27T23:32:01.000+0000
0ZRWj0000006NlCOAU,01tWj00000BgsTYIAZ,0ZGam000000itATGAY,2026-03-27T23:33:20.000+0000
0ZRWj0000006MeBOAU,01tWj00000BgsTZIAZ,0ZGam000000itATGAY,2026-03-27T23:32:01.000+0000
0ZRWj0000006NIaOAM,01tWj00000BgsTaIAJ,0ZGam000000itATGAY,2026-03-27T23:32:46.000+0000
0ZRWj0000006NjDOAU,01tWj00000BgsTbIAJ,0ZGam000000itATGAY,2026-03-27T23:33:16.000+0000
0ZRWj0000006MhcOAE,01tWj00000BgsTcIAJ,0ZGam000000itATGAY,2026-03-27T23:32:04.000+0000
0ZRWj0000006NC4OAM,01tWj00000BgsTdIAJ,0ZGam000000itATGAY,2026-03-27T23:32:38.000+0000
0ZRWj0000006NHeOAM,01tWj00000BgsTeIAJ,0ZGam000000itATGAY,2026-03-27T23:32:46.000+0000
0ZRWj0000006NfWOAU,01tWj00000BgsTfIAJ,0ZGam000000itATGAY,2026-03-27T23:33:12.000+0000
0ZRWj0000006NuPOAU,01tWj00000BgsTgIAJ,0ZGam000000itATGAY,2026-03-27T23:33:31.000+0000
0ZRWj0000006MpvOAE,01tWj00000BgsThIAJ,0ZGam000000itATGAY,2026-03-27T23:32:12.000+0000
0ZRWj0000006NkDOAU,01tWj00000BgsTiIAJ,0ZGam000000itATGAY,2026-03-27T23:33:20.000+0000
0ZRWj0000006MspOAE,01tWj00000BgsTjIAJ,0ZGam000000itATGAY,2026-03-27T23:32:15.000+0000
0ZRWj0000006NaKOAU,01tWj00000BgsTkIAJ,0ZGam000000itATGAY,2026-03-27T23:33:08.000+0000
0ZRWj0000006NvoOAE,01tWj00000BgsTlIAJ,0ZGam000000itATGAY,2026-03-27T23:33:31.000+0000
0ZRWj0000006NVCOA2,01tWj00000BgsTmIAJ,0ZGam000000itATGAY,2026-03-27T23:33:01.000+0000
0ZRWj0000006NnHOAU,01tWj00000BgsTnIAJ,0ZGam000000itATGAY,2026-03-27T23:33:23.000+0000
0ZRWj0000006Nk0OAE,01tWj00000BgsToIAJ,0ZGam000000itATGAY,2026-03-27T23:33:20.000+0000
0ZRWj0000006Mn8OAE,01tWj00000BgsTpIAJ,0ZGam000000itATGAY,2026-03-27T23:32:08.000+0000
0ZRWj0000006NHmOAM,01tWj00000BgsTqIAJ,0ZGam000000itATGAY,2026-03-27T23:32:46.000+0000
0ZRWj0000006NXVOA2,01tWj00000BgsTrIAJ,0ZGam000000itATGAY,2026-03-27T23:33:04.000+0000
0ZRWj0000006NG8OAM,01tWj00000BgsTsIAJ,0ZGam000000itATGAY,2026-03-27T23:32:42.000+0000
0ZRWj0000006NMhOAM,01tWj00000BgsTtIAJ,0ZGam000000itATGAY,2026-03-27T23:32:50.000+0000
0ZRWj0000006NnlOAE,01tWj00000BgsTuIAJ,0ZGam000000itATGAY,2026-03-27T23:33:23.000+0000
0ZRWj0000006N3sOAE,01tWj00000BgsTvIAJ,0ZGam000000itATGAY,2026-03-27T23:32:31.000+0000
0ZRWj0000006NBeOAM,01tWj00000BgsTwIAJ,0ZGam000000itATGAY,2026-03-27T23:32:38.000+0000
0ZRWj0000006NwKOAU,01tWj00000BgsTxIAJ,0ZGam000000itATGAY,2026-03-27T23:33:31.000+0000
0ZRWj0000006NQMOA2,01tWj00000BgsTyIAJ,0ZGam000000itATGAY,2026-03-27T23:32:57.000+0000
0ZRWj0000006NQ9OAM,01tWj00000BgsTzIAJ,0ZGam000000itATGAY,2026-03-27T23:32:57.000+0000
0ZRWj0000006NM3OAM,01tWj00000BgsU0IAJ,0ZGam000000itATGAY,2026-03-27T23:32:50.000+0000
0ZRWj0000006NpxOAE,01tWj00000BgsU1IAJ,0ZGam000000itATGAY,2026-03-27T23:33:27.000+0000
0ZRWj0000006N2JOAU,01tWj00000BgsU2IAJ,0ZGam000000itATGAY,2026-03-27T23:32:27.000+0000
0ZRWj0000006MruOAE,01tWj00000BgsU3IAJ,0ZGam000000itATGAY,2026-03-27T23:32:15.000+0000
0ZRWj0000006NtfOAE,01tWj00000BgsU4IAJ,0ZGam000000itATGAY,2026-03-27T23:33:31.000+0000
0ZRWj0000006MrwOAE,01tWj00000BgsU5IAJ,0ZGam000000itATGAY,2026-03-27T23:32:15.000+0000
0ZRWj0000006N8bOAE,01tWj00000BgsU6IAJ,0ZGam000000itATGAY,2026-03-27T23:32:34.000+0000
0ZRWj0000006MkKOAU,01tWj00000BgsU7IAJ,0ZGam000000itATGAY,2026-03-27T23:32:08.000+0000
0ZRWj0000006MpPOAU,01tWj00000BgsU8IAJ,0ZGam000000itATGAY,2026-03-27T23:32:12.000+0000
0ZRWj0000006NW7OAM,01tWj00000BgsU9IAJ,0ZGam000000itATGAY,2026-03-27T23:33:01.000+0000
0ZRWj0000006MtgOAE,01tWj00000BgsUAIAZ,0ZGam000000itATGAY,2026-03-27T23:32:15.000+0000
0ZRWj0000006NTrOAM,01tWj00000BgsUBIAZ,0ZGam000000itATGAY,2026-03-27T23:33:01.000+0000
0ZRWj0000006NO9OAM,01tWj00000BgsUCIAZ,0ZGam000000itATGAY,2026-03-27T23:32:53.000+0000
0ZRWj0000006N2UOAU,01tWj00000BgsUDIAZ,0ZGam000000itATGAY,2026-03-27T23:32:27.000+0000
0ZRWj0000006NFXOA2,01tWj00000BgsUEIAZ,0ZGam000000itATGAY,2026-03-27T23:32:42.000+0000
0ZRWj0000006NffOAE,01tWj00000BgsUFIAZ,0ZGam000000itATGAY,2026-03-27T23:33:12.000+0000
0ZRWj0000006NcrOAE,01tWj00000BgsUGIAZ,0ZGam000000itATGAY,2026-03-27T23:33:08.000+0000
0ZRWj0000006MggOAE,01tWj00000BgsUHIAZ,0ZGam000000itATGAY,2026-03-27T23:32:01.000+0000
0ZRWj0000006NcROAU,01tWj00000BgsUIIAZ,0ZGam000000itATGAY,2026-03-27T23:33:08.000+0000
0ZRWj0000006NVIOA2,01tWj00000BgsUJIAZ,0ZGam000000itATGAY,2026-03-27T23:33:01.000+0000
0ZRWj0000006MhNOAU,01tWj00000BgsUKIAZ,0ZGam000000itATGAY,2026-03-27T23:32:04.000+0000
0ZRWj0000006N5pOAE,01tWj00000BgsULIAZ,0ZGam000000itATGAY,2026-03-27T23:32:31.000+0000
0ZRWj0000006MhwOAE,01tWj00000BgsUMIAZ,0ZGam000000itATGAY,2026-03-27T23:32:04.000+0000
0ZRWj0000006NBROA2,01tWj00000BgsUNIAZ,0ZGam000000itATGAY,2026-03-27T23:32:38.000+0000
0ZRWj0000006Nt4OAE,01tWj00000BgsUOIAZ,0ZGam000000itATGAY,2026-03-27T23:33:27.000+0000
0ZRWj0000006MipOAE,01tWj00000BgsUPIAZ,0ZGam000000itATGAY,2026-03-27T23:32:04.000+0000
0ZRWj0000006MbOOAU,01tWj00000BgsUQIAZ,0ZGam000000itATGAY,2026-03-27T23:31:57.000+0000
0ZRWj0000006NbaOAE,01tWj00000BgsURIAZ,0ZGam000000itATGAY,2026-03-27T23:33:08.000+0000
0ZRWj0000006NCbOAM,01tWj00000BgsUSIAZ,0ZGam000000itATGAY,2026-03-27T23:32:38.000+0000
0ZRWj0000006NiSOAU,01tWj00000BgsUTIAZ,0ZGam000000itATGAY,2026-03-27T23:33:16.000+0000
0ZRWj0000006MwUOAU,01tWj00000BgsUUIAZ,0ZGam000000itATGAY,2026-03-27T23:32:20.000+0000
0ZRWj0000006MeROAU,01tWj00000BgsUVIAZ,0ZGam000000itATGAY,2026-03-27T23:32:01.000+0000
0ZRWj0000006MduOAE,01tWj00000BgsUWIAZ,0ZGam000000itATGAY,2026-03-27T23:32:01.000+0000
0ZRWj0000006NMEOA2,01tWj00000BgsUXIAZ,0ZGam000000itATGAY,2026-03-27T23:32:50.000+0000
0ZRWj0000006N3zOAE,01tWj00000BgsUYIAZ,0ZGam000000itATGAY,2026-03-27T23:32:31.000+0000
0ZRWj0000006Nt6OAE,01tWj00000BgsUZIAZ,0ZGam000000itATGAY,2026-03-27T23:33:27.000+0000
0ZRWj0000006NmCOAU,01tWj00000BgsUaIAJ,0ZGam000000itATGAY,2026-03-27T23:33:20.000+0000
0ZRWj0000006MyeOAE,01tWj00000BgsUbIAJ,0ZGam000000itATGAY,2026-03-27T23:32:23.000+0000
0ZRWj0000006N16OAE,01tWj00000BgsUcIAJ,0ZGam000000itATGAY,2026-03-27T23:32:27.000+0000
0ZRWj0000006MmGOAU,01tWj00000BgsUdIAJ,0ZGam000000itATGAY,2026-03-27T23:32:08.000+0000
0ZRWj0000006NDROA2,01tWj00000BgsUeIAJ,0ZGam000000itATGAY,2026-03-27T23:32:42.000+0000
0ZRWj0000006NF8OAM,01tWj00000BgsUfIAJ,0ZGam000000itATGAY,2026-03-27T23:32:42.000+0000
0ZRWj0000006N2GOAU,01tWj00000BgsUgIAJ,0ZGam000000itATGAY,2026-03-27T23:32:27.000+0000
0ZRWj0000006NkaOAE,01tWj00000BgsUhIAJ,0ZGam000000itATGAY,2026-03-27T23:33:20.000+0000
0ZRWj0000006MgIOAU,01tWj00000BgsUiIAJ,0ZGam000000itATGAY,2026-03-27T23:32:01.000+0000
0ZRWj0000006NmxOAE,01tWj00000BgsUjIAJ,0ZGam000000itATGAY,2026-03-27T23:33:23.000+0000
0ZRWj0000006NMxOAM,01tWj00000BgsUkIAJ,0ZGam000000itATGAY,2026-03-27T23:32:53.000+0000
0ZRWj0000006NANOA2,01tWj00000BgsUlIAJ,0ZGam000000itATGAY,2026-03-27T23:32:38.000+0000
0ZRWj0000006NOZOA2,01tWj00000BgsUmIAJ,0ZGam000000itATGAY,2026-03-27T23:32:53.000+0000
0ZRWj0000006NY9OAM,01tWj00000BgsUnIAJ,0ZGam000000itATGAY,2026-03-27T23:33:04.000+0000
0ZRWj0000006MqXOAU,01tWj00000BgsUoIAJ,0ZGam000000itATGAY,2026-03-27T23:32:12.000+0000
0ZRWj0000006NC1OAM,01tWj00000BgsUpIAJ,0ZGam000000itATGAY,2026-03-27T23:32:38.000+0000
0ZRWj0000006NwFOAU,01tWj00000BgsUqIAJ,0ZGam000000itATGAY,2026-03-27T23:33:31.000+0000
0ZRWj0000006NV4OAM,01tWj00000BgsUrIAJ,0ZGam000000itATGAY,2026-03-27T23:33:01.000+0000
0ZRWj0000006NtyOAE,01tWj00000BgsUsIAJ,0ZGam000000itATGAY,2026-03-27T23:33:31.000+0000
0ZRWj0000006NojOAE,01tWj00000BgsUtIAJ,0ZGam000000itATGAY,2026-03-27T23:33:23.000+0000
0ZRWj0000006Nj7OAE,01tWj00000BgsUuIAJ,0ZGam000000itATGAY,2026-03-27T23:33:16.000+0000
0ZRWj0000006NAcOAM,01tWj00000BgsUvIAJ,0ZGam000000itATGAY,2026-03-27T23:32:38.000+0000
0ZRWj0000006NtWOAU,01tWj00000BgsUwIAJ,0ZGam000000itATGAY,2026-03-27T23:33:31.000+0000
0ZRWj0000006N4MOAU,01tWj00000BgsUxIAJ,0ZGam000000itATGAY,2026-03-27T23:32:31.000+0000
0ZRWj0000006MxNOAU,01tWj00000BgsUyIAJ,0ZGam000000itATGAY,2026-03-27T23:32:23.000+0000
0ZRWj0000006Mw6OAE,01tWj00000BgsUzIAJ,0ZGam000000itATGAY,2026-03-27T23:32:20.000+0000
0ZRWj0000006MplOAE,01tWj00000BgsV0IAJ,0ZGam000000itATGAY,2026-03-27T23:32:12.000+0000
0ZRWj0000006N1mOAE,01tWj00000BgsV1IAJ,0ZGam000000itATGAY,2026-03-27T23:32:27.000+0000
0ZRWj0000006NWyOAM,01tWj00000BgsV2IAJ,0ZGam000000itATGAY,2026-03-27T23:33:04.000+0000
0ZRWj0000006NNBOA2,01tWj00000BgsV3IAJ,0ZGam000000itATGAY,2026-03-27T23:32:53.000+0000
0ZRWj0000006N6iOAE,01tWj00000BgsV4IAJ,0ZGam000000itATGAY,2026-03-27T23:32:31.000+0000
0ZRWj0000006N2eOAE,01tWj00000BgsV5IAJ,0ZGam000000itATGAY,2026-03-27T23:32:27.000+0000
0ZRWj0000006NOcOAM,01tWj00000BgsV6IAJ,0ZGam000000itATGAY,2026-03-27T23:32:53.000+0000
0ZRWj0000006N8COAU,01tWj00000BgsV7IAJ,0ZGam000000itATGAY,2026-03-27T23:32:34.000+0000
0ZRWj0000006NsYOAU,01tWj00000BgsV8IAJ,0ZGam000000itATGAY,2026-03-27T23:33:27.000+0000
0ZRWj0000006NV7OAM,01tWj00000BgsV9IAJ,0ZGam000000itATGAY,2026-03-27T23:33:01.000+0000
0ZRWj0000006NQ5OAM,01tWj00000BgsVAIAZ,0ZGam000000itATGAY,2026-03-27T23:32:53.000+0000
0ZRWj0000006ND5OAM,01tWj00000BgsVBIAZ,0ZGam000000itATGAY,2026-03-27T23:32:38.000+0000
0ZRWj0000006N4fOAE,01tWj00000BgsVCIAZ,0ZGam000000itATGAY,2026-03-27T23:32:31.000+0000
0ZRWj0000006NIPOA2,01tWj00000BgsVDIAZ,0ZGam000000itATGAY,2026-03-27T23:32:46.000+0000
0ZRWj0000006NN4OAM,01tWj00000BgsVEIAZ,0ZGam000000itATGAY,2026-03-27T23:32:53.000+0000
0ZRWj0000006NaTOAU,01tWj00000BgsVFIAZ,0ZGam000000itATGAY,2026-03-27T23:33:08.000+0000
0ZRWj0000006NfAOAU,01tWj00000BgsVGIAZ,0ZGam000000itATGAY,2026-03-27T23:33:12.000+0000
0ZRWj0000006NavOAE,01tWj00000BgsVHIAZ,0ZGam000000itATGAY,2026-03-27T23:33:08.000+0000
0ZRWj0000006NLBOA2,01tWj00000BgsVIIAZ,0ZGam000000itATGAY,2026-03-27T23:32:50.000+0000
0ZRWj0000006NTNOA2,01tWj00000BgsVJIAZ,0ZGam000000itATGAY,2026-03-27T23:33:01.000+0000
0ZRWj0000006MdhOAE,01tWj00000BgsVKIAZ,0ZGam000000itATGAY,2026-03-27T23:31:57.000+0000
0ZRWj0000006NpiOAE,01tWj00000BgsVLIAZ,0ZGam000000itATGAY,2026-03-27T23:33:23.000+0000
0ZRWj0000006NtXOAU,01tWj00000BgsVMIAZ,0ZGam000000itATGAY,2026-03-27T23:33:31.000+0000
0ZRWj0000006NK9OAM,01tWj00000BgsVNIAZ,0ZGam000000itATGAY,2026-03-27T23:32:50.000+0000
0ZRWj0000006NNuOAM,01tWj00000BgsVOIAZ,0ZGam000000itATGAY,2026-03-27T23:32:53.000+0000
0ZRWj0000006Ml7OAE,01tWj00000BgsVPIAZ,0ZGam000000itATGAY,2026-03-27T23:32:08.000+0000
0ZRWj0000006Mj6OAE,01tWj00000BgsVQIAZ,0ZGam000000itATGAY,2026-03-27T23:32:04.000+0000
0ZRWj0000006NKyOAM,01tWj00000BgsVRIAZ,0ZGam000000itATGAY,2026-03-27T23:32:50.000+0000
0ZRWj0000006N2hOAE,01tWj00000BgsVSIAZ,0ZGam000000itATGAY,2026-03-27T23:32:27.000+0000
0ZRWj0000006NaCOAU,01tWj00000BgsVTIAZ,0ZGam000000itATGAY,2026-03-27T23:33:08.000+0000
0ZRWj0000006NkXOAU,01tWj00000BgsVUIAZ,0ZGam000000itATGAY,2026-03-27T23:33:20.000+0000
0ZRWj0000006MtVOAU,01tWj00000BgsVVIAZ,0ZGam000000itATGAY,2026-03-27T23:32:15.000+0000
0ZRWj0000006NiiOAE,01tWj00000BgsVWIAZ,0ZGam000000itATGAY,2026-03-27T23:33:16.000+0000
0ZRWj0000006NmjOAE,01tWj00000BgsVXIAZ,0ZGam000000itATGAY,2026-03-27T23:33:23.000+0000
0ZRWj0000006N0GOAU,01tWj00000BgsVYIAZ,0ZGam000000itATGAY,2026-03-27T23:32:23.000+0000
0ZRWj0000006N5WOAU,01tWj00000BgsVZIAZ,0ZGam000000itATGAY,2026-03-27T23:32:31.000+0000
0ZRWj0000006N03OAE,01tWj00000BgsVaIAJ,0ZGam000000itATGAY,2026-03-27T23:32:23.000+0000
0ZRWj0000006NnGOAU,01tWj00000BgsVbIAJ,0ZGam000000itATGAY,2026-03-27T23:33:23.000+0000
0ZRWj0000006MxnOAE,01tWj00000BgsVcIAJ,0ZGam000000itATGAY,2026-03-27T23:32:23.000+0000
0ZRWj0000006NAUOA2,01tWj00000BgsVdIAJ,0ZGam000000itATGAY,2026-03-27T23:32:38.000+0000
0ZRWj0000006NVMOA2,01tWj00000BgsVeIAJ,0ZGam000000itATGAY,2026-03-27T23:33:01.000+0000
0ZRWj0000006MzeOAE,01tWj00000BgsVfIAJ,0ZGam000000itATGAY,2026-03-27T23:32:23.000+0000
0ZRWj0000006NtaOAE,01tWj00000BgsVgIAJ,0ZGam000000itATGAY,2026-03-27T23:33:31.000+0000
0ZRWj0000006NeCOAU,01tWj00000BgsVhIAJ,0ZGam000000itATGAY,2026-03-27T23:33:12.000+0000
0ZRWj0000006MwBOAU,01tWj00000BgsViIAJ,0ZGam000000itATGAY,2026-03-27T23:32:20.000+0000
0ZRWj0000006NJXOA2,01tWj00000BgsVjIAJ,0ZGam000000itATGAY,2026-03-27T23:32:46.000+0000
0ZRWj0000006NVdOAM,01tWj00000BgsVkIAJ,0ZGam000000itATGAY,2026-03-27T23:33:01.000+0000
0ZRWj0000006NVyOAM,01tWj00000BgsVlIAJ,0ZGam000000itATGAY,2026-03-27T23:33:01.000+0000
0ZRWj0000006NvbOAE,01tWj00000BgsVmIAJ,0ZGam000000itATGAY,2026-03-27T23:33:31.000+0000
0ZRWj0000006McWOAU,01tWj00000BgsVnIAJ,0ZGam000000itATGAY,2026-03-27T23:31:57.000+0000
0ZRWj0000006NbIOAU,01tWj00000BgsVoIAJ,0ZGam000000itATGAY,2026-03-27T23:33:08.000+0000
0ZRWj0000006MrXOAU,01tWj00000BgsVpIAJ,0ZGam000000itATGAY,2026-03-27T23:32:15.000+0000
0ZRWj0000006N9JOAU,01tWj00000BgsVqIAJ,0ZGam000000itATGAY,2026-03-27T23:32:34.000+0000
0ZRWj0000006NpqOAE,01tWj00000BgsVrIAJ,0ZGam000000itATGAY,2026-03-27T23:33:23.000+0000
0ZRWj0000006N8aOAE,01tWj00000BgsVsIAJ,0ZGam000000itATGAY,2026-03-27T23:32:34.000+0000
0ZRWj0000006NwAOAU,01tWj00000BgsVtIAJ,0ZGam000000itATGAY,2026-03-27T23:33:31.000+0000
0ZRWj0000006NedOAE,01tWj00000BgsVuIAJ,0ZGam000000itATGAY,2026-03-27T23:33:12.000+0000
0ZRWj0000006MsuOAE,01tWj00000BgsVvIAJ,0ZGam000000itATGAY,2026-03-27T23:32:15.000+0000
0ZRWj0000006NYGOA2,01tWj00000BgsVwIAJ,0ZGam000000itATGAY,2026-03-27T23:33:04.000+0000
0ZRWj0000006Md8OAE,01tWj00000BgsVxIAJ,0ZGam000000itATGAY,2026-03-27T23:31:57.000+0000
0ZRWj0000006N6oOAE,01tWj00000BgsVyIAJ,0ZGam000000itATGAY,2026-03-27T23:32:34.000+0000
0ZRWj0000006MmmOAE,01tWj00000BgsVzIAJ,0ZGam000000itATGAY,2026-03-27T23:32:08.000+0000
0ZRWj0000006NgaOAE,01tWj00000BgsW0IAJ,0ZGam000000itATGAY,2026-03-27T23:33:16.000+0000
0ZRWj0000006MuTOAU,01tWj00000BgsW1IAJ,0ZGam000000itATGAY,2026-03-27T23:32:20.000+0000
0ZRWj0000006MwPOAU,01tWj00000BgsW2IAJ,0ZGam000000itATGAY,2026-03-27T23:32:20.000+0000
0ZRWj0000006Ns5OAE,01tWj00000BgsW3IAJ,0ZGam000000itATGAY,2026-03-27T23:33:27.000+0000
0ZRWj0000006N8AOAU,01tWj00000BgsW4IAJ,0ZGam000000itATGAY,2026-03-27T23:32:34.000+0000
0ZRWj0000006NU8OAM,01tWj00000BgsW5IAJ,0ZGam000000itATGAY,2026-03-27T23:33:01.000+0000
0ZRWj0000006MjzOAE,01tWj00000BgsW6IAJ,0ZGam000000itATGAY,2026-03-27T23:32:04.000+0000
0ZRWj0000006MgTOAU,01tWj00000BgsW7IAJ,0ZGam000000itATGAY,2026-03-27T23:32:01.000+0000
0ZRWj0000006NsAOAU,01tWj00000BgsW8IAJ,0ZGam000000itATGAY,2026-03-27T23:33:27.000+0000
0ZRWj0000006NgkOAE,01tWj00000BgsW9IAJ,0ZGam000000itATGAY,2026-03-27T23:33:16.000+0000
0ZRWj0000006NC8OAM,01tWj00000BgsWAIAZ,0ZGam000000itATGAY,2026-03-27T23:32:38.000+0000
0ZRWj0000006NNeOAM,01tWj00000BgsWBIAZ,0ZGam000000itATGAY,2026-03-27T23:32:53.000+0000
0ZRWj0000006NToOAM,01tWj00000BgsWCIAZ,0ZGam000000itATGAY,2026-03-27T23:33:01.000+0000
0ZRWj0000006NhQOAU,01tWj00000BgsWDIAZ,0ZGam000000itATGAY,2026-03-27T23:33:16.000+0000
0ZRWj0000006NFtOAM,01tWj00000BgsWEIAZ,0ZGam000000itATGAY,2026-03-27T23:32:42.000+0000
0ZRWj0000006NUuOAM,01tWj00000BgsWFIAZ,0ZGam000000itATGAY,2026-03-27T23:33:01.000+0000
0ZRWj0000006NIrOAM,01tWj00000BgsWGIAZ,0ZGam000000itATGAY,2026-03-27T23:32:46.000+0000
0ZRWj0000006NOYOA2,01tWj00000BgsWHIAZ,0ZGam000000itATGAY,2026-03-27T23:32:53.000+0000
0ZRWj0000006NntOAE,01tWj00000BgsWIIAZ,0ZGam000000itATGAY,2026-03-27T23:33:23.000+0000
0ZRWj0000006NFuOAM,01tWj00000BgsclIAB,0ZGam000000itATGAY,2026-03-27T23:32:42.000+0000
0ZRWj0000006NpzOAE,01tWj00000BgscmIAB,0ZGam000000itATGAY,2026-03-27T23:33:27.000+0000
0ZRWj0000006NW4OAM,01tWj00000BgscnIAB,0ZGam000000itATGAY,2026-03-27T23:33:01.000+0000
0ZRWj0000006N9vOAE,01tWj00000BgscoIAB,0ZGam000000itATGAY,2026-03-27T23:32:34.000+0000
0ZRWj0000006NSQOA2,01tWj00000BgscpIAB,0ZGam000000itATGAY,2026-03-27T23:32:57.000+0000
0ZRWj0000006NmPOAU,01tWj00000BgscqIAB,0ZGam000000itATGAY,2026-03-27T23:33:20.000+0000
0ZRWj0000006N30OAE,01tWj00000BgscrIAB,0ZGam000000itATGAY,2026-03-27T23:32:27.000+0000
0ZRWj0000006NOfOAM,01tWj00000BgscsIAB,0ZGam000000itATGAY,2026-03-27T23:32:53.000+0000
0ZRWj0000006NiCOAU,01tWj00000BgsctIAB,0ZGam000000itATGAY,2026-03-27T23:33:16.000+0000
0ZRWj0000006NvFOAU,01tWj00000BgscuIAB,0ZGam000000itATGAY,2026-03-27T23:33:31.000+0000
0ZRWj0000006NF4OAM,01tWj00000BgscvIAB,0ZGam000000itATGAY,2026-03-27T23:32:42.000+0000
0ZRWj0000006NsUOAU,01tWj00000BgscwIAB,0ZGam000000itATGAY,2026-03-27T23:33:27.000+0000
0ZRWj0000006MkvOAE,01tWj00000BgscxIAB,0ZGam000000itATGAY,2026-03-27T23:32:08.000+0000
0ZRWj0000006NAxOAM,01tWj00000BgscyIAB,0ZGam000000itATGAY,2026-03-27T23:32:38.000+0000
0ZRWj0000006NiaOAE,01tWj00000BgsczIAB,0ZGam000000itATGAY,2026-03-27T23:33:16.000+0000
0ZRWj0000006NwUOAU,01tWj00000Bgsd0IAB,0ZGam000000itATGAY,2026-03-27T23:33:32.000+0000
0ZRWj0000006MzhOAE,01tWj00000Bgsd1IAB,0ZGam000000itATGAY,2026-03-27T23:32:23.000+0000
0ZRWj0000006NMIOA2,01tWj00000Bgsd2IAB,0ZGam000000itATGAY,2026-03-27T23:32:50.000+0000
0ZRWj0000006N1AOAU,01tWj00000Bgsd3IAB,0ZGam000000itATGAY,2026-03-27T23:32:27.000+0000
0ZRWj0000006NH1OAM,01tWj00000Bgsd4IAB,0ZGam000000itATGAY,2026-03-27T23:32:46.000+0000
0ZRWj0000006N4xOAE,01tWj00000Bgsd5IAB,0ZGam000000itATGAY,2026-03-27T23:32:31.000+0000
0ZRWj0000006NgyOAE,01tWj00000Bgsd6IAB,0ZGam000000itATGAY,2026-03-27T23:33:16.000+0000
0ZRWj0000006NjCOAU,01tWj00000Bgsd7IAB,0ZGam000000itATGAY,2026-03-27T23:33:16.000+0000
0ZRWj0000006MioOAE,01tWj00000Bgsd8IAB,0ZGam000000itATGAY,2026-03-27T23:32:04.000+0000
0ZRWj0000006MpqOAE,01tWj00000Bgsd9IAB,0ZGam000000itATGAY,2026-03-27T23:32:12.000+0000
0ZRWj0000006NrNOAU,01tWj00000BgsdAIAR,0ZGam000000itATGAY,2026-03-27T23:33:27.000+0000
0ZRWj0000006NKjOAM,01tWj00000BgsdBIAR,0ZGam000000itATGAY,2026-03-27T23:32:50.000+0000
0ZRWj0000006NNwOAM,01tWj00000BgsdCIAR,0ZGam000000itATGAY,2026-03-27T23:32:53.000+0000
0ZRWj0000006NCEOA2,01tWj00000BgsdDIAR,0ZGam000000itATGAY,2026-03-27T23:32:38.000+0000
0ZRWj0000006NZ9OAM,01tWj00000BgsdEIAR,0ZGam000000itATGAY,2026-03-27T23:33:04.000+0000
0ZRWj0000006NDYOA2,01tWj00000BgsdFIAR,0ZGam000000itATGAY,2026-03-27T23:32:42.000+0000
0ZRWj0000006MvTOAU,01tWj00000BgsdGIAR,0ZGam000000itATGAY,2026-03-27T23:32:20.000+0000
0ZRWj0000006NJlOAM,01tWj00000BgsdHIAR,0ZGam000000itATGAY,2026-03-27T23:32:50.000+0000
0ZRWj0000006NLkOAM,01tWj00000BgsdIIAR,0ZGam000000itATGAY,2026-03-27T23:32:50.000+0000
0ZRWj0000006MpIOAU,01tWj00000BgsdJIAR,0ZGam000000itATGAY,2026-03-27T23:32:12.000+0000
0ZRWj0000006NX2OAM,01tWj00000BgsdKIAR,0ZGam000000itATGAY,2026-03-27T23:33:04.000+0000
0ZRWj0000006NVjOAM,01tWj00000BgsdLIAR,0ZGam000000itATGAY,2026-03-27T23:33:01.000+0000
0ZRWj0000006NezOAE,01tWj00000BgsdMIAR,0ZGam000000itATGAY,2026-03-27T23:33:12.000+0000
0ZRWj0000006NbYOAU,01tWj00000BgsdNIAR,0ZGam000000itATGAY,2026-03-27T23:33:08.000+0000
0ZRWj0000006MtjOAE,01tWj00000BgsdOIAR,0ZGam000000itATGAY,2026-03-27T23:32:15.000+0000
0ZRWj0000006NFsOAM,01tWj00000BgsdPIAR,0ZGam000000itATGAY,2026-03-27T23:32:42.000+0000
0ZRWj0000006MtJOAU,01tWj00000BgsdQIAR,0ZGam000000itATGAY,2026-03-27T23:32:15.000+0000
0ZRWj0000006MgUOAU,01tWj00000BgsdRIAR,0ZGam000000itATGAY,2026-03-27T23:32:01.000+0000
0ZRWj0000006NAaOAM,01tWj00000BgsdSIAR,0ZGam000000itATGAY,2026-03-27T23:32:38.000+0000
0ZRWj0000006NHFOA2,01tWj00000BgsdTIAR,0ZGam000000itATGAY,2026-03-27T23:32:46.000+0000
0ZRWj0000006Me0OAE,01tWj00000BgsdUIAR,0ZGam000000itATGAY,2026-03-27T23:32:01.000+0000
0ZRWj0000006MmgOAE,01tWj00000BgsdVIAR,0ZGam000000itATGAY,2026-03-27T23:32:08.000+0000
0ZRWj0000006NlVOAU,01tWj00000BgsdWIAR,0ZGam000000itATGAY,2026-03-27T23:33:20.000+0000
0ZRWj0000006NdMOAU,01tWj00000BgsdXIAR,0ZGam000000itATGAY,2026-03-27T23:33:12.000+0000
0ZRWj0000006MtyOAE,01tWj00000BgsdYIAR,0ZGam000000itATGAY,2026-03-27T23:32:20.000+0000
0ZRWj0000006NbSOAU,01tWj00000BgsdZIAR,0ZGam000000itATGAY,2026-03-27T23:33:08.000+0000
0ZRWj0000006NjQOAU,01tWj00000BgsdaIAB,0ZGam000000itATGAY,2026-03-27T23:33:16.000+0000
0ZRWj0000006MgQOAU,01tWj00000BgsdbIAB,0ZGam000000itATGAY,2026-03-27T23:32:01.000+0000
0ZRWj0000006MqBOAU,01tWj00000BgsdcIAB,0ZGam000000itATGAY,2026-03-27T23:32:12.000+0000
0ZRWj0000006NtvOAE,01tWj00000BgsddIAB,0ZGam000000itATGAY,2026-03-27T23:33:31.000+0000
0ZRWj0000006NMuOAM,01tWj00000BgsdeIAB,0ZGam000000itATGAY,2026-03-27T23:32:50.000+0000
0ZRWj0000006NJ6OAM,01tWj00000BgsdfIAB,0ZGam000000itATGAY,2026-03-27T23:32:46.000+0000
0ZRWj0000006MoFOAU,01tWj00000BgsdgIAB,0ZGam000000itATGAY,2026-03-27T23:32:12.000+0000
0ZRWj0000006MuGOAU,01tWj00000BgsdhIAB,0ZGam000000itATGAY,2026-03-27T23:32:20.000+0000
0ZRWj0000006MdLOAU,01tWj00000BgsdiIAB,0ZGam000000itATGAY,2026-03-27T23:31:57.000+0000
0ZRWj0000006Nv3OAE,01tWj00000BgsdjIAB,0ZGam000000itATGAY,2026-03-27T23:33:31.000+0000
0ZRWj0000006NhROAU,01tWj00000BgsdkIAB,0ZGam000000itATGAY,2026-03-27T23:33:16.000+0000
0ZRWj0000006NTZOA2,01tWj00000BgsdlIAB,0ZGam000000itATGAY,2026-03-27T23:33:01.000+0000
0ZRWj0000006NXJOA2,01tWj00000BgsdmIAB,0ZGam000000itATGAY,2026-03-27T23:33:04.000+0000
0ZRWj0000006NklOAE,01tWj00000BgsdnIAB,0ZGam000000itATGAY,2026-03-27T23:33:20.000+0000
0ZRWj0000006MyKOAU,01tWj00000BgsdoIAB,0ZGam000000itATGAY,2026-03-27T23:32:23.000+0000
0ZRWj0000006N1POAU,01tWj00000BgsdpIAB,0ZGam000000itATGAY,2026-03-27T23:32:27.000+0000
0ZRWj0000006NmtOAE,01tWj00000BgsdqIAB,0ZGam000000itATGAY,2026-03-27T23:33:23.000+0000
0ZRWj0000006NMqOAM,01tWj00000BgsdrIAB,0ZGam000000itATGAY,2026-03-27T23:32:50.000+0000
0ZRWj0000006Np7OAE,01tWj00000BgsdsIAB,0ZGam000000itATGAY,2026-03-27T23:33:23.000+0000
0ZRWj0000006MjTOAU,01tWj00000BgsdtIAB,0ZGam000000itATGAY,2026-03-27T23:32:04.000+0000
0ZRWj0000006N2DOAU,01tWj00000BgsduIAB,0ZGam000000itATGAY,2026-03-27T23:32:27.000+0000
0ZRWj0000006NXiOAM,01tWj00000BgsdvIAB,0ZGam000000itATGAY,2026-03-27T23:33:04.000+0000
0ZRWj0000006MmNOAU,01tWj00000BgsdwIAB,0ZGam000000itATGAY,2026-03-27T23:32:08.000+0000
0ZRWj0000006MwNOAU,01tWj00000BgsdxIAB,0ZGam000000itATGAY,2026-03-27T23:32:20.000+0000
0ZRWj0000006MqOOAU,01tWj00000BgsdyIAB,0ZGam000000itATGAY,2026-03-27T23:32:12.000+0000
0ZRWj0000006NWMOA2,01tWj00000BgsdzIAB,0ZGam000000itATGAY,2026-03-27T23:33:01.000+0000
0ZRWj0000006N6FOAU,01tWj00000Bgse0IAB,0ZGam000000itATGAY,2026-03-27T23:32:31.000+0000
0ZRWj0000006MkhOAE,01tWj00000Bgse1IAB,0ZGam000000itATGAY,2026-03-27T23:32:08.000+0000
0ZRWj0000006MdpOAE,01tWj00000Bgse2IAB,0ZGam000000itATGAY,2026-03-27T23:32:01.000+0000
0ZRWj0000006NqIOAU,01tWj00000Bgse3IAB,0ZGam000000itATGAY,2026-03-27T23:33:27.000+0000
0ZRWj0000006MrhOAE,01tWj00000Bgse4IAB,0ZGam000000itATGAY,2026-03-27T23:32:15.000+0000
0ZRWj0000006N8jOAE,01tWj00000Bgse5IAB,0ZGam000000itATGAY,2026-03-27T23:32:34.000+0000
0ZRWj0000006NJxOAM,01tWj00000Bgse6IAB,0ZGam000000itATGAY,2026-03-27T23:32:50.000+0000
0ZRWj0000006NXdOAM,01tWj00000Bgse7IAB,0ZGam000000itATGAY,2026-03-27T23:33:04.000+0000
0ZRWj0000006NZcOAM,01tWj00000Bgse8IAB,0ZGam000000itATGAY,2026-03-27T23:33:04.000+0000
0ZRWj0000006Nc4OAE,01tWj00000Bgse9IAB,0ZGam000000itATGAY,2026-03-27T23:33:08.000+0000
0ZRWj0000006Nq8OAE,01tWj00000BgseAIAR,0ZGam000000itATGAY,2026-03-27T23:33:27.000+0000
0ZRWj0000006Mi2OAE,01tWj00000BgseBIAR,0ZGam000000itATGAY,2026-03-27T23:32:04.000+0000
0ZRWj0000006MscOAE,01tWj00000BgseCIAR,0ZGam000000itATGAY,2026-03-27T23:32:15.000+0000
0ZRWj0000006NwbOAE,01tWj00000BgseDIAR,0ZGam000000itATGAY,2026-03-27T23:33:32.000+0000
0ZRWj0000006NweOAE,01tWj00000BgseEIAR,0ZGam000000itATGAY,2026-03-27T23:33:32.000+0000
0ZRWj0000006N8UOAU,01tWj00000BgseFIAR,0ZGam000000itATGAY,2026-03-27T23:32:34.000+0000
0ZRWj0000006McrOAE,01tWj00000BgseGIAR,0ZGam000000itATGAY,2026-03-27T23:31:57.000+0000
0ZRWj0000006NEJOA2,01tWj00000BgseHIAR,0ZGam000000itATGAY,2026-03-27T23:32:42.000+0000
0ZRWj0000006NNIOA2,01tWj00000BgseIIAR,0ZGam000000itATGAY,2026-03-27T23:32:53.000+0000
0ZRWj0000006MrpOAE,01tWj00000BgseJIAR,0ZGam000000itATGAY,2026-03-27T23:32:15.000+0000
0ZRWj0000006Mu7OAE,01tWj00000BgseKIAR,0ZGam000000itATGAY,2026-03-27T23:32:20.000+0000
0ZRWj0000006NkVOAU,01tWj00000BgseLIAR,0ZGam000000itATGAY,2026-03-27T23:33:20.000+0000
0ZRWj0000006NqqOAE,01tWj00000BgseMIAR,0ZGam000000itATGAY,2026-03-27T23:33:27.000+0000
0ZRWj0000006NZVOA2,01tWj00000BgseNIAR,0ZGam000000itATGAY,2026-03-27T23:33:04.000+0000
0ZRWj0000006NVNOA2,01tWj00000BgseOIAR,0ZGam000000itATGAY,2026-03-27T23:33:01.000+0000
0ZRWj0000006MyiOAE,01tWj00000BgsePIAR,0ZGam000000itATGAY,2026-03-27T23:32:23.000+0000
0ZRWj0000006NneOAE,01tWj00000BgseQIAR,0ZGam000000itATGAY,2026-03-27T23:33:23.000+0000
0ZRWj0000006NXIOA2,01tWj00000BgseRIAR,0ZGam000000itATGAY,2026-03-27T23:33:04.000+0000
0ZRWj0000006NvROAU,01tWj00000BgseSIAR,0ZGam000000itATGAY,2026-03-27T23:33:31.000+0000
0ZRWj0000006NVTOA2,01tWj00000BgseTIAR,0ZGam000000itATGAY,2026-03-27T23:33:01.000+0000
0ZRWj0000006N0nOAE,01tWj00000BgseUIAR,0ZGam000000itATGAY,2026-03-27T23:32:27.000+0000
0ZRWj0000006NkYOAU,01tWj00000BgseVIAR,0ZGam000000itATGAY,2026-03-27T23:33:20.000+0000
0ZRWj0000006MhDOAU,01tWj00000BgseWIAR,0ZGam000000itATGAY,2026-03-27T23:32:04.000+0000
0ZRWj0000006Mq7OAE,01tWj00000BgseXIAR,0ZGam000000itATGAY,2026-03-27T23:32:12.000+0000
0ZRWj0000006McdOAE,01tWj00000BgseYIAR,0ZGam000000itATGAY,2026-03-27T23:31:57.000+0000
0ZRWj0000006N9mOAE,01tWj00000BgseZIAR,0ZGam000000itATGAY,2026-03-27T23:32:34.000+0000
0ZRWj0000006MnjOAE,01tWj00000BgseaIAB,0ZGam000000itATGAY,2026-03-27T23:32:12.000+0000
0ZRWj0000006NhNOAU,01tWj00000BgsebIAB,0ZGam000000itATGAY,2026-03-27T23:33:16.000+0000
0ZRWj0000006MtiOAE,01tWj00000BgsecIAB,0ZGam000000itATGAY,2026-03-27T23:32:15.000+0000
0ZRWj0000006NIOOA2,01tWj00000BgsedIAB,0ZGam000000itATGAY,2026-03-27T23:32:46.000+0000
0ZRWj0000006NshOAE,01tWj00000BgseeIAB,0ZGam000000itATGAY,2026-03-27T23:33:27.000+0000
0ZRWj0000006NKCOA2,01tWj00000BgsefIAB,0ZGam000000itATGAY,2026-03-27T23:32:50.000+0000
0ZRWj0000006NMjOAM,01tWj00000BgsegIAB,0ZGam000000itATGAY,2026-03-27T23:32:50.000+0000
0ZRWj0000006N0TOAU,01tWj00000BgsehIAB,0ZGam000000itATGAY,2026-03-27T23:32:27.000+0000
0ZRWj0000006MflOAE,01tWj00000BgseiIAB,0ZGam000000itATGAY,2026-03-27T23:32:01.000+0000
0ZRWj0000006N3WOAU,01tWj00000BgsejIAB,0ZGam000000itATGAY,2026-03-27T23:32:27.000+0000
0ZRWj0000006MmqOAE,01tWj00000BgsekIAB,0ZGam000000itATGAY,2026-03-27T23:32:08.000+0000
0ZRWj0000006NdsOAE,01tWj00000BgselIAB,0ZGam000000itATGAY,2026-03-27T23:33:12.000+0000
0ZRWj0000006NO3OAM,01tWj00000BgsemIAB,0ZGam000000itATGAY,2026-03-27T23:32:53.000+0000
0ZRWj0000006NVDOA2,01tWj00000BgsenIAB,0ZGam000000itATGAY,2026-03-27T23:33:01.000+0000
0ZRWj0000006NTgOAM,01tWj00000BgseoIAB,0ZGam000000itATGAY,2026-03-27T23:33:01.000+0000
0ZRWj0000006NoyOAE,01tWj00000BgsepIAB,0ZGam000000itATGAY,2026-03-27T23:33:23.000+0000
0ZRWj0000006MyDOAU,01tWj00000BgseqIAB,0ZGam000000itATGAY,2026-03-27T23:32:23.000+0000
0ZRWj0000006NQ2OAM,01tWj00000BgserIAB,0ZGam000000itATGAY,2026-03-27T23:32:53.000+0000
0ZRWj0000006NE1OAM,01tWj00000BgsesIAB,0ZGam000000itATGAY,2026-03-27T23:32:42.000+0000
0ZRWj0000006MfjOAE,01tWj00000BgsetIAB,0ZGam000000itATGAY,2026-03-27T23:32:01.000+0000
0ZRWj0000006MonOAE,01tWj00000BgseuIAB,0ZGam000000itATGAY,2026-03-27T23:32:12.000+0000
0ZRWj0000006Mj8OAE,01tWj00000BgsevIAB,0ZGam000000itATGAY,2026-03-27T23:32:04.000+0000
0ZRWj0000006NRmOAM,01tWj00000BgsewIAB,0ZGam000000itATGAY,2026-03-27T23:32:57.000+0000
0ZRWj0000006NWAOA2,01tWj00000BgsexIAB,0ZGam000000itATGAY,2026-03-27T23:33:01.000+0000
0ZRWj0000006NrCOAU,01tWj00000BgseyIAB,0ZGam000000itATGAY,2026-03-27T23:33:27.000+0000
0ZRWj0000006Nm9OAE,01tWj00000BgsezIAB,0ZGam000000itATGAY,2026-03-27T23:33:20.000+0000
0ZRWj0000006NNnOAM,01tWj00000Bgsf0IAB,0ZGam000000itATGAY,2026-03-27T23:32:53.000+0000
0ZRWj0000006NH7OAM,01tWj00000Bgsf1IAB,0ZGam000000itATGAY,2026-03-27T23:32:46.000+0000
0ZRWj0000006NI7OAM,01tWj00000Bgsf2IAB,0ZGam000000itATGAY,2026-03-27T23:32:46.000+0000
0ZRWj0000006MbLOAU,01tWj00000Bgsf3IAB,0ZGam000000itATGAY,2026-03-27T23:31:57.000+0000
0ZRWj0000006NAzOAM,01tWj00000Bgsf4IAB,0ZGam000000itATGAY,2026-03-27T23:32:38.000+0000
0ZRWj0000006N1wOAE,01tWj00000Bgsf5IAB,0ZGam000000itATGAY,2026-03-27T23:32:27.000+0000
0ZRWj0000006NZzOAM,01tWj00000Bgsf6IAB,0ZGam000000itATGAY,2026-03-27T23:33:08.000+0000
0ZRWj0000006NRGOA2,01tWj00000Bgsf7IAB,0ZGam000000itATGAY,2026-03-27T23:32:57.000+0000
0ZRWj0000006MlAOAU,01tWj00000Bgsf8IAB,0ZGam000000itATGAY,2026-03-27T23:32:08.000+0000
0ZRWj0000006NSDOA2,01tWj00000Bgsf9IAB,0ZGam000000itATGAY,2026-03-27T23:32:57.000+0000
0ZRWj0000006NvIOAU,01tWj00000BgsfAIAR,0ZGam000000itATGAY,2026-03-27T23:33:31.000+0000
0ZRWj0000006NXkOAM,01tWj00000BgsfBIAR,0ZGam000000itATGAY,2026-03-27T23:33:04.000+0000
0ZRWj0000006N5EOAU,01tWj00000BgsfCIAR,0ZGam000000itATGAY,2026-03-27T23:32:31.000+0000
0ZRWj0000006MiAOAU,01tWj00000BgsfDIAR,0ZGam000000itATGAY,2026-03-27T23:32:04.000+0000
0ZRWj0000006NMSOA2,01tWj00000BgsfEIAR,0ZGam000000itATGAY,2026-03-27T23:32:50.000+0000
0ZRWj0000006NQPOA2,01tWj00000BgsfFIAR,0ZGam000000itATGAY,2026-03-27T23:32:57.000+0000
0ZRWj0000006NRTOA2,01tWj00000BgsfGIAR,0ZGam000000itATGAY,2026-03-27T23:32:57.000+0000
0ZRWj0000006NAAOA2,01tWj00000BgsfHIAR,0ZGam000000itATGAY,2026-03-27T23:32:38.000+0000
0ZRWj0000006NR3OAM,01tWj00000BgsfIIAR,0ZGam000000itATGAY,2026-03-27T23:32:57.000+0000
0ZRWj0000006NBmOAM,01tWj00000BgsfJIAR,0ZGam000000itATGAY,2026-03-27T23:32:38.000+0000
0ZRWj0000006NvxOAE,01tWj00000BgsfKIAR,0ZGam000000itATGAY,2026-03-27T23:33:31.000+0000
0ZRWj0000006MfJOAU,01tWj00000BgsfLIAR,0ZGam000000itATGAY,2026-03-27T23:32:01.000+0000
0ZRWj0000006MrGOAU,01tWj00000BgsfMIAR,0ZGam000000itATGAY,2026-03-27T23:32:15.000+0000
0ZRWj0000006NBwOAM,01tWj00000BgsfNIAR,0ZGam000000itATGAY,2026-03-27T23:32:38.000+0000
0ZRWj0000006NlMOAU,01tWj00000BgsfOIAR,0ZGam000000itATGAY,2026-03-27T23:33:20.000+0000
0ZRWj0000006Nt5OAE,01tWj00000BgsfPIAR,0ZGam000000itATGAY,2026-03-27T23:33:27.000+0000
0ZRWj0000006NkOOAU,01tWj00000BgsfQIAR,0ZGam000000itATGAY,2026-03-27T23:33:20.000+0000
0ZRWj0000006MfBOAU,01tWj00000BgsfRIAR,0ZGam000000itATGAY,2026-03-27T23:32:01.000+0000
0ZRWj0000006NHUOA2,01tWj00000BgsfSIAR,0ZGam000000itATGAY,2026-03-27T23:32:46.000+0000
0ZRWj0000006My8OAE,01tWj00000BgsfTIAR,0ZGam000000itATGAY,2026-03-27T23:32:23.000+0000
0ZRWj0000006Mm6OAE,01tWj00000BgsfUIAR,0ZGam000000itATGAY,2026-03-27T23:32:08.000+0000
0ZRWj0000006NYXOA2,01tWj00000BgsfVIAR,0ZGam000000itATGAY,2026-03-27T23:33:04.000+0000
0ZRWj0000006NdoOAE,01tWj00000BgsfWIAR,0ZGam000000itATGAY,2026-03-27T23:33:12.000+0000
0ZRWj0000006NDoOAM,01tWj00000BgsfXIAR,0ZGam000000itATGAY,2026-03-27T23:32:42.000+0000
0ZRWj0000006NdIOAU,01tWj00000BgsfYIAR,0ZGam000000itATGAY,2026-03-27T23:33:12.000+0000
0ZRWj0000006NTzOAM,01tWj00000BgsfZIAR,0ZGam000000itATGAY,2026-03-27T23:33:01.000+0000
0ZRWj0000006MyqOAE,01tWj00000BgsfaIAB,0ZGam000000itATGAY,2026-03-27T23:32:23.000+0000
0ZRWj0000006MxwOAE,01tWj00000BgsfbIAB,0ZGam000000itATGAY,2026-03-27T23:32:23.000+0000
0ZRWj0000006Mv2OAE,01tWj00000BgsfcIAB,0ZGam000000itATGAY,2026-03-27T23:32:20.000+0000
0ZRWj0000006MjuOAE,01tWj00000BgsfdIAB,0ZGam000000itATGAY,2026-03-27T23:32:04.000+0000
0ZRWj0000006NMmOAM,01tWj00000BgsfeIAB,0ZGam000000itATGAY,2026-03-27T23:32:50.000+0000
0ZRWj0000006NITOA2,01tWj00000BgsffIAB,0ZGam000000itATGAY,2026-03-27T23:32:46.000+0000
0ZRWj0000006MbAOAU,01tWj00000BgsfgIAB,0ZGam000000itATGAY,2026-03-27T23:31:57.000+0000
0ZRWj0000006NmBOAU,01tWj00000BgsfhIAB,0ZGam000000itATGAY,2026-03-27T23:33:20.000+0000
0ZRWj0000006MbHOAU,01tWj00000BgsfiIAB,0ZGam000000itATGAY,2026-03-27T23:31:57.000+0000
0ZRWj0000006NslOAE,01tWj00000BgsfjIAB,0ZGam000000itATGAY,2026-03-27T23:33:27.000+0000
0ZRWj0000006NhMOAU,01tWj00000BgsfkIAB,0ZGam000000itATGAY,2026-03-27T23:33:16.000+0000
0ZRWj0000006MzEOAU,01tWj00000BgsflIAB,0ZGam000000itATGAY,2026-03-27T23:32:23.000+0000
0ZRWj0000006MkWOAU,01tWj00000BgsfmIAB,0ZGam000000itATGAY,2026-03-27T23:32:08.000+0000
0ZRWj0000006N5KOAU,01tWj00000BgsfnIAB,0ZGam000000itATGAY,2026-03-27T23:32:31.000+0000
0ZRWj0000006NDIOA2,01tWj00000BgsfoIAB,0ZGam000000itATGAY,2026-03-27T23:32:42.000+0000
0ZRWj0000006NYfOAM,01tWj00000BgsfpIAB,0ZGam000000itATGAY,2026-03-27T23:33:04.000+0000
0ZRWj0000006MpYOAU,01tWj00000BgsfqIAB,0ZGam000000itATGAY,2026-03-27T23:32:12.000+0000
0ZRWj0000006NKEOA2,01tWj00000BgsfrIAB,0ZGam000000itATGAY,2026-03-27T23:32:50.000+0000
0ZRWj0000006NXcOAM,01tWj00000BgsfsIAB,0ZGam000000itATGAY,2026-03-27T23:33:04.000+0000
0ZRWj0000006MrcOAE,01tWj00000BgsftIAB,0ZGam000000itATGAY,2026-03-27T23:32:15.000+0000
0ZRWj0000006NCVOA2,01tWj00000BgsfuIAB,0ZGam000000itATGAY,2026-03-27T23:32:38.000+0000
0ZRWj0000006NpcOAE,01tWj00000BgsfvIAB,0ZGam000000itATGAY,2026-03-27T23:33:23.000+0000
0ZRWj0000006MkHOAU,01tWj00000BgsfwIAB,0ZGam000000itATGAY,2026-03-27T23:32:08.000+0000
0ZRWj0000006N3XOAU,01tWj00000BgsfxIAB,0ZGam000000itATGAY,2026-03-27T23:32:27.000+0000
0ZRWj0000006Nc8OAE,01tWj00000BgsfyIAB,0ZGam000000itATGAY,2026-03-27T23:33:08.000+0000
0ZRWj0000006NiHOAU,01tWj00000BgsfzIAB,0ZGam000000itATGAY,2026-03-27T23:33:16.000+0000
0ZRWj0000006NL6OAM,01tWj00000Bgsg0IAB,0ZGam000000itATGAY,2026-03-27T23:32:50.000+0000
0ZRWj0000006NfCOAU,01tWj00000Bgsg1IAB,0ZGam000000itATGAY,2026-03-27T23:33:12.000+0000
0ZRWj0000006MoAOAU,01tWj00000Bgsg2IAB,0ZGam000000itATGAY,2026-03-27T23:32:12.000+0000
0ZRWj0000006MuwOAE,01tWj00000Bgsg3IAB,0ZGam000000itATGAY,2026-03-27T23:32:20.000+0000
0ZRWj0000006MgoOAE,01tWj00000Bgsg4IAB,0ZGam000000itATGAY,2026-03-27T23:32:01.000+0000
0ZRWj0000006N8NOAU,01tWj00000Bgsg5IAB,0ZGam000000itATGAY,2026-03-27T23:32:34.000+0000
0ZRWj0000006N75OAE,01tWj00000Bgsg6IAB,0ZGam000000itATGAY,2026-03-27T23:32:34.000+0000
0ZRWj0000006N2VOAU,01tWj00000Bgsg7IAB,0ZGam000000itATGAY,2026-03-27T23:32:27.000+0000
0ZRWj0000006MvdOAE,01tWj00000Bgsg8IAB,0ZGam000000itATGAY,2026-03-27T23:32:20.000+0000
0ZRWj0000006NB3OAM,01tWj00000Bgsg9IAB,0ZGam000000itATGAY,2026-03-27T23:32:38.000+0000
0ZRWj0000006NPMOA2,01tWj00000BgsgAIAR,0ZGam000000itATGAY,2026-03-27T23:32:53.000+0000
0ZRWj0000006MxHOAU,01tWj00000BgsgBIAR,0ZGam000000itATGAY,2026-03-27T23:32:23.000+0000
0ZRWj0000006MfROAU,01tWj00000BgsgCIAR,0ZGam000000itATGAY,2026-03-27T23:32:01.000+0000
0ZRWj0000006Mz4OAE,01tWj00000BgsgDIAR,0ZGam000000itATGAY,2026-03-27T23:32:23.000+0000
0ZRWj0000006NEMOA2,01tWj00000BgsgEIAR,0ZGam000000itATGAY,2026-03-27T23:32:42.000+0000
0ZRWj0000006MxLOAU,01tWj00000BgsgFIAR,0ZGam000000itATGAY,2026-03-27T23:32:23.000+0000
0ZRWj0000006MbdOAE,01tWj00000BgsgGIAR,0ZGam000000itATGAY,2026-03-27T23:31:57.000+0000
0ZRWj0000006NW3OAM,01tWj00000BgsgHIAR,0ZGam000000itATGAY,2026-03-27T23:33:01.000+0000
0ZRWj0000006NGDOA2,01tWj00000BgsgIIAR,0ZGam000000itATGAY,2026-03-27T23:32:42.000+0000
0ZRWj0000006NOwOAM,01tWj00000BgsgJIAR,0ZGam000000itATGAY,2026-03-27T23:32:53.000+0000
0ZRWj0000006MbnOAE,01tWj00000BgsgKIAR,0ZGam000000itATGAY,2026-03-27T23:31:57.000+0000
0ZRWj0000006MoBOAU,01tWj00000BgsgLIAR,0ZGam000000itATGAY,2026-03-27T23:32:12.000+0000
0ZRWj0000006MaqOAE,01tWj00000BgsgMIAR,0ZGam000000itATGAY,2026-03-27T23:31:57.000+0000
0ZRWj0000006Nh1OAE,01tWj00000BgsgNIAR,0ZGam000000itATGAY,2026-03-27T23:33:16.000+0000
0ZRWj0000006MnrOAE,01tWj00000BgsgOIAR,0ZGam000000itATGAY,2026-03-27T23:32:12.000+0000
0ZRWj0000006NuzOAE,01tWj00000BgsgPIAR,0ZGam000000itATGAY,2026-03-27T23:33:31.000+0000
0ZRWj0000006MysOAE,01tWj00000BgsgQIAR,0ZGam000000itATGAY,2026-03-27T23:32:23.000+0000
0ZRWj0000006NapOAE,01tWj00000BgsgRIAR,0ZGam000000itATGAY,2026-03-27T23:33:08.000+0000
0ZRWj0000006NttOAE,01tWj00000BgsgSIAR,0ZGam000000itATGAY,2026-03-27T23:33:31.000+0000
0ZRWj0000006NW2OAM,01tWj00000BgsgTIAR,0ZGam000000itATGAY,2026-03-27T23:33:01.000+0000
0ZRWj0000006MpZOAU,01tWj00000BgsgUIAR,0ZGam000000itATGAY,2026-03-27T23:32:12.000+0000
0ZRWj0000006NEoOAM,01tWj00000BgsgVIAR,0ZGam000000itATGAY,2026-03-27T23:32:42.000+0000
0ZRWj0000006NvSOAU,01tWj00000BgsgWIAR,0ZGam000000itATGAY,2026-03-27T23:33:31.000+0000
0ZRWj0000006NP7OAM,01tWj00000BgsgXIAR,0ZGam000000itATGAY,2026-03-27T23:32:53.000+0000
0ZRWj0000006NKcOAM,01tWj00000BgsgYIAR,0ZGam000000itATGAY,2026-03-27T23:32:50.000+0000
0ZRWj0000006NrnOAE,01tWj00000BgsgZIAR,0ZGam000000itATGAY,2026-03-27T23:33:27.000+0000
0ZRWj0000006NMcOAM,01tWj00000BgsgaIAB,0ZGam000000itATGAY,2026-03-27T23:32:50.000+0000
0ZRWj0000006NPzOAM,01tWj00000BgsgbIAB,0ZGam000000itATGAY,2026-03-27T23:32:53.000+0000
0ZRWj0000006NfaOAE,01tWj00000BgsgcIAB,0ZGam000000itATGAY,2026-03-27T23:33:12.000+0000
0ZRWj0000006Np5OAE,01tWj00000BgsgdIAB,0ZGam000000itATGAY,2026-03-27T23:33:23.000+0000
0ZRWj0000006NaXOAU,01tWj00000BgsgeIAB,0ZGam000000itATGAY,2026-03-27T23:33:08.000+0000
0ZRWj0000006NWYOA2,01tWj00000BgsgfIAB,0ZGam000000itATGAY,2026-03-27T23:33:01.000+0000
0ZRWj0000006N4QOAU,01tWj00000BgsggIAB,0ZGam000000itATGAY,2026-03-27T23:32:31.000+0000
0ZRWj0000006NK7OAM,01tWj00000BgsghIAB,0ZGam000000itATGAY,2026-03-27T23:32:50.000+0000
0ZRWj0000006NkJOAU,01tWj00000BgsgiIAB,0ZGam000000itATGAY,2026-03-27T23:33:20.000+0000
0ZRWj0000006MxXOAU,01tWj00000BgsgjIAB,0ZGam000000itATGAY,2026-03-27T23:32:23.000+0000
0ZRWj0000006NkMOAU,01tWj00000BgsgkIAB,0ZGam000000itATGAY,2026-03-27T23:33:20.000+0000
0ZRWj0000006MghOAE,01tWj00000BgsglIAB,0ZGam000000itATGAY,2026-03-27T23:32:01.000+0000
0ZRWj0000006Ng4OAE,01tWj00000BgsgmIAB,0ZGam000000itATGAY,2026-03-27T23:33:12.000+0000
0ZRWj0000006NB8OAM,01tWj00000BgsgnIAB,0ZGam000000itATGAY,2026-03-27T23:32:38.000+0000
0ZRWj0000006N6HOAU,01tWj00000BgsgoIAB,0ZGam000000itATGAY,2026-03-27T23:32:31.000+0000
0ZRWj0000006Nl3OAE,01tWj00000BgsgpIAB,0ZGam000000itATGAY,2026-03-27T23:33:20.000+0000
0ZRWj0000006MyOOAU,01tWj00000BgsgqIAB,0ZGam000000itATGAY,2026-03-27T23:32:23.000+0000
0ZRWj0000006NLcOAM,01tWj00000BgsgrIAB,0ZGam000000itATGAY,2026-03-27T23:32:50.000+0000
0ZRWj0000006NSmOAM,01tWj00000BgsgsIAB,0ZGam000000itATGAY,2026-03-27T23:32:57.000+0000
0ZRWj0000006MqCOAU,01tWj00000BgsgtIAB,0ZGam000000itATGAY,2026-03-27T23:32:12.000+0000
0ZRWj0000006NSHOA2,01tWj00000BgsguIAB,0ZGam000000itATGAY,2026-03-27T23:32:57.000+0000
0ZRWj0000006MdZOAU,01tWj00000BgsgvIAB,0ZGam000000itATGAY,2026-03-27T23:31:57.000+0000
0ZRWj0000006N6GOAU,01tWj00000BgsgwIAB,0ZGam000000itATGAY,2026-03-27T23:32:31.000+0000
0ZRWj0000006NoQOAU,01tWj00000BgsgxIAB,0ZGam000000itATGAY,2026-03-27T23:33:23.000+0000
0ZRWj0000006MidOAE,01tWj00000BgsgyIAB,0ZGam000000itATGAY,2026-03-27T23:32:04.000+0000
0ZRWj0000006NDWOA2,01tWj00000BgsgzIAB,0ZGam000000itATGAY,2026-03-27T23:32:42.000+0000
0ZRWj0000006NJgOAM,01tWj00000Bgsh0IAB,0ZGam000000itATGAY,2026-03-27T23:32:46.000+0000
0ZRWj0000006NWCOA2,01tWj00000Bgsh1IAB,0ZGam000000itATGAY,2026-03-27T23:33:01.000+0000
0ZRWj0000006NmzOAE,01tWj00000Bgsh2IAB,0ZGam000000itATGAY,2026-03-27T23:33:23.000+0000
0ZRWj0000006MmLOAU,01tWj00000Bgsh3IAB,0ZGam000000itATGAY,2026-03-27T23:32:08.000+0000
0ZRWj0000006No8OAE,01tWj00000Bgsh4IAB,0ZGam000000itATGAY,2026-03-27T23:33:23.000+0000
0ZRWj0000006NEROA2,01tWj00000Bgsh5IAB,0ZGam000000itATGAY,2026-03-27T23:32:42.000+0000
0ZRWj0000006NcjOAE,01tWj00000Bgsh6IAB,0ZGam000000itATGAY,2026-03-27T23:33:08.000+0000
0ZRWj0000006MwDOAU,01tWj00000Bgsh7IAB,0ZGam000000itATGAY,2026-03-27T23:32:20.000+0000
0ZRWj0000006MtOOAU,01tWj00000Bgsh8IAB,0ZGam000000itATGAY,2026-03-27T23:32:15.000+0000
0ZRWj0000006NmQOAU,01tWj00000Bgsh9IAB,0ZGam000000itATGAY,2026-03-27T23:33:20.000+0000
0ZRWj0000006MrlOAE,01tWj00000BgshAIAR,0ZGam000000itATGAY,2026-03-27T23:32:15.000+0000
0ZRWj0000006NQFOA2,01tWj00000BgshBIAR,0ZGam000000itATGAY,2026-03-27T23:32:57.000+0000
0ZRWj0000006Nk8OAE,01tWj00000BgshCIAR,0ZGam000000itATGAY,2026-03-27T23:33:20.000+0000
0ZRWj0000006NBMOA2,01tWj00000BgshDIAR,0ZGam000000itATGAY,2026-03-27T23:32:38.000+0000
0ZRWj0000006NtNOAU,01tWj00000BgshEIAR,0ZGam000000itATGAY,2026-03-27T23:33:31.000+0000
0ZRWj0000006MnTOAU,01tWj00000BgshFIAR,0ZGam000000itATGAY,2026-03-27T23:32:12.000+0000
0ZRWj0000006NmvOAE,01tWj00000BgshGIAR,0ZGam000000itATGAY,2026-03-27T23:33:23.000+0000
0ZRWj0000006Mw8OAE,01tWj00000BgshHIAR,0ZGam000000itATGAY,2026-03-27T23:32:20.000+0000
0ZRWj0000006NeyOAE,01tWj00000BgshIIAR,0ZGam000000itATGAY,2026-03-27T23:33:12.000+0000
0ZRWj0000006NYjOAM,01tWj00000BgshJIAR,0ZGam000000itATGAY,2026-03-27T23:33:04.000+0000
0ZRWj0000006N9QOAU,01tWj00000BgshKIAR,0ZGam000000itATGAY,2026-03-27T23:32:34.000+0000
0ZRWj0000006NiROAU,01tWj00000BgshLIAR,0ZGam000000itATGAY,2026-03-27T23:33:16.000+0000
0ZRWj0000006NXPOA2,01tWj00000BgshMIAR,0ZGam000000itATGAY,2026-03-27T23:33:04.000+0000
0ZRWj0000006N9KOAU,01tWj00000BgshNIAR,0ZGam000000itATGAY,2026-03-27T23:32:34.000+0000
0ZRWj0000006NuaOAE,01tWj00000BgshOIAR,0ZGam000000itATGAY,2026-03-27T23:33:31.000+0000
0ZRWj0000006NhcOAE,01tWj00000BgshPIAR,0ZGam000000itATGAY,2026-03-27T23:33:16.000+0000
0ZRWj0000006MnsOAE,01tWj00000BgshQIAR,0ZGam000000itATGAY,2026-03-27T23:32:12.000+0000
0ZRWj0000006N8BOAU,01tWj00000BgshRIAR,0ZGam000000itATGAY,2026-03-27T23:32:34.000+0000
0ZRWj0000006Ns7OAE,01tWj00000BgshSIAR,0ZGam000000itATGAY,2026-03-27T23:33:27.000+0000
0ZRWj0000006MbTOAU,01tWj00000BgshTIAR,0ZGam000000itATGAY,2026-03-27T23:31:57.000+0000
0ZRWj0000006Mx5OAE,01tWj00000BgshUIAR,0ZGam000000itATGAY,2026-03-27T23:32:20.000+0000
0ZRWj0000006NsTOAU,01tWj00000BgshVIAR,0ZGam000000itATGAY,2026-03-27T23:33:27.000+0000
0ZRWj0000006Mo8OAE,01tWj00000BgshWIAR,0ZGam000000itATGAY,2026-03-27T23:32:12.000+0000
0ZRWj0000006N8MOAU,01tWj00000BgshXIAR,0ZGam000000itATGAY,2026-03-27T23:32:34.000+0000
0ZRWj0000006NmMOAU,01tWj00000BgshYIAR,0ZGam000000itATGAY,2026-03-27T23:33:20.000+0000
0ZRWj0000006NjFOAU,01tWj00000BgshZIAR,0ZGam000000itATGAY,2026-03-27T23:33:16.000+0000
0ZRWj0000006NHbOAM,01tWj00000BgshaIAB,0ZGam000000itATGAY,2026-03-27T23:32:46.000+0000
0ZRWj0000006Mb0OAE,01tWj00000BgsmRIAR,0ZGam000000itATGAY,2026-03-27T23:31:57.000+0000
0ZRWj0000006MkAOAU,01tWj00000BgsmSIAR,0ZGam000000itATGAY,2026-03-27T23:32:04.000+0000
0ZRWj0000006NfcOAE,01tWj00000BgsmTIAR,0ZGam000000itATGAY,2026-03-27T23:33:12.000+0000
0ZRWj0000006NjXOAU,01tWj00000BgsmUIAR,0ZGam000000itATGAY,2026-03-27T23:33:20.000+0000
0ZRWj0000006NPhOAM,01tWj00000BgsmVIAR,0ZGam000000itATGAY,2026-03-27T23:32:53.000+0000
0ZRWj0000006MfTOAU,01tWj00000BgsmWIAR,0ZGam000000itATGAY,2026-03-27T23:32:01.000+0000
0ZRWj0000006NNsOAM,01tWj00000BgsmXIAR,0ZGam000000itATGAY,2026-03-27T23:32:53.000+0000
0ZRWj0000006Mq2OAE,01tWj00000BgsmYIAR,0ZGam000000itATGAY,2026-03-27T23:32:12.000+0000
0ZRWj0000006NIBOA2,01tWj00000BgsmZIAR,0ZGam000000itATGAY,2026-03-27T23:32:46.000+0000
0ZRWj0000006NADOA2,01tWj00000BgsmaIAB,0ZGam000000itATGAY,2026-03-27T23:32:38.000+0000
0ZRWj0000006MmROAU,01tWj00000BgsmbIAB,0ZGam000000itATGAY,2026-03-27T23:32:08.000+0000
0ZRWj0000006MfoOAE,01tWj00000BgsmcIAB,0ZGam000000itATGAY,2026-03-27T23:32:01.000+0000
0ZRWj0000006MmdOAE,01tWj00000BgsmdIAB,0ZGam000000itATGAY,2026-03-27T23:32:08.000+0000
0ZRWj0000006N1VOAU,01tWj00000BgsmeIAB,0ZGam000000itATGAY,2026-03-27T23:32:27.000+0000
0ZRWj0000006NXEOA2,01tWj00000BgsmfIAB,0ZGam000000itATGAY,2026-03-27T23:33:04.000+0000
0ZRWj0000006NhBOAU,01tWj00000BgsmgIAB,0ZGam000000itATGAY,2026-03-27T23:33:16.000+0000
0ZRWj0000006NdCOAU,01tWj00000BgsmhIAB,0ZGam000000itATGAY,2026-03-27T23:33:12.000+0000
0ZRWj0000006NqhOAE,01tWj00000BgsmiIAB,0ZGam000000itATGAY,2026-03-27T23:33:27.000+0000
0ZRWj0000006NMTOA2,01tWj00000BgsmjIAB,0ZGam000000itATGAY,2026-03-27T23:32:50.000+0000
0ZRWj0000006NLfOAM,01tWj00000BgsmkIAB,0ZGam000000itATGAY,2026-03-27T23:32:50.000+0000
0ZRWj0000006NPkOAM,01tWj00000BgsmlIAB,0ZGam000000itATGAY,2026-03-27T23:32:53.000+0000
0ZRWj0000006NHVOA2,01tWj00000BgsmmIAB,0ZGam000000itATGAY,2026-03-27T23:32:46.000+0000
0ZRWj0000006N15OAE,01tWj00000BgsmnIAB,0ZGam000000itATGAY,2026-03-27T23:32:27.000+0000
0ZRWj0000006NE5OAM,01tWj00000BgsmoIAB,0ZGam000000itATGAY,2026-03-27T23:32:42.000+0000
0ZRWj0000006NOOOA2,01tWj00000BgsmpIAB,0ZGam000000itATGAY,2026-03-27T23:32:53.000+0000
0ZRWj0000006My9OAE,01tWj00000BgsmqIAB,0ZGam000000itATGAY,2026-03-27T23:32:23.000+0000
0ZRWj0000006N5MOAU,01tWj00000BgsmrIAB,0ZGam000000itATGAY,2026-03-27T23:32:31.000+0000
0ZRWj0000006NWrOAM,01tWj00000BgsmsIAB,0ZGam000000itATGAY,2026-03-27T23:33:04.000+0000
0ZRWj0000006Nt2OAE,01tWj00000BgsmtIAB,0ZGam000000itATGAY,2026-03-27T23:33:27.000+0000
0ZRWj0000006NN5OAM,01tWj00000BgsmuIAB,0ZGam000000itATGAY,2026-03-27T23:32:53.000+0000
0ZRWj0000006NauOAE,01tWj00000BgsmvIAB,0ZGam000000itATGAY,2026-03-27T23:33:08.000+0000
0ZRWj0000006N9VOAU,01tWj00000BgsmwIAB,0ZGam000000itATGAY,2026-03-27T23:32:34.000+0000
0ZRWj0000006N59OAE,01tWj00000BgsmxIAB,0ZGam000000itATGAY,2026-03-27T23:32:31.000+0000
0ZRWj0000006MqyOAE,01tWj00000BgsmyIAB,0ZGam000000itATGAY,2026-03-27T23:32:15.000+0000
0ZRWj0000006MzJOAU,01tWj00000BgsmzIAB,0ZGam000000itATGAY,2026-03-27T23:32:23.000+0000
0ZRWj0000006NdtOAE,01tWj00000Bgsn0IAB,0ZGam000000itATGAY,2026-03-27T23:33:12.000+0000
0ZRWj0000006MeXOAU,01tWj00000Bgsn1IAB,0ZGam000000itATGAY,2026-03-27T23:32:01.000+0000
0ZRWj0000006NliOAE,01tWj00000Bgsn2IAB,0ZGam000000itATGAY,2026-03-27T23:33:20.000+0000
0ZRWj0000006MkVOAU,01tWj00000Bgsn3IAB,0ZGam000000itATGAY,2026-03-27T23:32:08.000+0000
0ZRWj0000006NjuOAE,01tWj00000Bgsn4IAB,0ZGam000000itATGAY,2026-03-27T23:33:20.000+0000
0ZRWj0000006MyxOAE,01tWj00000Bgsn5IAB,0ZGam000000itATGAY,2026-03-27T23:32:23.000+0000
0ZRWj0000006NIIOA2,01tWj00000Bgsn6IAB,0ZGam000000itATGAY,2026-03-27T23:32:46.000+0000
0ZRWj0000006NCSOA2,01tWj00000Bgsn7IAB,0ZGam000000itATGAY,2026-03-27T23:32:38.000+0000
0ZRWj0000006N78OAE,01tWj00000Bgsn8IAB,0ZGam000000itATGAY,2026-03-27T23:32:34.000+0000
0ZRWj0000006Mu6OAE,01tWj00000Bgsn9IAB,0ZGam000000itATGAY,2026-03-27T23:32:20.000+0000
0ZRWj0000006NqWOAU,01tWj00000BgsnAIAR,0ZGam000000itATGAY,2026-03-27T23:33:27.000+0000
0ZRWj0000006NEvOAM,01tWj00000BgsnBIAR,0ZGam000000itATGAY,2026-03-27T23:32:42.000+0000
0ZRWj0000006N0MOAU,01tWj00000BgsnCIAR,0ZGam000000itATGAY,2026-03-27T23:32:27.000+0000
0ZRWj0000006MpAOAU,01tWj00000BgsnDIAR,0ZGam000000itATGAY,2026-03-27T23:32:12.000+0000
0ZRWj0000006NmWOAU,01tWj00000BgsnEIAR,0ZGam000000itATGAY,2026-03-27T23:33:20.000+0000
0ZRWj0000006NmIOAU,01tWj00000BgsnFIAR,0ZGam000000itATGAY,2026-03-27T23:33:20.000+0000
0ZRWj0000006McgOAE,01tWj00000BgsnGIAR,0ZGam000000itATGAY,2026-03-27T23:31:57.000+0000
0ZRWj0000006Mp0OAE,01tWj00000BgsnHIAR,0ZGam000000itATGAY,2026-03-27T23:32:12.000+0000
0ZRWj0000006NAHOA2,01tWj00000BgsnIIAR,0ZGam000000itATGAY,2026-03-27T23:32:38.000+0000
0ZRWj0000006NCmOAM,01tWj00000BgsnJIAR,0ZGam000000itATGAY,2026-03-27T23:32:38.000+0000
0ZRWj0000006NDqOAM,01tWj00000BgsnKIAR,0ZGam000000itATGAY,2026-03-27T23:32:42.000+0000
0ZRWj0000006NrsOAE,01tWj00000BgsnLIAR,0ZGam000000itATGAY,2026-03-27T23:33:27.000+0000
0ZRWj0000006NMkOAM,01tWj00000BgsnMIAR,0ZGam000000itATGAY,2026-03-27T23:32:50.000+0000
0ZRWj0000006N23OAE,01tWj00000BgsnNIAR,0ZGam000000itATGAY,2026-03-27T23:32:27.000+0000
0ZRWj0000006NKOOA2,01tWj00000BgsnOIAR,0ZGam000000itATGAY,2026-03-27T23:32:50.000+0000
0ZRWj0000006Nj3OAE,01tWj00000BgsnPIAR,0ZGam000000itATGAY,2026-03-27T23:33:16.000+0000
0ZRWj0000006N2vOAE,01tWj00000BgsnQIAR,0ZGam000000itATGAY,2026-03-27T23:32:27.000+0000
0ZRWj0000006NHNOA2,01tWj00000BgsnRIAR,0ZGam000000itATGAY,2026-03-27T23:32:46.000+0000
0ZRWj0000006NDhOAM,01tWj00000BgsnSIAR,0ZGam000000itATGAY,2026-03-27T23:32:42.000+0000
0ZRWj0000006N4wOAE,01tWj00000BgsnTIAR,0ZGam000000itATGAY,2026-03-27T23:32:31.000+0000
0ZRWj0000006NHlOAM,01tWj00000BgsnUIAR,0ZGam000000itATGAY,2026-03-27T23:32:46.000+0000
0ZRWj0000006NXWOA2,01tWj00000BgsnVIAR,0ZGam000000itATGAY,2026-03-27T23:33:04.000+0000
0ZRWj0000006NYuOAM,01tWj00000BgsnWIAR,0ZGam000000itATGAY,2026-03-27T23:33:04.000+0000
0ZRWj0000006MdQOAU,01tWj00000BgsnXIAR,0ZGam000000itATGAY,2026-03-27T23:31:57.000+0000
0ZRWj0000006NqpOAE,01tWj00000BgsnYIAR,0ZGam000000itATGAY,2026-03-27T23:33:27.000+0000
0ZRWj0000006NnaOAE,01tWj00000BgsnZIAR,0ZGam000000itATGAY,2026-03-27T23:33:23.000+0000
0ZRWj0000006NXUOA2,01tWj00000BgsnaIAB,0ZGam000000itATGAY,2026-03-27T23:33:04.000+0000
0ZRWj0000006NJmOAM,01tWj00000BgsnbIAB,0ZGam000000itATGAY,2026-03-27T23:32:50.000+0000
0ZRWj0000006NEmOAM,01tWj00000BgsncIAB,0ZGam000000itATGAY,2026-03-27T23:32:42.000+0000
0ZRWj0000006Mw7OAE,01tWj00000BgsndIAB,0ZGam000000itATGAY,2026-03-27T23:32:20.000+0000
0ZRWj0000006MpBOAU,01tWj00000BgsneIAB,0ZGam000000itATGAY,2026-03-27T23:32:12.000+0000
0ZRWj0000006NUQOA2,01tWj00000BgsnfIAB,0ZGam000000itATGAY,2026-03-27T23:33:01.000+0000
0ZRWj0000006MnOOAU,01tWj00000BgsngIAB,0ZGam000000itATGAY,2026-03-27T23:32:08.000+0000
0ZRWj0000006NlBOAU,01tWj00000BgsnhIAB,0ZGam000000itATGAY,2026-03-27T23:33:20.000+0000
0ZRWj0000006N79OAE,01tWj00000BgsniIAB,0ZGam000000itATGAY,2026-03-27T23:32:34.000+0000
0ZRWj0000006NeROAU,01tWj00000BgsnjIAB,0ZGam000000itATGAY,2026-03-27T23:33:12.000+0000
0ZRWj0000006NIEOA2,01tWj00000BgsnkIAB,0ZGam000000itATGAY,2026-03-27T23:32:46.000+0000
0ZRWj0000006NiZOAU,01tWj00000BgsnlIAB,0ZGam000000itATGAY,2026-03-27T23:33:16.000+0000
0ZRWj0000006NUzOAM,01tWj00000BgsnmIAB,0ZGam000000itATGAY,2026-03-27T23:33:01.000+0000
0ZRWj0000006NS7OAM,01tWj00000BgsnnIAB,0ZGam000000itATGAY,2026-03-27T23:32:57.000+0000
0ZRWj0000006Nq6OAE,01tWj00000BgsnoIAB,0ZGam000000itATGAY,2026-03-27T23:33:27.000+0000
0ZRWj0000006NifOAE,01tWj00000BgsnpIAB,0ZGam000000itATGAY,2026-03-27T23:33:16.000+0000
0ZRWj0000006MwIOAU,01tWj00000BgsnqIAB,0ZGam000000itATGAY,2026-03-27T23:32:20.000+0000
0ZRWj0000006MvCOAU,01tWj00000BgsnrIAB,0ZGam000000itATGAY,2026-03-27T23:32:20.000+0000
0ZRWj0000006NVfOAM,01tWj00000BgsnsIAB,0ZGam000000itATGAY,2026-03-27T23:33:01.000+0000
0ZRWj0000006N3SOAU,01tWj00000BgsntIAB,0ZGam000000itATGAY,2026-03-27T23:32:27.000+0000
0ZRWj0000006NWXOA2,01tWj00000BgsnuIAB,0ZGam000000itATGAY,2026-03-27T23:33:01.000+0000
0ZRWj0000006NRkOAM,01tWj00000BgsnvIAB,0ZGam000000itATGAY,2026-03-27T23:32:57.000+0000
0ZRWj0000006N1YOAU,01tWj00000BgsnwIAB,0ZGam000000itATGAY,2026-03-27T23:32:27.000+0000
0ZRWj0000006NAtOAM,01tWj00000BgsnxIAB,0ZGam000000itATGAY,2026-03-27T23:32:38.000+0000
0ZRWj0000006NUdOAM,01tWj00000BgsnyIAB,0ZGam000000itATGAY,2026-03-27T23:33:01.000+0000
0ZRWj0000006NcKOAU,01tWj00000BgsnzIAB,0ZGam000000itATGAY,2026-03-27T23:33:08.000+0000
0ZRWj0000006NDDOA2,01tWj00000Bgso0IAB,0ZGam000000itATGAY,2026-03-27T23:32:38.000+0000
0ZRWj0000006NkqOAE,01tWj00000Bgso1IAB,0ZGam000000itATGAY,2026-03-27T23:33:20.000+0000
0ZRWj0000006MxjOAE,01tWj00000Bgso2IAB,0ZGam000000itATGAY,2026-03-27T23:32:23.000+0000
0ZRWj0000006N3wOAE,01tWj00000Bgso3IAB,0ZGam000000itATGAY,2026-03-27T23:32:31.000+0000
0ZRWj0000006NctOAE,01tWj00000Bgso4IAB,0ZGam000000itATGAY,2026-03-27T23:33:08.000+0000
0ZRWj0000006MdYOAU,01tWj00000Bgso5IAB,0ZGam000000itATGAY,2026-03-27T23:31:57.000+0000
0ZRWj0000006NRLOA2,01tWj00000Bgso6IAB,0ZGam000000itATGAY,2026-03-27T23:32:57.000+0000
0ZRWj0000006Nn1OAE,01tWj00000Bgso7IAB,0ZGam000000itATGAY,2026-03-27T23:33:23.000+0000
0ZRWj0000006MgcOAE,01tWj00000Bgso8IAB,0ZGam000000itATGAY,2026-03-27T23:32:01.000+0000
0ZRWj0000006NsnOAE,01tWj00000Bgso9IAB,0ZGam000000itATGAY,2026-03-27T23:33:27.000+0000
0ZRWj0000006MnCOAU,01tWj00000BgsoAIAR,0ZGam000000itATGAY,2026-03-27T23:32:08.000+0000
0ZRWj0000006NvfOAE,01tWj00000BgsoBIAR,0ZGam000000itATGAY,2026-03-27T23:33:31.000+0000
0ZRWj0000006MxmOAE,01tWj00000BgsoCIAR,0ZGam000000itATGAY,2026-03-27T23:32:23.000+0000
0ZRWj0000006MljOAE,01tWj00000BgsoDIAR,0ZGam000000itATGAY,2026-03-27T23:32:08.000+0000
0ZRWj0000006MnSOAU,01tWj00000BgsoEIAR,0ZGam000000itATGAY,2026-03-27T23:32:12.000+0000
0ZRWj0000006NgROAU,01tWj00000BgsoFIAR,0ZGam000000itATGAY,2026-03-27T23:33:16.000+0000
0ZRWj0000006Nr3OAE,01tWj00000BgsoGIAR,0ZGam000000itATGAY,2026-03-27T23:33:27.000+0000
0ZRWj0000006N2zOAE,01tWj00000BgsoHIAR,0ZGam000000itATGAY,2026-03-27T23:32:27.000+0000
0ZRWj0000006N4pOAE,01tWj00000BgsoIIAR,0ZGam000000itATGAY,2026-03-27T23:32:31.000+0000
0ZRWj0000006MznOAE,01tWj00000BgsoJIAR,0ZGam000000itATGAY,2026-03-27T23:32:23.000+0000
0ZRWj0000006Nw3OAE,01tWj00000BgsoKIAR,0ZGam000000itATGAY,2026-03-27T23:33:31.000+0000
0ZRWj0000006N6aOAE,01tWj00000BgsoLIAR,0ZGam000000itATGAY,2026-03-27T23:32:31.000+0000
0ZRWj0000006NrlOAE,01tWj00000BgsoMIAR,0ZGam000000itATGAY,2026-03-27T23:33:27.000+0000
0ZRWj0000006NeaOAE,01tWj00000BgsoNIAR,0ZGam000000itATGAY,2026-03-27T23:33:12.000+0000
0ZRWj0000006MiROAU,01tWj00000BgsoOIAR,0ZGam000000itATGAY,2026-03-27T23:32:04.000+0000
0ZRWj0000006NPoOAM,01tWj00000BgsoPIAR,0ZGam000000itATGAY,2026-03-27T23:32:53.000+0000
0ZRWj0000006MyWOAU,01tWj00000BgsoQIAR,0ZGam000000itATGAY,2026-03-27T23:32:23.000+0000
0ZRWj0000006NmYOAU,01tWj00000BgsoRIAR,0ZGam000000itATGAY,2026-03-27T23:33:20.000+0000
0ZRWj0000006Ng6OAE,01tWj00000BgsoSIAR,0ZGam000000itATGAY,2026-03-27T23:33:12.000+0000
0ZRWj0000006N6bOAE,01tWj00000BgsoTIAR,0ZGam000000itATGAY,2026-03-27T23:32:31.000+0000
0ZRWj0000006NYAOA2,01tWj00000BgsoUIAR,0ZGam000000itATGAY,2026-03-27T23:33:04.000+0000
0ZRWj0000006NwZOAU,01tWj00000BgsoVIAR,0ZGam000000itATGAY,2026-03-27T23:33:32.000+0000
0ZRWj0000006NTIOA2,01tWj00000BgsoWIAR,0ZGam000000itATGAY,2026-03-27T23:32:57.000+0000
0ZRWj0000006NssOAE,01tWj00000BgsoXIAR,0ZGam000000itATGAY,2026-03-27T23:33:27.000+0000
0ZRWj0000006NIYOA2,01tWj00000BgsoYIAR,0ZGam000000itATGAY,2026-03-27T23:32:46.000+0000
0ZRWj0000006NP2OAM,01tWj00000BgsoZIAR,0ZGam000000itATGAY,2026-03-27T23:32:53.000+0000
0ZRWj0000006MnwOAE,01tWj00000BgsoaIAB,0ZGam000000itATGAY,2026-03-27T23:32:12.000+0000
0ZRWj0000006MeyOAE,01tWj00000BgsobIAB,0ZGam000000itATGAY,2026-03-27T23:32:01.000+0000
0ZRWj0000006NW0OAM,01tWj00000BgsocIAB,0ZGam000000itATGAY,2026-03-27T23:33:01.000+0000
0ZRWj0000006NNKOA2,01tWj00000BgsodIAB,0ZGam000000itATGAY,2026-03-27T23:32:53.000+0000
0ZRWj0000006NfUOAU,01tWj00000BgsoeIAB,0ZGam000000itATGAY,2026-03-27T23:33:12.000+0000
0ZRWj0000006NRYOA2,01tWj00000BgsofIAB,0ZGam000000itATGAY,2026-03-27T23:32:57.000+0000
0ZRWj0000006NiBOAU,01tWj00000BgsogIAB,0ZGam000000itATGAY,2026-03-27T23:33:16.000+0000
0ZRWj0000006NvsOAE,01tWj00000BgsohIAB,0ZGam000000itATGAY,2026-03-27T23:33:31.000+0000
0ZRWj0000006MtaOAE,01tWj00000BgsoiIAB,0ZGam000000itATGAY,2026-03-27T23:32:15.000+0000
0ZRWj0000006NcoOAE,01tWj00000BgsojIAB,0ZGam000000itATGAY,2026-03-27T23:33:08.000+0000
0ZRWj0000006NaJOAU,01tWj00000BgsokIAB,0ZGam000000itATGAY,2026-03-27T23:33:08.000+0000
0ZRWj0000006NfYOAU,01tWj00000BgsolIAB,0ZGam000000itATGAY,2026-03-27T23:33:12.000+0000
0ZRWj0000006NqzOAE,01tWj00000BgsomIAB,0ZGam000000itATGAY,2026-03-27T23:33:27.000+0000
0ZRWj0000006NfkOAE,01tWj00000BgsonIAB,0ZGam000000itATGAY,2026-03-27T23:33:12.000+0000
0ZRWj0000006NiXOAU,01tWj00000BgsooIAB,0ZGam000000itATGAY,2026-03-27T23:33:16.000+0000
0ZRWj0000006MvfOAE,01tWj00000BgsopIAB,0ZGam000000itATGAY,2026-03-27T23:32:20.000+0000
0ZRWj0000006NpROAU,01tWj00000BgsoqIAB,0ZGam000000itATGAY,2026-03-27T23:33:23.000+0000
0ZRWj0000006NinOAE,01tWj00000BgsorIAB,0ZGam000000itATGAY,2026-03-27T23:33:16.000+0000
0ZRWj0000006No5OAE,01tWj00000BgsosIAB,0ZGam000000itATGAY,2026-03-27T23:33:23.000+0000
0ZRWj0000006MyNOAU,01tWj00000BgsotIAB,0ZGam000000itATGAY,2026-03-27T23:32:23.000+0000
0ZRWj0000006NCyOAM,01tWj00000BgsouIAB,0ZGam000000itATGAY,2026-03-27T23:32:38.000+0000
0ZRWj0000006N1oOAE,01tWj00000BgsovIAB,0ZGam000000itATGAY,2026-03-27T23:32:27.000+0000
0ZRWj0000006N86OAE,01tWj00000BgsowIAB,0ZGam000000itATGAY,2026-03-27T23:32:34.000+0000
0ZRWj0000006NPKOA2,01tWj00000BgsoxIAB,0ZGam000000itATGAY,2026-03-27T23:32:53.000+0000
0ZRWj0000006Mv1OAE,01tWj00000BgsoyIAB,0ZGam000000itATGAY,2026-03-27T23:32:20.000+0000
0ZRWj0000006N7BOAU,01tWj00000BgsozIAB,0ZGam000000itATGAY,2026-03-27T23:32:34.000+0000
0ZRWj0000006NSsOAM,01tWj00000Bgsp0IAB,0ZGam000000itATGAY,2026-03-27T23:32:57.000+0000
0ZRWj0000006NcyOAE,01tWj00000Bgsp1IAB,0ZGam000000itATGAY,2026-03-27T23:33:08.000+0000
0ZRWj0000006N2POAU,01tWj00000Bgsp2IAB,0ZGam000000itATGAY,2026-03-27T23:32:27.000+0000
0ZRWj0000006McQOAU,01tWj00000Bgsp3IAB,0ZGam000000itATGAY,2026-03-27T23:31:57.000+0000
0ZRWj0000006NljOAE,01tWj00000Bgsp4IAB,0ZGam000000itATGAY,2026-03-27T23:33:20.000+0000
0ZRWj0000006MdWOAU,01tWj00000Bgsp5IAB,0ZGam000000itATGAY,2026-03-27T23:31:57.000+0000
0ZRWj0000006NmuOAE,01tWj00000Bgsp6IAB,0ZGam000000itATGAY,2026-03-27T23:33:23.000+0000
0ZRWj0000006N9POAU,01tWj00000Bgsp7IAB,0ZGam000000itATGAY,2026-03-27T23:32:34.000+0000
0ZRWj0000006NGpOAM,01tWj00000Bgsp8IAB,0ZGam000000itATGAY,2026-03-27T23:32:46.000+0000
0ZRWj0000006NXnOAM,01tWj00000Bgsp9IAB,0ZGam000000itATGAY,2026-03-27T23:33:04.000+0000
0ZRWj0000006NwXOAU,01tWj00000BgspAIAR,0ZGam000000itATGAY,2026-03-27T23:33:32.000+0000
0ZRWj0000006NZSOA2,01tWj00000BgspBIAR,0ZGam000000itATGAY,2026-03-27T23:33:04.000+0000
0ZRWj0000006NWcOAM,01tWj00000BgspCIAR,0ZGam000000itATGAY,2026-03-27T23:33:04.000+0000
0ZRWj0000006N4VOAU,01tWj00000BgspDIAR,0ZGam000000itATGAY,2026-03-27T23:32:31.000+0000
0ZRWj0000006MvEOAU,01tWj00000BgspEIAR,0ZGam000000itATGAY,2026-03-27T23:32:20.000+0000
0ZRWj0000006NLuOAM,01tWj00000BgspFIAR,0ZGam000000itATGAY,2026-03-27T23:32:50.000+0000
0ZRWj0000006NVnOAM,01tWj00000BgspGIAR,0ZGam000000itATGAY,2026-03-27T23:33:01.000+0000
0ZRWj0000006N8zOAE,01tWj00000BgspHIAR,0ZGam000000itATGAY,2026-03-27T23:32:34.000+0000
0ZRWj0000006MkbOAE,01tWj00000BgspIIAR,0ZGam000000itATGAY,2026-03-27T23:32:08.000+0000
0ZRWj0000006NlXOAU,01tWj00000BgspJIAR,0ZGam000000itATGAY,2026-03-27T23:33:20.000+0000
0ZRWj0000006N1WOAU,01tWj00000BgspKIAR,0ZGam000000itATGAY,2026-03-27T23:32:27.000+0000
0ZRWj0000006MlwOAE,01tWj00000BgspLIAR,0ZGam000000itATGAY,2026-03-27T23:32:08.000+0000
0ZRWj0000006NLMOA2,01tWj00000BgspMIAR,0ZGam000000itATGAY,2026-03-27T23:32:50.000+0000
0ZRWj0000006N1uOAE,01tWj00000BgspNIAR,0ZGam000000itATGAY,2026-03-27T23:32:27.000+0000
0ZRWj0000006NbVOAU,01tWj00000BgspOIAR,0ZGam000000itATGAY,2026-03-27T23:33:08.000+0000
0ZRWj0000006Nt3OAE,01tWj00000BgspPIAR,0ZGam000000itATGAY,2026-03-27T23:33:27.000+0000
0ZRWj0000006NbyOAE,01tWj00000BgspQIAR,0ZGam000000itATGAY,2026-03-27T23:33:08.000+0000
0ZRWj0000006MqiOAE,01tWj00000BgspRIAR,0ZGam000000itATGAY,2026-03-27T23:32:15.000+0000
0ZRWj0000006MfQOAU,01tWj00000BgspSIAR,0ZGam000000itATGAY,2026-03-27T23:32:01.000+0000
0ZRWj0000006MilOAE,01tWj00000BgspTIAR,0ZGam000000itATGAY,2026-03-27T23:32:04.000+0000
0ZRWj0000006NW9OAM,01tWj00000BgspUIAR,0ZGam000000itATGAY,2026-03-27T23:33:01.000+0000
0ZRWj0000006NqTOAU,01tWj00000BgspVIAR,0ZGam000000itATGAY,2026-03-27T23:33:27.000+0000
0ZRWj0000006MyXOAU,01tWj00000BgspWIAR,0ZGam000000itATGAY,2026-03-27T23:32:23.000+0000
0ZRWj0000006NaQOAU,01tWj00000BgspXIAR,0ZGam000000itATGAY,2026-03-27T23:33:08.000+0000
0ZRWj0000006MekOAE,01tWj00000BgspYIAR,0ZGam000000itATGAY,2026-03-27T23:32:01.000+0000
0ZRWj0000006N3ROAU,01tWj00000BgspZIAR,0ZGam000000itATGAY,2026-03-27T23:32:27.000+0000
0ZRWj0000006NlUOAU,01tWj00000BgspaIAB,0ZGam000000itATGAY,2026-03-27T23:33:20.000+0000
0ZRWj0000006NnnOAE,01tWj00000BgspbIAB,0ZGam000000itATGAY,2026-03-27T23:33:23.000+0000
0ZRWj0000006Ng0OAE,01tWj00000BgspcIAB,0ZGam000000itATGAY,2026-03-27T23:33:12.000+0000
0ZRWj0000006N87OAE,01tWj00000BgspdIAB,0ZGam000000itATGAY,2026-03-27T23:32:34.000+0000
0ZRWj0000006MdkOAE,01tWj00000BgspeIAB,0ZGam000000itATGAY,2026-03-27T23:31:57.000+0000
0ZRWj0000006NOHOA2,01tWj00000BgspfIAB,0ZGam000000itATGAY,2026-03-27T23:32:53.000+0000
0ZRWj0000006NJzOAM,01tWj00000BgspgIAB,0ZGam000000itATGAY,2026-03-27T23:32:50.000+0000
0ZRWj0000006MjnOAE,01tWj00000BgsphIAB,0ZGam000000itATGAY,2026-03-27T23:32:04.000+0000
0ZRWj0000006N9MOAU,01tWj00000BgspiIAB,0ZGam000000itATGAY,2026-03-27T23:32:34.000+0000
0ZRWj0000006NT7OAM,01tWj00000BgspjIAB,0ZGam000000itATGAY,2026-03-27T23:32:57.000+0000
0ZRWj0000006MtMOAU,01tWj00000BgspkIAB,0ZGam000000itATGAY,2026-03-27T23:32:15.000+0000
0ZRWj0000006N0aOAE,01tWj00000BgsplIAB,0ZGam000000itATGAY,2026-03-27T23:32:27.000+0000
0ZRWj0000006NcMOAU,01tWj00000BgspmIAB,0ZGam000000itATGAY,2026-03-27T23:33:08.000+0000
0ZRWj0000006NuYOAU,01tWj00000BgspnIAB,0ZGam000000itATGAY,2026-03-27T23:33:31.000+0000
0ZRWj0000006NidOAE,01tWj00000BgspoIAB,0ZGam000000itATGAY,2026-03-27T23:33:16.000+0000
0ZRWj0000006MiEOAU,01tWj00000BgsppIAB,0ZGam000000itATGAY,2026-03-27T23:32:04.000+0000
0ZRWj0000006MpFOAU,01tWj00000BgspqIAB,0ZGam000000itATGAY,2026-03-27T23:32:12.000+0000
0ZRWj0000006N2XOAU,01tWj00000BgsprIAB,0ZGam000000itATGAY,2026-03-27T23:32:27.000+0000
0ZRWj0000006MrgOAE,01tWj00000BgspsIAB,0ZGam000000itATGAY,2026-03-27T23:32:15.000+0000
0ZRWj0000006NbvOAE,01tWj00000BgsptIAB,0ZGam000000itATGAY,2026-03-27T23:33:08.000+0000
0ZRWj0000006N98OAE,01tWj00000BgspuIAB,0ZGam000000itATGAY,2026-03-27T23:32:34.000+0000
0ZRWj0000006NOsOAM,01tWj00000BgspvIAB,0ZGam000000itATGAY,2026-03-27T23:32:53.000+0000
0ZRWj0000006NvYOAU,01tWj00000BgspwIAB,0ZGam000000itATGAY,2026-03-27T23:33:31.000+0000
0ZRWj0000006NeZOAU,01tWj00000BgspxIAB,0ZGam000000itATGAY,2026-03-27T23:33:12.000+0000
0ZRWj0000006NI3OAM,01tWj00000BgspyIAB,0ZGam000000itATGAY,2026-03-27T23:32:46.000+0000
0ZRWj0000006Nv0OAE,01tWj00000BgspzIAB,0ZGam000000itATGAY,2026-03-27T23:33:31.000+0000
0ZRWj0000006McfOAE,01tWj00000Bgsq0IAB,0ZGam000000itATGAY,2026-03-27T23:31:57.000+0000
0ZRWj0000006NOvOAM,01tWj00000Bgsq1IAB,0ZGam000000itATGAY,2026-03-27T23:32:53.000+0000
0ZRWj0000006MaeOAE,01tWj00000Bgsq2IAB,0ZGam000000itATGAY,2026-03-27T23:31:57.000+0000
0ZRWj0000006NMGOA2,01tWj00000Bgsq3IAB,0ZGam000000itATGAY,2026-03-27T23:32:50.000+0000
0ZRWj0000006N7XOAU,01tWj00000Bgsq4IAB,0ZGam000000itATGAY,2026-03-27T23:32:34.000+0000
0ZRWj0000006N26OAE,01tWj00000Bgsq5IAB,0ZGam000000itATGAY,2026-03-27T23:32:27.000+0000
0ZRWj0000006NG1OAM,01tWj00000Bgsq6IAB,0ZGam000000itATGAY,2026-03-27T23:32:42.000+0000
0ZRWj0000006MagOAE,01tWj00000Bgsq7IAB,0ZGam000000itATGAY,2026-03-27T23:31:57.000+0000
0ZRWj0000006NFGOA2,01tWj00000Bgsq8IAB,0ZGam000000itATGAY,2026-03-27T23:32:42.000+0000
0ZRWj0000006NBJOA2,01tWj00000Bgsq9IAB,0ZGam000000itATGAY,2026-03-27T23:32:38.000+0000
0ZRWj0000006MuOOAU,01tWj00000BgsqAIAR,0ZGam000000itATGAY,2026-03-27T23:32:20.000+0000
0ZRWj0000006NXuOAM,01tWj00000BgsqBIAR,0ZGam000000itATGAY,2026-03-27T23:33:04.000+0000
0ZRWj0000006NvvOAE,01tWj00000BgsqCIAR,0ZGam000000itATGAY,2026-03-27T23:33:31.000+0000
0ZRWj0000006NiVOAU,01tWj00000BgsqDIAR,0ZGam000000itATGAY,2026-03-27T23:33:16.000+0000
0ZRWj0000006N1aOAE,01tWj00000BgsqEIAR,0ZGam000000itATGAY,2026-03-27T23:32:27.000+0000
0ZRWj0000006N5JOAU,01tWj00000BgsqFIAR,0ZGam000000itATGAY,2026-03-27T23:32:31.000+0000
0ZRWj0000006NeVOAU,01tWj00000BgsqGIAR,0ZGam000000itATGAY,2026-03-27T23:33:12.000+0000
0ZRWj0000006N5rOAE,01tWj00000BgsqHIAR,0ZGam000000itATGAY,2026-03-27T23:32:31.000+0000
0ZRWj0000006NjaOAE,01tWj00000BgsqIIAR,0ZGam000000itATGAY,2026-03-27T23:33:20.000+0000
0ZRWj0000006NoFOAU,01tWj00000BgsqJIAR,0ZGam000000itATGAY,2026-03-27T23:33:23.000+0000
0ZRWj0000006NUaOAM,01tWj00000BgsqKIAR,0ZGam000000itATGAY,2026-03-27T23:33:01.000+0000
0ZRWj0000006NDmOAM,01tWj00000BgsqLIAR,0ZGam000000itATGAY,2026-03-27T23:32:42.000+0000
0ZRWj0000006Mt8OAE,01tWj00000BgsqMIAR,0ZGam000000itATGAY,2026-03-27T23:32:15.000+0000
0ZRWj0000006Nj1OAE,01tWj00000BgsqNIAR,0ZGam000000itATGAY,2026-03-27T23:33:16.000+0000
0ZRWj0000006NllOAE,01tWj00000BgsqOIAR,0ZGam000000itATGAY,2026-03-27T23:33:20.000+0000
0ZRWj0000006NTTOA2,01tWj00000BgsqPIAR,0ZGam000000itATGAY,2026-03-27T23:33:01.000+0000
0ZRWj0000006NHHOA2,01tWj00000BgsqQIAR,0ZGam000000itATGAY,2026-03-27T23:32:46.000+0000
0ZRWj0000006MhpOAE,01tWj00000BgsqRIAR,0ZGam000000itATGAY,2026-03-27T23:32:04.000+0000
0ZRWj0000006Nt0OAE,01tWj00000BgsqSIAR,0ZGam000000itATGAY,2026-03-27T23:33:27.000+0000
0ZRWj0000006NpuOAE,01tWj00000BgsqTIAR,0ZGam000000itATGAY,2026-03-27T23:33:23.000+0000
0ZRWj0000006NZNOA2,01tWj00000BgsqUIAR,0ZGam000000itATGAY,2026-03-27T23:33:04.000+0000
0ZRWj0000006Mb8OAE,01tWj00000BgsqVIAR,0ZGam000000itATGAY,2026-03-27T23:31:57.000+0000
0ZRWj0000006NRQOA2,01tWj00000BgsqWIAR,0ZGam000000itATGAY,2026-03-27T23:32:57.000+0000
0ZRWj0000006MinOAE,01tWj00000BgsqXIAR,0ZGam000000itATGAY,2026-03-27T23:32:04.000+0000
0ZRWj0000006NcAOAU,01tWj00000BgsqYIAR,0ZGam000000itATGAY,2026-03-27T23:33:08.000+0000
0ZRWj0000006MztOAE,01tWj00000BgsqZIAR,0ZGam000000itATGAY,2026-03-27T23:32:23.000+0000
0ZRWj0000006NYoOAM,01tWj00000BgsqaIAB,0ZGam000000itATGAY,2026-03-27T23:33:04.000+0000
0ZRWj0000006MweOAE,01tWj00000BgsqbIAB,0ZGam000000itATGAY,2026-03-27T23:32:20.000+0000
0ZRWj0000006MwlOAE,01tWj00000BgsqcIAB,0ZGam000000itATGAY,2026-03-27T23:32:20.000+0000
0ZRWj0000006NB1OAM,01tWj00000BgsqdIAB,0ZGam000000itATGAY,2026-03-27T23:32:38.000+0000
0ZRWj0000006NpdOAE,01tWj00000BgsqeIAB,0ZGam000000itATGAY,2026-03-27T23:33:23.000+0000
0ZRWj0000006NmZOAU,01tWj00000BgsqfIAB,0ZGam000000itATGAY,2026-03-27T23:33:20.000+0000
0ZRWj0000006N2ROAU,01tWj00000BgsqgIAB,0ZGam000000itATGAY,2026-03-27T23:32:27.000+0000
0ZRWj0000006MqhOAE,01tWj00000BgsqhIAB,0ZGam000000itATGAY,2026-03-27T23:32:15.000+0000
0ZRWj0000006NWiOAM,01tWj00000BgsqiIAB,0ZGam000000itATGAY,2026-03-27T23:33:04.000+0000
0ZRWj0000006NGvOAM,01tWj00000BgsqjIAB,0ZGam000000itATGAY,2026-03-27T23:32:46.000+0000
0ZRWj0000006NKnOAM,01tWj00000BgsqkIAB,0ZGam000000itATGAY,2026-03-27T23:32:50.000+0000
0ZRWj0000006NLAOA2,01tWj00000BgsqlIAB,0ZGam000000itATGAY,2026-03-27T23:32:50.000+0000
0ZRWj0000006N0XOAU,01tWj00000BgsqmIAB,0ZGam000000itATGAY,2026-03-27T23:32:27.000+0000
0ZRWj0000006NZfOAM,01tWj00000BgsqnIAB,0ZGam000000itATGAY,2026-03-27T23:33:04.000+0000
0ZRWj0000006NiGOAU,01tWj00000BgsqoIAB,0ZGam000000itATGAY,2026-03-27T23:33:16.000+0000
0ZRWj0000006NTEOA2,01tWj00000BgsqpIAB,0ZGam000000itATGAY,2026-03-27T23:32:57.000+0000
0ZRWj0000006NJyOAM,01tWj00000BgsqqIAB,0ZGam000000itATGAY,2026-03-27T23:32:50.000+0000
0ZRWj0000006MebOAE,01tWj00000BgsqrIAB,0ZGam000000itATGAY,2026-03-27T23:32:01.000+0000
0ZRWj0000006Mt0OAE,01tWj00000BgsqsIAB,0ZGam000000itATGAY,2026-03-27T23:32:15.000+0000
0ZRWj0000006NL0OAM,01tWj00000BgsqtIAB,0ZGam000000itATGAY,2026-03-27T23:32:50.000+0000
0ZRWj0000006NhhOAE,01tWj00000BgsquIAB,0ZGam000000itATGAY,2026-03-27T23:33:16.000+0000
0ZRWj0000006NSuOAM,01tWj00000BgsqvIAB,0ZGam000000itATGAY,2026-03-27T23:32:57.000+0000
0ZRWj0000006N9NOAU,01tWj00000BgsqwIAB,0ZGam000000itATGAY,2026-03-27T23:32:34.000+0000
0ZRWj0000006NvEOAU,01tWj00000BgsqxIAB,0ZGam000000itATGAY,2026-03-27T23:33:31.000+0000
0ZRWj0000006N5POAU,01tWj00000BgsqyIAB,0ZGam000000itATGAY,2026-03-27T23:32:31.000+0000
0ZRWj0000006N3iOAE,01tWj00000BgsqzIAB,0ZGam000000itATGAY,2026-03-27T23:32:31.000+0000
0ZRWj0000006MnvOAE,01tWj00000Bgsr0IAB,0ZGam000000itATGAY,2026-03-27T23:32:12.000+0000
0ZRWj0000006NGzOAM,01tWj00000Bgsr1IAB,0ZGam000000itATGAY,2026-03-27T23:32:46.000+0000
0ZRWj0000006N17OAE,01tWj00000Bgsr2IAB,0ZGam000000itATGAY,2026-03-27T23:32:27.000+0000
0ZRWj0000006NwQOAU,01tWj00000Bgsr3IAB,0ZGam000000itATGAY,2026-03-27T23:33:32.000+0000
0ZRWj0000006NFaOAM,01tWj00000Bgsr4IAB,0ZGam000000itATGAY,2026-03-27T23:32:42.000+0000
0ZRWj0000006MxROAU,01tWj00000Bgsr5IAB,0ZGam000000itATGAY,2026-03-27T23:32:23.000+0000
0ZRWj0000006NEGOA2,01tWj00000Bgsr6IAB,0ZGam000000itATGAY,2026-03-27T23:32:42.000+0000
0ZRWj0000006NnpOAE,01tWj00000Bgsr7IAB,0ZGam000000itATGAY,2026-03-27T23:33:23.000+0000
0ZRWj0000006MbcOAE,01tWj00000Bgsr8IAB,0ZGam000000itATGAY,2026-03-27T23:31:57.000+0000
0ZRWj0000006NNCOA2,01tWj00000Bgsr9IAB,0ZGam000000itATGAY,2026-03-27T23:32:53.000+0000
0ZRWj0000006Md1OAE,01tWj00000BgsrAIAR,0ZGam000000itATGAY,2026-03-27T23:31:57.000+0000
0ZRWj0000006N7mOAE,01tWj00000BgsrBIAR,0ZGam000000itATGAY,2026-03-27T23:32:34.000+0000
0ZRWj0000006Mf4OAE,01tWj00000BgsrCIAR,0ZGam000000itATGAY,2026-03-27T23:32:01.000+0000
0ZRWj0000006N2wOAE,01tWj00000BgsrDIAR,0ZGam000000itATGAY,2026-03-27T23:32:27.000+0000
0ZRWj0000006MoiOAE,01tWj00000BgsrEIAR,0ZGam000000itATGAY,2026-03-27T23:32:12.000+0000
0ZRWj0000006N2BOAU,01tWj00000BgsrFIAR,0ZGam000000itATGAY,2026-03-27T23:32:27.000+0000
0ZRWj0000006NJ8OAM,01tWj00000BgsrGIAR,0ZGam000000itATGAY,2026-03-27T23:32:46.000+0000
0ZRWj0000006N95OAE,01tWj00000BgsvJIAR,0ZGam000000itATGAY,2026-03-27T23:32:34.000+0000
0ZRWj0000006NMsOAM,01tWj00000BgsvKIAR,0ZGam000000itATGAY,2026-03-27T23:32:50.000+0000
0ZRWj0000006N2WOAU,01tWj00000BgsvLIAR,0ZGam000000itATGAY,2026-03-27T23:32:27.000+0000
0ZRWj0000006Mf2OAE,01tWj00000BgsvMIAR,0ZGam000000itATGAY,2026-03-27T23:32:01.000+0000
0ZRWj0000006MckOAE,01tWj00000BgsvNIAR,0ZGam000000itATGAY,2026-03-27T23:31:57.000+0000
0ZRWj0000006MpXOAU,01tWj00000BgsvOIAR,0ZGam000000itATGAY,2026-03-27T23:32:12.000+0000
0ZRWj0000006N5uOAE,01tWj00000BgsvPIAR,0ZGam000000itATGAY,2026-03-27T23:32:31.000+0000
0ZRWj0000006NMvOAM,01tWj00000BgsvQIAR,0ZGam000000itATGAY,2026-03-27T23:32:53.000+0000
0ZRWj0000006NOkOAM,01tWj00000BgsvRIAR,0ZGam000000itATGAY,2026-03-27T23:32:53.000+0000
0ZRWj0000006N7dOAE,01tWj00000BgsvSIAR,0ZGam000000itATGAY,2026-03-27T23:32:34.000+0000
0ZRWj0000006NrBOAU,01tWj00000BgsvTIAR,0ZGam000000itATGAY,2026-03-27T23:33:27.000+0000
0ZRWj0000006NS5OAM,01tWj00000BgsvUIAR,0ZGam000000itATGAY,2026-03-27T23:32:57.000+0000
0ZRWj0000006NRVOA2,01tWj00000BgsvVIAR,0ZGam000000itATGAY,2026-03-27T23:32:57.000+0000
0ZRWj0000006NSROA2,01tWj00000BgsvWIAR,0ZGam000000itATGAY,2026-03-27T23:32:57.000+0000
0ZRWj0000006MayOAE,01tWj00000BgsvXIAR,0ZGam000000itATGAY,2026-03-27T23:31:57.000+0000
0ZRWj0000006NtROAU,01tWj00000BgsvYIAR,0ZGam000000itATGAY,2026-03-27T23:33:31.000+0000
0ZRWj0000006MqKOAU,01tWj00000BgsvZIAR,0ZGam000000itATGAY,2026-03-27T23:32:12.000+0000
0ZRWj0000006N9gOAE,01tWj00000BgsvaIAB,0ZGam000000itATGAY,2026-03-27T23:32:34.000+0000
0ZRWj0000006MkoOAE,01tWj00000BgsvbIAB,0ZGam000000itATGAY,2026-03-27T23:32:08.000+0000
0ZRWj0000006NUROA2,01tWj00000BgsvcIAB,0ZGam000000itATGAY,2026-03-27T23:33:01.000+0000
0ZRWj0000006NnCOAU,01tWj00000BgsvdIAB,0ZGam000000itATGAY,2026-03-27T23:33:23.000+0000
0ZRWj0000006Mn6OAE,01tWj00000BgsveIAB,0ZGam000000itATGAY,2026-03-27T23:32:08.000+0000
0ZRWj0000006NOdOAM,01tWj00000BgsvfIAB,0ZGam000000itATGAY,2026-03-27T23:32:53.000+0000
0ZRWj0000006MccOAE,01tWj00000BgsvgIAB,0ZGam000000itATGAY,2026-03-27T23:31:57.000+0000
0ZRWj0000006N6dOAE,01tWj00000BgsvhIAB,0ZGam000000itATGAY,2026-03-27T23:32:31.000+0000
0ZRWj0000006NOnOAM,01tWj00000BgsviIAB,0ZGam000000itATGAY,2026-03-27T23:32:53.000+0000
0ZRWj0000006NtnOAE,01tWj00000BgsvjIAB,0ZGam000000itATGAY,2026-03-27T23:33:31.000+0000
0ZRWj0000006NXgOAM,01tWj00000BgsvkIAB,0ZGam000000itATGAY,2026-03-27T23:33:04.000+0000
0ZRWj0000006My5OAE,01tWj00000BgsvlIAB,0ZGam000000itATGAY,2026-03-27T23:32:23.000+0000
0ZRWj0000006NhDOAU,01tWj00000BgsvmIAB,0ZGam000000itATGAY,2026-03-27T23:33:16.000+0000
0ZRWj0000006NHWOA2,01tWj00000BgsvnIAB,0ZGam000000itATGAY,2026-03-27T23:32:46.000+0000
0ZRWj0000006Ni3OAE,01tWj00000BgsvoIAB,0ZGam000000itATGAY,2026-03-27T23:33:16.000+0000
0ZRWj0000006NZDOA2,01tWj00000BgsvpIAB,0ZGam000000itATGAY,2026-03-27T23:33:04.000+0000
0ZRWj0000006NXyOAM,01tWj00000BgsvqIAB,0ZGam000000itATGAY,2026-03-27T23:33:04.000+0000
0ZRWj0000006MliOAE,01tWj00000BgsvrIAB,0ZGam000000itATGAY,2026-03-27T23:32:08.000+0000
0ZRWj0000006N5IOAU,01tWj00000BgsvsIAB,0ZGam000000itATGAY,2026-03-27T23:32:31.000+0000
0ZRWj0000006NQWOA2,01tWj00000BgsvtIAB,0ZGam000000itATGAY,2026-03-27T23:32:57.000+0000
0ZRWj0000006N5eOAE,01tWj00000BgsvuIAB,0ZGam000000itATGAY,2026-03-27T23:32:31.000+0000
0ZRWj0000006Ng2OAE,01tWj00000BgsvvIAB,0ZGam000000itATGAY,2026-03-27T23:33:12.000+0000
0ZRWj0000006NFcOAM,01tWj00000BgsvwIAB,0ZGam000000itATGAY,2026-03-27T23:32:42.000+0000
0ZRWj0000006N53OAE,01tWj00000BgsvxIAB,0ZGam000000itATGAY,2026-03-27T23:32:31.000+0000
0ZRWj0000006NPEOA2,01tWj00000BgsvyIAB,0ZGam000000itATGAY,2026-03-27T23:32:53.000+0000
0ZRWj0000006N9wOAE,01tWj00000BgsvzIAB,0ZGam000000itATGAY,2026-03-27T23:32:34.000+0000
0ZRWj0000006MsnOAE,01tWj00000Bgsw0IAB,0ZGam000000itATGAY,2026-03-27T23:32:15.000+0000
0ZRWj0000006NpAOAU,01tWj00000Bgsw1IAB,0ZGam000000itATGAY,2026-03-27T23:33:23.000+0000
0ZRWj0000006NGjOAM,01tWj00000Bgsw2IAB,0ZGam000000itATGAY,2026-03-27T23:32:46.000+0000
0ZRWj0000006NemOAE,01tWj00000Bgsw3IAB,0ZGam000000itATGAY,2026-03-27T23:33:12.000+0000
0ZRWj0000006NC6OAM,01tWj00000Bgsw4IAB,0ZGam000000itATGAY,2026-03-27T23:32:38.000+0000
0ZRWj0000006NusOAE,01tWj00000Bgsw5IAB,0ZGam000000itATGAY,2026-03-27T23:33:31.000+0000
0ZRWj0000006N4aOAE,01tWj00000Bgsw6IAB,0ZGam000000itATGAY,2026-03-27T23:32:31.000+0000
0ZRWj0000006NTUOA2,01tWj00000Bgsw7IAB,0ZGam000000itATGAY,2026-03-27T23:33:01.000+0000
0ZRWj0000006NOjOAM,01tWj00000Bgsw8IAB,0ZGam000000itATGAY,2026-03-27T23:32:53.000+0000
0ZRWj0000006NSfOAM,01tWj00000Bgsw9IAB,0ZGam000000itATGAY,2026-03-27T23:32:57.000+0000
0ZRWj0000006MnqOAE,01tWj00000BgswAIAR,0ZGam000000itATGAY,2026-03-27T23:32:12.000+0000
0ZRWj0000006IS5OAM,01tWj00000BipQIIAZ,0ZGam000000isCnGAI,2026-03-16T18:57:26.000+0000
0ZRWj0000006IQTOA2,01tWj00000BipQIIAZ,0ZGam000000itATGAY,2026-03-16T18:57:24.000+0000
0ZRWj0000006HPZOA2,01tWj00000BiqnmIAB,0ZGam000000itATGAY,2026-03-16T18:56:43.000+0000
0ZRWj0000006HRBOA2,01tWj00000BiqnmIAB,0ZGam000000isBBGAY,2026-03-16T18:56:44.000+0000
0ZRWj0000006GJpOAM,01tWj00000Bitx0IAB,0ZGam000000itATGAY,2026-03-16T18:56:00.000+0000
0ZRWj0000006GLROA2,01tWj00000Bitx0IAB,0ZGam000000isG1GAI,2026-03-16T18:56:01.000+0000
0ZRWj0000006GN3OAM,01tWj00000BivdlIAB,0ZGam000000itATGAY,2026-03-16T18:56:02.000+0000
0ZRWj0000006GOfOAM,01tWj00000BivdlIAB,0ZGam000000isHdGAI,2026-03-16T18:56:03.000+0000
0ZRWj0000006GQHOA2,01tWj00000BivfNIAR,0ZGam000000itATGAY,2026-03-16T18:56:04.000+0000
0ZRWj0000006GRtOAM,01tWj00000BivfNIAR,0ZGam000000isHdGAI,2026-03-16T18:56:05.000+0000
0ZRWj0000006GTVOA2,01tWj00000BivgzIAB,0ZGam000000itATGAY,2026-03-16T18:56:06.000+0000
0ZRWj0000006GV7OAM,01tWj00000BivgzIAB,0ZGam000000isG1GAI,2026-03-16T18:56:07.000+0000
0ZRWj0000006GYLOA2,01tWj00000BivibIAB,0ZGam000000isHdGAI,2026-03-16T18:56:09.000+0000
0ZRWj0000006GWjOAM,01tWj00000BivibIAB,0ZGam000000itATGAY,2026-03-16T18:56:08.000+0000
0ZRWj0000006GZxOAM,01tWj00000BivkDIAR,0ZGam000000isG1GAI,2026-03-16T18:56:10.000+0000
0ZRWj0000006GbZOAU,01tWj00000BivkDIAR,0ZGam000000itATGAY,2026-03-16T18:56:11.000+0000
0ZRWj0000006GdBOAU,01tWj00000BivlpIAB,0ZGam000000isHdGAI,2026-03-16T18:56:12.000+0000
0ZRWj0000006GenOAE,01tWj00000BivlpIAB,0ZGam000000itATGAY,2026-03-16T18:56:13.000+0000
0ZRWj0000006Gi1OAE,01tWj00000BivnRIAR,0ZGam000000itATGAY,2026-03-16T18:56:15.000+0000
0ZRWj0000006GgPOAU,01tWj00000BivnRIAR,0ZGam000000isG1GAI,2026-03-16T18:56:14.000+0000
0ZRWj0000006GjdOAE,01tWj00000Bivp3IAB,0ZGam000000isHdGAI,2026-03-16T18:56:16.000+0000
0ZRWj0000006GlFOAU,01tWj00000Bivp3IAB,0ZGam000000itATGAY,2026-03-16T18:56:17.000+0000
0ZRWj0000006GmrOAE,01tWj00000BivqfIAB,0ZGam000000isG1GAI,2026-03-16T18:56:18.000+0000
0ZRWj0000006GoTOAU,01tWj00000BivqfIAB,0ZGam000000itATGAY,2026-03-16T18:56:19.000+0000
0ZRWj0000006Gq5OAE,01tWj00000BivsHIAR,0ZGam000000isHdGAI,2026-03-16T18:56:20.000+0000
0ZRWj0000006GrhOAE,01tWj00000BivsHIAR,0ZGam000000itATGAY,2026-03-16T18:56:21.000+0000
0ZRWj0000006GuvOAE,01tWj00000BivttIAB,0ZGam000000itATGAY,2026-03-16T18:56:23.000+0000
0ZRWj0000006GtJOAU,01tWj00000BivttIAB,0ZGam000000isG1GAI,2026-03-16T18:56:22.000+0000
0ZRWj0000006Gy9OAE,01tWj00000BivvVIAR,0ZGam000000itATGAY,2026-03-16T18:56:25.000+0000
0ZRWj0000006GwXOAU,01tWj00000BivvVIAR,0ZGam000000isHdGAI,2026-03-16T18:56:24.000+0000
0ZRWj0000006H1NOAU,01tWj00000Bivx7IAB,0ZGam000000itATGAY,2026-03-16T18:56:27.000+0000
0ZRWj0000006GzlOAE,01tWj00000Bivx7IAB,0ZGam000000isG1GAI,2026-03-16T18:56:26.000+0000
0ZRWj0000006H4bOAE,01tWj00000BivyjIAB,0ZGam000000itATGAY,2026-03-16T18:56:29.000+0000
0ZRWj0000006H2zOAE,01tWj00000BivyjIAB,0ZGam000000isG1GAI,2026-03-16T18:56:28.000+0000
0ZRWj0000006H6DOAU,01tWj00000Biw0LIAR,0ZGam000000isHdGAI,2026-03-16T18:56:30.000+0000
0ZRWj0000006H7pOAE,01tWj00000Biw0LIAR,0ZGam000000itATGAY,2026-03-16T18:56:31.000+0000
0ZRWj0000006H9ROAU,01tWj00000Biw1xIAB,0ZGam000000isG1GAI,2026-03-16T18:56:32.000+0000
0ZRWj0000006HB3OAM,01tWj00000Biw1xIAB,0ZGam000000itATGAY,2026-03-16T18:56:33.000+0000
0ZRWj0000006HEHOA2,01tWj00000Biw3ZIAR,0ZGam000000isBBGAY,2026-03-16T18:56:35.000+0000
0ZRWj0000006HCfOAM,01tWj00000Biw3ZIAR,0ZGam000000itATGAY,2026-03-16T18:56:34.000+0000
0ZRWj0000006HHVOA2,01tWj00000Biw5BIAR,0ZGam000000isBBGAY,2026-03-16T18:56:37.000+0000
0ZRWj0000006HFtOAM,01tWj00000Biw5BIAR,0ZGam000000itATGAY,2026-03-16T18:56:36.000+0000
0ZRWj0000006HJ7OAM,01tWj00000Biw6nIAB,0ZGam000000itATGAY,2026-03-16T18:56:38.000+0000
0ZRWj0000006HKjOAM,01tWj00000Biw6nIAB,0ZGam000000isBBGAY,2026-03-16T18:56:39.000+0000
0ZRWj0000006HMLOA2,01tWj00000Biw8PIAR,0ZGam000000itATGAY,2026-03-16T18:56:40.000+0000
0ZRWj0000006HNxOAM,01tWj00000Biw8PIAR,0ZGam000000isBBGAY,2026-03-16T18:56:41.000+0000
0ZRWj0000006HSnOAM,01tWj00000BiwBdIAJ,0ZGam000000itATGAY,2026-03-16T18:56:45.000+0000
0ZRWj0000006HUPOA2,01tWj00000BiwBdIAJ,0ZGam000000isBBGAY,2026-03-16T18:56:46.000+0000
0ZRWj0000006HXdOAM,01tWj00000BiwDFIAZ,0ZGam000000isCnGAI,2026-03-16T18:56:48.000+0000
0ZRWj0000006HW1OAM,01tWj00000BiwDFIAZ,0ZGam000000itATGAY,2026-03-16T18:56:47.000+0000
0ZRWj0000006HarOAE,01tWj00000BiwGTIAZ,0ZGam000000itATGAY,2026-03-16T18:56:50.000+0000
0ZRWj0000006HZFOA2,01tWj00000BiwGTIAZ,0ZGam000000isBBGAY,2026-03-16T18:56:49.000+0000
0ZRWj0000006HcTOAU,01tWj00000BiwI5IAJ,0ZGam000000isCnGAI,2026-03-16T18:56:51.000+0000
0ZRWj0000006He5OAE,01tWj00000BiwI5IAJ,0ZGam000000itATGAY,2026-03-16T18:56:52.000+0000
0ZRWj0000006HhJOAU,01tWj00000BiwJhIAJ,0ZGam000000isBBGAY,2026-03-16T18:56:54.000+0000
0ZRWj0000006HfhOAE,01tWj00000BiwJhIAJ,0ZGam000000itATGAY,2026-03-16T18:56:53.000+0000
0ZRWj0000006HivOAE,01tWj00000BiwLJIAZ,0ZGam000000isCnGAI,2026-03-16T18:56:55.000+0000
0ZRWj0000006HkXOAU,01tWj00000BiwLJIAZ,0ZGam000000itATGAY,2026-03-16T18:56:56.000+0000
0ZRWj0000006HnlOAE,01tWj00000BiwMvIAJ,0ZGam000000itATGAY,2026-03-16T18:56:58.000+0000
0ZRWj0000006Hm9OAE,01tWj00000BiwMvIAJ,0ZGam000000isBBGAY,2026-03-16T18:56:57.000+0000
0ZRWj0000006HpNOAU,01tWj00000BiwOXIAZ,0ZGam000000itATGAY,2026-03-16T18:56:59.000+0000
0ZRWj0000006HqzOAE,01tWj00000BiwOXIAZ,0ZGam000000isCnGAI,2026-03-16T18:57:00.000+0000
0ZRWj0000006HuDOAU,01tWj00000BiwQ9IAJ,0ZGam000000isBBGAY,2026-03-16T18:57:02.000+0000
0ZRWj0000006HsbOAE,01tWj00000BiwQ9IAJ,0ZGam000000itATGAY,2026-03-16T18:57:01.000+0000
0ZRWj0000006HxROAU,01tWj00000BiwRlIAJ,0ZGam000000isCnGAI,2026-03-16T18:57:04.000+0000
0ZRWj0000006HvpOAE,01tWj00000BiwRlIAJ,0ZGam000000itATGAY,2026-03-16T18:57:03.000+0000
0ZRWj0000006GmsOAE,01tWj00000BiwTNIAZ,0ZGam000000itATGAY,2026-03-16T18:57:05.000+0000
0ZRWj0000006Hz3OAE,01tWj00000BiwTNIAZ,0ZGam000000isBBGAY,2026-03-16T18:57:06.000+0000
0ZRWj0000006I0fOAE,01tWj00000BiwUzIAJ,0ZGam000000itATGAY,2026-03-16T18:57:07.000+0000
0ZRWj0000006I2HOAU,01tWj00000BiwUzIAJ,0ZGam000000isCnGAI,2026-03-16T18:57:08.000+0000
0ZRWj0000006I5VOAU,01tWj00000BiwWbIAJ,0ZGam000000itATGAY,2026-03-16T18:57:11.000+0000
0ZRWj0000006I3tOAE,01tWj00000BiwWbIAJ,0ZGam000000isBBGAY,2026-03-16T18:57:09.000+0000
0ZRWj0000006I8jOAE,01tWj00000BiwYDIAZ,0ZGam000000isCnGAI,2026-03-16T18:57:13.000+0000
0ZRWj0000006I77OAE,01tWj00000BiwYDIAZ,0ZGam000000itATGAY,2026-03-16T18:57:12.000+0000
0ZRWj0000006IALOA2,01tWj00000BiwZpIAJ,0ZGam000000isBBGAY,2026-03-16T18:57:14.000+0000
0ZRWj0000006IBxOAM,01tWj00000BiwZpIAJ,0ZGam000000itATGAY,2026-03-16T18:57:15.000+0000
0ZRWj0000006IFBOA2,01tWj00000BiwbRIAR,0ZGam000000isCnGAI,2026-03-16T18:57:17.000+0000
0ZRWj0000006IDZOA2,01tWj00000BiwbRIAR,0ZGam000000itATGAY,2026-03-16T18:57:16.000+0000
0ZRWj0000006IIPOA2,01tWj00000Biwd3IAB,0ZGam000000itATGAY,2026-03-16T18:57:19.000+0000
0ZRWj0000006IGnOAM,01tWj00000Biwd3IAB,0ZGam000000isBBGAY,2026-03-16T18:57:18.000+0000
0ZRWj0000006ILdOAM,01tWj00000BiwefIAB,0ZGam000000isCnGAI,2026-03-16T18:57:21.000+0000
0ZRWj0000006IK1OAM,01tWj00000BiwefIAB,0ZGam000000itATGAY,2026-03-16T18:57:20.000+0000
0ZRWj0000006INFOA2,01tWj00000BiwgHIAR,0ZGam000000itATGAY,2026-03-16T18:57:22.000+0000
0ZRWj0000006IOrOAM,01tWj00000BiwgHIAR,0ZGam000000isBBGAY,2026-03-16T18:57:23.000+0000
0ZRWj0000006IVJOA2,01tWj00000BiwhtIAB,0ZGam000000isCnGAI,2026-03-16T18:57:28.000+0000
0ZRWj0000006IThOAM,01tWj00000BiwhtIAB,0ZGam000000itATGAY,2026-03-16T18:57:27.000+0000
0ZRWj0000006IYXOA2,01tWj00000BiwjVIAR,0ZGam000000isCnGAI,2026-03-16T18:57:30.000+0000
0ZRWj0000006IWvOAM,01tWj00000BiwjVIAR,0ZGam000000itATGAY,2026-03-16T18:57:29.000+0000
0ZRWj0000006MqxOAE,01tWj00000C2iUIIAZ,0ZGam000000isG1GAI,2026-03-27T23:32:15.000+0000
0ZRWj0000006MeQOAU,01tWj00000C2iUJIAZ,0ZGam000000isG1GAI,2026-03-27T23:32:01.000+0000
0ZRWj0000006N3IOAU,01tWj00000C2iUKIAZ,0ZGam000000isG1GAI,2026-03-27T23:32:27.000+0000
0ZRWj0000006N8WOAU,01tWj00000C2iULIAZ,0ZGam000000isG1GAI,2026-03-27T23:32:34.000+0000
0ZRWj0000006Mt4OAE,01tWj00000C2iUMIAZ,0ZGam000000isG1GAI,2026-03-27T23:32:15.000+0000
0ZRWj0000006MfKOAU,01tWj00000C2iUNIAZ,0ZGam000000isG1GAI,2026-03-27T23:32:01.000+0000
0ZRWj0000006NcFOAU,01tWj00000C2iUOIAZ,0ZGam000000isG1GAI,2026-03-27T23:33:08.000+0000
0ZRWj0000006Nj2OAE,01tWj00000C2iUPIAZ,0ZGam000000isG1GAI,2026-03-27T23:33:16.000+0000
0ZRWj0000006NaAOAU,01tWj00000C2iUQIAZ,0ZGam000000isG1GAI,2026-03-27T23:33:08.000+0000
0ZRWj0000006NJeOAM,01tWj00000C2iURIAZ,0ZGam000000isG1GAI,2026-03-27T23:32:46.000+0000
0ZRWj0000006N7DOAU,01tWj00000C2iUSIAZ,0ZGam000000isG1GAI,2026-03-27T23:32:34.000+0000
0ZRWj0000006NFeOAM,01tWj00000C2iUTIAZ,0ZGam000000isG1GAI,2026-03-27T23:32:42.000+0000
0ZRWj0000006Ns4OAE,01tWj00000C2iUUIAZ,0ZGam000000isG1GAI,2026-03-27T23:33:27.000+0000
0ZRWj0000006MudOAE,01tWj00000C2iUVIAZ,0ZGam000000isG1GAI,2026-03-27T23:32:20.000+0000
0ZRWj0000006NmpOAE,01tWj00000C2iUWIAZ,0ZGam000000isG1GAI,2026-03-27T23:33:23.000+0000
0ZRWj0000006NraOAE,01tWj00000C2iUXIAZ,0ZGam000000isG1GAI,2026-03-27T23:33:27.000+0000
0ZRWj0000006NE7OAM,01tWj00000C2iUYIAZ,0ZGam000000isG1GAI,2026-03-27T23:32:42.000+0000
0ZRWj0000006NrXOAU,01tWj00000C2iUZIAZ,0ZGam000000isG1GAI,2026-03-27T23:33:27.000+0000
0ZRWj0000006Nv8OAE,01tWj00000C2iUaIAJ,0ZGam000000isG1GAI,2026-03-27T23:33:31.000+0000
0ZRWj0000006NYQOA2,01tWj00000C2iUbIAJ,0ZGam000000isG1GAI,2026-03-27T23:33:04.000+0000
0ZRWj0000006Ml3OAE,01tWj00000C2iUcIAJ,0ZGam000000isG1GAI,2026-03-27T23:32:08.000+0000
0ZRWj0000006MhuOAE,01tWj00000C2iUdIAJ,0ZGam000000isG1GAI,2026-03-27T23:32:04.000+0000
0ZRWj0000006MhAOAU,01tWj00000C2iUeIAJ,0ZGam000000isG1GAI,2026-03-27T23:32:04.000+0000
0ZRWj0000006NhHOAU,01tWj00000C2iUfIAJ,0ZGam000000isG1GAI,2026-03-27T23:33:16.000+0000
0ZRWj0000006MxaOAE,01tWj00000C2iUgIAJ,0ZGam000000isG1GAI,2026-03-27T23:32:23.000+0000
0ZRWj0000006NYVOA2,01tWj00000C2iUhIAJ,0ZGam000000isG1GAI,2026-03-27T23:33:04.000+0000
0ZRWj0000006MasOAE,01tWj00000C2iUiIAJ,0ZGam000000isG1GAI,2026-03-27T23:31:57.000+0000
0ZRWj0000006Mk9OAE,01tWj00000C2iUjIAJ,0ZGam000000isG1GAI,2026-03-27T23:32:04.000+0000
0ZRWj0000006N2AOAU,01tWj00000C2iUkIAJ,0ZGam000000isG1GAI,2026-03-27T23:32:27.000+0000
0ZRWj0000006MlbOAE,01tWj00000C2iUlIAJ,0ZGam000000isG1GAI,2026-03-27T23:32:08.000+0000
0ZRWj0000006NYUOA2,01tWj00000C2iUmIAJ,0ZGam000000isG1GAI,2026-03-27T23:33:04.000+0000
0ZRWj0000006NcZOAU,01tWj00000C2iUnIAJ,0ZGam000000isG1GAI,2026-03-27T23:33:08.000+0000
0ZRWj0000006NGNOA2,01tWj00000C2iUoIAJ,0ZGam000000isG1GAI,2026-03-27T23:32:42.000+0000
0ZRWj0000006N9TOAU,01tWj00000C2iUpIAJ,0ZGam000000isG1GAI,2026-03-27T23:32:34.000+0000
0ZRWj0000006Nr4OAE,01tWj00000C2iUqIAJ,0ZGam000000isG1GAI,2026-03-27T23:33:27.000+0000
0ZRWj0000006NRqOAM,01tWj00000C2iUrIAJ,0ZGam000000isG1GAI,2026-03-27T23:32:57.000+0000
0ZRWj0000006MhQOAU,01tWj00000C2iUsIAJ,0ZGam000000isG1GAI,2026-03-27T23:32:04.000+0000
0ZRWj0000006MvwOAE,01tWj00000C2iUtIAJ,0ZGam000000isG1GAI,2026-03-27T23:32:20.000+0000
0ZRWj0000006NP5OAM,01tWj00000C2iUuIAJ,0ZGam000000isG1GAI,2026-03-27T23:32:53.000+0000
0ZRWj0000006K4COAU,01tWj00000C2iUvIAJ,0ZGam000000isCnGAI,2026-03-27T20:04:11.000+0000
0ZRWj0000006K4DOAU,01tWj00000C2iUwIAJ,0ZGam000000isCnGAI,2026-03-27T20:04:11.000+0000
0ZRWj0000006K4EOAU,01tWj00000C2iUxIAJ,0ZGam000000isCnGAI,2026-03-27T20:04:11.000+0000
0ZRWj0000006K4FOAU,01tWj00000C2iUyIAJ,0ZGam000000isCnGAI,2026-03-27T20:04:11.000+0000
0ZRWj0000006K4GOAU,01tWj00000C2iUzIAJ,0ZGam000000isCnGAI,2026-03-27T20:04:11.000+0000
0ZRWj0000006K4HOAU,01tWj00000C2iV0IAJ,0ZGam000000isCnGAI,2026-03-27T20:04:11.000+0000
0ZRWj0000006K4IOAU,01tWj00000C2iV1IAJ,0ZGam000000isCnGAI,2026-03-27T20:04:11.000+0000
0ZRWj0000006K4JOAU,01tWj00000C2iV2IAJ,0ZGam000000isCnGAI,2026-03-27T20:04:11.000+0000
0ZRWj0000006K4KOAU,01tWj00000C2iV3IAJ,0ZGam000000isCnGAI,2026-03-27T20:04:11.000+0000
0ZRWj0000006K4LOAU,01tWj00000C2iV4IAJ,0ZGam000000isCnGAI,2026-03-27T20:04:11.000+0000
0ZRWj0000006K4MOAU,01tWj00000C2iV5IAJ,0ZGam000000isCnGAI,2026-03-27T20:04:11.000+0000
0ZRWj0000006K4NOAU,01tWj00000C2iV6IAJ,0ZGam000000isCnGAI,2026-03-27T20:04:11.000+0000
0ZRWj0000006K4OOAU,01tWj00000C2iV7IAJ,0ZGam000000isCnGAI,2026-03-27T20:04:11.000+0000
0ZRWj0000006K4POAU,01tWj00000C2iV8IAJ,0ZGam000000isCnGAI,2026-03-27T20:04:11.000+0000
0ZRWj0000006K4QOAU,01tWj00000C2iV9IAJ,0ZGam000000isCnGAI,2026-03-27T20:04:11.000+0000
0ZRWj0000006K4ROAU,01tWj00000C2iVAIAZ,0ZGam000000isCnGAI,2026-03-27T20:04:11.000+0000
0ZRWj0000006K4SOAU,01tWj00000C2iVBIAZ,0ZGam000000isCnGAI,2026-03-27T20:04:11.000+0000
0ZRWj0000006K4TOAU,01tWj00000C2iVCIAZ,0ZGam000000isCnGAI,2026-03-27T20:04:11.000+0000
0ZRWj0000006K4UOAU,01tWj00000C2iVDIAZ,0ZGam000000isCnGAI,2026-03-27T20:04:11.000+0000
0ZRWj0000006K4VOAU,01tWj00000C2iVEIAZ,0ZGam000000isCnGAI,2026-03-27T20:04:11.000+0000
0ZRWj0000006K4WOAU,01tWj00000C2iVFIAZ,0ZGam000000isCnGAI,2026-03-27T20:04:11.000+0000
0ZRWj0000006K4XOAU,01tWj00000C2iVGIAZ,0ZGam000000isCnGAI,2026-03-27T20:04:11.000+0000
0ZRWj0000006K4YOAU,01tWj00000C2iVHIAZ,0ZGam000000isCnGAI,2026-03-27T20:04:11.000+0000
0ZRWj0000006K4ZOAU,01tWj00000C2iVIIAZ,0ZGam000000isCnGAI,2026-03-27T20:04:11.000+0000
0ZRWj0000006K4aOAE,01tWj00000C2iVJIAZ,0ZGam000000isCnGAI,2026-03-27T20:04:11.000+0000
0ZRWj0000006K4bOAE,01tWj00000C2iVKIAZ,0ZGam000000isCnGAI,2026-03-27T20:04:11.000+0000
0ZRWj0000006K4cOAE,01tWj00000C2iVLIAZ,0ZGam000000isCnGAI,2026-03-27T20:04:11.000+0000
0ZRWj0000006K4dOAE,01tWj00000C2iVMIAZ,0ZGam000000isCnGAI,2026-03-27T20:04:11.000+0000
0ZRWj0000006K4eOAE,01tWj00000C2iVNIAZ,0ZGam000000isCnGAI,2026-03-27T20:04:11.000+0000
0ZRWj0000006K4fOAE,01tWj00000C2iVOIAZ,0ZGam000000isCnGAI,2026-03-27T20:04:11.000+0000
0ZRWj0000006K4gOAE,01tWj00000C2iVPIAZ,0ZGam000000isCnGAI,2026-03-27T20:04:11.000+0000
0ZRWj0000006K4hOAE,01tWj00000C2iVQIAZ,0ZGam000000isCnGAI,2026-03-27T20:04:11.000+0000
0ZRWj0000006K4iOAE,01tWj00000C2iVRIAZ,0ZGam000000isCnGAI,2026-03-27T20:04:11.000+0000
0ZRWj0000006K4jOAE,01tWj00000C2iVSIAZ,0ZGam000000isCnGAI,2026-03-27T20:04:11.000+0000
0ZRWj0000006K4kOAE,01tWj00000C2iVTIAZ,0ZGam000000isCnGAI,2026-03-27T20:04:11.000+0000
0ZRWj0000006K4lOAE,01tWj00000C2iVUIAZ,0ZGam000000isCnGAI,2026-03-27T20:04:11.000+0000
0ZRWj0000006K4mOAE,01tWj00000C2iVVIAZ,0ZGam000000isCnGAI,2026-03-27T20:04:11.000+0000
0ZRWj0000006K4nOAE,01tWj00000C2iVWIAZ,0ZGam000000isCnGAI,2026-03-27T20:04:11.000+0000
0ZRWj0000006K4oOAE,01tWj00000C2iVXIAZ,0ZGam000000isCnGAI,2026-03-27T20:04:11.000+0000
0ZRWj0000006K4pOAE,01tWj00000C2iVYIAZ,0ZGam000000isCnGAI,2026-03-27T20:04:11.000+0000
0ZRWj0000006K4qOAE,01tWj00000C2iVZIAZ,0ZGam000000isCnGAI,2026-03-27T20:04:11.000+0000
0ZRWj0000006K4rOAE,01tWj00000C2iVaIAJ,0ZGam000000isCnGAI,2026-03-27T20:04:11.000+0000
0ZRWj0000006K4sOAE,01tWj00000C2iVbIAJ,0ZGam000000isCnGAI,2026-03-27T20:04:11.000+0000
0ZRWj0000006K4tOAE,01tWj00000C2iVcIAJ,0ZGam000000isCnGAI,2026-03-27T20:04:11.000+0000
0ZRWj0000006K4uOAE,01tWj00000C2iVdIAJ,0ZGam000000isCnGAI,2026-03-27T20:04:11.000+0000
0ZRWj0000006K4vOAE,01tWj00000C2iVeIAJ,0ZGam000000isCnGAI,2026-03-27T20:04:11.000+0000
0ZRWj0000006K4wOAE,01tWj00000C2iVfIAJ,0ZGam000000isCnGAI,2026-03-27T20:04:11.000+0000
0ZRWj0000006K4xOAE,01tWj00000C2iVgIAJ,0ZGam000000isCnGAI,2026-03-27T20:04:11.000+0000
0ZRWj0000006K4yOAE,01tWj00000C2iVhIAJ,0ZGam000000isCnGAI,2026-03-27T20:04:11.000+0000
0ZRWj0000006K4zOAE,01tWj00000C2iViIAJ,0ZGam000000isCnGAI,2026-03-27T20:04:11.000+0000
0ZRWj0000006K50OAE,01tWj00000C2iVjIAJ,0ZGam000000isCnGAI,2026-03-27T20:04:11.000+0000
0ZRWj0000006K51OAE,01tWj00000C2iVkIAJ,0ZGam000000isCnGAI,2026-03-27T20:04:11.000+0000
0ZRWj0000006K52OAE,01tWj00000C2iVlIAJ,0ZGam000000isCnGAI,2026-03-27T20:04:11.000+0000
0ZRWj0000006K53OAE,01tWj00000C2iVmIAJ,0ZGam000000isCnGAI,2026-03-27T20:04:11.000+0000
0ZRWj0000006K54OAE,01tWj00000C2iVnIAJ,0ZGam000000isCnGAI,2026-03-27T20:04:11.000+0000
0ZRWj0000006K55OAE,01tWj00000C2iVoIAJ,0ZGam000000isCnGAI,2026-03-27T20:04:11.000+0000
0ZRWj0000006K56OAE,01tWj00000C2iVpIAJ,0ZGam000000isCnGAI,2026-03-27T20:04:11.000+0000
0ZRWj0000006K57OAE,01tWj00000C2iVqIAJ,0ZGam000000isCnGAI,2026-03-27T20:04:11.000+0000
0ZRWj0000006K58OAE,01tWj00000C2iVrIAJ,0ZGam000000isCnGAI,2026-03-27T20:04:11.000+0000
0ZRWj0000006K59OAE,01tWj00000C2iVsIAJ,0ZGam000000isCnGAI,2026-03-27T20:04:11.000+0000
0ZRWj0000006N07OAE,01tWj00000C2x6pIAB,0ZGam000000isBBGAY,2026-03-27T23:32:23.000+0000
0ZRWj0000006NvCOAU,01tWj00000C2x6qIAB,0ZGam000000isBBGAY,2026-03-27T23:33:31.000+0000
0ZRWj0000006Mg3OAE,01tWj00000C2x6rIAB,0ZGam000000isBBGAY,2026-03-27T23:32:01.000+0000
0ZRWj0000006N92OAE,01tWj00000C2x6sIAB,0ZGam000000isBBGAY,2026-03-27T23:32:34.000+0000
0ZRWj0000006Na3OAE,01tWj00000C2x6tIAB,0ZGam000000isBBGAY,2026-03-27T23:33:08.000+0000
0ZRWj0000006Nh8OAE,01tWj00000C2x6uIAB,0ZGam000000isBBGAY,2026-03-27T23:33:16.000+0000
0ZRWj0000006NBaOAM,01tWj00000C2x6vIAB,0ZGam000000isBBGAY,2026-03-27T23:32:38.000+0000
0ZRWj0000006MmbOAE,01tWj00000C2x6wIAB,0ZGam000000isBBGAY,2026-03-27T23:32:08.000+0000
0ZRWj0000006NG3OAM,01tWj00000C2x6xIAB,0ZGam000000isBBGAY,2026-03-27T23:32:42.000+0000
0ZRWj0000006MvSOAU,01tWj00000C2x6yIAB,0ZGam000000isBBGAY,2026-03-27T23:32:20.000+0000
0ZRWj0000006NqYOAU,01tWj00000C2x6zIAB,0ZGam000000isBBGAY,2026-03-27T23:33:27.000+0000
0ZRWj0000006MiFOAU,01tWj00000C2x70IAB,0ZGam000000isBBGAY,2026-03-27T23:32:04.000+0000
0ZRWj0000006NG0OAM,01tWj00000C2x71IAB,0ZGam000000isBBGAY,2026-03-27T23:32:42.000+0000
0ZRWj0000006NHBOA2,01tWj00000C2x72IAB,0ZGam000000isBBGAY,2026-03-27T23:32:46.000+0000
0ZRWj0000006MmVOAU,01tWj00000C2x73IAB,0ZGam000000isBBGAY,2026-03-27T23:32:08.000+0000
0ZRWj0000006MezOAE,01tWj00000C2x74IAB,0ZGam000000isBBGAY,2026-03-27T23:32:01.000+0000
0ZRWj0000006Ne9OAE,01tWj00000C2x75IAB,0ZGam000000isBBGAY,2026-03-27T23:33:12.000+0000
0ZRWj0000006MxWOAU,01tWj00000C2x76IAB,0ZGam000000isBBGAY,2026-03-27T23:32:23.000+0000
0ZRWj0000006NjAOAU,01tWj00000C2x77IAB,0ZGam000000isBBGAY,2026-03-27T23:33:16.000+0000
0ZRWj0000006NPSOA2,01tWj00000C2x78IAB,0ZGam000000isBBGAY,2026-03-27T23:32:53.000+0000
0ZRWj0000006NLnOAM,01tWj00000C2x79IAB,0ZGam000000isBBGAY,2026-03-27T23:32:50.000+0000
0ZRWj0000006Nk5OAE,01tWj00000C2x7AIAR,0ZGam000000isBBGAY,2026-03-27T23:33:20.000+0000
0ZRWj0000006KcDOAU,01tWj00000C2x7BIAR,0ZGam000000isBBGAY,2026-03-27T20:40:58.000+0000
0ZRWj0000006KfROAU,01tWj00000C2x7BIAR,0ZGam000000itATGAY,2026-03-27T20:41:20.000+0000
0ZRWj0000006KfSOAU,01tWj00000C2x7CIAR,0ZGam000000itATGAY,2026-03-27T20:41:20.000+0000
0ZRWj0000006KcEOAU,01tWj00000C2x7CIAR,0ZGam000000isBBGAY,2026-03-27T20:40:58.000+0000
0ZRWj0000006KcFOAU,01tWj00000C2x7DIAR,0ZGam000000isBBGAY,2026-03-27T20:40:58.000+0000
0ZRWj0000006KfTOAU,01tWj00000C2x7DIAR,0ZGam000000itATGAY,2026-03-27T20:41:20.000+0000
0ZRWj0000006KiDOAU,01tWj00000C2x7EIAR,0ZGam000000itATGAY,2026-03-27T20:43:17.000+0000
0ZRWj0000006KlROAU,01tWj00000C2x7EIAR,0ZGam000000isBBGAY,2026-03-27T20:43:37.000+0000
0ZRWj0000006KlSOAU,01tWj00000C2x7FIAR,0ZGam000000isBBGAY,2026-03-27T20:43:37.000+0000
0ZRWj0000006KiEOAU,01tWj00000C2x7FIAR,0ZGam000000itATGAY,2026-03-27T20:43:17.000+0000
0ZRWj0000006KotOAE,01tWj00000C2x7GIAR,0ZGam000000itATGAY,2026-03-27T20:44:12.000+0000
0ZRWj0000006Ks7OAE,01tWj00000C2x7GIAR,0ZGam000000isBBGAY,2026-03-27T20:44:27.000+0000
0ZRWj0000006KouOAE,01tWj00000C2x7HIAR,0ZGam000000itATGAY,2026-03-27T20:44:12.000+0000
0ZRWj0000006Ks8OAE,01tWj00000C2x7HIAR,0ZGam000000isBBGAY,2026-03-27T20:44:27.000+0000
0ZRWj0000006KyZOAU,01tWj00000C2x7IIAR,0ZGam000000itATGAY,2026-03-27T21:04:37.000+0000
0ZRWj0000006KvLOAU,01tWj00000C2x7IIAR,0ZGam000000isBBGAY,2026-03-27T21:04:22.000+0000
0ZRWj0000006KvMOAU,01tWj00000C2x7JIAR,0ZGam000000isBBGAY,2026-03-27T21:04:22.000+0000
0ZRWj0000006KyaOAE,01tWj00000C2x7JIAR,0ZGam000000itATGAY,2026-03-27T21:04:37.000+0000
0ZRWj0000006L1SOAU,01tWj00000C2x7KIAR,0ZGam000000isBBGAY,2026-03-27T21:05:29.000+0000
0ZRWj0000006L4gOAE,01tWj00000C2x7KIAR,0ZGam000000itATGAY,2026-03-27T21:05:44.000+0000
0ZRWj0000006L1TOAU,01tWj00000C2x7LIAR,0ZGam000000isBBGAY,2026-03-27T21:05:29.000+0000
0ZRWj0000006L4hOAE,01tWj00000C2x7LIAR,0ZGam000000itATGAY,2026-03-27T21:05:44.000+0000
0ZRWj0000006LBVOA2,01tWj00000C2x7MIAR,0ZGam000000isBBGAY,2026-03-27T21:06:35.000+0000
0ZRWj0000006L8HOAU,01tWj00000C2x7MIAR,0ZGam000000itATGAY,2026-03-27T21:06:18.000+0000
0ZRWj0000006L8IOAU,01tWj00000C2x7NIAR,0ZGam000000itATGAY,2026-03-27T21:06:18.000+0000
0ZRWj0000006LBWOA2,01tWj00000C2x7NIAR,0ZGam000000isBBGAY,2026-03-27T21:06:35.000+0000
0ZRWj0000006NcCOAU,01tWj00000C2x7OIAR,0ZGam000000isBBGAY,2026-03-27T23:33:08.000+0000
0ZRWj0000006Nh6OAE,01tWj00000C2x7PIAR,0ZGam000000isBBGAY,2026-03-27T23:33:16.000+0000
0ZRWj0000006NkPOAU,01tWj00000C2x7QIAR,0ZGam000000isBBGAY,2026-03-27T23:33:20.000+0000
0ZRWj0000006MrTOAU,01tWj00000C2x7RIAR,0ZGam000000isBBGAY,2026-03-27T23:32:15.000+0000
0ZRWj0000006NROOA2,01tWj00000C2x7SIAR,0ZGam000000isBBGAY,2026-03-27T23:32:57.000+0000
0ZRWj0000006MziOAE,01tWj00000C2x7TIAR,0ZGam000000isBBGAY,2026-03-27T23:32:23.000+0000
0ZRWj0000006NUTOA2,01tWj00000C2x7UIAR,0ZGam000000isBBGAY,2026-03-27T23:33:01.000+0000
0ZRWj0000006MsdOAE,01tWj00000C2x7VIAR,0ZGam000000isBBGAY,2026-03-27T23:32:15.000+0000
0ZRWj0000006MeDOAU,01tWj00000C2x7WIAR,0ZGam000000isBBGAY,2026-03-27T23:32:01.000+0000
0ZRWj0000006MjkOAE,01tWj00000C2x7XIAR,0ZGam000000isBBGAY,2026-03-27T23:32:04.000+0000
0ZRWj0000006NqyOAE,01tWj00000C2x7YIAR,0ZGam000000isBBGAY,2026-03-27T23:33:27.000+0000
0ZRWj0000006N6hOAE,01tWj00000C2x7ZIAR,0ZGam000000isBBGAY,2026-03-27T23:32:31.000+0000
0ZRWj0000006MncOAE,01tWj00000C2x7aIAB,0ZGam000000isBBGAY,2026-03-27T23:32:12.000+0000
0ZRWj0000006NluOAE,01tWj00000C2x7bIAB,0ZGam000000isBBGAY,2026-03-27T23:33:20.000+0000
0ZRWj0000006NT8OAM,01tWj00000C2x7cIAB,0ZGam000000isBBGAY,2026-03-27T23:32:57.000+0000
0ZRWj0000006MrLOAU,01tWj00000C2x7dIAB,0ZGam000000isBBGAY,2026-03-27T23:32:15.000+0000
0ZRWj0000006MceOAE,01tWj00000C2x7eIAB,0ZGam000000isBBGAY,2026-03-27T23:31:57.000+0000
0ZRWj0000006NXTOA2,01tWj00000C2x7fIAB,0ZGam000000isBBGAY,2026-03-27T23:33:04.000+0000
0ZRWj0000006NYCOA2,01tWj00000C2x7gIAB,0ZGam000000isBBGAY,2026-03-27T23:33:04.000+0000
0ZRWj0000006NUvOAM,01tWj00000C2x7hIAB,0ZGam000000isBBGAY,2026-03-27T23:33:01.000+0000
0ZRWj0000006NP3OAM,01tWj00000C2x7iIAB,0ZGam000000isBBGAY,2026-03-27T23:32:53.000+0000
0ZRWj0000006MjhOAE,01tWj00000C2x7jIAB,0ZGam000000isBBGAY,2026-03-27T23:32:04.000+0000
0ZRWj0000006MsaOAE,01tWj00000C2x7kIAB,0ZGam000000isBBGAY,2026-03-27T23:32:15.000+0000
0ZRWj0000006NCsOAM,01tWj00000C2x7lIAB,0ZGam000000isBBGAY,2026-03-27T23:32:38.000+0000
0ZRWj0000006Np3OAE,01tWj00000C2x7mIAB,0ZGam000000isBBGAY,2026-03-27T23:33:23.000+0000
0ZRWj0000006N5tOAE,01tWj00000C2x7nIAB,0ZGam000000isBBGAY,2026-03-27T23:32:31.000+0000
0ZRWj0000006NQSOA2,01tWj00000C2x7oIAB,0ZGam000000isBBGAY,2026-03-27T23:32:57.000+0000
0ZRWj0000006NnUOAU,01tWj00000C2x7pIAB,0ZGam000000isBBGAY,2026-03-27T23:33:23.000+0000
0ZRWj0000006NZsOAM,01tWj00000C2x7qIAB,0ZGam000000isBBGAY,2026-03-27T23:33:08.000+0000
0ZRWj0000006N3mOAE,01tWj00000C2x7rIAB,0ZGam000000isBBGAY,2026-03-27T23:32:31.000+0000
0ZRWj0000006NgVOAU,01tWj00000C2x7sIAB,0ZGam000000isBBGAY,2026-03-27T23:33:16.000+0000
0ZRWj0000006MvZOAU,01tWj00000C2x7tIAB,0ZGam000000isBBGAY,2026-03-27T23:32:20.000+0000
0ZRWj0000006NIVOA2,01tWj00000C2x7uIAB,0ZGam000000isBBGAY,2026-03-27T23:32:46.000+0000
0ZRWj0000006NhtOAE,01tWj00000C2x7vIAB,0ZGam000000isBBGAY,2026-03-27T23:33:16.000+0000
0ZRWj0000006NYqOAM,01tWj00000C2x7wIAB,0ZGam000000isBBGAY,2026-03-27T23:33:04.000+0000
0ZRWj0000006Nw9OAE,01tWj00000C2x7xIAB,0ZGam000000isBBGAY,2026-03-27T23:33:31.000+0000
0ZRWj0000006KfUOAU,01tWj00000C2x7yIAB,0ZGam000000itATGAY,2026-03-27T20:41:20.000+0000
0ZRWj0000006KcGOAU,01tWj00000C2x7yIAB,0ZGam000000isBBGAY,2026-03-27T20:40:58.000+0000
0ZRWj0000006KcHOAU,01tWj00000C2x7zIAB,0ZGam000000isBBGAY,2026-03-27T20:40:58.000+0000
0ZRWj0000006KfVOAU,01tWj00000C2x7zIAB,0ZGam000000itATGAY,2026-03-27T20:41:20.000+0000
0ZRWj0000006KfWOAU,01tWj00000C2x80IAB,0ZGam000000itATGAY,2026-03-27T20:41:20.000+0000
0ZRWj0000006KcIOAU,01tWj00000C2x80IAB,0ZGam000000isBBGAY,2026-03-27T20:40:58.000+0000
0ZRWj0000006KiFOAU,01tWj00000C2x81IAB,0ZGam000000itATGAY,2026-03-27T20:43:17.000+0000
0ZRWj0000006KlTOAU,01tWj00000C2x81IAB,0ZGam000000isBBGAY,2026-03-27T20:43:37.000+0000
0ZRWj0000006KiGOAU,01tWj00000C2x82IAB,0ZGam000000itATGAY,2026-03-27T20:43:17.000+0000
0ZRWj0000006KlUOAU,01tWj00000C2x82IAB,0ZGam000000isBBGAY,2026-03-27T20:43:37.000+0000
0ZRWj0000006KovOAE,01tWj00000C2x83IAB,0ZGam000000itATGAY,2026-03-27T20:44:12.000+0000
0ZRWj0000006Ks9OAE,01tWj00000C2x83IAB,0ZGam000000isBBGAY,2026-03-27T20:44:27.000+0000
0ZRWj0000006KowOAE,01tWj00000C2x84IAB,0ZGam000000itATGAY,2026-03-27T20:44:12.000+0000
0ZRWj0000006KsAOAU,01tWj00000C2x84IAB,0ZGam000000isBBGAY,2026-03-27T20:44:27.000+0000
0ZRWj0000006KvNOAU,01tWj00000C2x85IAB,0ZGam000000isBBGAY,2026-03-27T21:04:22.000+0000
0ZRWj0000006KybOAE,01tWj00000C2x85IAB,0ZGam000000itATGAY,2026-03-27T21:04:37.000+0000
0ZRWj0000006KvOOAU,01tWj00000C2x86IAB,0ZGam000000isBBGAY,2026-03-27T21:04:22.000+0000
0ZRWj0000006KycOAE,01tWj00000C2x86IAB,0ZGam000000itATGAY,2026-03-27T21:04:37.000+0000
0ZRWj0000006L4iOAE,01tWj00000C2x87IAB,0ZGam000000itATGAY,2026-03-27T21:05:44.000+0000
0ZRWj0000006L1UOAU,01tWj00000C2x87IAB,0ZGam000000isBBGAY,2026-03-27T21:05:29.000+0000
0ZRWj0000006L4jOAE,01tWj00000C2x88IAB,0ZGam000000itATGAY,2026-03-27T21:05:44.000+0000
0ZRWj0000006L1VOAU,01tWj00000C2x88IAB,0ZGam000000isBBGAY,2026-03-27T21:05:29.000+0000
0ZRWj0000006L8JOAU,01tWj00000C2x89IAB,0ZGam000000itATGAY,2026-03-27T21:06:18.000+0000
0ZRWj0000006LBXOA2,01tWj00000C2x89IAB,0ZGam000000isBBGAY,2026-03-27T21:06:35.000+0000
0ZRWj0000006L8KOAU,01tWj00000C2x8AIAR,0ZGam000000itATGAY,2026-03-27T21:06:18.000+0000
0ZRWj0000006LBYOA2,01tWj00000C2x8AIAR,0ZGam000000isBBGAY,2026-03-27T21:06:35.000+0000
0ZRWj0000006Me8OAE,01tWj00000C2x8BIAR,0ZGam000000isBBGAY,2026-03-27T23:32:01.000+0000
0ZRWj0000006NeYOAU,01tWj00000C2x8CIAR,0ZGam000000isBBGAY,2026-03-27T23:33:12.000+0000
0ZRWj0000006NMJOA2,01tWj00000C2x8DIAR,0ZGam000000isBBGAY,2026-03-27T23:32:50.000+0000
0ZRWj0000006NhLOAU,01tWj00000C2x8EIAR,0ZGam000000isBBGAY,2026-03-27T23:33:16.000+0000
0ZRWj0000006NShOAM,01tWj00000C2x8FIAR,0ZGam000000isBBGAY,2026-03-27T23:32:57.000+0000
0ZRWj0000006NUCOA2,01tWj00000C2x8GIAR,0ZGam000000isBBGAY,2026-03-27T23:33:01.000+0000
0ZRWj0000006NnOOAU,01tWj00000C2x8HIAR,0ZGam000000isBBGAY,2026-03-27T23:33:23.000+0000
0ZRWj0000006NQGOA2,01tWj00000C2x8IIAR,0ZGam000000isBBGAY,2026-03-27T23:32:57.000+0000
0ZRWj0000006MmSOAU,01tWj00000C2x8JIAR,0ZGam000000isBBGAY,2026-03-27T23:32:08.000+0000
0ZRWj0000006NBIOA2,01tWj00000C2x8KIAR,0ZGam000000isBBGAY,2026-03-27T23:32:38.000+0000
0ZRWj0000006L7lOAE,01tWj00000C2yZ4IAJ,0ZGam000000itATGAY,2026-03-27T21:06:18.000+0000
0ZRWj0000006LAzOAM,01tWj00000C2yZ4IAJ,0ZGam000000isBBGAY,2026-03-27T21:06:35.000+0000
0ZRWj0000006L7mOAE,01tWj00000C2yZ5IAJ,0ZGam000000itATGAY,2026-03-27T21:06:18.000+0000
0ZRWj0000006LB0OAM,01tWj00000C2yZ5IAJ,0ZGam000000isBBGAY,2026-03-27T21:06:35.000+0000
0ZRWj0000006NPIOA2,01tWj00000C2yZ6IAJ,0ZGam000000isBBGAY,2026-03-27T23:32:53.000+0000
0ZRWj0000006NnkOAE,01tWj00000C2yZ7IAJ,0ZGam000000isBBGAY,2026-03-27T23:33:23.000+0000
0ZRWj0000006MyuOAE,01tWj00000C2yZ8IAJ,0ZGam000000isBBGAY,2026-03-27T23:32:23.000+0000
0ZRWj0000006NZnOAM,01tWj00000C2yZ9IAJ,0ZGam000000isBBGAY,2026-03-27T23:33:04.000+0000
0ZRWj0000006MeVOAU,01tWj00000C2yZAIAZ,0ZGam000000isBBGAY,2026-03-27T23:32:01.000+0000
0ZRWj0000006NrFOAU,01tWj00000C2yZBIAZ,0ZGam000000isBBGAY,2026-03-27T23:33:27.000+0000
0ZRWj0000006NHtOAM,01tWj00000C2yZCIAZ,0ZGam000000isBBGAY,2026-03-27T23:32:46.000+0000
0ZRWj0000006NNzOAM,01tWj00000C2yZDIAZ,0ZGam000000isBBGAY,2026-03-27T23:32:53.000+0000
0ZRWj0000006MlsOAE,01tWj00000C2yZEIAZ,0ZGam000000isBBGAY,2026-03-27T23:32:08.000+0000
0ZRWj0000006NOmOAM,01tWj00000C2yZFIAZ,0ZGam000000isBBGAY,2026-03-27T23:32:53.000+0000
0ZRWj0000006MauOAE,01tWj00000C2yZGIAZ,0ZGam000000isBBGAY,2026-03-27T23:31:57.000+0000
0ZRWj0000006NWxOAM,01tWj00000C2yZHIAZ,0ZGam000000isBBGAY,2026-03-27T23:33:04.000+0000
0ZRWj0000006NYIOA2,01tWj00000C2yZIIAZ,0ZGam000000isBBGAY,2026-03-27T23:33:04.000+0000
0ZRWj0000006N7cOAE,01tWj00000C2yZJIAZ,0ZGam000000isBBGAY,2026-03-27T23:32:34.000+0000
0ZRWj0000006MpDOAU,01tWj00000C2yZKIAZ,0ZGam000000isBBGAY,2026-03-27T23:32:12.000+0000
0ZRWj0000006NtIOAU,01tWj00000C2yZLIAZ,0ZGam000000isBBGAY,2026-03-27T23:33:31.000+0000
0ZRWj0000006MwhOAE,01tWj00000C2yZMIAZ,0ZGam000000isBBGAY,2026-03-27T23:32:20.000+0000
0ZRWj0000006NPfOAM,01tWj00000C2yZNIAZ,0ZGam000000isBBGAY,2026-03-27T23:32:53.000+0000
0ZRWj0000006NcDOAU,01tWj00000C2yZOIAZ,0ZGam000000isBBGAY,2026-03-27T23:33:08.000+0000
0ZRWj0000006NZLOA2,01tWj00000C2yZPIAZ,0ZGam000000isBBGAY,2026-03-27T23:33:04.000+0000
0ZRWj0000006NdKOAU,01tWj00000C2yZQIAZ,0ZGam000000isBBGAY,2026-03-27T23:33:12.000+0000
0ZRWj0000006NwBOAU,01tWj00000C2yZRIAZ,0ZGam000000isBBGAY,2026-03-27T23:33:31.000+0000
0ZRWj0000006NoqOAE,01tWj00000C2yZSIAZ,0ZGam000000isBBGAY,2026-03-27T23:33:23.000+0000
0ZRWj0000006MgEOAU,01tWj00000C2yZTIAZ,0ZGam000000isBBGAY,2026-03-27T23:32:01.000+0000
0ZRWj0000006Ne8OAE,01tWj00000C2yZUIAZ,0ZGam000000isBBGAY,2026-03-27T23:33:12.000+0000
0ZRWj0000006NfoOAE,01tWj00000C2yZVIAZ,0ZGam000000isBBGAY,2026-03-27T23:33:12.000+0000
0ZRWj0000006MkjOAE,01tWj00000C2yZWIAZ,0ZGam000000isBBGAY,2026-03-27T23:32:08.000+0000
0ZRWj0000006MunOAE,01tWj00000C2yZXIAZ,0ZGam000000isBBGAY,2026-03-27T23:32:20.000+0000
0ZRWj0000006NZoOAM,01tWj00000C2yZYIAZ,0ZGam000000isBBGAY,2026-03-27T23:33:04.000+0000
0ZRWj0000006MuiOAE,01tWj00000C2yZZIAZ,0ZGam000000isBBGAY,2026-03-27T23:32:20.000+0000
0ZRWj0000006NrqOAE,01tWj00000C2yZaIAJ,0ZGam000000isBBGAY,2026-03-27T23:33:27.000+0000
0ZRWj0000006NZHOA2,01tWj00000C2yZbIAJ,0ZGam000000isBBGAY,2026-03-27T23:33:04.000+0000
0ZRWj0000006NChOAM,01tWj00000C2yZcIAJ,0ZGam000000isBBGAY,2026-03-27T23:32:38.000+0000
0ZRWj0000006NiTOAU,01tWj00000C2yZdIAJ,0ZGam000000isBBGAY,2026-03-27T23:33:16.000+0000
0ZRWj0000006NSBOA2,01tWj00000C2yZeIAJ,0ZGam000000isBBGAY,2026-03-27T23:32:57.000+0000
0ZRWj0000006MlpOAE,01tWj00000C2yZfIAJ,0ZGam000000isBBGAY,2026-03-27T23:32:08.000+0000
0ZRWj0000006KcPOAU,01tWj00000C2yZgIAJ,0ZGam000000isBBGAY,2026-03-27T20:40:58.000+0000
0ZRWj0000006KfdOAE,01tWj00000C2yZgIAJ,0ZGam000000itATGAY,2026-03-27T20:41:20.000+0000
0ZRWj0000006KfeOAE,01tWj00000C2yZhIAJ,0ZGam000000itATGAY,2026-03-27T20:41:20.000+0000
0ZRWj0000006KcQOAU,01tWj00000C2yZhIAJ,0ZGam000000isBBGAY,2026-03-27T20:40:58.000+0000
0ZRWj0000006KcROAU,01tWj00000C2yZiIAJ,0ZGam000000isBBGAY,2026-03-27T20:40:58.000+0000
0ZRWj0000006KffOAE,01tWj00000C2yZiIAJ,0ZGam000000itATGAY,2026-03-27T20:41:20.000+0000
0ZRWj0000006KlZOAU,01tWj00000C2yZjIAJ,0ZGam000000isBBGAY,2026-03-27T20:43:37.000+0000
0ZRWj0000006KiLOAU,01tWj00000C2yZjIAJ,0ZGam000000itATGAY,2026-03-27T20:43:17.000+0000
0ZRWj0000006KlaOAE,01tWj00000C2yZkIAJ,0ZGam000000isBBGAY,2026-03-27T20:43:37.000+0000
0ZRWj0000006KiMOAU,01tWj00000C2yZkIAJ,0ZGam000000itATGAY,2026-03-27T20:43:17.000+0000
0ZRWj0000006KsFOAU,01tWj00000C2yZlIAJ,0ZGam000000isBBGAY,2026-03-27T20:44:27.000+0000
0ZRWj0000006Kp1OAE,01tWj00000C2yZlIAJ,0ZGam000000itATGAY,2026-03-27T20:44:12.000+0000
0ZRWj0000006Kp2OAE,01tWj00000C2yZmIAJ,0ZGam000000itATGAY,2026-03-27T20:44:12.000+0000
0ZRWj0000006KsGOAU,01tWj00000C2yZmIAJ,0ZGam000000isBBGAY,2026-03-27T20:44:27.000+0000
0ZRWj0000006KvTOAU,01tWj00000C2yZnIAJ,0ZGam000000isBBGAY,2026-03-27T21:04:22.000+0000
0ZRWj0000006KyhOAE,01tWj00000C2yZnIAJ,0ZGam000000itATGAY,2026-03-27T21:04:37.000+0000
0ZRWj0000006KyiOAE,01tWj00000C2yZoIAJ,0ZGam000000itATGAY,2026-03-27T21:04:37.000+0000
0ZRWj0000006KvUOAU,01tWj00000C2yZoIAJ,0ZGam000000isBBGAY,2026-03-27T21:04:22.000+0000
0ZRWj0000006L1aOAE,01tWj00000C2yZpIAJ,0ZGam000000isBBGAY,2026-03-27T21:05:29.000+0000
0ZRWj0000006L4oOAE,01tWj00000C2yZpIAJ,0ZGam000000itATGAY,2026-03-27T21:05:44.000+0000
0ZRWj0000006L4pOAE,01tWj00000C2yZqIAJ,0ZGam000000itATGAY,2026-03-27T21:05:44.000+0000
0ZRWj0000006L1bOAE,01tWj00000C2yZqIAJ,0ZGam000000isBBGAY,2026-03-27T21:05:29.000+0000
0ZRWj0000006LBdOAM,01tWj00000C2yZrIAJ,0ZGam000000isBBGAY,2026-03-27T21:06:35.000+0000
0ZRWj0000006L8POAU,01tWj00000C2yZrIAJ,0ZGam000000itATGAY,2026-03-27T21:06:18.000+0000
0ZRWj0000006LBeOAM,01tWj00000C2yZsIAJ,0ZGam000000isBBGAY,2026-03-27T21:06:35.000+0000
0ZRWj0000006L8QOAU,01tWj00000C2yZsIAJ,0ZGam000000itATGAY,2026-03-27T21:06:18.000+0000
0ZRWj0000006Np0OAE,01tWj00000C2yZtIAJ,0ZGam000000isBBGAY,2026-03-27T23:33:23.000+0000
0ZRWj0000006Ml6OAE,01tWj00000C2yZuIAJ,0ZGam000000isBBGAY,2026-03-27T23:32:08.000+0000
0ZRWj0000006NVOOA2,01tWj00000C2yZvIAJ,0ZGam000000isBBGAY,2026-03-27T23:33:01.000+0000
0ZRWj0000006NpKOAU,01tWj00000C2yZwIAJ,0ZGam000000isBBGAY,2026-03-27T23:33:23.000+0000
0ZRWj0000006N8HOAU,01tWj00000C2yZxIAJ,0ZGam000000isBBGAY,2026-03-27T23:32:34.000+0000
0ZRWj0000006MlqOAE,01tWj00000C2yZyIAJ,0ZGam000000isBBGAY,2026-03-27T23:32:08.000+0000
0ZRWj0000006Nt9OAE,01tWj00000C2yZzIAJ,0ZGam000000isBBGAY,2026-03-27T23:33:27.000+0000
0ZRWj0000006MrYOAU,01tWj00000C2ya0IAB,0ZGam000000isBBGAY,2026-03-27T23:32:15.000+0000
0ZRWj0000006NUwOAM,01tWj00000C2ya1IAB,0ZGam000000isBBGAY,2026-03-27T23:33:01.000+0000
0ZRWj0000006NphOAE,01tWj00000C2ya2IAB,0ZGam000000isBBGAY,2026-03-27T23:33:23.000+0000
0ZRWj0000006N4SOAU,01tWj00000C2ya3IAB,0ZGam000000isBBGAY,2026-03-27T23:32:31.000+0000
0ZRWj0000006NgKOAU,01tWj00000C2ya4IAB,0ZGam000000isBBGAY,2026-03-27T23:33:16.000+0000
0ZRWj0000006MyQOAU,01tWj00000C2ya5IAB,0ZGam000000isBBGAY,2026-03-27T23:32:23.000+0000
0ZRWj0000006NvaOAE,01tWj00000C2ya6IAB,0ZGam000000isBBGAY,2026-03-27T23:33:31.000+0000
0ZRWj0000006NGkOAM,01tWj00000C2ya7IAB,0ZGam000000isBBGAY,2026-03-27T23:32:46.000+0000
0ZRWj0000006Md7OAE,01tWj00000C2ya8IAB,0ZGam000000isBBGAY,2026-03-27T23:31:57.000+0000
0ZRWj0000006NuiOAE,01tWj00000C2ya9IAB,0ZGam000000isBBGAY,2026-03-27T23:33:31.000+0000
0ZRWj0000006NskOAE,01tWj00000C2yaAIAR,0ZGam000000isBBGAY,2026-03-27T23:33:27.000+0000
0ZRWj0000006NI4OAM,01tWj00000C2yaBIAR,0ZGam000000isBBGAY,2026-03-27T23:32:46.000+0000
0ZRWj0000006NYgOAM,01tWj00000C2yaCIAR,0ZGam000000isBBGAY,2026-03-27T23:33:04.000+0000
0ZRWj0000006MfAOAU,01tWj00000C2yaDIAR,0ZGam000000isBBGAY,2026-03-27T23:32:01.000+0000
0ZRWj0000006NPwOAM,01tWj00000C2yaEIAR,0ZGam000000isBBGAY,2026-03-27T23:32:53.000+0000
0ZRWj0000006NUKOA2,01tWj00000C2yaFIAR,0ZGam000000isBBGAY,2026-03-27T23:33:01.000+0000
0ZRWj0000006NgrOAE,01tWj00000C2yaGIAR,0ZGam000000isBBGAY,2026-03-27T23:33:16.000+0000
0ZRWj0000006MzaOAE,01tWj00000C2yaHIAR,0ZGam000000isBBGAY,2026-03-27T23:32:23.000+0000
0ZRWj0000006MwfOAE,01tWj00000C2yaIIAR,0ZGam000000isBBGAY,2026-03-27T23:32:20.000+0000
0ZRWj0000006MmIOAU,01tWj00000C2yaJIAR,0ZGam000000isBBGAY,2026-03-27T23:32:08.000+0000
0ZRWj0000006NswOAE,01tWj00000C2yaKIAR,0ZGam000000isBBGAY,2026-03-27T23:33:27.000+0000
0ZRWj0000006MzzOAE,01tWj00000C2yaLIAR,0ZGam000000isBBGAY,2026-03-27T23:32:23.000+0000
0ZRWj0000006NdyOAE,01tWj00000C2yaMIAR,0ZGam000000isBBGAY,2026-03-27T23:33:12.000+0000
0ZRWj0000006MgeOAE,01tWj00000C2yaNIAR,0ZGam000000isBBGAY,2026-03-27T23:32:01.000+0000
0ZRWj0000006Nn9OAE,01tWj00000C2yaOIAR,0ZGam000000isBBGAY,2026-03-27T23:33:23.000+0000
0ZRWj0000006NtxOAE,01tWj00000C2yaPIAR,0ZGam000000isBBGAY,2026-03-27T23:33:31.000+0000
0ZRWj0000006N3UOAU,01tWj00000C2yaQIAR,0ZGam000000isBBGAY,2026-03-27T23:32:27.000+0000
0ZRWj0000006MrsOAE,01tWj00000C2yaRIAR,0ZGam000000isBBGAY,2026-03-27T23:32:15.000+0000
0ZRWj0000006MkiOAE,01tWj00000C2yaSIAR,0ZGam000000isBBGAY,2026-03-27T23:32:08.000+0000
0ZRWj0000006KcSOAU,01tWj00000C2yaTIAR,0ZGam000000isBBGAY,2026-03-27T20:40:58.000+0000
0ZRWj0000006KfgOAE,01tWj00000C2yaTIAR,0ZGam000000itATGAY,2026-03-27T20:41:20.000+0000
0ZRWj0000006KcTOAU,01tWj00000C2yaUIAR,0ZGam000000isBBGAY,2026-03-27T20:40:58.000+0000
0ZRWj0000006KfhOAE,01tWj00000C2yaUIAR,0ZGam000000itATGAY,2026-03-27T20:41:20.000+0000
0ZRWj0000006KfiOAE,01tWj00000C2yaVIAR,0ZGam000000itATGAY,2026-03-27T20:41:20.000+0000
0ZRWj0000006KcUOAU,01tWj00000C2yaVIAR,0ZGam000000isBBGAY,2026-03-27T20:40:58.000+0000
0ZRWj0000006KiNOAU,01tWj00000C2yaWIAR,0ZGam000000itATGAY,2026-03-27T20:43:17.000+0000
0ZRWj0000006KlbOAE,01tWj00000C2yaWIAR,0ZGam000000isBBGAY,2026-03-27T20:43:37.000+0000
0ZRWj0000006KlcOAE,01tWj00000C2yaXIAR,0ZGam000000isBBGAY,2026-03-27T20:43:37.000+0000
0ZRWj0000006KiOOAU,01tWj00000C2yaXIAR,0ZGam000000itATGAY,2026-03-27T20:43:17.000+0000
0ZRWj0000006KsHOAU,01tWj00000C2yaYIAR,0ZGam000000isBBGAY,2026-03-27T20:44:27.000+0000
0ZRWj0000006Kp3OAE,01tWj00000C2yaYIAR,0ZGam000000itATGAY,2026-03-27T20:44:12.000+0000
0ZRWj0000006KsIOAU,01tWj00000C2yaZIAR,0ZGam000000isBBGAY,2026-03-27T20:44:27.000+0000
0ZRWj0000006Kp4OAE,01tWj00000C2yaZIAR,0ZGam000000itATGAY,2026-03-27T20:44:12.000+0000
0ZRWj0000006KvVOAU,01tWj00000C2yaaIAB,0ZGam000000isBBGAY,2026-03-27T21:04:22.000+0000
0ZRWj0000006KyjOAE,01tWj00000C2yaaIAB,0ZGam000000itATGAY,2026-03-27T21:04:37.000+0000
0ZRWj0000006KvWOAU,01tWj00000C2yabIAB,0ZGam000000isBBGAY,2026-03-27T21:04:22.000+0000
0ZRWj0000006KykOAE,01tWj00000C2yabIAB,0ZGam000000itATGAY,2026-03-27T21:04:37.000+0000
0ZRWj0000006L1cOAE,01tWj00000C2yacIAB,0ZGam000000isBBGAY,2026-03-27T21:05:29.000+0000
0ZRWj0000006L4qOAE,01tWj00000C2yacIAB,0ZGam000000itATGAY,2026-03-27T21:05:44.000+0000
0ZRWj0000006L1dOAE,01tWj00000C2yadIAB,0ZGam000000isBBGAY,2026-03-27T21:05:29.000+0000
0ZRWj0000006L4rOAE,01tWj00000C2yadIAB,0ZGam000000itATGAY,2026-03-27T21:05:44.000+0000
0ZRWj0000006LBfOAM,01tWj00000C2yaeIAB,0ZGam000000isBBGAY,2026-03-27T21:06:35.000+0000
0ZRWj0000006L8ROAU,01tWj00000C2yaeIAB,0ZGam000000itATGAY,2026-03-27T21:06:18.000+0000
0ZRWj0000006K0rOAE,01tWj00000C34mXIAR,0ZGam000000isCnGAI,2026-03-27T20:03:14.000+0000
0ZRWj0000006K0sOAE,01tWj00000C34mYIAR,0ZGam000000isCnGAI,2026-03-27T20:03:14.000+0000
0ZRWj0000006K0tOAE,01tWj00000C34mZIAR,0ZGam000000isCnGAI,2026-03-27T20:03:14.000+0000
0ZRWj0000006K0uOAE,01tWj00000C34maIAB,0ZGam000000isCnGAI,2026-03-27T20:03:14.000+0000
0ZRWj0000006K0vOAE,01tWj00000C34mbIAB,0ZGam000000isCnGAI,2026-03-27T20:03:14.000+0000
0ZRWj0000006K0wOAE,01tWj00000C34mcIAB,0ZGam000000isCnGAI,2026-03-27T20:03:14.000+0000
0ZRWj0000006K0xOAE,01tWj00000C34mdIAB,0ZGam000000isCnGAI,2026-03-27T20:03:14.000+0000
0ZRWj0000006K0yOAE,01tWj00000C34meIAB,0ZGam000000isCnGAI,2026-03-27T20:03:14.000+0000
0ZRWj0000006K0zOAE,01tWj00000C34mfIAB,0ZGam000000isCnGAI,2026-03-27T20:03:14.000+0000
0ZRWj0000006K10OAE,01tWj00000C34mgIAB,0ZGam000000isCnGAI,2026-03-27T20:03:14.000+0000
0ZRWj0000006K11OAE,01tWj00000C34mhIAB,0ZGam000000isCnGAI,2026-03-27T20:03:14.000+0000
0ZRWj0000006K12OAE,01tWj00000C34miIAB,0ZGam000000isCnGAI,2026-03-27T20:03:14.000+0000
0ZRWj0000006K13OAE,01tWj00000C34mjIAB,0ZGam000000isCnGAI,2026-03-27T20:03:14.000+0000
0ZRWj0000006K14OAE,01tWj00000C34mkIAB,0ZGam000000isCnGAI,2026-03-27T20:03:14.000+0000
0ZRWj0000006K15OAE,01tWj00000C34mlIAB,0ZGam000000isCnGAI,2026-03-27T20:03:14.000+0000
0ZRWj0000006K16OAE,01tWj00000C34mmIAB,0ZGam000000isCnGAI,2026-03-27T20:03:14.000+0000
0ZRWj0000006K17OAE,01tWj00000C34mnIAB,0ZGam000000isCnGAI,2026-03-27T20:03:14.000+0000
0ZRWj0000006K18OAE,01tWj00000C34moIAB,0ZGam000000isCnGAI,2026-03-27T20:03:14.000+0000
0ZRWj0000006K19OAE,01tWj00000C34mpIAB,0ZGam000000isCnGAI,2026-03-27T20:03:14.000+0000
0ZRWj0000006K1AOAU,01tWj00000C34mqIAB,0ZGam000000isCnGAI,2026-03-27T20:03:14.000+0000
0ZRWj0000006K1BOAU,01tWj00000C34mrIAB,0ZGam000000isCnGAI,2026-03-27T20:03:14.000+0000
0ZRWj0000006K1COAU,01tWj00000C34msIAB,0ZGam000000isCnGAI,2026-03-27T20:03:14.000+0000
0ZRWj0000006K1DOAU,01tWj00000C34mtIAB,0ZGam000000isCnGAI,2026-03-27T20:03:14.000+0000
0ZRWj0000006K1EOAU,01tWj00000C34muIAB,0ZGam000000isCnGAI,2026-03-27T20:03:14.000+0000
0ZRWj0000006K1FOAU,01tWj00000C34mvIAB,0ZGam000000isCnGAI,2026-03-27T20:03:14.000+0000
0ZRWj0000006K1GOAU,01tWj00000C34mwIAB,0ZGam000000isCnGAI,2026-03-27T20:03:14.000+0000
0ZRWj0000006K1HOAU,01tWj00000C34mxIAB,0ZGam000000isCnGAI,2026-03-27T20:03:14.000+0000
0ZRWj0000006K1IOAU,01tWj00000C34myIAB,0ZGam000000isCnGAI,2026-03-27T20:03:14.000+0000
0ZRWj0000006K1JOAU,01tWj00000C34mzIAB,0ZGam000000isCnGAI,2026-03-27T20:03:14.000+0000
0ZRWj0000006K1KOAU,01tWj00000C34n0IAB,0ZGam000000isCnGAI,2026-03-27T20:03:14.000+0000
0ZRWj0000006K1LOAU,01tWj00000C34n1IAB,0ZGam000000isCnGAI,2026-03-27T20:03:14.000+0000
0ZRWj0000006K1MOAU,01tWj00000C34n2IAB,0ZGam000000isCnGAI,2026-03-27T20:03:14.000+0000
0ZRWj0000006K1NOAU,01tWj00000C34n3IAB,0ZGam000000isCnGAI,2026-03-27T20:03:14.000+0000
0ZRWj0000006K1OOAU,01tWj00000C34n4IAB,0ZGam000000isCnGAI,2026-03-27T20:03:14.000+0000
0ZRWj0000006K1POAU,01tWj00000C34n5IAB,0ZGam000000isCnGAI,2026-03-27T20:03:14.000+0000
0ZRWj0000006K1QOAU,01tWj00000C34n6IAB,0ZGam000000isCnGAI,2026-03-27T20:03:14.000+0000
0ZRWj0000006K1ROAU,01tWj00000C34n7IAB,0ZGam000000isCnGAI,2026-03-27T20:03:14.000+0000
0ZRWj0000006K1SOAU,01tWj00000C34n8IAB,0ZGam000000isCnGAI,2026-03-27T20:03:14.000+0000
0ZRWj0000006K1TOAU,01tWj00000C34n9IAB,0ZGam000000isCnGAI,2026-03-27T20:03:14.000+0000
0ZRWj0000006K1UOAU,01tWj00000C34nAIAR,0ZGam000000isCnGAI,2026-03-27T20:03:14.000+0000
0ZRWj0000006K1VOAU,01tWj00000C34nBIAR,0ZGam000000isCnGAI,2026-03-27T20:03:14.000+0000
0ZRWj0000006K1WOAU,01tWj00000C34nCIAR,0ZGam000000isCnGAI,2026-03-27T20:03:14.000+0000
0ZRWj0000006K1XOAU,01tWj00000C34nDIAR,0ZGam000000isCnGAI,2026-03-27T20:03:14.000+0000
0ZRWj0000006K1YOAU,01tWj00000C34nEIAR,0ZGam000000isCnGAI,2026-03-27T20:03:14.000+0000
0ZRWj0000006K1ZOAU,01tWj00000C34nFIAR,0ZGam000000isCnGAI,2026-03-27T20:03:14.000+0000
0ZRWj0000006K1aOAE,01tWj00000C34nGIAR,0ZGam000000isCnGAI,2026-03-27T20:03:14.000+0000
0ZRWj0000006K1bOAE,01tWj00000C34nHIAR,0ZGam000000isCnGAI,2026-03-27T20:03:14.000+0000
0ZRWj0000006K1cOAE,01tWj00000C34nIIAR,0ZGam000000isCnGAI,2026-03-27T20:03:14.000+0000
0ZRWj0000006K1dOAE,01tWj00000C34nJIAR,0ZGam000000isCnGAI,2026-03-27T20:03:14.000+0000
0ZRWj0000006Kg8OAE,01tWj00000C34nKIAR,0ZGam000000itATGAY,2026-03-27T20:41:20.000+0000
0ZRWj0000006KcuOAE,01tWj00000C34nKIAR,0ZGam000000isBBGAY,2026-03-27T20:40:58.000+0000
0ZRWj0000006KcvOAE,01tWj00000C34nLIAR,0ZGam000000isBBGAY,2026-03-27T20:40:58.000+0000
0ZRWj0000006Kg9OAE,01tWj00000C34nLIAR,0ZGam000000itATGAY,2026-03-27T20:41:20.000+0000
0ZRWj0000006KlzOAE,01tWj00000C34nMIAR,0ZGam000000isBBGAY,2026-03-27T20:43:37.000+0000
0ZRWj0000006KilOAE,01tWj00000C34nMIAR,0ZGam000000itATGAY,2026-03-27T20:43:17.000+0000
0ZRWj0000006KimOAE,01tWj00000C34nNIAR,0ZGam000000itATGAY,2026-03-27T20:43:17.000+0000
0ZRWj0000006Km0OAE,01tWj00000C34nNIAR,0ZGam000000isBBGAY,2026-03-27T20:43:37.000+0000
0ZRWj0000006KsjOAE,01tWj00000C34nOIAR,0ZGam000000isBBGAY,2026-03-27T20:44:27.000+0000
0ZRWj0000006KpVOAU,01tWj00000C34nOIAR,0ZGam000000itATGAY,2026-03-27T20:44:12.000+0000
0ZRWj0000006KpWOAU,01tWj00000C34nPIAR,0ZGam000000itATGAY,2026-03-27T20:44:12.000+0000
0ZRWj0000006KskOAE,01tWj00000C34nPIAR,0ZGam000000isBBGAY,2026-03-27T20:44:27.000+0000
0ZRWj0000006Kw3OAE,01tWj00000C34nQIAR,0ZGam000000isBBGAY,2026-03-27T21:04:22.000+0000
0ZRWj0000006KzHOAU,01tWj00000C34nQIAR,0ZGam000000itATGAY,2026-03-27T21:04:37.000+0000
0ZRWj0000006Kw4OAE,01tWj00000C34nRIAR,0ZGam000000isBBGAY,2026-03-27T21:04:22.000+0000
0ZRWj0000006KzIOAU,01tWj00000C34nRIAR,0ZGam000000itATGAY,2026-03-27T21:04:37.000+0000
0ZRWj0000006L2BOAU,01tWj00000C34nSIAR,0ZGam000000isBBGAY,2026-03-27T21:05:29.000+0000
0ZRWj0000006L5POAU,01tWj00000C34nSIAR,0ZGam000000itATGAY,2026-03-27T21:05:44.000+0000
0ZRWj0000006L2COAU,01tWj00000C34nTIAR,0ZGam000000isBBGAY,2026-03-27T21:05:29.000+0000
0ZRWj0000006L5QOAU,01tWj00000C34nTIAR,0ZGam000000itATGAY,2026-03-27T21:05:44.000+0000
0ZRWj0000006L8xOAE,01tWj00000C34nUIAR,0ZGam000000itATGAY,2026-03-27T21:06:18.000+0000
0ZRWj0000006LCBOA2,01tWj00000C34nUIAR,0ZGam000000isBBGAY,2026-03-27T21:06:35.000+0000
0ZRWj0000006L8yOAE,01tWj00000C34nVIAR,0ZGam000000itATGAY,2026-03-27T21:06:18.000+0000
0ZRWj0000006LCCOA2,01tWj00000C34nVIAR,0ZGam000000isBBGAY,2026-03-27T21:06:35.000+0000
0ZRWj0000006MxkOAE,01tWj00000C34nWIAR,0ZGam000000isBBGAY,2026-03-27T23:32:23.000+0000
0ZRWj0000006NZQOA2,01tWj00000C34nXIAR,0ZGam000000isBBGAY,2026-03-27T23:33:04.000+0000
0ZRWj0000006NNiOAM,01tWj00000C34nYIAR,0ZGam000000isBBGAY,2026-03-27T23:32:53.000+0000
0ZRWj0000006NCTOA2,01tWj00000C34nZIAR,0ZGam000000isBBGAY,2026-03-27T23:32:38.000+0000
0ZRWj0000006Nv7OAE,01tWj00000C34naIAB,0ZGam000000isBBGAY,2026-03-27T23:33:31.000+0000
0ZRWj0000006Mm8OAE,01tWj00000C34nbIAB,0ZGam000000isBBGAY,2026-03-27T23:32:08.000+0000
0ZRWj0000006MhaOAE,01tWj00000C34ncIAB,0ZGam000000isBBGAY,2026-03-27T23:32:04.000+0000
0ZRWj0000006NLwOAM,01tWj00000C34ndIAB,0ZGam000000isBBGAY,2026-03-27T23:32:50.000+0000
0ZRWj0000006MlxOAE,01tWj00000C34neIAB,0ZGam000000isBBGAY,2026-03-27T23:32:08.000+0000
0ZRWj0000006N1gOAE,01tWj00000C34nfIAB,0ZGam000000isBBGAY,2026-03-27T23:32:27.000+0000
0ZRWj0000006NLmOAM,01tWj00000C34ngIAB,0ZGam000000isBBGAY,2026-03-27T23:32:50.000+0000
0ZRWj0000006MzwOAE,01tWj00000C34nhIAB,0ZGam000000isBBGAY,2026-03-27T23:32:23.000+0000
0ZRWj0000006MbNOAU,01tWj00000C34niIAB,0ZGam000000isBBGAY,2026-03-27T23:31:57.000+0000
0ZRWj0000006NDEOA2,01tWj00000C34njIAB,0ZGam000000isBBGAY,2026-03-27T23:32:38.000+0000
0ZRWj0000006NlsOAE,01tWj00000C34nkIAB,0ZGam000000isBBGAY,2026-03-27T23:33:20.000+0000
0ZRWj0000006MjWOAU,01tWj00000C34nlIAB,0ZGam000000isBBGAY,2026-03-27T23:32:04.000+0000
0ZRWj0000006MjyOAE,01tWj00000C34nmIAB,0ZGam000000isBBGAY,2026-03-27T23:32:04.000+0000
0ZRWj0000006N3kOAE,01tWj00000C34nnIAB,0ZGam000000isBBGAY,2026-03-27T23:32:31.000+0000
0ZRWj0000006Nb5OAE,01tWj00000C34noIAB,0ZGam000000isBBGAY,2026-03-27T23:33:08.000+0000
0ZRWj0000006MgBOAU,01tWj00000C34npIAB,0ZGam000000isBBGAY,2026-03-27T23:32:01.000+0000
0ZRWj0000006N9XOAU,01tWj00000C34nqIAB,0ZGam000000isBBGAY,2026-03-27T23:32:34.000+0000
0ZRWj0000006NDjOAM,01tWj00000C34nrIAB,0ZGam000000isBBGAY,2026-03-27T23:32:42.000+0000
0ZRWj0000006MdfOAE,01tWj00000C34nsIAB,0ZGam000000isBBGAY,2026-03-27T23:31:57.000+0000
0ZRWj0000006NSPOA2,01tWj00000C34ntIAB,0ZGam000000isBBGAY,2026-03-27T23:32:57.000+0000
0ZRWj0000006Mn3OAE,01tWj00000C34nuIAB,0ZGam000000isBBGAY,2026-03-27T23:32:08.000+0000
0ZRWj0000006MdjOAE,01tWj00000C34nvIAB,0ZGam000000isBBGAY,2026-03-27T23:31:57.000+0000
0ZRWj0000006MjtOAE,01tWj00000C34nwIAB,0ZGam000000isBBGAY,2026-03-27T23:32:04.000+0000
0ZRWj0000006NVPOA2,01tWj00000C34nxIAB,0ZGam000000isBBGAY,2026-03-27T23:33:01.000+0000
0ZRWj0000006N6QOAU,01tWj00000C34nyIAB,0ZGam000000isBBGAY,2026-03-27T23:32:31.000+0000
0ZRWj0000006NhmOAE,01tWj00000C34nzIAB,0ZGam000000isBBGAY,2026-03-27T23:33:16.000+0000
0ZRWj0000006NcaOAE,01tWj00000C34o0IAB,0ZGam000000isBBGAY,2026-03-27T23:33:08.000+0000
0ZRWj0000006NDzOAM,01tWj00000C34o1IAB,0ZGam000000isBBGAY,2026-03-27T23:32:42.000+0000
0ZRWj0000006NcXOAU,01tWj00000C34o2IAB,0ZGam000000isBBGAY,2026-03-27T23:33:08.000+0000
0ZRWj0000006MukOAE,01tWj00000C34o3IAB,0ZGam000000isBBGAY,2026-03-27T23:32:20.000+0000
0ZRWj0000006MrWOAU,01tWj00000C34o4IAB,0ZGam000000isBBGAY,2026-03-27T23:32:15.000+0000
0ZRWj0000006NLjOAM,01tWj00000C34o5IAB,0ZGam000000isBBGAY,2026-03-27T23:32:50.000+0000
0ZRWj0000006Mt5OAE,01tWj00000C34o6IAB,0ZGam000000isBBGAY,2026-03-27T23:32:15.000+0000
0ZRWj0000006MfLOAU,01tWj00000C34o7IAB,0ZGam000000isBBGAY,2026-03-27T23:32:01.000+0000
0ZRWj0000006Mp7OAE,01tWj00000C34o8IAB,0ZGam000000isEPGAY,2026-03-27T23:32:12.000+0000
0ZRWj0000006NdzOAE,01tWj00000C34o9IAB,0ZGam000000isEPGAY,2026-03-27T23:33:12.000+0000
0ZRWj0000006MiQOAU,01tWj00000C34oAIAR,0ZGam000000isEPGAY,2026-03-27T23:32:04.000+0000
0ZRWj0000006NPcOAM,01tWj00000C34oBIAR,0ZGam000000isEPGAY,2026-03-27T23:32:53.000+0000
0ZRWj0000006MuKOAU,01tWj00000C34oCIAR,0ZGam000000isEPGAY,2026-03-27T23:32:20.000+0000
0ZRWj0000006NUPOA2,01tWj00000C34oDIAR,0ZGam000000isEPGAY,2026-03-27T23:33:01.000+0000
0ZRWj0000006MrJOAU,01tWj00000C34oEIAR,0ZGam000000isEPGAY,2026-03-27T23:32:15.000+0000
0ZRWj0000006NcsOAE,01tWj00000C34oFIAR,0ZGam000000isEPGAY,2026-03-27T23:33:08.000+0000
0ZRWj0000006NYMOA2,01tWj00000C34oGIAR,0ZGam000000isEPGAY,2026-03-27T23:33:04.000+0000
0ZRWj0000006Nr8OAE,01tWj00000C34oHIAR,0ZGam000000isEPGAY,2026-03-27T23:33:27.000+0000
0ZRWj0000006N5gOAE,01tWj00000C34oIIAR,0ZGam000000isEPGAY,2026-03-27T23:32:31.000+0000
0ZRWj0000006MbmOAE,01tWj00000C34oJIAR,0ZGam000000isEPGAY,2026-03-27T23:31:57.000+0000
0ZRWj0000006N8sOAE,01tWj00000C34oKIAR,0ZGam000000isEPGAY,2026-03-27T23:32:34.000+0000
0ZRWj0000006NiMOAU,01tWj00000C34oLIAR,0ZGam000000isEPGAY,2026-03-27T23:33:16.000+0000
0ZRWj0000006MgaOAE,01tWj00000C34oMIAR,0ZGam000000isEPGAY,2026-03-27T23:32:01.000+0000
0ZRWj0000006NM8OAM,01tWj00000C34oNIAR,0ZGam000000isEPGAY,2026-03-27T23:32:50.000+0000
0ZRWj0000006MitOAE,01tWj00000C34oOIAR,0ZGam000000isEPGAY,2026-03-27T23:32:04.000+0000
0ZRWj0000006NDMOA2,01tWj00000C34oPIAR,0ZGam000000isEPGAY,2026-03-27T23:32:42.000+0000
0ZRWj0000006NZkOAM,01tWj00000C34oQIAR,0ZGam000000isEPGAY,2026-03-27T23:33:04.000+0000
0ZRWj0000006MkqOAE,01tWj00000C34oRIAR,0ZGam000000isEPGAY,2026-03-27T23:32:08.000+0000
0ZRWj0000006MxqOAE,01tWj00000C34oSIAR,0ZGam000000isEPGAY,2026-03-27T23:32:23.000+0000
0ZRWj0000006MuBOAU,01tWj00000C34oTIAR,0ZGam000000isEPGAY,2026-03-27T23:32:20.000+0000
0ZRWj0000006NAmOAM,01tWj00000C34oUIAR,0ZGam000000isEPGAY,2026-03-27T23:32:38.000+0000
0ZRWj0000006NOhOAM,01tWj00000C34oVIAR,0ZGam000000isEPGAY,2026-03-27T23:32:53.000+0000
0ZRWj0000006MmoOAE,01tWj00000C34oWIAR,0ZGam000000isEPGAY,2026-03-27T23:32:08.000+0000
0ZRWj0000006NXCOA2,01tWj00000C34oXIAR,0ZGam000000isEPGAY,2026-03-27T23:33:04.000+0000
0ZRWj0000006NTQOA2,01tWj00000C34oYIAR,0ZGam000000isEPGAY,2026-03-27T23:33:01.000+0000
0ZRWj0000006NC0OAM,01tWj00000C34oZIAR,0ZGam000000isEPGAY,2026-03-27T23:32:38.000+0000
0ZRWj0000006NBxOAM,01tWj00000C34oaIAB,0ZGam000000isEPGAY,2026-03-27T23:32:38.000+0000
0ZRWj0000006Mm5OAE,01tWj00000C34obIAB,0ZGam000000isEPGAY,2026-03-27T23:32:08.000+0000
0ZRWj0000006NSMOA2,01tWj00000C34ocIAB,0ZGam000000isEPGAY,2026-03-27T23:32:57.000+0000
0ZRWj0000006NOtOAM,01tWj00000C34odIAB,0ZGam000000isEPGAY,2026-03-27T23:32:53.000+0000
0ZRWj0000006NS8OAM,01tWj00000C34oeIAB,0ZGam000000isEPGAY,2026-03-27T23:32:57.000+0000
0ZRWj0000006MhKOAU,01tWj00000C34ofIAB,0ZGam000000isEPGAY,2026-03-27T23:32:04.000+0000
0ZRWj0000006NvPOAU,01tWj00000C34ogIAB,0ZGam000000isEPGAY,2026-03-27T23:33:31.000+0000
0ZRWj0000006NlpOAE,01tWj00000C34ohIAB,0ZGam000000isEPGAY,2026-03-27T23:33:20.000+0000
0ZRWj0000006Mo6OAE,01tWj00000C34oiIAB,0ZGam000000isEPGAY,2026-03-27T23:32:12.000+0000
0ZRWj0000006MeCOAU,01tWj00000C34ojIAB,0ZGam000000isEPGAY,2026-03-27T23:32:01.000+0000
0ZRWj0000006NdfOAE,01tWj00000C34okIAB,0ZGam000000isEPGAY,2026-03-27T23:33:12.000+0000
0ZRWj0000006NwPOAU,01tWj00000C34olIAB,0ZGam000000isEPGAY,2026-03-27T23:33:32.000+0000
0ZRWj0000006NmoOAE,01tWj00000C34omIAB,0ZGam000000isEPGAY,2026-03-27T23:33:23.000+0000
0ZRWj0000006NjNOAU,01tWj00000C34onIAB,0ZGam000000isEPGAY,2026-03-27T23:33:16.000+0000
0ZRWj0000006NkHOAU,01tWj00000C34ooIAB,0ZGam000000isEPGAY,2026-03-27T23:33:20.000+0000
0ZRWj0000006MucOAE,01tWj00000C34opIAB,0ZGam000000isEPGAY,2026-03-27T23:32:20.000+0000
0ZRWj0000006NQhOAM,01tWj00000C34oqIAB,0ZGam000000isEPGAY,2026-03-27T23:32:57.000+0000
0ZRWj0000006NEuOAM,01tWj00000C34orIAB,0ZGam000000isEPGAY,2026-03-27T23:32:42.000+0000
0ZRWj0000006NZeOAM,01tWj00000C34osIAB,0ZGam000000isEPGAY,2026-03-27T23:33:04.000+0000
0ZRWj0000006NXpOAM,01tWj00000C34otIAB,0ZGam000000isEPGAY,2026-03-27T23:33:04.000+0000
0ZRWj0000006MlSOAU,01tWj00000C34ouIAB,0ZGam000000isEPGAY,2026-03-27T23:32:08.000+0000
0ZRWj0000006NBvOAM,01tWj00000C34ovIAB,0ZGam000000isHdGAI,2026-03-27T23:32:38.000+0000
0ZRWj0000006NJ7OAM,01tWj00000C34owIAB,0ZGam000000isHdGAI,2026-03-27T23:32:46.000+0000
0ZRWj0000006NScOAM,01tWj00000C34oxIAB,0ZGam000000isHdGAI,2026-03-27T23:32:57.000+0000
0ZRWj0000006NVVOA2,01tWj00000C34oyIAB,0ZGam000000isHdGAI,2026-03-27T23:33:01.000+0000
0ZRWj0000006N1lOAE,01tWj00000C34ozIAB,0ZGam000000isHdGAI,2026-03-27T23:32:27.000+0000
0ZRWj0000006MiyOAE,01tWj00000C34p0IAB,0ZGam000000isHdGAI,2026-03-27T23:32:04.000+0000
0ZRWj0000006NmdOAE,01tWj00000C34p1IAB,0ZGam000000isHdGAI,2026-03-27T23:33:20.000+0000
0ZRWj0000006Mc2OAE,01tWj00000C34p2IAB,0ZGam000000isHdGAI,2026-03-27T23:31:57.000+0000
0ZRWj0000006MisOAE,01tWj00000C34p3IAB,0ZGam000000isHdGAI,2026-03-27T23:32:04.000+0000
0ZRWj0000006MffOAE,01tWj00000C34p4IAB,0ZGam000000isHdGAI,2026-03-27T23:32:01.000+0000
0ZRWj0000006NX9OAM,01tWj00000C34p5IAB,0ZGam000000isHdGAI,2026-03-27T23:33:04.000+0000
0ZRWj0000006NrWOAU,01tWj00000C34p6IAB,0ZGam000000isHdGAI,2026-03-27T23:33:27.000+0000
0ZRWj0000006N9HOAU,01tWj00000C34p7IAB,0ZGam000000isHdGAI,2026-03-27T23:32:34.000+0000
0ZRWj0000006NNxOAM,01tWj00000C34p8IAB,0ZGam000000isHdGAI,2026-03-27T23:32:53.000+0000
0ZRWj0000006NDHOA2,01tWj00000C34p9IAB,0ZGam000000isHdGAI,2026-03-27T23:32:42.000+0000
0ZRWj0000006NmiOAE,01tWj00000C34pAIAR,0ZGam000000isHdGAI,2026-03-27T23:33:20.000+0000
0ZRWj0000006MlXOAU,01tWj00000C34pBIAR,0ZGam000000isHdGAI,2026-03-27T23:32:08.000+0000
0ZRWj0000006NfyOAE,01tWj00000C34pCIAR,0ZGam000000isHdGAI,2026-03-27T23:33:12.000+0000
0ZRWj0000006NO1OAM,01tWj00000C34pDIAR,0ZGam000000isHdGAI,2026-03-27T23:32:53.000+0000
0ZRWj0000006N12OAE,01tWj00000C34pEIAR,0ZGam000000isHdGAI,2026-03-27T23:32:27.000+0000
0ZRWj0000006NeOOAU,01tWj00000C34pFIAR,0ZGam000000isHdGAI,2026-03-27T23:33:12.000+0000
0ZRWj0000006MiaOAE,01tWj00000C34pGIAR,0ZGam000000isHdGAI,2026-03-27T23:32:04.000+0000
0ZRWj0000006NbROAU,01tWj00000C34pHIAR,0ZGam000000isHdGAI,2026-03-27T23:33:08.000+0000
0ZRWj0000006NBcOAM,01tWj00000C34pIIAR,0ZGam000000isHdGAI,2026-03-27T23:32:38.000+0000
0ZRWj0000006NJ2OAM,01tWj00000C34pJIAR,0ZGam000000isHdGAI,2026-03-27T23:32:46.000+0000
0ZRWj0000006N0pOAE,01tWj00000C34pKIAR,0ZGam000000isHdGAI,2026-03-27T23:32:27.000+0000
0ZRWj0000006MoVOAU,01tWj00000C34pLIAR,0ZGam000000isHdGAI,2026-03-27T23:32:12.000+0000
0ZRWj0000006NQROA2,01tWj00000C34pMIAR,0ZGam000000isHdGAI,2026-03-27T23:32:57.000+0000
0ZRWj0000006NKXOA2,01tWj00000C34pNIAR,0ZGam000000isHdGAI,2026-03-27T23:32:50.000+0000
0ZRWj0000006NXlOAM,01tWj00000C34pOIAR,0ZGam000000isHdGAI,2026-03-27T23:33:04.000+0000
0ZRWj0000006N28OAE,01tWj00000C34pPIAR,0ZGam000000isHdGAI,2026-03-27T23:32:27.000+0000
0ZRWj0000006Nk9OAE,01tWj00000C34pQIAR,0ZGam000000isHdGAI,2026-03-27T23:33:20.000+0000
0ZRWj0000006MzvOAE,01tWj00000C34pRIAR,0ZGam000000isHdGAI,2026-03-27T23:32:23.000+0000
0ZRWj0000006Md6OAE,01tWj00000C34pSIAR,0ZGam000000isHdGAI,2026-03-27T23:31:57.000+0000
0ZRWj0000006N7qOAE,01tWj00000C34pTIAR,0ZGam000000isHdGAI,2026-03-27T23:32:34.000+0000
0ZRWj0000006MoyOAE,01tWj00000C34pUIAR,0ZGam000000isHdGAI,2026-03-27T23:32:12.000+0000
0ZRWj0000006NbmOAE,01tWj00000C34pVIAR,0ZGam000000isHdGAI,2026-03-27T23:33:08.000+0000
0ZRWj0000006NfpOAE,01tWj00000C34pWIAR,0ZGam000000isHdGAI,2026-03-27T23:33:12.000+0000
0ZRWj0000006N1iOAE,01tWj00000C34pXIAR,0ZGam000000isHdGAI,2026-03-27T23:32:27.000+0000
0ZRWj0000006Mh4OAE,01tWj00000C34pYIAR,0ZGam000000isHdGAI,2026-03-27T23:32:04.000+0000
0ZRWj0000006N0POAU,01tWj00000C34pZIAR,0ZGam000000isHdGAI,2026-03-27T23:32:27.000+0000
0ZRWj0000006NsiOAE,01tWj00000C34paIAB,0ZGam000000isHdGAI,2026-03-27T23:33:27.000+0000
0ZRWj0000006NamOAE,01tWj00000C34pbIAB,0ZGam000000isHdGAI,2026-03-27T23:33:08.000+0000
0ZRWj0000006NbQOAU,01tWj00000C34pcIAB,0ZGam000000isHdGAI,2026-03-27T23:33:08.000+0000
0ZRWj0000006NNmOAM,01tWj00000C34pdIAB,0ZGam000000isHdGAI,2026-03-27T23:32:53.000+0000
0ZRWj0000006NTcOAM,01tWj00000C34peIAB,0ZGam000000isHdGAI,2026-03-27T23:33:01.000+0000
0ZRWj0000006MsGOAU,01tWj00000C34pfIAB,0ZGam000000isHdGAI,2026-03-27T23:32:15.000+0000
0ZRWj0000006NcSOAU,01tWj00000C34pgIAB,0ZGam000000isHdGAI,2026-03-27T23:33:08.000+0000
0ZRWj0000006Mq6OAE,01tWj00000C34phIAB,0ZGam000000isHdGAI,2026-03-27T23:32:12.000+0000
0ZRWj0000006MwVOAU,01tWj00000C34piIAB,0ZGam000000isJFGAY,2026-03-27T23:32:20.000+0000
0ZRWj0000006NT4OAM,01tWj00000C34pjIAB,0ZGam000000isJFGAY,2026-03-27T23:32:57.000+0000
0ZRWj0000006NYpOAM,01tWj00000C34pkIAB,0ZGam000000isJFGAY,2026-03-27T23:33:04.000+0000
0ZRWj0000006NpGOAU,01tWj00000C34plIAB,0ZGam000000isJFGAY,2026-03-27T23:33:23.000+0000
0ZRWj0000006NtiOAE,01tWj00000C34pmIAB,0ZGam000000isJFGAY,2026-03-27T23:33:31.000+0000
0ZRWj0000006MwAOAU,01tWj00000C34pnIAB,0ZGam000000isJFGAY,2026-03-27T23:32:20.000+0000
0ZRWj0000006N55OAE,01tWj00000C34poIAB,0ZGam000000isJFGAY,2026-03-27T23:32:31.000+0000
0ZRWj0000006N1DOAU,01tWj00000C34ppIAB,0ZGam000000isJFGAY,2026-03-27T23:32:27.000+0000
0ZRWj0000006NLgOAM,01tWj00000C34pqIAB,0ZGam000000isJFGAY,2026-03-27T23:32:50.000+0000
0ZRWj0000006MeLOAU,01tWj00000C34prIAB,0ZGam000000isJFGAY,2026-03-27T23:32:01.000+0000
0ZRWj0000006MtcOAE,01tWj00000C34psIAB,0ZGam000000isJFGAY,2026-03-27T23:32:15.000+0000
0ZRWj0000006MeaOAE,01tWj00000C34ptIAB,0ZGam000000isJFGAY,2026-03-27T23:32:01.000+0000
0ZRWj0000006NSLOA2,01tWj00000C34puIAB,0ZGam000000isJFGAY,2026-03-27T23:32:57.000+0000
0ZRWj0000006Ni6OAE,01tWj00000C34pvIAB,0ZGam000000isJFGAY,2026-03-27T23:33:16.000+0000
0ZRWj0000006NFJOA2,01tWj00000C34pwIAB,0ZGam000000isJFGAY,2026-03-27T23:32:42.000+0000
0ZRWj0000006N3pOAE,01tWj00000C34pxIAB,0ZGam000000isJFGAY,2026-03-27T23:32:31.000+0000
0ZRWj0000006NoBOAU,01tWj00000C34pyIAB,0ZGam000000isJFGAY,2026-03-27T23:33:23.000+0000
0ZRWj0000006Nq9OAE,01tWj00000C34pzIAB,0ZGam000000isJFGAY,2026-03-27T23:33:27.000+0000
0ZRWj0000006NpoOAE,01tWj00000C34q0IAB,0ZGam000000isJFGAY,2026-03-27T23:33:23.000+0000
0ZRWj0000006N5hOAE,01tWj00000C34q1IAB,0ZGam000000isJFGAY,2026-03-27T23:32:31.000+0000
0ZRWj0000006NWSOA2,01tWj00000C34q2IAB,0ZGam000000isJFGAY,2026-03-27T23:33:01.000+0000
0ZRWj0000006NRjOAM,01tWj00000C34q3IAB,0ZGam000000isJFGAY,2026-03-27T23:32:57.000+0000
0ZRWj0000006NPQOA2,01tWj00000C34q4IAB,0ZGam000000isJFGAY,2026-03-27T23:32:53.000+0000
0ZRWj0000006MtAOAU,01tWj00000C34q5IAB,0ZGam000000isJFGAY,2026-03-27T23:32:15.000+0000
0ZRWj0000006NjdOAE,01tWj00000C34q6IAB,0ZGam000000isJFGAY,2026-03-27T23:33:20.000+0000
0ZRWj0000006Mk4OAE,01tWj00000C34q7IAB,0ZGam000000isJFGAY,2026-03-27T23:32:04.000+0000
0ZRWj0000006MsWOAU,01tWj00000C34q8IAB,0ZGam000000isJFGAY,2026-03-27T23:32:15.000+0000
0ZRWj0000006NqVOAU,01tWj00000C34q9IAB,0ZGam000000isJFGAY,2026-03-27T23:33:27.000+0000
0ZRWj0000006NFBOA2,01tWj00000C34qAIAR,0ZGam000000isJFGAY,2026-03-27T23:32:42.000+0000
0ZRWj0000006NI2OAM,01tWj00000C34qBIAR,0ZGam000000isJFGAY,2026-03-27T23:32:46.000+0000
0ZRWj0000006NX0OAM,01tWj00000C34qCIAR,0ZGam000000isJFGAY,2026-03-27T23:33:04.000+0000
0ZRWj0000006NPnOAM,01tWj00000C34qDIAR,0ZGam000000isJFGAY,2026-03-27T23:32:53.000+0000
0ZRWj0000006MhkOAE,01tWj00000C34qEIAR,0ZGam000000isJFGAY,2026-03-27T23:32:04.000+0000
0ZRWj0000006N6DOAU,01tWj00000C34qFIAR,0ZGam000000isJFGAY,2026-03-27T23:32:31.000+0000
0ZRWj0000006NJSOA2,01tWj00000C34qGIAR,0ZGam000000isJFGAY,2026-03-27T23:32:46.000+0000
0ZRWj0000006N3hOAE,01tWj00000C34qHIAR,0ZGam000000isJFGAY,2026-03-27T23:32:31.000+0000
0ZRWj0000006NHpOAM,01tWj00000C34qIIAR,0ZGam000000isJFGAY,2026-03-27T23:32:46.000+0000
0ZRWj0000006NL7OAM,01tWj00000C34qJIAR,0ZGam000000isJFGAY,2026-03-27T23:32:50.000+0000
0ZRWj0000006N3vOAE,01tWj00000C34qKIAR,0ZGam000000isJFGAY,2026-03-27T23:32:31.000+0000
0ZRWj0000006NUVOA2,01tWj00000C34qLIAR,0ZGam000000isJFGAY,2026-03-27T23:33:01.000+0000
0ZRWj0000006NMdOAM,01tWj00000C34qMIAR,0ZGam000000isJFGAY,2026-03-27T23:32:50.000+0000
0ZRWj0000006N3TOAU,01tWj00000C34qNIAR,0ZGam000000isJFGAY,2026-03-27T23:32:27.000+0000
0ZRWj0000006NsEOAU,01tWj00000C34qOIAR,0ZGam000000isJFGAY,2026-03-27T23:33:27.000+0000
0ZRWj0000006NhxOAE,01tWj00000C34qPIAR,0ZGam000000isJFGAY,2026-03-27T23:33:16.000+0000
0ZRWj0000006N5bOAE,01tWj00000C34qQIAR,0ZGam000000isJFGAY,2026-03-27T23:32:31.000+0000
0ZRWj0000006Np6OAE,01tWj00000C34qRIAR,0ZGam000000isJFGAY,2026-03-27T23:33:23.000+0000
0ZRWj0000006NfMOAU,01tWj00000C34qSIAR,0ZGam000000isJFGAY,2026-03-27T23:33:12.000+0000
0ZRWj0000006MiwOAE,01tWj00000C34qTIAR,0ZGam000000isJFGAY,2026-03-27T23:32:04.000+0000
0ZRWj0000006MoOOAU,01tWj00000C34qUIAR,0ZGam000000isJFGAY,2026-03-27T23:32:12.000+0000
0ZRWj0000006K1eOAE,01tWj00000C34qVIAR,0ZGam000000isCnGAI,2026-03-27T20:03:14.000+0000
0ZRWj0000006K1fOAE,01tWj00000C34qWIAR,0ZGam000000isCnGAI,2026-03-27T20:03:14.000+0000
0ZRWj0000006K1gOAE,01tWj00000C34qXIAR,0ZGam000000isCnGAI,2026-03-27T20:03:14.000+0000
0ZRWj0000006K1hOAE,01tWj00000C34qYIAR,0ZGam000000isCnGAI,2026-03-27T20:03:14.000+0000
0ZRWj0000006K1iOAE,01tWj00000C34qZIAR,0ZGam000000isCnGAI,2026-03-27T20:03:14.000+0000
0ZRWj0000006K1jOAE,01tWj00000C34qaIAB,0ZGam000000isCnGAI,2026-03-27T20:03:14.000+0000
0ZRWj0000006K1kOAE,01tWj00000C34qbIAB,0ZGam000000isCnGAI,2026-03-27T20:03:14.000+0000
0ZRWj0000006K1lOAE,01tWj00000C34qcIAB,0ZGam000000isCnGAI,2026-03-27T20:03:14.000+0000
0ZRWj0000006K1mOAE,01tWj00000C34qdIAB,0ZGam000000isCnGAI,2026-03-27T20:03:14.000+0000
0ZRWj0000006K1nOAE,01tWj00000C34qeIAB,0ZGam000000isCnGAI,2026-03-27T20:03:14.000+0000
0ZRWj0000006K1oOAE,01tWj00000C34qfIAB,0ZGam000000isCnGAI,2026-03-27T20:03:14.000+0000
0ZRWj0000006K1pOAE,01tWj00000C34qgIAB,0ZGam000000isCnGAI,2026-03-27T20:03:14.000+0000
0ZRWj0000006K1qOAE,01tWj00000C34qhIAB,0ZGam000000isCnGAI,2026-03-27T20:03:14.000+0000
0ZRWj0000006K1rOAE,01tWj00000C34qiIAB,0ZGam000000isCnGAI,2026-03-27T20:03:14.000+0000
0ZRWj0000006K1sOAE,01tWj00000C34qjIAB,0ZGam000000isCnGAI,2026-03-27T20:03:14.000+0000
0ZRWj0000006K1tOAE,01tWj00000C34qkIAB,0ZGam000000isCnGAI,2026-03-27T20:03:14.000+0000
0ZRWj0000006K1uOAE,01tWj00000C34qlIAB,0ZGam000000isCnGAI,2026-03-27T20:03:14.000+0000
0ZRWj0000006K1vOAE,01tWj00000C34qmIAB,0ZGam000000isCnGAI,2026-03-27T20:03:14.000+0000
0ZRWj0000006K1wOAE,01tWj00000C34qnIAB,0ZGam000000isCnGAI,2026-03-27T20:03:14.000+0000
0ZRWj0000006K1xOAE,01tWj00000C34qoIAB,0ZGam000000isCnGAI,2026-03-27T20:03:14.000+0000
0ZRWj0000006K1yOAE,01tWj00000C34qpIAB,0ZGam000000isCnGAI,2026-03-27T20:03:14.000+0000
0ZRWj0000006K1zOAE,01tWj00000C34qqIAB,0ZGam000000isCnGAI,2026-03-27T20:03:14.000+0000
0ZRWj0000006K20OAE,01tWj00000C34qrIAB,0ZGam000000isCnGAI,2026-03-27T20:03:14.000+0000
0ZRWj0000006K21OAE,01tWj00000C34qsIAB,0ZGam000000isCnGAI,2026-03-27T20:03:14.000+0000
0ZRWj0000006K22OAE,01tWj00000C34qtIAB,0ZGam000000isCnGAI,2026-03-27T20:03:14.000+0000
0ZRWj0000006K23OAE,01tWj00000C34quIAB,0ZGam000000isCnGAI,2026-03-27T20:03:14.000+0000
0ZRWj0000006K24OAE,01tWj00000C34qvIAB,0ZGam000000isCnGAI,2026-03-27T20:03:14.000+0000
0ZRWj0000006K25OAE,01tWj00000C34qwIAB,0ZGam000000isCnGAI,2026-03-27T20:03:14.000+0000
0ZRWj0000006K26OAE,01tWj00000C34qxIAB,0ZGam000000isCnGAI,2026-03-27T20:03:14.000+0000
0ZRWj0000006K27OAE,01tWj00000C34qyIAB,0ZGam000000isCnGAI,2026-03-27T20:03:14.000+0000
0ZRWj0000006K28OAE,01tWj00000C34qzIAB,0ZGam000000isCnGAI,2026-03-27T20:03:14.000+0000
0ZRWj0000006K29OAE,01tWj00000C34r0IAB,0ZGam000000isCnGAI,2026-03-27T20:03:14.000+0000
0ZRWj0000006K2AOAU,01tWj00000C34r1IAB,0ZGam000000isCnGAI,2026-03-27T20:03:14.000+0000
0ZRWj0000006K2BOAU,01tWj00000C34r2IAB,0ZGam000000isCnGAI,2026-03-27T20:03:14.000+0000
0ZRWj0000006K2COAU,01tWj00000C34r3IAB,0ZGam000000isCnGAI,2026-03-27T20:03:14.000+0000
0ZRWj0000006K2DOAU,01tWj00000C34r4IAB,0ZGam000000isCnGAI,2026-03-27T20:03:14.000+0000
0ZRWj0000006K2EOAU,01tWj00000C34r5IAB,0ZGam000000isCnGAI,2026-03-27T20:03:14.000+0000
0ZRWj0000006K2FOAU,01tWj00000C34r6IAB,0ZGam000000isCnGAI,2026-03-27T20:03:14.000+0000
0ZRWj0000006K2GOAU,01tWj00000C34r7IAB,0ZGam000000isCnGAI,2026-03-27T20:03:14.000+0000
0ZRWj0000006K2HOAU,01tWj00000C34r8IAB,0ZGam000000isCnGAI,2026-03-27T20:03:14.000+0000
0ZRWj0000006K2IOAU,01tWj00000C34r9IAB,0ZGam000000isCnGAI,2026-03-27T20:03:14.000+0000
0ZRWj0000006K2JOAU,01tWj00000C34rAIAR,0ZGam000000isCnGAI,2026-03-27T20:03:14.000+0000
0ZRWj0000006K2KOAU,01tWj00000C34rBIAR,0ZGam000000isCnGAI,2026-03-27T20:03:14.000+0000
0ZRWj0000006K2LOAU,01tWj00000C34rCIAR,0ZGam000000isCnGAI,2026-03-27T20:03:14.000+0000
0ZRWj0000006K2MOAU,01tWj00000C34rDIAR,0ZGam000000isCnGAI,2026-03-27T20:03:14.000+0000
0ZRWj0000006K2NOAU,01tWj00000C34rEIAR,0ZGam000000isCnGAI,2026-03-27T20:03:14.000+0000
0ZRWj0000006K2OOAU,01tWj00000C34rFIAR,0ZGam000000isCnGAI,2026-03-27T20:03:14.000+0000
0ZRWj0000006K2POAU,01tWj00000C34rGIAR,0ZGam000000isCnGAI,2026-03-27T20:03:14.000+0000
0ZRWj0000006K2QOAU,01tWj00000C34rHIAR,0ZGam000000isCnGAI,2026-03-27T20:03:14.000+0000
0ZRWj0000006K2ROAU,01tWj00000C34rIIAR,0ZGam000000isCnGAI,2026-03-27T20:03:14.000+0000
0ZRWj0000006K2SOAU,01tWj00000C34rJIAR,0ZGam000000isCnGAI,2026-03-27T20:03:14.000+0000
0ZRWj0000006K2TOAU,01tWj00000C34rKIAR,0ZGam000000isCnGAI,2026-03-27T20:03:14.000+0000
0ZRWj0000006K2UOAU,01tWj00000C34rLIAR,0ZGam000000isCnGAI,2026-03-27T20:03:14.000+0000
0ZRWj0000006K2VOAU,01tWj00000C34rMIAR,0ZGam000000isCnGAI,2026-03-27T20:03:14.000+0000
0ZRWj0000006K2WOAU,01tWj00000C34rNIAR,0ZGam000000isCnGAI,2026-03-27T20:03:14.000+0000
0ZRWj0000006K2XOAU,01tWj00000C34rOIAR,0ZGam000000isCnGAI,2026-03-27T20:03:14.000+0000
0ZRWj0000006K2YOAU,01tWj00000C34rPIAR,0ZGam000000isCnGAI,2026-03-27T20:03:14.000+0000
0ZRWj0000006K2ZOAU,01tWj00000C34rQIAR,0ZGam000000isCnGAI,2026-03-27T20:03:14.000+0000
0ZRWj0000006K2aOAE,01tWj00000C34rRIAR,0ZGam000000isCnGAI,2026-03-27T20:03:14.000+0000
0ZRWj0000006K2bOAE,01tWj00000C34rSIAR,0ZGam000000isCnGAI,2026-03-27T20:03:14.000+0000
0ZRWj0000006K2cOAE,01tWj00000C34rTIAR,0ZGam000000isCnGAI,2026-03-27T20:03:14.000+0000
0ZRWj0000006K2dOAE,01tWj00000C34rUIAR,0ZGam000000isCnGAI,2026-03-27T20:03:14.000+0000
0ZRWj0000006K2eOAE,01tWj00000C34rVIAR,0ZGam000000isCnGAI,2026-03-27T20:03:14.000+0000
0ZRWj0000006K2fOAE,01tWj00000C34rWIAR,0ZGam000000isCnGAI,2026-03-27T20:03:14.000+0000
0ZRWj0000006K2gOAE,01tWj00000C34rXIAR,0ZGam000000isCnGAI,2026-03-27T20:03:14.000+0000
0ZRWj0000006K2hOAE,01tWj00000C34rYIAR,0ZGam000000isCnGAI,2026-03-27T20:03:14.000+0000
0ZRWj0000006K2iOAE,01tWj00000C34rZIAR,0ZGam000000isCnGAI,2026-03-27T20:03:14.000+0000
0ZRWj0000006K2jOAE,01tWj00000C34raIAB,0ZGam000000isCnGAI,2026-03-27T20:03:14.000+0000
0ZRWj0000006K2kOAE,01tWj00000C34rbIAB,0ZGam000000isCnGAI,2026-03-27T20:03:14.000+0000
0ZRWj0000006K2lOAE,01tWj00000C34rcIAB,0ZGam000000isCnGAI,2026-03-27T20:03:14.000+0000
0ZRWj0000006K2mOAE,01tWj00000C34rdIAB,0ZGam000000isCnGAI,2026-03-27T20:03:14.000+0000
0ZRWj0000006K2nOAE,01tWj00000C34reIAB,0ZGam000000isCnGAI,2026-03-27T20:03:14.000+0000
0ZRWj0000006K2oOAE,01tWj00000C34rfIAB,0ZGam000000isCnGAI,2026-03-27T20:03:14.000+0000
0ZRWj0000006K2pOAE,01tWj00000C34rgIAB,0ZGam000000isCnGAI,2026-03-27T20:03:14.000+0000
0ZRWj0000006K2qOAE,01tWj00000C34rhIAB,0ZGam000000isCnGAI,2026-03-27T20:03:14.000+0000
0ZRWj0000006K2rOAE,01tWj00000C34riIAB,0ZGam000000isCnGAI,2026-03-27T20:03:14.000+0000
0ZRWj0000006K2sOAE,01tWj00000C34rjIAB,0ZGam000000isCnGAI,2026-03-27T20:03:14.000+0000
0ZRWj0000006K2tOAE,01tWj00000C34rkIAB,0ZGam000000isCnGAI,2026-03-27T20:03:14.000+0000
0ZRWj0000006K2uOAE,01tWj00000C34rlIAB,0ZGam000000isCnGAI,2026-03-27T20:03:14.000+0000
0ZRWj0000006K2vOAE,01tWj00000C34rmIAB,0ZGam000000isCnGAI,2026-03-27T20:03:14.000+0000
0ZRWj0000006K2wOAE,01tWj00000C34rnIAB,0ZGam000000isCnGAI,2026-03-27T20:03:14.000+0000
0ZRWj0000006K2xOAE,01tWj00000C34roIAB,0ZGam000000isCnGAI,2026-03-27T20:03:14.000+0000
0ZRWj0000006K2yOAE,01tWj00000C34rpIAB,0ZGam000000isCnGAI,2026-03-27T20:03:14.000+0000
0ZRWj0000006K2zOAE,01tWj00000C34rqIAB,0ZGam000000isCnGAI,2026-03-27T20:03:14.000+0000
0ZRWj0000006K30OAE,01tWj00000C34rrIAB,0ZGam000000isCnGAI,2026-03-27T20:03:14.000+0000
0ZRWj0000006K31OAE,01tWj00000C34rsIAB,0ZGam000000isCnGAI,2026-03-27T20:03:14.000+0000
0ZRWj0000006K32OAE,01tWj00000C34rtIAB,0ZGam000000isCnGAI,2026-03-27T20:03:14.000+0000
0ZRWj0000006K33OAE,01tWj00000C34ruIAB,0ZGam000000isCnGAI,2026-03-27T20:03:14.000+0000
0ZRWj0000006K34OAE,01tWj00000C34rvIAB,0ZGam000000isCnGAI,2026-03-27T20:03:14.000+0000
0ZRWj0000006K35OAE,01tWj00000C34rwIAB,0ZGam000000isCnGAI,2026-03-27T20:03:14.000+0000
0ZRWj0000006K36OAE,01tWj00000C34rxIAB,0ZGam000000isCnGAI,2026-03-27T20:03:14.000+0000
0ZRWj0000006K37OAE,01tWj00000C34ryIAB,0ZGam000000isCnGAI,2026-03-27T20:03:14.000+0000
0ZRWj0000006K38OAE,01tWj00000C34rzIAB,0ZGam000000isCnGAI,2026-03-27T20:03:14.000+0000
0ZRWj0000006K39OAE,01tWj00000C34s0IAB,0ZGam000000isCnGAI,2026-03-27T20:03:14.000+0000
0ZRWj0000006K3AOAU,01tWj00000C34s1IAB,0ZGam000000isCnGAI,2026-03-27T20:03:14.000+0000
0ZRWj0000006K3BOAU,01tWj00000C34s2IAB,0ZGam000000isCnGAI,2026-03-27T20:03:14.000+0000
0ZRWj0000006K3COAU,01tWj00000C34s3IAB,0ZGam000000isCnGAI,2026-03-27T20:03:14.000+0000
0ZRWj0000006K3DOAU,01tWj00000C34s4IAB,0ZGam000000isCnGAI,2026-03-27T20:03:14.000+0000
0ZRWj0000006K3EOAU,01tWj00000C34s5IAB,0ZGam000000isCnGAI,2026-03-27T20:03:14.000+0000
0ZRWj0000006K3FOAU,01tWj00000C34s6IAB,0ZGam000000isCnGAI,2026-03-27T20:03:14.000+0000
0ZRWj0000006K3GOAU,01tWj00000C34s7IAB,0ZGam000000isCnGAI,2026-03-27T20:03:14.000+0000
0ZRWj0000006K3HOAU,01tWj00000C34s8IAB,0ZGam000000isCnGAI,2026-03-27T20:03:14.000+0000
0ZRWj0000006K3IOAU,01tWj00000C34s9IAB,0ZGam000000isCnGAI,2026-03-27T20:03:14.000+0000
0ZRWj0000006K3JOAU,01tWj00000C34sAIAR,0ZGam000000isCnGAI,2026-03-27T20:03:14.000+0000
0ZRWj0000006K3KOAU,01tWj00000C34sBIAR,0ZGam000000isCnGAI,2026-03-27T20:03:14.000+0000
0ZRWj0000006K3LOAU,01tWj00000C34sCIAR,0ZGam000000isCnGAI,2026-03-27T20:03:14.000+0000
0ZRWj0000006K3MOAU,01tWj00000C34sDIAR,0ZGam000000isCnGAI,2026-03-27T20:03:14.000+0000
0ZRWj0000006K3NOAU,01tWj00000C34sEIAR,0ZGam000000isCnGAI,2026-03-27T20:03:14.000+0000
0ZRWj0000006K3OOAU,01tWj00000C34sFIAR,0ZGam000000isCnGAI,2026-03-27T20:03:14.000+0000
0ZRWj0000006K3POAU,01tWj00000C34sGIAR,0ZGam000000isCnGAI,2026-03-27T20:03:14.000+0000
0ZRWj0000006K3QOAU,01tWj00000C34sHIAR,0ZGam000000isCnGAI,2026-03-27T20:03:14.000+0000
0ZRWj0000006K3ROAU,01tWj00000C34sIIAR,0ZGam000000isCnGAI,2026-03-27T20:03:14.000+0000
0ZRWj0000006K3SOAU,01tWj00000C34sJIAR,0ZGam000000isCnGAI,2026-03-27T20:03:14.000+0000
0ZRWj0000006K3TOAU,01tWj00000C34sKIAR,0ZGam000000isCnGAI,2026-03-27T20:03:14.000+0000
0ZRWj0000006K3UOAU,01tWj00000C34sLIAR,0ZGam000000isCnGAI,2026-03-27T20:03:14.000+0000
0ZRWj0000006K3VOAU,01tWj00000C34sMIAR,0ZGam000000isCnGAI,2026-03-27T20:03:14.000+0000
0ZRWj0000006K3WOAU,01tWj00000C34sNIAR,0ZGam000000isCnGAI,2026-03-27T20:03:14.000+0000
0ZRWj0000006K3XOAU,01tWj00000C34sOIAR,0ZGam000000isCnGAI,2026-03-27T20:03:14.000+0000
0ZRWj0000006K3YOAU,01tWj00000C34sPIAR,0ZGam000000isCnGAI,2026-03-27T20:03:14.000+0000
0ZRWj0000006K3ZOAU,01tWj00000C34sQIAR,0ZGam000000isCnGAI,2026-03-27T20:03:14.000+0000
0ZRWj0000006K3aOAE,01tWj00000C34sRIAR,0ZGam000000isCnGAI,2026-03-27T20:03:14.000+0000
0ZRWj0000006K3bOAE,01tWj00000C34sSIAR,0ZGam000000isCnGAI,2026-03-27T20:03:14.000+0000
0ZRWj0000006K3cOAE,01tWj00000C34sTIAR,0ZGam000000isCnGAI,2026-03-27T20:03:14.000+0000
0ZRWj0000006K3dOAE,01tWj00000C34sUIAR,0ZGam000000isCnGAI,2026-03-27T20:03:14.000+0000
0ZRWj0000006K3eOAE,01tWj00000C34sVIAR,0ZGam000000isCnGAI,2026-03-27T20:03:14.000+0000
0ZRWj0000006K3fOAE,01tWj00000C34sWIAR,0ZGam000000isCnGAI,2026-03-27T20:03:14.000+0000
0ZRWj0000006K3gOAE,01tWj00000C34sXIAR,0ZGam000000isCnGAI,2026-03-27T20:03:14.000+0000
0ZRWj0000006K3hOAE,01tWj00000C34sYIAR,0ZGam000000isCnGAI,2026-03-27T20:03:14.000+0000
0ZRWj0000006K3iOAE,01tWj00000C34sZIAR,0ZGam000000isCnGAI,2026-03-27T20:03:14.000+0000
0ZRWj0000006K3jOAE,01tWj00000C34saIAB,0ZGam000000isCnGAI,2026-03-27T20:03:14.000+0000
0ZRWj0000006K3kOAE,01tWj00000C34sbIAB,0ZGam000000isCnGAI,2026-03-27T20:03:14.000+0000
0ZRWj0000006K3lOAE,01tWj00000C34scIAB,0ZGam000000isCnGAI,2026-03-27T20:03:14.000+0000
0ZRWj0000006K3mOAE,01tWj00000C34sdIAB,0ZGam000000isCnGAI,2026-03-27T20:03:14.000+0000
0ZRWj0000006K3nOAE,01tWj00000C34seIAB,0ZGam000000isCnGAI,2026-03-27T20:03:14.000+0000
0ZRWj0000006K3oOAE,01tWj00000C34sfIAB,0ZGam000000isCnGAI,2026-03-27T20:03:14.000+0000
0ZRWj0000006K3pOAE,01tWj00000C34sgIAB,0ZGam000000isCnGAI,2026-03-27T20:03:14.000+0000
0ZRWj0000006K3qOAE,01tWj00000C34shIAB,0ZGam000000isCnGAI,2026-03-27T20:03:14.000+0000
0ZRWj0000006K3rOAE,01tWj00000C34siIAB,0ZGam000000isCnGAI,2026-03-27T20:03:14.000+0000
0ZRWj0000006K3sOAE,01tWj00000C34sjIAB,0ZGam000000isCnGAI,2026-03-27T20:03:14.000+0000
0ZRWj0000006K3tOAE,01tWj00000C34skIAB,0ZGam000000isCnGAI,2026-03-27T20:03:14.000+0000
0ZRWj0000006K3uOAE,01tWj00000C34slIAB,0ZGam000000isCnGAI,2026-03-27T20:03:14.000+0000
0ZRWj0000006K3vOAE,01tWj00000C34smIAB,0ZGam000000isCnGAI,2026-03-27T20:03:14.000+0000
0ZRWj0000006K3wOAE,01tWj00000C34snIAB,0ZGam000000isCnGAI,2026-03-27T20:03:14.000+0000
0ZRWj0000006K3xOAE,01tWj00000C34soIAB,0ZGam000000isCnGAI,2026-03-27T20:03:14.000+0000
0ZRWj0000006K3yOAE,01tWj00000C34spIAB,0ZGam000000isCnGAI,2026-03-27T20:03:14.000+0000
0ZRWj0000006K3zOAE,01tWj00000C34sqIAB,0ZGam000000isCnGAI,2026-03-27T20:03:14.000+0000
0ZRWj0000006K40OAE,01tWj00000C34srIAB,0ZGam000000isCnGAI,2026-03-27T20:03:14.000+0000
0ZRWj0000006K41OAE,01tWj00000C34ssIAB,0ZGam000000isCnGAI,2026-03-27T20:03:14.000+0000
0ZRWj0000006K42OAE,01tWj00000C34stIAB,0ZGam000000isCnGAI,2026-03-27T20:03:14.000+0000
0ZRWj0000006K43OAE,01tWj00000C34suIAB,0ZGam000000isCnGAI,2026-03-27T20:03:14.000+0000
0ZRWj0000006KB1OAM,01tWj00000C34svIAB,0ZGam000000isCnGAI,2026-03-27T20:31:01.000+0000
0ZRWj0000006KB2OAM,01tWj00000C34swIAB,0ZGam000000isCnGAI,2026-03-27T20:31:01.000+0000
0ZRWj0000006KCiOAM,01tWj00000C34sxIAB,0ZGam000000isCnGAI,2026-03-27T20:31:31.000+0000
0ZRWj0000006KCjOAM,01tWj00000C34syIAB,0ZGam000000isCnGAI,2026-03-27T20:31:31.000+0000
0ZRWj0000006KEKOA2,01tWj00000C34szIAB,0ZGam000000isCnGAI,2026-03-27T20:32:06.000+0000
0ZRWj0000006KELOA2,01tWj00000C34t0IAB,0ZGam000000isCnGAI,2026-03-27T20:32:06.000+0000
0ZRWj0000006KFlOAM,01tWj00000C34t1IAB,0ZGam000000isCnGAI,2026-03-27T20:32:31.000+0000
0ZRWj0000006KFmOAM,01tWj00000C34t2IAB,0ZGam000000isCnGAI,2026-03-27T20:32:31.000+0000
0ZRWj0000006KHqOAM,01tWj00000C34t3IAB,0ZGam000000isCnGAI,2026-03-27T20:33:12.000+0000
0ZRWj0000006KHrOAM,01tWj00000C34t4IAB,0ZGam000000isCnGAI,2026-03-27T20:33:12.000+0000
0ZRWj0000006KHsOAM,01tWj00000C34t5IAB,0ZGam000000isCnGAI,2026-03-27T20:33:12.000+0000
0ZRWj0000006KJQOA2,01tWj00000C34t6IAB,0ZGam000000isCnGAI,2026-03-27T20:33:49.000+0000
0ZRWj0000006KJROA2,01tWj00000C34t7IAB,0ZGam000000isCnGAI,2026-03-27T20:33:49.000+0000
0ZRWj0000006KJSOA2,01tWj00000C34t8IAB,0ZGam000000isCnGAI,2026-03-27T20:33:49.000+0000
0ZRWj0000006KKeOAM,01tWj00000C34t9IAB,0ZGam000000isCnGAI,2026-03-27T20:34:33.000+0000
0ZRWj0000006KKfOAM,01tWj00000C34tAIAR,0ZGam000000isCnGAI,2026-03-27T20:34:33.000+0000
0ZRWj0000006KMeOAM,01tWj00000C34tBIAR,0ZGam000000isCnGAI,2026-03-27T20:35:28.000+0000
0ZRWj0000006KMfOAM,01tWj00000C34tCIAR,0ZGam000000isCnGAI,2026-03-27T20:35:28.000+0000
0ZRWj0000006KMgOAM,01tWj00000C34tDIAR,0ZGam000000isCnGAI,2026-03-27T20:35:28.000+0000
0ZRWj0000006KOXOA2,01tWj00000C34tEIAR,0ZGam000000isCnGAI,2026-03-27T20:36:16.000+0000
0ZRWj0000006KOYOA2,01tWj00000C34tFIAR,0ZGam000000isCnGAI,2026-03-27T20:36:16.000+0000
0ZRWj0000006KOZOA2,01tWj00000C34tGIAR,0ZGam000000isCnGAI,2026-03-27T20:36:16.000+0000
0ZRWj0000006KOaOAM,01tWj00000C34tHIAR,0ZGam000000isCnGAI,2026-03-27T20:36:16.000+0000
0ZRWj0000006KRtOAM,01tWj00000C34tIIAR,0ZGam000000isCnGAI,2026-03-27T20:37:06.000+0000
0ZRWj0000006KRuOAM,01tWj00000C34tJIAR,0ZGam000000isCnGAI,2026-03-27T20:37:06.000+0000
0ZRWj0000006KRvOAM,01tWj00000C34tKIAR,0ZGam000000isCnGAI,2026-03-27T20:37:06.000+0000
0ZRWj0000006KRwOAM,01tWj00000C34tLIAR,0ZGam000000isCnGAI,2026-03-27T20:37:06.000+0000
0ZRWj0000006KUpOAM,01tWj00000C34tMIAR,0ZGam000000isCnGAI,2026-03-27T20:37:59.000+0000
0ZRWj0000006KUqOAM,01tWj00000C34tNIAR,0ZGam000000isCnGAI,2026-03-27T20:37:59.000+0000
0ZRWj0000006KUrOAM,01tWj00000C34tOIAR,0ZGam000000isCnGAI,2026-03-27T20:37:59.000+0000
0ZRWj0000006KUsOAM,01tWj00000C34tPIAR,0ZGam000000isCnGAI,2026-03-27T20:37:59.000+0000
0ZRWj0000006KXnOAM,01tWj00000C34tQIAR,0ZGam000000isCnGAI,2026-03-27T20:38:39.000+0000
0ZRWj0000006KXoOAM,01tWj00000C34tRIAR,0ZGam000000isCnGAI,2026-03-27T20:38:39.000+0000
0ZRWj0000006KXpOAM,01tWj00000C34tSIAR,0ZGam000000isCnGAI,2026-03-27T20:38:39.000+0000
0ZRWj0000006KZHOA2,01tWj00000C34tTIAR,0ZGam000000isCnGAI,2026-03-27T20:39:10.000+0000
0ZRWj0000006KZIOA2,01tWj00000C34tUIAR,0ZGam000000isCnGAI,2026-03-27T20:39:10.000+0000
0ZRWj0000006NkAOAU,01tWj00000C34tVIAR,0ZGam000000isCnGAI,2026-03-27T23:33:20.000+0000
0ZRWj0000006MtIOAU,01tWj00000C34tWIAR,0ZGam000000isCnGAI,2026-03-27T23:32:15.000+0000
0ZRWj0000006MazOAE,01tWj00000C34tXIAR,0ZGam000000isCnGAI,2026-03-27T23:31:57.000+0000
0ZRWj0000006NCGOA2,01tWj00000C34tYIAR,0ZGam000000isCnGAI,2026-03-27T23:32:38.000+0000
0ZRWj0000006MdgOAE,01tWj00000C34tZIAR,0ZGam000000isCnGAI,2026-03-27T23:31:57.000+0000
0ZRWj0000006MbVOAU,01tWj00000C34taIAB,0ZGam000000isCnGAI,2026-03-27T23:31:57.000+0000
0ZRWj0000006NtwOAE,01tWj00000C34tbIAB,0ZGam000000isCnGAI,2026-03-27T23:33:31.000+0000
0ZRWj0000006MqAOAU,01tWj00000C34tcIAB,0ZGam000000isCnGAI,2026-03-27T23:32:12.000+0000
0ZRWj0000006MdDOAU,01tWj00000C34tdIAB,0ZGam000000isCnGAI,2026-03-27T23:31:57.000+0000
0ZRWj0000006MyEOAU,01tWj00000C34teIAB,0ZGam000000isCnGAI,2026-03-27T23:32:23.000+0000
0ZRWj0000006KbROAU,01tWj00000C34tfIAB,0ZGam000000isBBGAY,2026-03-27T20:40:58.000+0000
0ZRWj0000006KefOAE,01tWj00000C34tfIAB,0ZGam000000itATGAY,2026-03-27T20:41:20.000+0000
0ZRWj0000006KbSOAU,01tWj00000C34tgIAB,0ZGam000000isBBGAY,2026-03-27T20:40:58.000+0000
0ZRWj0000006KegOAE,01tWj00000C34tgIAB,0ZGam000000itATGAY,2026-03-27T20:41:20.000+0000
0ZRWj0000006KbTOAU,01tWj00000C34thIAB,0ZGam000000isBBGAY,2026-03-27T20:40:58.000+0000
0ZRWj0000006KehOAE,01tWj00000C34thIAB,0ZGam000000itATGAY,2026-03-27T20:41:20.000+0000
0ZRWj0000006KhhOAE,01tWj00000C34tiIAB,0ZGam000000itATGAY,2026-03-27T20:43:17.000+0000
0ZRWj0000006KkvOAE,01tWj00000C34tiIAB,0ZGam000000isBBGAY,2026-03-27T20:43:37.000+0000
0ZRWj0000006KhiOAE,01tWj00000C34tjIAB,0ZGam000000itATGAY,2026-03-27T20:43:17.000+0000
0ZRWj0000006KkwOAE,01tWj00000C34tjIAB,0ZGam000000isBBGAY,2026-03-27T20:43:37.000+0000
0ZRWj0000006KoNOAU,01tWj00000C34tkIAB,0ZGam000000itATGAY,2026-03-27T20:44:12.000+0000
0ZRWj0000006KrbOAE,01tWj00000C34tkIAB,0ZGam000000isBBGAY,2026-03-27T20:44:27.000+0000
0ZRWj0000006KoOOAU,01tWj00000C34tlIAB,0ZGam000000itATGAY,2026-03-27T20:44:12.000+0000
0ZRWj0000006KrcOAE,01tWj00000C34tlIAB,0ZGam000000isBBGAY,2026-03-27T20:44:27.000+0000
0ZRWj0000006KupOAE,01tWj00000C34tmIAB,0ZGam000000isBBGAY,2026-03-27T21:04:22.000+0000
0ZRWj0000006Ky3OAE,01tWj00000C34tmIAB,0ZGam000000itATGAY,2026-03-27T21:04:37.000+0000
0ZRWj0000006Ky4OAE,01tWj00000C34tnIAB,0ZGam000000itATGAY,2026-03-27T21:04:37.000+0000
0ZRWj0000006KuqOAE,01tWj00000C34tnIAB,0ZGam000000isBBGAY,2026-03-27T21:04:22.000+0000
0ZRWj0000006L0wOAE,01tWj00000C34toIAB,0ZGam000000isBBGAY,2026-03-27T21:05:29.000+0000
0ZRWj0000006L4AOAU,01tWj00000C34toIAB,0ZGam000000itATGAY,2026-03-27T21:05:44.000+0000
0ZRWj0000006L4BOAU,01tWj00000C34tpIAB,0ZGam000000itATGAY,2026-03-27T21:05:44.000+0000
0ZRWj0000006L0xOAE,01tWj00000C34tpIAB,0ZGam000000isBBGAY,2026-03-27T21:05:29.000+0000
0ZRWj0000006L7nOAE,01tWj00000C34tqIAB,0ZGam000000itATGAY,2026-03-27T21:06:18.000+0000
0ZRWj0000006LB1OAM,01tWj00000C34tqIAB,0ZGam000000isBBGAY,2026-03-27T21:06:35.000+0000
0ZRWj0000006L7oOAE,01tWj00000C34trIAB,0ZGam000000itATGAY,2026-03-27T21:06:18.000+0000
0ZRWj0000006LB2OAM,01tWj00000C34trIAB,0ZGam000000isBBGAY,2026-03-27T21:06:35.000+0000
0ZRWj0000006NRBOA2,01tWj00000C34tsIAB,0ZGam000000isBBGAY,2026-03-27T23:32:57.000+0000
0ZRWj0000006NsMOAU,01tWj00000C34ttIAB,0ZGam000000isBBGAY,2026-03-27T23:33:27.000+0000
0ZRWj0000006NAkOAM,01tWj00000C34tuIAB,0ZGam000000isBBGAY,2026-03-27T23:32:38.000+0000
0ZRWj0000006NcLOAU,01tWj00000C34tvIAB,0ZGam000000isBBGAY,2026-03-27T23:33:08.000+0000
0ZRWj0000006NZAOA2,01tWj00000C34twIAB,0ZGam000000isBBGAY,2026-03-27T23:33:04.000+0000
0ZRWj0000006NKiOAM,01tWj00000C34txIAB,0ZGam000000isBBGAY,2026-03-27T23:32:50.000+0000
0ZRWj0000006MsROAU,01tWj00000C34tyIAB,0ZGam000000isBBGAY,2026-03-27T23:32:15.000+0000
0ZRWj0000006MouOAE,01tWj00000C34tzIAB,0ZGam000000isBBGAY,2026-03-27T23:32:12.000+0000
0ZRWj0000006MlWOAU,01tWj00000C34u0IAB,0ZGam000000isBBGAY,2026-03-27T23:32:08.000+0000
0ZRWj0000006NiFOAU,01tWj00000C34u1IAB,0ZGam000000isBBGAY,2026-03-27T23:33:16.000+0000
0ZRWj0000006NDtOAM,01tWj00000C34u2IAB,0ZGam000000isBBGAY,2026-03-27T23:32:42.000+0000
0ZRWj0000006NIDOA2,01tWj00000C34u3IAB,0ZGam000000isBBGAY,2026-03-27T23:32:46.000+0000
0ZRWj0000006NeqOAE,01tWj00000C34u4IAB,0ZGam000000isBBGAY,2026-03-27T23:33:12.000+0000
0ZRWj0000006NE3OAM,01tWj00000C34u5IAB,0ZGam000000isBBGAY,2026-03-27T23:32:42.000+0000
0ZRWj0000006NiOOAU,01tWj00000C34u6IAB,0ZGam000000isBBGAY,2026-03-27T23:33:16.000+0000
0ZRWj0000006NVxOAM,01tWj00000C34u7IAB,0ZGam000000isBBGAY,2026-03-27T23:33:01.000+0000
0ZRWj0000006NUiOAM,01tWj00000C34u8IAB,0ZGam000000isBBGAY,2026-03-27T23:33:01.000+0000
0ZRWj0000006NW6OAM,01tWj00000C34u9IAB,0ZGam000000isBBGAY,2026-03-27T23:33:01.000+0000
0ZRWj0000006NXjOAM,01tWj00000C34uAIAR,0ZGam000000isBBGAY,2026-03-27T23:33:04.000+0000
0ZRWj0000006MihOAE,01tWj00000C34uBIAR,0ZGam000000isBBGAY,2026-03-27T23:32:04.000+0000
0ZRWj0000006NOSOA2,01tWj00000C34uCIAR,0ZGam000000isBBGAY,2026-03-27T23:32:53.000+0000
0ZRWj0000006MrQOAU,01tWj00000C34uDIAR,0ZGam000000isBBGAY,2026-03-27T23:32:15.000+0000
0ZRWj0000006Ns2OAE,01tWj00000C34uEIAR,0ZGam000000isBBGAY,2026-03-27T23:33:27.000+0000
0ZRWj0000006N9jOAE,01tWj00000C34uFIAR,0ZGam000000isBBGAY,2026-03-27T23:32:34.000+0000
0ZRWj0000006MkrOAE,01tWj00000C34uGIAR,0ZGam000000isBBGAY,2026-03-27T23:32:08.000+0000
0ZRWj0000006NdPOAU,01tWj00000C34uHIAR,0ZGam000000isBBGAY,2026-03-27T23:33:12.000+0000
0ZRWj0000006NlTOAU,01tWj00000C34uIIAR,0ZGam000000isBBGAY,2026-03-27T23:33:20.000+0000
0ZRWj0000006NFrOAM,01tWj00000C34uJIAR,0ZGam000000isBBGAY,2026-03-27T23:32:42.000+0000
0ZRWj0000006N1GOAU,01tWj00000C34uKIAR,0ZGam000000isBBGAY,2026-03-27T23:32:27.000+0000
0ZRWj0000006MtwOAE,01tWj00000C34uLIAR,0ZGam000000isBBGAY,2026-03-27T23:32:20.000+0000
0ZRWj0000006NMNOA2,01tWj00000C34uMIAR,0ZGam000000isBBGAY,2026-03-27T23:32:50.000+0000
0ZRWj0000006MmYOAU,01tWj00000C34uNIAR,0ZGam000000isBBGAY,2026-03-27T23:32:08.000+0000
0ZRWj0000006MtxOAE,01tWj00000C34uOIAR,0ZGam000000isBBGAY,2026-03-27T23:32:20.000+0000
0ZRWj0000006NH5OAM,01tWj00000C34uPIAR,0ZGam000000isBBGAY,2026-03-27T23:32:46.000+0000
0ZRWj0000006MsZOAU,01tWj00000C34uQIAR,0ZGam000000isBBGAY,2026-03-27T23:32:15.000+0000
0ZRWj0000006NcNOAU,01tWj00000C34uRIAR,0ZGam000000isBBGAY,2026-03-27T23:33:08.000+0000
0ZRWj0000006KbUOAU,01tWj00000C34uSIAR,0ZGam000000isBBGAY,2026-03-27T20:40:58.000+0000
0ZRWj0000006KeiOAE,01tWj00000C34uSIAR,0ZGam000000itATGAY,2026-03-27T20:41:20.000+0000
0ZRWj0000006KbVOAU,01tWj00000C34uTIAR,0ZGam000000isBBGAY,2026-03-27T20:40:58.000+0000
0ZRWj0000006KejOAE,01tWj00000C34uTIAR,0ZGam000000itATGAY,2026-03-27T20:41:20.000+0000
0ZRWj0000006KbWOAU,01tWj00000C34uUIAR,0ZGam000000isBBGAY,2026-03-27T20:40:58.000+0000
0ZRWj0000006KekOAE,01tWj00000C34uUIAR,0ZGam000000itATGAY,2026-03-27T20:41:20.000+0000
0ZRWj0000006KkxOAE,01tWj00000C34uVIAR,0ZGam000000isBBGAY,2026-03-27T20:43:37.000+0000
0ZRWj0000006KhjOAE,01tWj00000C34uVIAR,0ZGam000000itATGAY,2026-03-27T20:43:17.000+0000
0ZRWj0000006KhkOAE,01tWj00000C34uWIAR,0ZGam000000itATGAY,2026-03-27T20:43:17.000+0000
0ZRWj0000006KkyOAE,01tWj00000C34uWIAR,0ZGam000000isBBGAY,2026-03-27T20:43:37.000+0000
0ZRWj0000006KoPOAU,01tWj00000C34uXIAR,0ZGam000000itATGAY,2026-03-27T20:44:12.000+0000
0ZRWj0000006KrdOAE,01tWj00000C34uXIAR,0ZGam000000isBBGAY,2026-03-27T20:44:27.000+0000
0ZRWj0000006KoQOAU,01tWj00000C34uYIAR,0ZGam000000itATGAY,2026-03-27T20:44:12.000+0000
0ZRWj0000006KreOAE,01tWj00000C34uYIAR,0ZGam000000isBBGAY,2026-03-27T20:44:27.000+0000
0ZRWj0000006Ky5OAE,01tWj00000C34uZIAR,0ZGam000000itATGAY,2026-03-27T21:04:37.000+0000
0ZRWj0000006KurOAE,01tWj00000C34uZIAR,0ZGam000000isBBGAY,2026-03-27T21:04:22.000+0000
0ZRWj0000006Ky6OAE,01tWj00000C34uaIAB,0ZGam000000itATGAY,2026-03-27T21:04:37.000+0000
0ZRWj0000006KusOAE,01tWj00000C34uaIAB,0ZGam000000isBBGAY,2026-03-27T21:04:22.000+0000
0ZRWj0000006L4COAU,01tWj00000C34ubIAB,0ZGam000000itATGAY,2026-03-27T21:05:44.000+0000
0ZRWj0000006L0yOAE,01tWj00000C34ubIAB,0ZGam000000isBBGAY,2026-03-27T21:05:29.000+0000
0ZRWj0000006L0zOAE,01tWj00000C34ucIAB,0ZGam000000isBBGAY,2026-03-27T21:05:29.000+0000
0ZRWj0000006L4DOAU,01tWj00000C34ucIAB,0ZGam000000itATGAY,2026-03-27T21:05:44.000+0000
0ZRWj0000006LB3OAM,01tWj00000C34udIAB,0ZGam000000isBBGAY,2026-03-27T21:06:35.000+0000
0ZRWj0000006L7pOAE,01tWj00000C34udIAB,0ZGam000000itATGAY,2026-03-27T21:06:18.000+0000
0ZRWj0000006LB4OAM,01tWj00000C34ueIAB,0ZGam000000isBBGAY,2026-03-27T21:06:35.000+0000
0ZRWj0000006L7qOAE,01tWj00000C34ueIAB,0ZGam000000itATGAY,2026-03-27T21:06:18.000+0000
0ZRWj0000006N1MOAU,01tWj00000C34ufIAB,0ZGam000000isBBGAY,2026-03-27T23:32:27.000+0000
0ZRWj0000006NhnOAE,01tWj00000C34ugIAB,0ZGam000000isBBGAY,2026-03-27T23:33:16.000+0000
0ZRWj0000006MyPOAU,01tWj00000C34uhIAB,0ZGam000000isBBGAY,2026-03-27T23:32:23.000+0000
0ZRWj0000006NlaOAE,01tWj00000C34uiIAB,0ZGam000000isBBGAY,2026-03-27T23:33:20.000+0000
0ZRWj0000006NRrOAM,01tWj00000C34ujIAB,0ZGam000000isBBGAY,2026-03-27T23:32:57.000+0000
0ZRWj0000006N8eOAE,01tWj00000C34ukIAB,0ZGam000000isBBGAY,2026-03-27T23:32:34.000+0000
0ZRWj0000006NBPOA2,01tWj00000C34ulIAB,0ZGam000000isBBGAY,2026-03-27T23:32:38.000+0000
0ZRWj0000006NSEOA2,01tWj00000C34umIAB,0ZGam000000isBBGAY,2026-03-27T23:32:57.000+0000
0ZRWj0000006NjBOAU,01tWj00000C34unIAB,0ZGam000000isBBGAY,2026-03-27T23:33:16.000+0000
0ZRWj0000006NvlOAE,01tWj00000C34uoIAB,0ZGam000000isBBGAY,2026-03-27T23:33:31.000+0000
0ZRWj0000006NLZOA2,01tWj00000C34upIAB,0ZGam000000isBBGAY,2026-03-27T23:32:50.000+0000
0ZRWj0000006N74OAE,01tWj00000C34uqIAB,0ZGam000000isBBGAY,2026-03-27T23:32:34.000+0000
0ZRWj0000006NuGOAU,01tWj00000C34urIAB,0ZGam000000isBBGAY,2026-03-27T23:33:31.000+0000
0ZRWj0000006NOROA2,01tWj00000C34usIAB,0ZGam000000isBBGAY,2026-03-27T23:32:53.000+0000
0ZRWj0000006MosOAE,01tWj00000C34utIAB,0ZGam000000isBBGAY,2026-03-27T23:32:12.000+0000
0ZRWj0000006NVKOA2,01tWj00000C34uuIAB,0ZGam000000isBBGAY,2026-03-27T23:33:01.000+0000
0ZRWj0000006Mi0OAE,01tWj00000C34uvIAB,0ZGam000000isBBGAY,2026-03-27T23:32:04.000+0000
0ZRWj0000006NOWOA2,01tWj00000C34uwIAB,0ZGam000000isBBGAY,2026-03-27T23:32:53.000+0000
0ZRWj0000006NWZOA2,01tWj00000C34uxIAB,0ZGam000000isBBGAY,2026-03-27T23:33:01.000+0000
0ZRWj0000006MbrOAE,01tWj00000C34uyIAB,0ZGam000000isBBGAY,2026-03-27T23:31:57.000+0000
0ZRWj0000006Na2OAE,01tWj00000C34uzIAB,0ZGam000000isBBGAY,2026-03-27T23:33:08.000+0000
0ZRWj0000006NKIOA2,01tWj00000C34v0IAB,0ZGam000000isBBGAY,2026-03-27T23:32:50.000+0000
0ZRWj0000006NoWOAU,01tWj00000C34v1IAB,0ZGam000000isBBGAY,2026-03-27T23:33:23.000+0000
0ZRWj0000006MbCOAU,01tWj00000C34v2IAB,0ZGam000000isBBGAY,2026-03-27T23:31:57.000+0000
0ZRWj0000006NptOAE,01tWj00000C34v3IAB,0ZGam000000isBBGAY,2026-03-27T23:33:23.000+0000
0ZRWj0000006NOKOA2,01tWj00000C34v4IAB,0ZGam000000isBBGAY,2026-03-27T23:32:53.000+0000
0ZRWj0000006NCXOA2,01tWj00000C34v5IAB,0ZGam000000isBBGAY,2026-03-27T23:32:38.000+0000
0ZRWj0000006NKFOA2,01tWj00000C34v6IAB,0ZGam000000isBBGAY,2026-03-27T23:32:50.000+0000
0ZRWj0000006Mw3OAE,01tWj00000C34v7IAB,0ZGam000000isBBGAY,2026-03-27T23:32:20.000+0000
0ZRWj0000006Mi6OAE,01tWj00000C34v8IAB,0ZGam000000isBBGAY,2026-03-27T23:32:04.000+0000
0ZRWj0000006NjgOAE,01tWj00000C34v9IAB,0ZGam000000isBBGAY,2026-03-27T23:33:20.000+0000
0ZRWj0000006Nr7OAE,01tWj00000C34vAIAR,0ZGam000000isBBGAY,2026-03-27T23:33:27.000+0000
0ZRWj0000006NpUOAU,01tWj00000C34vBIAR,0ZGam000000isBBGAY,2026-03-27T23:33:23.000+0000
0ZRWj0000006NCzOAM,01tWj00000C34vCIAR,0ZGam000000isBBGAY,2026-03-27T23:32:38.000+0000
0ZRWj0000006McyOAE,01tWj00000C34vDIAR,0ZGam000000isBBGAY,2026-03-27T23:31:57.000+0000
0ZRWj0000006NvJOAU,01tWj00000C34vEIAR,0ZGam000000isBBGAY,2026-03-27T23:33:31.000+0000
0ZRWj0000006KelOAE,01tWj00000C34vFIAR,0ZGam000000itATGAY,2026-03-27T20:41:20.000+0000
0ZRWj0000006KbXOAU,01tWj00000C34vFIAR,0ZGam000000isBBGAY,2026-03-27T20:40:58.000+0000
0ZRWj0000006KemOAE,01tWj00000C34vGIAR,0ZGam000000itATGAY,2026-03-27T20:41:20.000+0000
0ZRWj0000006KbYOAU,01tWj00000C34vGIAR,0ZGam000000isBBGAY,2026-03-27T20:40:58.000+0000
0ZRWj0000006KbZOAU,01tWj00000C34vHIAR,0ZGam000000isBBGAY,2026-03-27T20:40:58.000+0000
0ZRWj0000006KenOAE,01tWj00000C34vHIAR,0ZGam000000itATGAY,2026-03-27T20:41:20.000+0000
0ZRWj0000006KkzOAE,01tWj00000C34vIIAR,0ZGam000000isBBGAY,2026-03-27T20:43:37.000+0000
0ZRWj0000006KhlOAE,01tWj00000C34vIIAR,0ZGam000000itATGAY,2026-03-27T20:43:17.000+0000
0ZRWj0000006Kl0OAE,01tWj00000C34vJIAR,0ZGam000000isBBGAY,2026-03-27T20:43:37.000+0000
0ZRWj0000006KhmOAE,01tWj00000C34vJIAR,0ZGam000000itATGAY,2026-03-27T20:43:17.000+0000
0ZRWj0000006KoROAU,01tWj00000C34vKIAR,0ZGam000000itATGAY,2026-03-27T20:44:12.000+0000
0ZRWj0000006KrfOAE,01tWj00000C34vKIAR,0ZGam000000isBBGAY,2026-03-27T20:44:27.000+0000
0ZRWj0000006KoSOAU,01tWj00000C34vLIAR,0ZGam000000itATGAY,2026-03-27T20:44:12.000+0000
0ZRWj0000006KrgOAE,01tWj00000C34vLIAR,0ZGam000000isBBGAY,2026-03-27T20:44:27.000+0000
0ZRWj0000006Ky7OAE,01tWj00000C34vMIAR,0ZGam000000itATGAY,2026-03-27T21:04:37.000+0000
0ZRWj0000006KutOAE,01tWj00000C34vMIAR,0ZGam000000isBBGAY,2026-03-27T21:04:22.000+0000
0ZRWj0000006Ky8OAE,01tWj00000C34vNIAR,0ZGam000000itATGAY,2026-03-27T21:04:37.000+0000
0ZRWj0000006KuuOAE,01tWj00000C34vNIAR,0ZGam000000isBBGAY,2026-03-27T21:04:22.000+0000
0ZRWj0000006L4EOAU,01tWj00000C34vOIAR,0ZGam000000itATGAY,2026-03-27T21:05:44.000+0000
0ZRWj0000006L10OAE,01tWj00000C34vOIAR,0ZGam000000isBBGAY,2026-03-27T21:05:29.000+0000
0ZRWj0000006L11OAE,01tWj00000C34vPIAR,0ZGam000000isBBGAY,2026-03-27T21:05:29.000+0000
0ZRWj0000006L4FOAU,01tWj00000C34vPIAR,0ZGam000000itATGAY,2026-03-27T21:05:44.000+0000
0ZRWj0000006LB5OAM,01tWj00000C34vQIAR,0ZGam000000isBBGAY,2026-03-27T21:06:35.000+0000
0ZRWj0000006L7rOAE,01tWj00000C34vQIAR,0ZGam000000itATGAY,2026-03-27T21:06:18.000+0000
0ZRWj0000006LB6OAM,01tWj00000C34vRIAR,0ZGam000000isBBGAY,2026-03-27T21:06:35.000+0000
0ZRWj0000006L7sOAE,01tWj00000C34vRIAR,0ZGam000000itATGAY,2026-03-27T21:06:18.000+0000
0ZRWj0000006N3uOAE,01tWj00000C34vSIAR,0ZGam000000isBBGAY,2026-03-27T23:32:31.000+0000
0ZRWj0000006NwJOAU,01tWj00000C34vTIAR,0ZGam000000isBBGAY,2026-03-27T23:33:31.000+0000
0ZRWj0000006MlVOAU,01tWj00000C34vUIAR,0ZGam000000isBBGAY,2026-03-27T23:32:08.000+0000
0ZRWj0000006NpNOAU,01tWj00000C34vVIAR,0ZGam000000isBBGAY,2026-03-27T23:33:23.000+0000
0ZRWj0000006McmOAE,01tWj00000C34vWIAR,0ZGam000000isBBGAY,2026-03-27T23:31:57.000+0000
0ZRWj0000006NLsOAM,01tWj00000C34vXIAR,0ZGam000000isBBGAY,2026-03-27T23:32:50.000+0000
0ZRWj0000006NCNOA2,01tWj00000C34vYIAR,0ZGam000000isBBGAY,2026-03-27T23:32:38.000+0000
0ZRWj0000006Mc6OAE,01tWj00000C34vZIAR,0ZGam000000isBBGAY,2026-03-27T23:31:57.000+0000
0ZRWj0000006NucOAE,01tWj00000C34vaIAB,0ZGam000000isBBGAY,2026-03-27T23:33:31.000+0000
0ZRWj0000006MhGOAU,01tWj00000C34vbIAB,0ZGam000000isBBGAY,2026-03-27T23:32:04.000+0000
0ZRWj0000006MnHOAU,01tWj00000C34vcIAB,0ZGam000000isBBGAY,2026-03-27T23:32:08.000+0000
0ZRWj0000006Nc6OAE,01tWj00000C34vdIAB,0ZGam000000isBBGAY,2026-03-27T23:33:08.000+0000
0ZRWj0000006MgPOAU,01tWj00000C34veIAB,0ZGam000000isBBGAY,2026-03-27T23:32:01.000+0000
0ZRWj0000006MyTOAU,01tWj00000C34vfIAB,0ZGam000000isBBGAY,2026-03-27T23:32:23.000+0000
0ZRWj0000006NoXOAU,01tWj00000C34vgIAB,0ZGam000000isBBGAY,2026-03-27T23:33:23.000+0000
0ZRWj0000006NWvOAM,01tWj00000C34vhIAB,0ZGam000000isBBGAY,2026-03-27T23:33:04.000+0000
0ZRWj0000006NSpOAM,01tWj00000C34viIAB,0ZGam000000isBBGAY,2026-03-27T23:32:57.000+0000
0ZRWj0000006NfEOAU,01tWj00000C34vjIAB,0ZGam000000isBBGAY,2026-03-27T23:33:12.000+0000
0ZRWj0000006MjeOAE,01tWj00000C34vkIAB,0ZGam000000isBBGAY,2026-03-27T23:32:04.000+0000
0ZRWj0000006MzMOAU,01tWj00000C34vlIAB,0ZGam000000isBBGAY,2026-03-27T23:32:23.000+0000
0ZRWj0000006NqHOAU,01tWj00000C34vmIAB,0ZGam000000isBBGAY,2026-03-27T23:33:27.000+0000
0ZRWj0000006MgzOAE,01tWj00000C34vnIAB,0ZGam000000isBBGAY,2026-03-27T23:32:04.000+0000
0ZRWj0000006Nb1OAE,01tWj00000C34voIAB,0ZGam000000isBBGAY,2026-03-27T23:33:08.000+0000
0ZRWj0000006NohOAE,01tWj00000C34vpIAB,0ZGam000000isBBGAY,2026-03-27T23:33:23.000+0000
0ZRWj0000006NSqOAM,01tWj00000C34vqIAB,0ZGam000000isBBGAY,2026-03-27T23:32:57.000+0000
0ZRWj0000006MqHOAU,01tWj00000C34vrIAB,0ZGam000000isBBGAY,2026-03-27T23:32:12.000+0000
0ZRWj0000006MkgOAE,01tWj00000C34vsIAB,0ZGam000000isBBGAY,2026-03-27T23:32:08.000+0000
0ZRWj0000006N68OAE,01tWj00000C34vtIAB,0ZGam000000isBBGAY,2026-03-27T23:32:31.000+0000
0ZRWj0000006N9pOAE,01tWj00000C34vuIAB,0ZGam000000isBBGAY,2026-03-27T23:32:34.000+0000
0ZRWj0000006NeUOAU,01tWj00000C34vvIAB,0ZGam000000isBBGAY,2026-03-27T23:33:12.000+0000
0ZRWj0000006N5aOAE,01tWj00000C34vwIAB,0ZGam000000isBBGAY,2026-03-27T23:32:31.000+0000
0ZRWj0000006MndOAE,01tWj00000C34vxIAB,0ZGam000000isBBGAY,2026-03-27T23:32:12.000+0000
0ZRWj0000006N1vOAE,01tWj00000C34vyIAB,0ZGam000000isBBGAY,2026-03-27T23:32:27.000+0000
0ZRWj0000006NQxOAM,01tWj00000C34vzIAB,0ZGam000000isBBGAY,2026-03-27T23:32:57.000+0000
0ZRWj0000006N8ROAU,01tWj00000C34w0IAB,0ZGam000000isBBGAY,2026-03-27T23:32:34.000+0000
0ZRWj0000006NCYOA2,01tWj00000C34w1IAB,0ZGam000000isBBGAY,2026-03-27T23:32:38.000+0000
0ZRWj0000006KbaOAE,01tWj00000C34w2IAB,0ZGam000000isBBGAY,2026-03-27T20:40:58.000+0000
0ZRWj0000006KeoOAE,01tWj00000C34w2IAB,0ZGam000000itATGAY,2026-03-27T20:41:20.000+0000
0ZRWj0000006KbbOAE,01tWj00000C34w3IAB,0ZGam000000isBBGAY,2026-03-27T20:40:58.000+0000
0ZRWj0000006KepOAE,01tWj00000C34w3IAB,0ZGam000000itATGAY,2026-03-27T20:41:20.000+0000
0ZRWj0000006KeqOAE,01tWj00000C34w4IAB,0ZGam000000itATGAY,2026-03-27T20:41:20.000+0000
0ZRWj0000006KbcOAE,01tWj00000C34w4IAB,0ZGam000000isBBGAY,2026-03-27T20:40:58.000+0000
0ZRWj0000006Kl1OAE,01tWj00000C34w5IAB,0ZGam000000isBBGAY,2026-03-27T20:43:37.000+0000
0ZRWj0000006KhnOAE,01tWj00000C34w5IAB,0ZGam000000itATGAY,2026-03-27T20:43:17.000+0000
0ZRWj0000006Kl2OAE,01tWj00000C34w6IAB,0ZGam000000isBBGAY,2026-03-27T20:43:37.000+0000
0ZRWj0000006KhoOAE,01tWj00000C34w6IAB,0ZGam000000itATGAY,2026-03-27T20:43:17.000+0000
0ZRWj0000006KrhOAE,01tWj00000C34w7IAB,0ZGam000000isBBGAY,2026-03-27T20:44:27.000+0000
0ZRWj0000006KoTOAU,01tWj00000C34w7IAB,0ZGam000000itATGAY,2026-03-27T20:44:12.000+0000
0ZRWj0000006KriOAE,01tWj00000C34w8IAB,0ZGam000000isBBGAY,2026-03-27T20:44:27.000+0000
0ZRWj0000006KoUOAU,01tWj00000C34w8IAB,0ZGam000000itATGAY,2026-03-27T20:44:12.000+0000
0ZRWj0000006KuvOAE,01tWj00000C34w9IAB,0ZGam000000isBBGAY,2026-03-27T21:04:22.000+0000
0ZRWj0000006Ky9OAE,01tWj00000C34w9IAB,0ZGam000000itATGAY,2026-03-27T21:04:37.000+0000
0ZRWj0000006KyAOAU,01tWj00000C34wAIAR,0ZGam000000itATGAY,2026-03-27T21:04:37.000+0000
0ZRWj0000006KuwOAE,01tWj00000C34wAIAR,0ZGam000000isBBGAY,2026-03-27T21:04:22.000+0000
0ZRWj0000006L12OAE,01tWj00000C34wBIAR,0ZGam000000isBBGAY,2026-03-27T21:05:29.000+0000
0ZRWj0000006L4GOAU,01tWj00000C34wBIAR,0ZGam000000itATGAY,2026-03-27T21:05:44.000+0000
0ZRWj0000006L4HOAU,01tWj00000C34wCIAR,0ZGam000000itATGAY,2026-03-27T21:05:44.000+0000
0ZRWj0000006L13OAE,01tWj00000C34wCIAR,0ZGam000000isBBGAY,2026-03-27T21:05:29.000+0000
0ZRWj0000006LBgOAM,01tWj00000C34wDIAR,0ZGam000000isBBGAY,2026-03-27T21:06:35.000+0000
0ZRWj0000006L8SOAU,01tWj00000C34wDIAR,0ZGam000000itATGAY,2026-03-27T21:06:18.000+0000
0ZRWj0000006NrVOAU,01tWj00000C34wEIAR,0ZGam000000isBBGAY,2026-03-27T23:33:27.000+0000
0ZRWj0000006Ni9OAE,01tWj00000C34wFIAR,0ZGam000000isBBGAY,2026-03-27T23:33:16.000+0000
0ZRWj0000006MbzOAE,01tWj00000C34wGIAR,0ZGam000000isBBGAY,2026-03-27T23:31:57.000+0000
0ZRWj0000006NwfOAE,01tWj00000C34wHIAR,0ZGam000000isBBGAY,2026-03-27T23:33:32.000+0000
0ZRWj0000006NsgOAE,01tWj00000C34wIIAR,0ZGam000000isBBGAY,2026-03-27T23:33:27.000+0000
0ZRWj0000006NBjOAM,01tWj00000C34wJIAR,0ZGam000000isBBGAY,2026-03-27T23:32:38.000+0000
0ZRWj0000006Mo9OAE,01tWj00000C34wKIAR,0ZGam000000isBBGAY,2026-03-27T23:32:12.000+0000
0ZRWj0000006NbqOAE,01tWj00000C34wLIAR,0ZGam000000isBBGAY,2026-03-27T23:33:08.000+0000
0ZRWj0000006NKxOAM,01tWj00000C34wMIAR,0ZGam000000isBBGAY,2026-03-27T23:32:50.000+0000
0ZRWj0000006NasOAE,01tWj00000C34wNIAR,0ZGam000000isBBGAY,2026-03-27T23:33:08.000+0000
0ZRWj0000006N3nOAE,01tWj00000C34wOIAR,0ZGam000000isBBGAY,2026-03-27T23:32:31.000+0000
0ZRWj0000006N7xOAE,01tWj00000C34wPIAR,0ZGam000000isBBGAY,2026-03-27T23:32:34.000+0000
0ZRWj0000006Nb3OAE,01tWj00000C34wQIAR,0ZGam000000isBBGAY,2026-03-27T23:33:08.000+0000
0ZRWj0000006NBFOA2,01tWj00000C34wRIAR,0ZGam000000isBBGAY,2026-03-27T23:32:38.000+0000
0ZRWj0000006NSbOAM,01tWj00000C34wSIAR,0ZGam000000isBBGAY,2026-03-27T23:32:57.000+0000
0ZRWj0000006NbNOAU,01tWj00000C34wTIAR,0ZGam000000isBBGAY,2026-03-27T23:33:08.000+0000
0ZRWj0000006NdROAU,01tWj00000C34wUIAR,0ZGam000000isBBGAY,2026-03-27T23:33:12.000+0000
0ZRWj0000006NcGOAU,01tWj00000C34wVIAR,0ZGam000000isBBGAY,2026-03-27T23:33:08.000+0000
0ZRWj0000006NbbOAE,01tWj00000C34wWIAR,0ZGam000000isBBGAY,2026-03-27T23:33:08.000+0000
0ZRWj0000006NFlOAM,01tWj00000C34wXIAR,0ZGam000000isBBGAY,2026-03-27T23:32:42.000+0000
0ZRWj0000006N54OAE,01tWj00000C34wYIAR,0ZGam000000isBBGAY,2026-03-27T23:32:31.000+0000
0ZRWj0000006NalOAE,01tWj00000C34wZIAR,0ZGam000000isBBGAY,2026-03-27T23:33:08.000+0000
0ZRWj0000006MeFOAU,01tWj00000C34waIAB,0ZGam000000isBBGAY,2026-03-27T23:32:01.000+0000
0ZRWj0000006NXtOAM,01tWj00000C34wbIAB,0ZGam000000isBBGAY,2026-03-27T23:33:04.000+0000
0ZRWj0000006N89OAE,01tWj00000C34wcIAB,0ZGam000000isBBGAY,2026-03-27T23:32:34.000+0000
0ZRWj0000006NTJOA2,01tWj00000C34wdIAB,0ZGam000000isBBGAY,2026-03-27T23:32:57.000+0000
0ZRWj0000006NMBOA2,01tWj00000C34weIAB,0ZGam000000isBBGAY,2026-03-27T23:32:50.000+0000
0ZRWj0000006NFbOAM,01tWj00000C34wfIAB,0ZGam000000isBBGAY,2026-03-27T23:32:42.000+0000
0ZRWj0000006MphOAE,01tWj00000C34wgIAB,0ZGam000000isBBGAY,2026-03-27T23:32:12.000+0000
0ZRWj0000006N0JOAU,01tWj00000C34whIAB,0ZGam000000isBBGAY,2026-03-27T23:32:23.000+0000
0ZRWj0000006MyjOAE,01tWj00000C34wiIAB,0ZGam000000isBBGAY,2026-03-27T23:32:23.000+0000
0ZRWj0000006NQKOA2,01tWj00000C34wjIAB,0ZGam000000isBBGAY,2026-03-27T23:32:57.000+0000
0ZRWj0000006NYsOAM,01tWj00000C34wkIAB,0ZGam000000isBBGAY,2026-03-27T23:33:04.000+0000
0ZRWj0000006MuFOAU,01tWj00000C34wlIAB,0ZGam000000isBBGAY,2026-03-27T23:32:20.000+0000
0ZRWj0000006MvHOAU,01tWj00000C34wmIAB,0ZGam000000isBBGAY,2026-03-27T23:32:20.000+0000
0ZRWj0000006MktOAE,01tWj00000C34wnIAB,0ZGam000000isBBGAY,2026-03-27T23:32:08.000+0000
0ZRWj0000006KcVOAU,01tWj00000C34woIAB,0ZGam000000isBBGAY,2026-03-27T20:40:58.000+0000
0ZRWj0000006KfjOAE,01tWj00000C34woIAB,0ZGam000000itATGAY,2026-03-27T20:41:20.000+0000
0ZRWj0000006KfkOAE,01tWj00000C34wpIAB,0ZGam000000itATGAY,2026-03-27T20:41:20.000+0000
0ZRWj0000006KcWOAU,01tWj00000C34wpIAB,0ZGam000000isBBGAY,2026-03-27T20:40:58.000+0000
0ZRWj0000006KflOAE,01tWj00000C34wqIAB,0ZGam000000itATGAY,2026-03-27T20:41:20.000+0000
0ZRWj0000006KcXOAU,01tWj00000C34wqIAB,0ZGam000000isBBGAY,2026-03-27T20:40:58.000+0000
0ZRWj0000006KiPOAU,01tWj00000C34wrIAB,0ZGam000000itATGAY,2026-03-27T20:43:17.000+0000
0ZRWj0000006KldOAE,01tWj00000C34wrIAB,0ZGam000000isBBGAY,2026-03-27T20:43:37.000+0000
0ZRWj0000006KleOAE,01tWj00000C34wsIAB,0ZGam000000isBBGAY,2026-03-27T20:43:37.000+0000
0ZRWj0000006KiQOAU,01tWj00000C34wsIAB,0ZGam000000itATGAY,2026-03-27T20:43:17.000+0000
0ZRWj0000006KsJOAU,01tWj00000C34wtIAB,0ZGam000000isBBGAY,2026-03-27T20:44:27.000+0000
0ZRWj0000006Kp5OAE,01tWj00000C34wtIAB,0ZGam000000itATGAY,2026-03-27T20:44:12.000+0000
0ZRWj0000006Kp6OAE,01tWj00000C34wuIAB,0ZGam000000itATGAY,2026-03-27T20:44:12.000+0000
0ZRWj0000006KsKOAU,01tWj00000C34wuIAB,0ZGam000000isBBGAY,2026-03-27T20:44:27.000+0000
0ZRWj0000006KvXOAU,01tWj00000C34wvIAB,0ZGam000000isBBGAY,2026-03-27T21:04:22.000+0000
0ZRWj0000006KylOAE,01tWj00000C34wvIAB,0ZGam000000itATGAY,2026-03-27T21:04:37.000+0000
0ZRWj0000006KvYOAU,01tWj00000C34wwIAB,0ZGam000000isBBGAY,2026-03-27T21:04:22.000+0000
0ZRWj0000006KymOAE,01tWj00000C34wwIAB,0ZGam000000itATGAY,2026-03-27T21:04:37.000+0000
0ZRWj0000006L1eOAE,01tWj00000C34wxIAB,0ZGam000000isBBGAY,2026-03-27T21:05:29.000+0000
0ZRWj0000006L4sOAE,01tWj00000C34wxIAB,0ZGam000000itATGAY,2026-03-27T21:05:44.000+0000
0ZRWj0000006L1fOAE,01tWj00000C34wyIAB,0ZGam000000isBBGAY,2026-03-27T21:05:29.000+0000
0ZRWj0000006L4tOAE,01tWj00000C34wyIAB,0ZGam000000itATGAY,2026-03-27T21:05:44.000+0000
0ZRWj0000006L8TOAU,01tWj00000C34wzIAB,0ZGam000000itATGAY,2026-03-27T21:06:18.000+0000
0ZRWj0000006LBhOAM,01tWj00000C34wzIAB,0ZGam000000isBBGAY,2026-03-27T21:06:35.000+0000
0ZRWj0000006L8UOAU,01tWj00000C34x0IAB,0ZGam000000itATGAY,2026-03-27T21:06:18.000+0000
0ZRWj0000006LBiOAM,01tWj00000C34x0IAB,0ZGam000000isBBGAY,2026-03-27T21:06:35.000+0000
0ZRWj0000006NIpOAM,01tWj00000C34x1IAB,0ZGam000000isBBGAY,2026-03-27T23:32:46.000+0000
0ZRWj0000006Mz2OAE,01tWj00000C34x2IAB,0ZGam000000isBBGAY,2026-03-27T23:32:23.000+0000
0ZRWj0000006MzGOAU,01tWj00000C34x3IAB,0ZGam000000isBBGAY,2026-03-27T23:32:23.000+0000
0ZRWj0000006N72OAE,01tWj00000C34x4IAB,0ZGam000000isBBGAY,2026-03-27T23:32:34.000+0000
0ZRWj0000006MmiOAE,01tWj00000C34x5IAB,0ZGam000000isBBGAY,2026-03-27T23:32:08.000+0000
0ZRWj0000006Mw5OAE,01tWj00000C34x6IAB,0ZGam000000isBBGAY,2026-03-27T23:32:20.000+0000
0ZRWj0000006NVYOA2,01tWj00000C34x7IAB,0ZGam000000isBBGAY,2026-03-27T23:33:01.000+0000
0ZRWj0000006MibOAE,01tWj00000C34x8IAB,0ZGam000000isBBGAY,2026-03-27T23:32:04.000+0000
0ZRWj0000006NdWOAU,01tWj00000C34x9IAB,0ZGam000000isBBGAY,2026-03-27T23:33:12.000+0000
0ZRWj0000006NR9OAM,01tWj00000C34xAIAR,0ZGam000000isBBGAY,2026-03-27T23:32:57.000+0000
0ZRWj0000006MftOAE,01tWj00000C34xBIAR,0ZGam000000isBBGAY,2026-03-27T23:32:01.000+0000
0ZRWj0000006N1rOAE,01tWj00000C34xCIAR,0ZGam000000isBBGAY,2026-03-27T23:32:27.000+0000
0ZRWj0000006NprOAE,01tWj00000C34xDIAR,0ZGam000000isBBGAY,2026-03-27T23:33:23.000+0000
0ZRWj0000006NocOAE,01tWj00000C34xEIAR,0ZGam000000isBBGAY,2026-03-27T23:33:23.000+0000
0ZRWj0000006NtuOAE,01tWj00000C34xFIAR,0ZGam000000isBBGAY,2026-03-27T23:33:31.000+0000
0ZRWj0000006N9ROAU,01tWj00000C34xGIAR,0ZGam000000isBBGAY,2026-03-27T23:32:34.000+0000
0ZRWj0000006NJ3OAM,01tWj00000C34xHIAR,0ZGam000000isBBGAY,2026-03-27T23:32:46.000+0000
0ZRWj0000006NEXOA2,01tWj00000C34xIIAR,0ZGam000000isBBGAY,2026-03-27T23:32:42.000+0000
0ZRWj0000006MxEOAU,01tWj00000C34xJIAR,0ZGam000000isBBGAY,2026-03-27T23:32:23.000+0000
0ZRWj0000006Nv6OAE,01tWj00000C34xKIAR,0ZGam000000isBBGAY,2026-03-27T23:33:31.000+0000
0ZRWj0000006NXmOAM,01tWj00000C34xLIAR,0ZGam000000isBBGAY,2026-03-27T23:33:04.000+0000
0ZRWj0000006NhUOAU,01tWj00000C34xMIAR,0ZGam000000isBBGAY,2026-03-27T23:33:16.000+0000
0ZRWj0000006NF0OAM,01tWj00000C34xNIAR,0ZGam000000isBBGAY,2026-03-27T23:32:42.000+0000
0ZRWj0000006N2sOAE,01tWj00000C34xOIAR,0ZGam000000isBBGAY,2026-03-27T23:32:27.000+0000
0ZRWj0000006N9uOAE,01tWj00000C34xPIAR,0ZGam000000isBBGAY,2026-03-27T23:32:34.000+0000
0ZRWj0000006MpTOAU,01tWj00000C34xQIAR,0ZGam000000isBBGAY,2026-03-27T23:32:12.000+0000
0ZRWj0000006N8vOAE,01tWj00000C34xRIAR,0ZGam000000isBBGAY,2026-03-27T23:32:34.000+0000
0ZRWj0000006MwmOAE,01tWj00000C34xSIAR,0ZGam000000isBBGAY,2026-03-27T23:32:20.000+0000
0ZRWj0000006NELOA2,01tWj00000C34xTIAR,0ZGam000000isBBGAY,2026-03-27T23:32:42.000+0000
0ZRWj0000006N33OAE,01tWj00000C34xUIAR,0ZGam000000isBBGAY,2026-03-27T23:32:27.000+0000
0ZRWj0000006NGBOA2,01tWj00000C34xVIAR,0ZGam000000isBBGAY,2026-03-27T23:32:42.000+0000
0ZRWj0000006N5qOAE,01tWj00000C34xWIAR,0ZGam000000isBBGAY,2026-03-27T23:32:31.000+0000
0ZRWj0000006NJcOAM,01tWj00000C34xXIAR,0ZGam000000isBBGAY,2026-03-27T23:32:46.000+0000
0ZRWj0000006NTXOA2,01tWj00000C34xYIAR,0ZGam000000isBBGAY,2026-03-27T23:33:01.000+0000
0ZRWj0000006NZuOAM,01tWj00000C34xZIAR,0ZGam000000isBBGAY,2026-03-27T23:33:08.000+0000
0ZRWj0000006MlEOAU,01tWj00000C34xaIAB,0ZGam000000isBBGAY,2026-03-27T23:32:08.000+0000
0ZRWj0000006KfmOAE,01tWj00000C34xbIAB,0ZGam000000itATGAY,2026-03-27T20:41:20.000+0000
0ZRWj0000006KcYOAU,01tWj00000C34xbIAB,0ZGam000000isBBGAY,2026-03-27T20:40:58.000+0000
0ZRWj0000006KfnOAE,01tWj00000C34xcIAB,0ZGam000000itATGAY,2026-03-27T20:41:20.000+0000
0ZRWj0000006KcZOAU,01tWj00000C34xcIAB,0ZGam000000isBBGAY,2026-03-27T20:40:58.000+0000
0ZRWj0000006KcaOAE,01tWj00000C34xdIAB,0ZGam000000isBBGAY,2026-03-27T20:40:58.000+0000
0ZRWj0000006KfoOAE,01tWj00000C34xdIAB,0ZGam000000itATGAY,2026-03-27T20:41:20.000+0000
0ZRWj0000006KlfOAE,01tWj00000C34xeIAB,0ZGam000000isBBGAY,2026-03-27T20:43:37.000+0000
0ZRWj0000006KiROAU,01tWj00000C34xeIAB,0ZGam000000itATGAY,2026-03-27T20:43:17.000+0000
0ZRWj0000006KiSOAU,01tWj00000C34xfIAB,0ZGam000000itATGAY,2026-03-27T20:43:17.000+0000
0ZRWj0000006KlgOAE,01tWj00000C34xfIAB,0ZGam000000isBBGAY,2026-03-27T20:43:37.000+0000
0ZRWj0000006Kp7OAE,01tWj00000C34xgIAB,0ZGam000000itATGAY,2026-03-27T20:44:12.000+0000
0ZRWj0000006KsLOAU,01tWj00000C34xgIAB,0ZGam000000isBBGAY,2026-03-27T20:44:27.000+0000
0ZRWj0000006KsMOAU,01tWj00000C34xhIAB,0ZGam000000isBBGAY,2026-03-27T20:44:27.000+0000
0ZRWj0000006Kp8OAE,01tWj00000C34xhIAB,0ZGam000000itATGAY,2026-03-27T20:44:12.000+0000
0ZRWj0000006KynOAE,01tWj00000C34xiIAB,0ZGam000000itATGAY,2026-03-27T21:04:37.000+0000
0ZRWj0000006KvZOAU,01tWj00000C34xiIAB,0ZGam000000isBBGAY,2026-03-27T21:04:22.000+0000
0ZRWj0000006KvaOAE,01tWj00000C34xjIAB,0ZGam000000isBBGAY,2026-03-27T21:04:22.000+0000
0ZRWj0000006KyoOAE,01tWj00000C34xjIAB,0ZGam000000itATGAY,2026-03-27T21:04:37.000+0000
0ZRWj0000006L4uOAE,01tWj00000C34xkIAB,0ZGam000000itATGAY,2026-03-27T21:05:44.000+0000
0ZRWj0000006L1gOAE,01tWj00000C34xkIAB,0ZGam000000isBBGAY,2026-03-27T21:05:29.000+0000
0ZRWj0000006L4vOAE,01tWj00000C34xlIAB,0ZGam000000itATGAY,2026-03-27T21:05:44.000+0000
0ZRWj0000006L1hOAE,01tWj00000C34xlIAB,0ZGam000000isBBGAY,2026-03-27T21:05:29.000+0000
0ZRWj0000006LBjOAM,01tWj00000C34xmIAB,0ZGam000000isBBGAY,2026-03-27T21:06:35.000+0000
0ZRWj0000006L8VOAU,01tWj00000C34xmIAB,0ZGam000000itATGAY,2026-03-27T21:06:18.000+0000
0ZRWj0000006LBkOAM,01tWj00000C34xnIAB,0ZGam000000isBBGAY,2026-03-27T21:06:35.000+0000
0ZRWj0000006L8WOAU,01tWj00000C34xnIAB,0ZGam000000itATGAY,2026-03-27T21:06:18.000+0000
0ZRWj0000006NrKOAU,01tWj00000C34xoIAB,0ZGam000000isBBGAY,2026-03-27T23:33:27.000+0000
0ZRWj0000006NYeOAM,01tWj00000C34xpIAB,0ZGam000000isBBGAY,2026-03-27T23:33:04.000+0000
0ZRWj0000006NpwOAE,01tWj00000C3597IAB,0ZGam000000isBBGAY,2026-03-27T23:33:23.000+0000
0ZRWj0000006MtoOAE,01tWj00000C3598IAB,0ZGam000000isBBGAY,2026-03-27T23:32:15.000+0000
0ZRWj0000006MzWOAU,01tWj00000C3599IAB,0ZGam000000isBBGAY,2026-03-27T23:32:23.000+0000
0ZRWj0000006MuzOAE,01tWj00000C359AIAR,0ZGam000000isBBGAY,2026-03-27T23:32:20.000+0000
0ZRWj0000006NPJOA2,01tWj00000C359BIAR,0ZGam000000isBBGAY,2026-03-27T23:32:53.000+0000
0ZRWj0000006NtmOAE,01tWj00000C359CIAR,0ZGam000000isBBGAY,2026-03-27T23:33:31.000+0000
0ZRWj0000006N0ZOAU,01tWj00000C359DIAR,0ZGam000000isBBGAY,2026-03-27T23:32:27.000+0000
0ZRWj0000006NhiOAE,01tWj00000C359EIAR,0ZGam000000isBBGAY,2026-03-27T23:33:16.000+0000
0ZRWj0000006MvNOAU,01tWj00000C359FIAR,0ZGam000000isBBGAY,2026-03-27T23:32:20.000+0000
0ZRWj0000006NVeOAM,01tWj00000C359GIAR,0ZGam000000isBBGAY,2026-03-27T23:33:01.000+0000
0ZRWj0000006NDTOA2,01tWj00000C359HIAR,0ZGam000000isBBGAY,2026-03-27T23:32:42.000+0000
0ZRWj0000006NuSOAU,01tWj00000C359IIAR,0ZGam000000isBBGAY,2026-03-27T23:33:31.000+0000
0ZRWj0000006NMZOA2,01tWj00000C359JIAR,0ZGam000000isBBGAY,2026-03-27T23:32:50.000+0000
0ZRWj0000006NF2OAM,01tWj00000C359KIAR,0ZGam000000isBBGAY,2026-03-27T23:32:42.000+0000
0ZRWj0000006MkSOAU,01tWj00000C359LIAR,0ZGam000000isBBGAY,2026-03-27T23:32:08.000+0000
0ZRWj0000006MkUOAU,01tWj00000C359MIAR,0ZGam000000isBBGAY,2026-03-27T23:32:08.000+0000
0ZRWj0000006MrjOAE,01tWj00000C359NIAR,0ZGam000000isBBGAY,2026-03-27T23:32:15.000+0000
0ZRWj0000006NqeOAE,01tWj00000C359OIAR,0ZGam000000isBBGAY,2026-03-27T23:33:27.000+0000
0ZRWj0000006N6BOAU,01tWj00000C359PIAR,0ZGam000000isBBGAY,2026-03-27T23:32:31.000+0000
0ZRWj0000006MnEOAU,01tWj00000C359QIAR,0ZGam000000isBBGAY,2026-03-27T23:32:08.000+0000
0ZRWj0000006NJUOA2,01tWj00000C359RIAR,0ZGam000000isBBGAY,2026-03-27T23:32:46.000+0000
0ZRWj0000006N05OAE,01tWj00000C359SIAR,0ZGam000000isBBGAY,2026-03-27T23:32:23.000+0000
0ZRWj0000006NqJOAU,01tWj00000C359TIAR,0ZGam000000isBBGAY,2026-03-27T23:33:27.000+0000
0ZRWj0000006MozOAE,01tWj00000C359UIAR,0ZGam000000isBBGAY,2026-03-27T23:32:12.000+0000
0ZRWj0000006MoxOAE,01tWj00000C359VIAR,0ZGam000000isBBGAY,2026-03-27T23:32:12.000+0000
0ZRWj0000006MraOAE,01tWj00000C359WIAR,0ZGam000000isBBGAY,2026-03-27T23:32:15.000+0000
0ZRWj0000006KfXOAU,01tWj00000C359XIAR,0ZGam000000itATGAY,2026-03-27T20:41:20.000+0000
0ZRWj0000006KcJOAU,01tWj00000C359XIAR,0ZGam000000isBBGAY,2026-03-27T20:40:58.000+0000
0ZRWj0000006KfYOAU,01tWj00000C359YIAR,0ZGam000000itATGAY,2026-03-27T20:41:20.000+0000
0ZRWj0000006KcKOAU,01tWj00000C359YIAR,0ZGam000000isBBGAY,2026-03-27T20:40:58.000+0000
0ZRWj0000006KfZOAU,01tWj00000C359ZIAR,0ZGam000000itATGAY,2026-03-27T20:41:20.000+0000
0ZRWj0000006KcLOAU,01tWj00000C359ZIAR,0ZGam000000isBBGAY,2026-03-27T20:40:58.000+0000
0ZRWj0000006KlVOAU,01tWj00000C359aIAB,0ZGam000000isBBGAY,2026-03-27T20:43:37.000+0000
0ZRWj0000006KiHOAU,01tWj00000C359aIAB,0ZGam000000itATGAY,2026-03-27T20:43:17.000+0000
0ZRWj0000006KiIOAU,01tWj00000C359bIAB,0ZGam000000itATGAY,2026-03-27T20:43:17.000+0000
0ZRWj0000006KlWOAU,01tWj00000C359bIAB,0ZGam000000isBBGAY,2026-03-27T20:43:37.000+0000
0ZRWj0000006KsBOAU,01tWj00000C359cIAB,0ZGam000000isBBGAY,2026-03-27T20:44:27.000+0000
0ZRWj0000006KoxOAE,01tWj00000C359cIAB,0ZGam000000itATGAY,2026-03-27T20:44:12.000+0000
0ZRWj0000006KsCOAU,01tWj00000C359dIAB,0ZGam000000isBBGAY,2026-03-27T20:44:27.000+0000
0ZRWj0000006KoyOAE,01tWj00000C359dIAB,0ZGam000000itATGAY,2026-03-27T20:44:12.000+0000
0ZRWj0000006KydOAE,01tWj00000C359eIAB,0ZGam000000itATGAY,2026-03-27T21:04:37.000+0000
0ZRWj0000006KvPOAU,01tWj00000C359eIAB,0ZGam000000isBBGAY,2026-03-27T21:04:22.000+0000
0ZRWj0000006KvQOAU,01tWj00000C359fIAB,0ZGam000000isBBGAY,2026-03-27T21:04:22.000+0000
0ZRWj0000006KyeOAE,01tWj00000C359fIAB,0ZGam000000itATGAY,2026-03-27T21:04:37.000+0000
0ZRWj0000006L1WOAU,01tWj00000C359gIAB,0ZGam000000isBBGAY,2026-03-27T21:05:29.000+0000
0ZRWj0000006L4kOAE,01tWj00000C359gIAB,0ZGam000000itATGAY,2026-03-27T21:05:44.000+0000
0ZRWj0000006L4lOAE,01tWj00000C359hIAB,0ZGam000000itATGAY,2026-03-27T21:05:44.000+0000
0ZRWj0000006L1XOAU,01tWj00000C359hIAB,0ZGam000000isBBGAY,2026-03-27T21:05:29.000+0000
0ZRWj0000006L8LOAU,01tWj00000C359iIAB,0ZGam000000itATGAY,2026-03-27T21:06:18.000+0000
0ZRWj0000006LBZOA2,01tWj00000C359iIAB,0ZGam000000isBBGAY,2026-03-27T21:06:35.000+0000
0ZRWj0000006L8MOAU,01tWj00000C359jIAB,0ZGam000000itATGAY,2026-03-27T21:06:18.000+0000
0ZRWj0000006LBaOAM,01tWj00000C359jIAB,0ZGam000000isBBGAY,2026-03-27T21:06:35.000+0000
0ZRWj0000006MxQOAU,01tWj00000C359kIAB,0ZGam000000isBBGAY,2026-03-27T23:32:23.000+0000
0ZRWj0000006NukOAE,01tWj00000C359lIAB,0ZGam000000isBBGAY,2026-03-27T23:33:31.000+0000
0ZRWj0000006NGGOA2,01tWj00000C359mIAB,0ZGam000000isBBGAY,2026-03-27T23:32:42.000+0000
0ZRWj0000006Nl6OAE,01tWj00000C359nIAB,0ZGam000000isBBGAY,2026-03-27T23:33:20.000+0000
0ZRWj0000006MgvOAE,01tWj00000C359oIAB,0ZGam000000isBBGAY,2026-03-27T23:32:01.000+0000
0ZRWj0000006N83OAE,01tWj00000C359pIAB,0ZGam000000isBBGAY,2026-03-27T23:32:34.000+0000
0ZRWj0000006MwHOAU,01tWj00000C359qIAB,0ZGam000000isBBGAY,2026-03-27T23:32:20.000+0000
0ZRWj0000006NqBOAU,01tWj00000C359rIAB,0ZGam000000isBBGAY,2026-03-27T23:33:27.000+0000
0ZRWj0000006NnROAU,01tWj00000C359sIAB,0ZGam000000isBBGAY,2026-03-27T23:33:23.000+0000
0ZRWj0000006MnPOAU,01tWj00000C359tIAB,0ZGam000000isBBGAY,2026-03-27T23:32:08.000+0000
0ZRWj0000006NQtOAM,01tWj00000C359uIAB,0ZGam000000isBBGAY,2026-03-27T23:32:57.000+0000
0ZRWj0000006NjUOAU,01tWj00000C359vIAB,0ZGam000000isBBGAY,2026-03-27T23:33:16.000+0000
0ZRWj0000006MngOAE,01tWj00000C359wIAB,0ZGam000000isBBGAY,2026-03-27T23:32:12.000+0000
0ZRWj0000006Mj5OAE,01tWj00000C359xIAB,0ZGam000000isBBGAY,2026-03-27T23:32:04.000+0000
0ZRWj0000006NmVOAU,01tWj00000C359yIAB,0ZGam000000isBBGAY,2026-03-27T23:33:20.000+0000
0ZRWj0000006NiYOAU,01tWj00000C359zIAB,0ZGam000000isBBGAY,2026-03-27T23:33:16.000+0000
0ZRWj0000006NrkOAE,01tWj00000C35A0IAJ,0ZGam000000isBBGAY,2026-03-27T23:33:27.000+0000
0ZRWj0000006NDCOA2,01tWj00000C35A1IAJ,0ZGam000000isBBGAY,2026-03-27T23:32:38.000+0000
0ZRWj0000006NNdOAM,01tWj00000C35A2IAJ,0ZGam000000isBBGAY,2026-03-27T23:32:53.000+0000
0ZRWj0000006Nc2OAE,01tWj00000C35A3IAJ,0ZGam000000isBBGAY,2026-03-27T23:33:08.000+0000
0ZRWj0000006NBAOA2,01tWj00000C35A4IAJ,0ZGam000000isBBGAY,2026-03-27T23:32:38.000+0000
0ZRWj0000006NZiOAM,01tWj00000C35A5IAJ,0ZGam000000isBBGAY,2026-03-27T23:33:04.000+0000
0ZRWj0000006NS9OAM,01tWj00000C35A6IAJ,0ZGam000000isBBGAY,2026-03-27T23:32:57.000+0000
0ZRWj0000006MvLOAU,01tWj00000C35A7IAJ,0ZGam000000isBBGAY,2026-03-27T23:32:20.000+0000
0ZRWj0000006NuAOAU,01tWj00000C35A8IAJ,0ZGam000000isBBGAY,2026-03-27T23:33:31.000+0000
0ZRWj0000006NGUOA2,01tWj00000C35A9IAJ,0ZGam000000isBBGAY,2026-03-27T23:32:46.000+0000
0ZRWj0000006NCxOAM,01tWj00000C35AAIAZ,0ZGam000000isBBGAY,2026-03-27T23:32:38.000+0000
0ZRWj0000006MurOAE,01tWj00000C35ABIAZ,0ZGam000000isBBGAY,2026-03-27T23:32:20.000+0000
0ZRWj0000006MwkOAE,01tWj00000C35ACIAZ,0ZGam000000isBBGAY,2026-03-27T23:32:20.000+0000
0ZRWj0000006N64OAE,01tWj00000C35ADIAZ,0ZGam000000isBBGAY,2026-03-27T23:32:31.000+0000
0ZRWj0000006MvlOAE,01tWj00000C35AEIAZ,0ZGam000000isBBGAY,2026-03-27T23:32:20.000+0000
0ZRWj0000006MuQOAU,01tWj00000C35AFIAZ,0ZGam000000isBBGAY,2026-03-27T23:32:20.000+0000
0ZRWj0000006Ng8OAE,01tWj00000C35AGIAZ,0ZGam000000isBBGAY,2026-03-27T23:33:12.000+0000
0ZRWj0000006Md4OAE,01tWj00000C35AHIAZ,0ZGam000000isBBGAY,2026-03-27T23:31:57.000+0000
0ZRWj0000006NjyOAE,01tWj00000C35AIIAZ,0ZGam000000isBBGAY,2026-03-27T23:33:20.000+0000
0ZRWj0000006N90OAE,01tWj00000C35AJIAZ,0ZGam000000isBBGAY,2026-03-27T23:32:34.000+0000
0ZRWj0000006KfaOAE,01tWj00000C35AKIAZ,0ZGam000000itATGAY,2026-03-27T20:41:20.000+0000
0ZRWj0000006KcMOAU,01tWj00000C35AKIAZ,0ZGam000000isBBGAY,2026-03-27T20:40:58.000+0000
0ZRWj0000006KcNOAU,01tWj00000C35ALIAZ,0ZGam000000isBBGAY,2026-03-27T20:40:58.000+0000
0ZRWj0000006KfbOAE,01tWj00000C35ALIAZ,0ZGam000000itATGAY,2026-03-27T20:41:20.000+0000
0ZRWj0000006KcOOAU,01tWj00000C35AMIAZ,0ZGam000000isBBGAY,2026-03-27T20:40:58.000+0000
0ZRWj0000006KfcOAE,01tWj00000C35AMIAZ,0ZGam000000itATGAY,2026-03-27T20:41:20.000+0000
0ZRWj0000006KlXOAU,01tWj00000C35ANIAZ,0ZGam000000isBBGAY,2026-03-27T20:43:37.000+0000
0ZRWj0000006KiJOAU,01tWj00000C35ANIAZ,0ZGam000000itATGAY,2026-03-27T20:43:17.000+0000
0ZRWj0000006KlYOAU,01tWj00000C35AOIAZ,0ZGam000000isBBGAY,2026-03-27T20:43:37.000+0000
0ZRWj0000006KiKOAU,01tWj00000C35AOIAZ,0ZGam000000itATGAY,2026-03-27T20:43:17.000+0000
0ZRWj0000006KsDOAU,01tWj00000C35APIAZ,0ZGam000000isBBGAY,2026-03-27T20:44:27.000+0000
0ZRWj0000006KozOAE,01tWj00000C35APIAZ,0ZGam000000itATGAY,2026-03-27T20:44:12.000+0000
0ZRWj0000006Kp0OAE,01tWj00000C35AQIAZ,0ZGam000000itATGAY,2026-03-27T20:44:12.000+0000
0ZRWj0000006KsEOAU,01tWj00000C35AQIAZ,0ZGam000000isBBGAY,2026-03-27T20:44:27.000+0000
0ZRWj0000006KyfOAE,01tWj00000C35ARIAZ,0ZGam000000itATGAY,2026-03-27T21:04:37.000+0000
0ZRWj0000006KvROAU,01tWj00000C35ARIAZ,0ZGam000000isBBGAY,2026-03-27T21:04:22.000+0000
0ZRWj0000006KvSOAU,01tWj00000C35ASIAZ,0ZGam000000isBBGAY,2026-03-27T21:04:22.000+0000
0ZRWj0000006KygOAE,01tWj00000C35ASIAZ,0ZGam000000itATGAY,2026-03-27T21:04:37.000+0000
0ZRWj0000006L4mOAE,01tWj00000C35ATIAZ,0ZGam000000itATGAY,2026-03-27T21:05:44.000+0000
0ZRWj0000006L1YOAU,01tWj00000C35ATIAZ,0ZGam000000isBBGAY,2026-03-27T21:05:29.000+0000
0ZRWj0000006L4nOAE,01tWj00000C35AUIAZ,0ZGam000000itATGAY,2026-03-27T21:05:44.000+0000
0ZRWj0000006L1ZOAU,01tWj00000C35AUIAZ,0ZGam000000isBBGAY,2026-03-27T21:05:29.000+0000
0ZRWj0000006LBbOAM,01tWj00000C35AVIAZ,0ZGam000000isBBGAY,2026-03-27T21:06:35.000+0000
0ZRWj0000006L8NOAU,01tWj00000C35AVIAZ,0ZGam000000itATGAY,2026-03-27T21:06:18.000+0000
0ZRWj0000006L8OOAU,01tWj00000C35AWIAZ,0ZGam000000itATGAY,2026-03-27T21:06:18.000+0000
0ZRWj0000006LBcOAM,01tWj00000C35AWIAZ,0ZGam000000isBBGAY,2026-03-27T21:06:35.000+0000
0ZRWj0000006NCoOAM,01tWj00000C35AXIAZ,0ZGam000000isBBGAY,2026-03-27T23:32:38.000+0000
0ZRWj0000006N1NOAU,01tWj00000C35AYIAZ,0ZGam000000isBBGAY,2026-03-27T23:32:27.000+0000
0ZRWj0000006ND3OAM,01tWj00000C35AZIAZ,0ZGam000000isBBGAY,2026-03-27T23:32:38.000+0000
0ZRWj0000006NdgOAE,01tWj00000C35AaIAJ,0ZGam000000isBBGAY,2026-03-27T23:33:12.000+0000
0ZRWj0000006MrUOAU,01tWj00000C35AbIAJ,0ZGam000000isBBGAY,2026-03-27T23:32:15.000+0000
0ZRWj0000006NVZOA2,01tWj00000C35AcIAJ,0ZGam000000isBBGAY,2026-03-27T23:33:01.000+0000
0ZRWj0000006MzPOAU,01tWj00000C35AdIAJ,0ZGam000000isBBGAY,2026-03-27T23:32:23.000+0000
0ZRWj0000006MxyOAE,01tWj00000C35AeIAJ,0ZGam000000isBBGAY,2026-03-27T23:32:23.000+0000
0ZRWj0000006NhYOAU,01tWj00000C35AfIAJ,0ZGam000000isBBGAY,2026-03-27T23:33:16.000+0000
0ZRWj0000006NTxOAM,01tWj00000C35AgIAJ,0ZGam000000isBBGAY,2026-03-27T23:33:01.000+0000
0ZRWj0000006NL8OAM,01tWj00000C35AhIAJ,0ZGam000000isBBGAY,2026-03-27T23:32:50.000+0000
0ZRWj0000006NAwOAM,01tWj00000C35AiIAJ,0ZGam000000isBBGAY,2026-03-27T23:32:38.000+0000
0ZRWj0000006NbMOAU,01tWj00000C35AjIAJ,0ZGam000000isBBGAY,2026-03-27T23:33:08.000+0000
0ZRWj0000006N3xOAE,01tWj00000C35AkIAJ,0ZGam000000isBBGAY,2026-03-27T23:32:31.000+0000
0ZRWj0000006NkUOAU,01tWj00000C35AlIAJ,0ZGam000000isBBGAY,2026-03-27T23:33:20.000+0000
0ZRWj0000006MejOAE,01tWj00000C35AmIAJ,0ZGam000000isBBGAY,2026-03-27T23:32:01.000+0000
0ZRWj0000006NaGOAU,01tWj00000C35AnIAJ,0ZGam000000isBBGAY,2026-03-27T23:33:08.000+0000
0ZRWj0000006Mn1OAE,01tWj00000C35AoIAJ,0ZGam000000isBBGAY,2026-03-27T23:32:08.000+0000
0ZRWj0000006McGOAU,01tWj00000C35CLIAZ,0ZGam000000isBBGAY,2026-03-27T23:31:57.000+0000
0ZRWj0000006MhjOAE,01tWj00000C35CMIAZ,0ZGam000000isBBGAY,2026-03-27T23:32:04.000+0000
0ZRWj0000006NdlOAE,01tWj00000C35CNIAZ,0ZGam000000isBBGAY,2026-03-27T23:33:12.000+0000
0ZRWj0000006NiLOAU,01tWj00000C35COIAZ,0ZGam000000isBBGAY,2026-03-27T23:33:16.000+0000
0ZRWj0000006NGlOAM,01tWj00000C35CPIAZ,0ZGam000000isBBGAY,2026-03-27T23:32:46.000+0000
0ZRWj0000006NPgOAM,01tWj00000C35CQIAZ,0ZGam000000isBBGAY,2026-03-27T23:32:53.000+0000
0ZRWj0000006NduOAE,01tWj00000C35CRIAZ,0ZGam000000isBBGAY,2026-03-27T23:33:12.000+0000
0ZRWj0000006MlkOAE,01tWj00000C35CSIAZ,0ZGam000000isBBGAY,2026-03-27T23:32:08.000+0000
0ZRWj0000006NKrOAM,01tWj00000C35CTIAZ,0ZGam000000isBBGAY,2026-03-27T23:32:50.000+0000
0ZRWj0000006N9FOAU,01tWj00000C35CUIAZ,0ZGam000000isBBGAY,2026-03-27T23:32:34.000+0000
0ZRWj0000006NlmOAE,01tWj00000C35CVIAZ,0ZGam000000isBBGAY,2026-03-27T23:33:20.000+0000
0ZRWj0000006N4LOAU,01tWj00000C35CWIAZ,0ZGam000000isBBGAY,2026-03-27T23:32:31.000+0000
0ZRWj0000006NbXOAU,01tWj00000C35CXIAZ,0ZGam000000isBBGAY,2026-03-27T23:33:08.000+0000
0ZRWj0000006NBZOA2,01tWj00000C35CYIAZ,0ZGam000000isBBGAY,2026-03-27T23:32:38.000+0000
0ZRWj0000006MgqOAE,01tWj00000C35CZIAZ,0ZGam000000isBBGAY,2026-03-27T23:32:01.000+0000
0ZRWj0000006Mc9OAE,01tWj00000C35CaIAJ,0ZGam000000isBBGAY,2026-03-27T23:31:57.000+0000
0ZRWj0000006NLYOA2,01tWj00000C35CbIAJ,0ZGam000000isBBGAY,2026-03-27T23:32:50.000+0000
0ZRWj0000006NAyOAM,01tWj00000C35CcIAJ,0ZGam000000isBBGAY,2026-03-27T23:32:38.000+0000
0ZRWj0000006MsKOAU,01tWj00000C35CdIAJ,0ZGam000000isHdGAI,2026-03-27T23:32:15.000+0000
0ZRWj0000006K7QOAU,01tWj00000C35CeIAJ,0ZGam000000isCnGAI,2026-03-27T20:29:48.000+0000
0ZRWj0000006MglOAE,01tWj00000C35CfIAJ,0ZGam000000isHdGAI,2026-03-27T23:32:01.000+0000
0ZRWj0000006NlDOAU,01tWj00000C35CgIAJ,0ZGam000000isHdGAI,2026-03-27T23:33:20.000+0000
0ZRWj0000006K7aOAE,01tWj00000C35ChIAJ,0ZGam000000isCnGAI,2026-03-27T20:29:48.000+0000
0ZRWj0000006KaLOAU,01tWj00000C35CiIAJ,0ZGam000000isBBGAY,2026-03-27T20:40:58.000+0000
0ZRWj0000006KdZOAU,01tWj00000C35CiIAJ,0ZGam000000itATGAY,2026-03-27T20:41:20.000+0000
0ZRWj0000006KdaOAE,01tWj00000C35CjIAJ,0ZGam000000itATGAY,2026-03-27T20:41:20.000+0000
0ZRWj0000006KaMOAU,01tWj00000C35CjIAJ,0ZGam000000isBBGAY,2026-03-27T20:40:58.000+0000
0ZRWj0000006KgnOAE,01tWj00000C35CkIAJ,0ZGam000000itATGAY,2026-03-27T20:43:17.000+0000
0ZRWj0000006Kk1OAE,01tWj00000C35CkIAJ,0ZGam000000isBBGAY,2026-03-27T20:43:37.000+0000
0ZRWj0000006Kk2OAE,01tWj00000C35ClIAJ,0ZGam000000isBBGAY,2026-03-27T20:43:37.000+0000
0ZRWj0000006KgoOAE,01tWj00000C35ClIAJ,0ZGam000000itATGAY,2026-03-27T20:43:17.000+0000
0ZRWj0000006KqTOAU,01tWj00000C35CmIAJ,0ZGam000000isBBGAY,2026-03-27T20:44:27.000+0000
0ZRWj0000006KnFOAU,01tWj00000C35CmIAJ,0ZGam000000itATGAY,2026-03-27T20:44:12.000+0000
0ZRWj0000006KqUOAU,01tWj00000C35CnIAJ,0ZGam000000isBBGAY,2026-03-27T20:44:27.000+0000
0ZRWj0000006KnGOAU,01tWj00000C35CnIAJ,0ZGam000000itATGAY,2026-03-27T20:44:12.000+0000
0ZRWj0000006KwvOAE,01tWj00000C35CoIAJ,0ZGam000000itATGAY,2026-03-27T21:04:37.000+0000
0ZRWj0000006KthOAE,01tWj00000C35CoIAJ,0ZGam000000isBBGAY,2026-03-27T21:04:22.000+0000
0ZRWj0000006KtiOAE,01tWj00000C35CpIAJ,0ZGam000000isBBGAY,2026-03-27T21:04:22.000+0000
0ZRWj0000006KwwOAE,01tWj00000C35CpIAJ,0ZGam000000itATGAY,2026-03-27T21:04:37.000+0000
0ZRWj0000006L3NOAU,01tWj00000C35CqIAJ,0ZGam000000itATGAY,2026-03-27T21:05:44.000+0000
0ZRWj0000006L09OAE,01tWj00000C35CqIAJ,0ZGam000000isBBGAY,2026-03-27T21:05:29.000+0000
0ZRWj0000006L3OOAU,01tWj00000C35CrIAJ,0ZGam000000itATGAY,2026-03-27T21:05:44.000+0000
0ZRWj0000006L0AOAU,01tWj00000C35CrIAJ,0ZGam000000isBBGAY,2026-03-27T21:05:29.000+0000
0ZRWj0000006L6bOAE,01tWj00000C35CsIAJ,0ZGam000000itATGAY,2026-03-27T21:06:18.000+0000
0ZRWj0000006L9pOAE,01tWj00000C35CsIAJ,0ZGam000000isBBGAY,2026-03-27T21:06:35.000+0000
0ZRWj0000006L6cOAE,01tWj00000C35CtIAJ,0ZGam000000itATGAY,2026-03-27T21:06:18.000+0000
0ZRWj0000006L9qOAE,01tWj00000C35CtIAJ,0ZGam000000isBBGAY,2026-03-27T21:06:35.000+0000
0ZRWj0000006NHgOAM,01tWj00000C35CuIAJ,0ZGam000000isBBGAY,2026-03-27T23:32:46.000+0000
0ZRWj0000006NR8OAM,01tWj00000C35CvIAJ,0ZGam000000isBBGAY,2026-03-27T23:32:57.000+0000
0ZRWj0000006NGAOA2,01tWj00000C35CwIAJ,0ZGam000000isBBGAY,2026-03-27T23:32:42.000+0000
0ZRWj0000006NZMOA2,01tWj00000C35CxIAJ,0ZGam000000isBBGAY,2026-03-27T23:33:04.000+0000
0ZRWj0000006NSNOA2,01tWj00000C35CyIAJ,0ZGam000000isBBGAY,2026-03-27T23:32:57.000+0000
0ZRWj0000006N8QOAU,01tWj00000C35CzIAJ,0ZGam000000isBBGAY,2026-03-27T23:32:34.000+0000
0ZRWj0000006MtQOAU,01tWj00000C35D0IAJ,0ZGam000000isBBGAY,2026-03-27T23:32:15.000+0000
0ZRWj0000006NGsOAM,01tWj00000C35D1IAJ,0ZGam000000isBBGAY,2026-03-27T23:32:46.000+0000
0ZRWj0000006NuKOAU,01tWj00000C35D2IAJ,0ZGam000000isBBGAY,2026-03-27T23:33:31.000+0000
0ZRWj0000006MgMOAU,01tWj00000C35D3IAJ,0ZGam000000isBBGAY,2026-03-27T23:32:01.000+0000
0ZRWj0000006NkBOAU,01tWj00000C35D4IAJ,0ZGam000000isBBGAY,2026-03-27T23:33:20.000+0000
0ZRWj0000006NPmOAM,01tWj00000C35D5IAJ,0ZGam000000isBBGAY,2026-03-27T23:32:53.000+0000
0ZRWj0000006MgdOAE,01tWj00000C35D6IAJ,0ZGam000000isBBGAY,2026-03-27T23:32:01.000+0000
0ZRWj0000006NALOA2,01tWj00000C35D7IAJ,0ZGam000000isBBGAY,2026-03-27T23:32:38.000+0000
0ZRWj0000006NKaOAM,01tWj00000C35D8IAJ,0ZGam000000isBBGAY,2026-03-27T23:32:50.000+0000
0ZRWj0000006N3VOAU,01tWj00000C35D9IAJ,0ZGam000000isBBGAY,2026-03-27T23:32:27.000+0000
0ZRWj0000006Np2OAE,01tWj00000C35DAIAZ,0ZGam000000isBBGAY,2026-03-27T23:33:23.000+0000
0ZRWj0000006N6tOAE,01tWj00000C35DBIAZ,0ZGam000000isBBGAY,2026-03-27T23:32:34.000+0000
0ZRWj0000006MyZOAU,01tWj00000C35DCIAZ,0ZGam000000isBBGAY,2026-03-27T23:32:23.000+0000
0ZRWj0000006NOoOAM,01tWj00000C35DDIAZ,0ZGam000000isBBGAY,2026-03-27T23:32:53.000+0000
0ZRWj0000006MgCOAU,01tWj00000C35DEIAZ,0ZGam000000isBBGAY,2026-03-27T23:32:01.000+0000
0ZRWj0000006NFkOAM,01tWj00000C35DFIAZ,0ZGam000000isBBGAY,2026-03-27T23:32:42.000+0000
0ZRWj0000006MnuOAE,01tWj00000C35DGIAZ,0ZGam000000isBBGAY,2026-03-27T23:32:12.000+0000
0ZRWj0000006Nf1OAE,01tWj00000C35DHIAZ,0ZGam000000isBBGAY,2026-03-27T23:33:12.000+0000
0ZRWj0000006NlyOAE,01tWj00000C35DIIAZ,0ZGam000000isBBGAY,2026-03-27T23:33:20.000+0000
0ZRWj0000006N2TOAU,01tWj00000C35DJIAZ,0ZGam000000isBBGAY,2026-03-27T23:32:27.000+0000
0ZRWj0000006MehOAE,01tWj00000C35DKIAZ,0ZGam000000isBBGAY,2026-03-27T23:32:01.000+0000
0ZRWj0000006NfHOAU,01tWj00000C35DLIAZ,0ZGam000000isBBGAY,2026-03-27T23:33:12.000+0000
0ZRWj0000006N1SOAU,01tWj00000C35DMIAZ,0ZGam000000isBBGAY,2026-03-27T23:32:27.000+0000
0ZRWj0000006N0fOAE,01tWj00000C35DNIAZ,0ZGam000000isBBGAY,2026-03-27T23:32:27.000+0000
0ZRWj0000006MiTOAU,01tWj00000C35DOIAZ,0ZGam000000isBBGAY,2026-03-27T23:32:04.000+0000
0ZRWj0000006MtPOAU,01tWj00000C35DPIAZ,0ZGam000000isBBGAY,2026-03-27T23:32:15.000+0000
0ZRWj0000006MfuOAE,01tWj00000C35DQIAZ,0ZGam000000isBBGAY,2026-03-27T23:32:01.000+0000
0ZRWj0000006NHdOAM,01tWj00000C35DRIAZ,0ZGam000000isBBGAY,2026-03-27T23:32:46.000+0000
0ZRWj0000006Mt3OAE,01tWj00000C35DSIAZ,0ZGam000000isBBGAY,2026-03-27T23:32:15.000+0000
0ZRWj0000006MhlOAE,01tWj00000C35DTIAZ,0ZGam000000isBBGAY,2026-03-27T23:32:04.000+0000
0ZRWj0000006KaNOAU,01tWj00000C35DUIAZ,0ZGam000000isBBGAY,2026-03-27T20:40:58.000+0000
0ZRWj0000006KdbOAE,01tWj00000C35DUIAZ,0ZGam000000itATGAY,2026-03-27T20:41:20.000+0000
0ZRWj0000006KdcOAE,01tWj00000C35DVIAZ,0ZGam000000itATGAY,2026-03-27T20:41:20.000+0000
0ZRWj0000006KaOOAU,01tWj00000C35DVIAZ,0ZGam000000isBBGAY,2026-03-27T20:40:58.000+0000
0ZRWj0000006KgpOAE,01tWj00000C35DWIAZ,0ZGam000000itATGAY,2026-03-27T20:43:17.000+0000
0ZRWj0000006Kk3OAE,01tWj00000C35DWIAZ,0ZGam000000isBBGAY,2026-03-27T20:43:37.000+0000
0ZRWj0000006KgqOAE,01tWj00000C35DXIAZ,0ZGam000000itATGAY,2026-03-27T20:43:17.000+0000
0ZRWj0000006Kk4OAE,01tWj00000C35DXIAZ,0ZGam000000isBBGAY,2026-03-27T20:43:37.000+0000
0ZRWj0000006KnHOAU,01tWj00000C35DYIAZ,0ZGam000000itATGAY,2026-03-27T20:44:12.000+0000
0ZRWj0000006KqVOAU,01tWj00000C35DYIAZ,0ZGam000000isBBGAY,2026-03-27T20:44:27.000+0000
0ZRWj0000006KqWOAU,01tWj00000C35DZIAZ,0ZGam000000isBBGAY,2026-03-27T20:44:27.000+0000
0ZRWj0000006KnIOAU,01tWj00000C35DZIAZ,0ZGam000000itATGAY,2026-03-27T20:44:12.000+0000
0ZRWj0000006KtjOAE,01tWj00000C35DaIAJ,0ZGam000000isBBGAY,2026-03-27T21:04:22.000+0000
0ZRWj0000006KwxOAE,01tWj00000C35DaIAJ,0ZGam000000itATGAY,2026-03-27T21:04:37.000+0000
0ZRWj0000006KtkOAE,01tWj00000C35DbIAJ,0ZGam000000isBBGAY,2026-03-27T21:04:22.000+0000
0ZRWj0000006KwyOAE,01tWj00000C35DbIAJ,0ZGam000000itATGAY,2026-03-27T21:04:37.000+0000
0ZRWj0000006L3POAU,01tWj00000C35DcIAJ,0ZGam000000itATGAY,2026-03-27T21:05:44.000+0000
0ZRWj0000006L0BOAU,01tWj00000C35DcIAJ,0ZGam000000isBBGAY,2026-03-27T21:05:29.000+0000
0ZRWj0000006L0COAU,01tWj00000C35DdIAJ,0ZGam000000isBBGAY,2026-03-27T21:05:29.000+0000
0ZRWj0000006L3QOAU,01tWj00000C35DdIAJ,0ZGam000000itATGAY,2026-03-27T21:05:44.000+0000
0ZRWj0000006L6dOAE,01tWj00000C35DeIAJ,0ZGam000000itATGAY,2026-03-27T21:06:18.000+0000
0ZRWj0000006L9rOAE,01tWj00000C35DeIAJ,0ZGam000000isBBGAY,2026-03-27T21:06:35.000+0000
0ZRWj0000006L6eOAE,01tWj00000C35DfIAJ,0ZGam000000itATGAY,2026-03-27T21:06:18.000+0000
0ZRWj0000006L9sOAE,01tWj00000C35DfIAJ,0ZGam000000isBBGAY,2026-03-27T21:06:35.000+0000
0ZRWj0000006NAZOA2,01tWj00000C35DgIAJ,0ZGam000000isBBGAY,2026-03-27T23:32:38.000+0000
0ZRWj0000006MwEOAU,01tWj00000C35DhIAJ,0ZGam000000isBBGAY,2026-03-27T23:32:20.000+0000
0ZRWj0000006NNUOA2,01tWj00000C35DiIAJ,0ZGam000000isBBGAY,2026-03-27T23:32:53.000+0000
0ZRWj0000006NddOAE,01tWj00000C35DjIAJ,0ZGam000000isBBGAY,2026-03-27T23:33:12.000+0000
0ZRWj0000006N9iOAE,01tWj00000C35DkIAJ,0ZGam000000isBBGAY,2026-03-27T23:32:34.000+0000
0ZRWj0000006NIkOAM,01tWj00000C35DlIAJ,0ZGam000000isBBGAY,2026-03-27T23:32:46.000+0000
0ZRWj0000006NkvOAE,01tWj00000C35DmIAJ,0ZGam000000isBBGAY,2026-03-27T23:33:20.000+0000
0ZRWj0000006Mh6OAE,01tWj00000C35DnIAJ,0ZGam000000isBBGAY,2026-03-27T23:32:04.000+0000
0ZRWj0000006NMQOA2,01tWj00000C35DoIAJ,0ZGam000000isBBGAY,2026-03-27T23:32:50.000+0000
0ZRWj0000006N7YOAU,01tWj00000C35DpIAJ,0ZGam000000isBBGAY,2026-03-27T23:32:34.000+0000
0ZRWj0000006NYmOAM,01tWj00000C35DqIAJ,0ZGam000000isBBGAY,2026-03-27T23:33:04.000+0000
0ZRWj0000006NveOAE,01tWj00000C35DrIAJ,0ZGam000000isBBGAY,2026-03-27T23:33:31.000+0000
0ZRWj0000006NchOAE,01tWj00000C35DsIAJ,0ZGam000000isBBGAY,2026-03-27T23:33:08.000+0000
0ZRWj0000006McXOAU,01tWj00000C35DtIAJ,0ZGam000000isBBGAY,2026-03-27T23:31:57.000+0000
0ZRWj0000006NVvOAM,01tWj00000C35DuIAJ,0ZGam000000isBBGAY,2026-03-27T23:33:01.000+0000
0ZRWj0000006NkSOAU,01tWj00000C35DvIAJ,0ZGam000000isBBGAY,2026-03-27T23:33:20.000+0000
0ZRWj0000006MjaOAE,01tWj00000C35DwIAJ,0ZGam000000isBBGAY,2026-03-27T23:32:04.000+0000
0ZRWj0000006MwXOAU,01tWj00000C35DxIAJ,0ZGam000000isBBGAY,2026-03-27T23:32:20.000+0000
0ZRWj0000006MzjOAE,01tWj00000C35DyIAJ,0ZGam000000isBBGAY,2026-03-27T23:32:23.000+0000
0ZRWj0000006Nu7OAE,01tWj00000C35DzIAJ,0ZGam000000isBBGAY,2026-03-27T23:33:31.000+0000
0ZRWj0000006MfVOAU,01tWj00000C35E0IAJ,0ZGam000000isBBGAY,2026-03-27T23:32:01.000+0000
0ZRWj0000006Mx7OAE,01tWj00000C35E1IAJ,0ZGam000000isBBGAY,2026-03-27T23:32:23.000+0000
0ZRWj0000006NfsOAE,01tWj00000C35E2IAJ,0ZGam000000isBBGAY,2026-03-27T23:33:12.000+0000
0ZRWj0000006NdpOAE,01tWj00000C35E3IAJ,0ZGam000000isBBGAY,2026-03-27T23:33:12.000+0000
0ZRWj0000006Mv6OAE,01tWj00000C35E4IAJ,0ZGam000000isBBGAY,2026-03-27T23:32:20.000+0000
0ZRWj0000006No7OAE,01tWj00000C35E5IAJ,0ZGam000000isBBGAY,2026-03-27T23:33:23.000+0000
0ZRWj0000006MqFOAU,01tWj00000C35E6IAJ,0ZGam000000isBBGAY,2026-03-27T23:32:12.000+0000
0ZRWj0000006MfcOAE,01tWj00000C35E7IAJ,0ZGam000000isBBGAY,2026-03-27T23:32:01.000+0000
0ZRWj0000006NIGOA2,01tWj00000C35E8IAJ,0ZGam000000isBBGAY,2026-03-27T23:32:46.000+0000
0ZRWj0000006N04OAE,01tWj00000C35E9IAJ,0ZGam000000isBBGAY,2026-03-27T23:32:23.000+0000
0ZRWj0000006NfqOAE,01tWj00000C35EAIAZ,0ZGam000000isBBGAY,2026-03-27T23:33:12.000+0000
0ZRWj0000006NA7OAM,01tWj00000C35EBIAZ,0ZGam000000isBBGAY,2026-03-27T23:32:38.000+0000
0ZRWj0000006MbjOAE,01tWj00000C35ECIAZ,0ZGam000000isBBGAY,2026-03-27T23:31:57.000+0000
0ZRWj0000006MtuOAE,01tWj00000C35EDIAZ,0ZGam000000isBBGAY,2026-03-27T23:32:20.000+0000
0ZRWj0000006Nu9OAE,01tWj00000C35EEIAZ,0ZGam000000isBBGAY,2026-03-27T23:33:31.000+0000
0ZRWj0000006NlcOAE,01tWj00000C35EFIAZ,0ZGam000000isBBGAY,2026-03-27T23:33:20.000+0000
0ZRWj0000006KddOAE,01tWj00000C35EGIAZ,0ZGam000000itATGAY,2026-03-27T20:41:20.000+0000
0ZRWj0000006KaPOAU,01tWj00000C35EGIAZ,0ZGam000000isBBGAY,2026-03-27T20:40:58.000+0000
0ZRWj0000006KaQOAU,01tWj00000C35EHIAZ,0ZGam000000isBBGAY,2026-03-27T20:40:58.000+0000
0ZRWj0000006KdeOAE,01tWj00000C35EHIAZ,0ZGam000000itATGAY,2026-03-27T20:41:20.000+0000
0ZRWj0000006Kk5OAE,01tWj00000C35EIIAZ,0ZGam000000isBBGAY,2026-03-27T20:43:37.000+0000
0ZRWj0000006KgrOAE,01tWj00000C35EIIAZ,0ZGam000000itATGAY,2026-03-27T20:43:17.000+0000
0ZRWj0000006Kk6OAE,01tWj00000C35EJIAZ,0ZGam000000isBBGAY,2026-03-27T20:43:37.000+0000
0ZRWj0000006KgsOAE,01tWj00000C35EJIAZ,0ZGam000000itATGAY,2026-03-27T20:43:17.000+0000
0ZRWj0000006KnJOAU,01tWj00000C35EKIAZ,0ZGam000000itATGAY,2026-03-27T20:44:12.000+0000
0ZRWj0000006KqXOAU,01tWj00000C35EKIAZ,0ZGam000000isBBGAY,2026-03-27T20:44:27.000+0000
0ZRWj0000006KqYOAU,01tWj00000C35ELIAZ,0ZGam000000isBBGAY,2026-03-27T20:44:27.000+0000
0ZRWj0000006KnKOAU,01tWj00000C35ELIAZ,0ZGam000000itATGAY,2026-03-27T20:44:12.000+0000
0ZRWj0000006KtlOAE,01tWj00000C35EMIAZ,0ZGam000000isBBGAY,2026-03-27T21:04:22.000+0000
0ZRWj0000006KwzOAE,01tWj00000C35EMIAZ,0ZGam000000itATGAY,2026-03-27T21:04:37.000+0000
0ZRWj0000006KtmOAE,01tWj00000C35ENIAZ,0ZGam000000isBBGAY,2026-03-27T21:04:22.000+0000
0ZRWj0000006Kx0OAE,01tWj00000C35ENIAZ,0ZGam000000itATGAY,2026-03-27T21:04:37.000+0000
0ZRWj0000006L0DOAU,01tWj00000C35EOIAZ,0ZGam000000isBBGAY,2026-03-27T21:05:29.000+0000
0ZRWj0000006L3ROAU,01tWj00000C35EOIAZ,0ZGam000000itATGAY,2026-03-27T21:05:44.000+0000
0ZRWj0000006L3SOAU,01tWj00000C35EPIAZ,0ZGam000000itATGAY,2026-03-27T21:05:44.000+0000
0ZRWj0000006L0EOAU,01tWj00000C35EPIAZ,0ZGam000000isBBGAY,2026-03-27T21:05:29.000+0000
0ZRWj0000006L6fOAE,01tWj00000C35EQIAZ,0ZGam000000itATGAY,2026-03-27T21:06:18.000+0000
0ZRWj0000006L9tOAE,01tWj00000C35EQIAZ,0ZGam000000isBBGAY,2026-03-27T21:06:35.000+0000
0ZRWj0000006L6gOAE,01tWj00000C35ERIAZ,0ZGam000000itATGAY,2026-03-27T21:06:18.000+0000
0ZRWj0000006L9uOAE,01tWj00000C35ERIAZ,0ZGam000000isBBGAY,2026-03-27T21:06:35.000+0000
0ZRWj0000006MsjOAE,01tWj00000C35ESIAZ,0ZGam000000isBBGAY,2026-03-27T23:32:15.000+0000
0ZRWj0000006NW8OAM,01tWj00000C35ETIAZ,0ZGam000000isBBGAY,2026-03-27T23:33:01.000+0000
0ZRWj0000006NBGOA2,01tWj00000C35EUIAZ,0ZGam000000isBBGAY,2026-03-27T23:32:38.000+0000
0ZRWj0000006NsdOAE,01tWj00000C35EVIAZ,0ZGam000000isBBGAY,2026-03-27T23:33:27.000+0000
0ZRWj0000006NvqOAE,01tWj00000C35EWIAZ,0ZGam000000isBBGAY,2026-03-27T23:33:31.000+0000
0ZRWj0000006MoUOAU,01tWj00000C35EXIAZ,0ZGam000000isBBGAY,2026-03-27T23:32:12.000+0000
0ZRWj0000006MoIOAU,01tWj00000C35EYIAZ,0ZGam000000isBBGAY,2026-03-27T23:32:12.000+0000
0ZRWj0000006NTOOA2,01tWj00000C35EZIAZ,0ZGam000000isBBGAY,2026-03-27T23:33:01.000+0000
0ZRWj0000006NVaOAM,01tWj00000C35EaIAJ,0ZGam000000isBBGAY,2026-03-27T23:33:01.000+0000
0ZRWj0000006N9EOAU,01tWj00000C35EbIAJ,0ZGam000000isBBGAY,2026-03-27T23:32:34.000+0000
0ZRWj0000006NX8OAM,01tWj00000C35EcIAJ,0ZGam000000isBBGAY,2026-03-27T23:33:04.000+0000
0ZRWj0000006NKZOA2,01tWj00000C35EdIAJ,0ZGam000000isBBGAY,2026-03-27T23:32:50.000+0000
0ZRWj0000006NebOAE,01tWj00000C35EeIAJ,0ZGam000000isBBGAY,2026-03-27T23:33:12.000+0000
0ZRWj0000006McOOAU,01tWj00000C35EfIAJ,0ZGam000000isBBGAY,2026-03-27T23:31:57.000+0000
0ZRWj0000006N8IOAU,01tWj00000C35EgIAJ,0ZGam000000isBBGAY,2026-03-27T23:32:34.000+0000
0ZRWj0000006MxvOAE,01tWj00000C35EhIAJ,0ZGam000000isBBGAY,2026-03-27T23:32:23.000+0000
0ZRWj0000006N4JOAU,01tWj00000C35EiIAJ,0ZGam000000isBBGAY,2026-03-27T23:32:31.000+0000
0ZRWj0000006NBnOAM,01tWj00000C35EjIAJ,0ZGam000000isBBGAY,2026-03-27T23:32:38.000+0000
0ZRWj0000006N4FOAU,01tWj00000C35EkIAJ,0ZGam000000isBBGAY,2026-03-27T23:32:31.000+0000
0ZRWj0000006NDBOA2,01tWj00000C35ElIAJ,0ZGam000000isBBGAY,2026-03-27T23:32:38.000+0000
0ZRWj0000006NCKOA2,01tWj00000C35EmIAJ,0ZGam000000isBBGAY,2026-03-27T23:32:38.000+0000
0ZRWj0000006MmsOAE,01tWj00000C35EnIAJ,0ZGam000000isBBGAY,2026-03-27T23:32:08.000+0000
0ZRWj0000006NfiOAE,01tWj00000C35EoIAJ,0ZGam000000isBBGAY,2026-03-27T23:33:12.000+0000
0ZRWj0000006NVAOA2,01tWj00000C35EpIAJ,0ZGam000000isBBGAY,2026-03-27T23:33:01.000+0000
0ZRWj0000006Mf7OAE,01tWj00000C35EqIAJ,0ZGam000000isBBGAY,2026-03-27T23:32:01.000+0000
0ZRWj0000006NhzOAE,01tWj00000C35ErIAJ,0ZGam000000isBBGAY,2026-03-27T23:33:16.000+0000
0ZRWj0000006NlOOAU,01tWj00000C35EsIAJ,0ZGam000000isBBGAY,2026-03-27T23:33:20.000+0000
0ZRWj0000006MzsOAE,01tWj00000C35EtIAJ,0ZGam000000isBBGAY,2026-03-27T23:32:23.000+0000
0ZRWj0000006NeiOAE,01tWj00000C35EuIAJ,0ZGam000000isBBGAY,2026-03-27T23:33:12.000+0000
0ZRWj0000006NH0OAM,01tWj00000C35EvIAJ,0ZGam000000isBBGAY,2026-03-27T23:32:46.000+0000
0ZRWj0000006NN9OAM,01tWj00000C35EwIAJ,0ZGam000000isBBGAY,2026-03-27T23:32:53.000+0000
0ZRWj0000006NmDOAU,01tWj00000C35ExIAJ,0ZGam000000isBBGAY,2026-03-27T23:33:20.000+0000
0ZRWj0000006N4cOAE,01tWj00000C35EyIAJ,0ZGam000000isBBGAY,2026-03-27T23:32:31.000+0000
0ZRWj0000006NPDOA2,01tWj00000C35EzIAJ,0ZGam000000isBBGAY,2026-03-27T23:32:53.000+0000
0ZRWj0000006N7jOAE,01tWj00000C35F0IAJ,0ZGam000000isBBGAY,2026-03-27T23:32:34.000+0000
0ZRWj0000006MfmOAE,01tWj00000C35F1IAJ,0ZGam000000isBBGAY,2026-03-27T23:32:01.000+0000
0ZRWj0000006KaROAU,01tWj00000C35F2IAJ,0ZGam000000isBBGAY,2026-03-27T20:40:58.000+0000
0ZRWj0000006KdfOAE,01tWj00000C35F2IAJ,0ZGam000000itATGAY,2026-03-27T20:41:20.000+0000
0ZRWj0000006KdgOAE,01tWj00000C35F3IAJ,0ZGam000000itATGAY,2026-03-27T20:41:20.000+0000
0ZRWj0000006KaSOAU,01tWj00000C35F3IAJ,0ZGam000000isBBGAY,2026-03-27T20:40:58.000+0000
0ZRWj0000006Kk7OAE,01tWj00000C35F4IAJ,0ZGam000000isBBGAY,2026-03-27T20:43:37.000+0000
0ZRWj0000006KgtOAE,01tWj00000C35F4IAJ,0ZGam000000itATGAY,2026-03-27T20:43:17.000+0000
0ZRWj0000006KguOAE,01tWj00000C35F5IAJ,0ZGam000000itATGAY,2026-03-27T20:43:17.000+0000
0ZRWj0000006Kk8OAE,01tWj00000C35F5IAJ,0ZGam000000isBBGAY,2026-03-27T20:43:37.000+0000
0ZRWj0000006KnLOAU,01tWj00000C35F6IAJ,0ZGam000000itATGAY,2026-03-27T20:44:12.000+0000
0ZRWj0000006KqZOAU,01tWj00000C35F6IAJ,0ZGam000000isBBGAY,2026-03-27T20:44:27.000+0000
0ZRWj0000006KnMOAU,01tWj00000C35F7IAJ,0ZGam000000itATGAY,2026-03-27T20:44:12.000+0000
0ZRWj0000006KqaOAE,01tWj00000C35F7IAJ,0ZGam000000isBBGAY,2026-03-27T20:44:27.000+0000
0ZRWj0000006KtnOAE,01tWj00000C35F8IAJ,0ZGam000000isBBGAY,2026-03-27T21:04:22.000+0000
0ZRWj0000006Kx1OAE,01tWj00000C35F8IAJ,0ZGam000000itATGAY,2026-03-27T21:04:37.000+0000
0ZRWj0000006KtoOAE,01tWj00000C35F9IAJ,0ZGam000000isBBGAY,2026-03-27T21:04:22.000+0000
0ZRWj0000006Kx2OAE,01tWj00000C35F9IAJ,0ZGam000000itATGAY,2026-03-27T21:04:37.000+0000
0ZRWj0000006L0FOAU,01tWj00000C35FAIAZ,0ZGam000000isBBGAY,2026-03-27T21:05:29.000+0000
0ZRWj0000006L3TOAU,01tWj00000C35FAIAZ,0ZGam000000itATGAY,2026-03-27T21:05:44.000+0000
0ZRWj0000006L0GOAU,01tWj00000C35FBIAZ,0ZGam000000isBBGAY,2026-03-27T21:05:29.000+0000
0ZRWj0000006L3UOAU,01tWj00000C35FBIAZ,0ZGam000000itATGAY,2026-03-27T21:05:44.000+0000
0ZRWj0000006L9vOAE,01tWj00000C35FCIAZ,0ZGam000000isBBGAY,2026-03-27T21:06:35.000+0000
0ZRWj0000006L6hOAE,01tWj00000C35FCIAZ,0ZGam000000itATGAY,2026-03-27T21:06:18.000+0000
0ZRWj0000006L9wOAE,01tWj00000C35FDIAZ,0ZGam000000isBBGAY,2026-03-27T21:06:35.000+0000
0ZRWj0000006L6iOAE,01tWj00000C35FDIAZ,0ZGam000000itATGAY,2026-03-27T21:06:18.000+0000
0ZRWj0000006NpmOAE,01tWj00000C35FEIAZ,0ZGam000000isBBGAY,2026-03-27T23:33:23.000+0000
0ZRWj0000006NGdOAM,01tWj00000C35FFIAZ,0ZGam000000isBBGAY,2026-03-27T23:32:46.000+0000
0ZRWj0000006N69OAE,01tWj00000C35FGIAZ,0ZGam000000isBBGAY,2026-03-27T23:32:31.000+0000
0ZRWj0000006NOzOAM,01tWj00000C35FHIAZ,0ZGam000000isBBGAY,2026-03-27T23:32:53.000+0000
0ZRWj0000006MbJOAU,01tWj00000C35FIIAZ,0ZGam000000isBBGAY,2026-03-27T23:31:57.000+0000
0ZRWj0000006NR4OAM,01tWj00000C35FJIAZ,0ZGam000000isBBGAY,2026-03-27T23:32:57.000+0000
0ZRWj0000006MchOAE,01tWj00000C35FKIAZ,0ZGam000000isBBGAY,2026-03-27T23:31:57.000+0000
0ZRWj0000006NLROA2,01tWj00000C35FLIAZ,0ZGam000000isBBGAY,2026-03-27T23:32:50.000+0000
0ZRWj0000006N2ZOAU,01tWj00000C35FMIAZ,0ZGam000000isBBGAY,2026-03-27T23:32:27.000+0000
0ZRWj0000006NgwOAE,01tWj00000C35FNIAZ,0ZGam000000isBBGAY,2026-03-27T23:33:16.000+0000
0ZRWj0000006MuZOAU,01tWj00000C35FOIAZ,0ZGam000000isBBGAY,2026-03-27T23:32:20.000+0000
0ZRWj0000006N4POAU,01tWj00000C35FPIAZ,0ZGam000000isBBGAY,2026-03-27T23:32:31.000+0000
0ZRWj0000006NvQOAU,01tWj00000C35FQIAZ,0ZGam000000isBBGAY,2026-03-27T23:33:31.000+0000
0ZRWj0000006NqMOAU,01tWj00000C35FRIAZ,0ZGam000000isBBGAY,2026-03-27T23:33:27.000+0000
0ZRWj0000006NofOAE,01tWj00000C35FSIAZ,0ZGam000000isBBGAY,2026-03-27T23:33:23.000+0000
0ZRWj0000006MkGOAU,01tWj00000C35FTIAZ,0ZGam000000isBBGAY,2026-03-27T23:32:08.000+0000
0ZRWj0000006NHQOA2,01tWj00000C35FUIAZ,0ZGam000000isBBGAY,2026-03-27T23:32:46.000+0000
0ZRWj0000006NqROAU,01tWj00000C35FVIAZ,0ZGam000000isBBGAY,2026-03-27T23:33:27.000+0000
0ZRWj0000006Ml0OAE,01tWj00000C35FWIAZ,0ZGam000000isBBGAY,2026-03-27T23:32:08.000+0000
0ZRWj0000006N7WOAU,01tWj00000C35FXIAZ,0ZGam000000isBBGAY,2026-03-27T23:32:34.000+0000
0ZRWj0000006NbeOAE,01tWj00000C35FYIAZ,0ZGam000000isBBGAY,2026-03-27T23:33:08.000+0000
0ZRWj0000006NCMOA2,01tWj00000C35FZIAZ,0ZGam000000isBBGAY,2026-03-27T23:32:38.000+0000
0ZRWj0000006Nr9OAE,01tWj00000C35FaIAJ,0ZGam000000isBBGAY,2026-03-27T23:33:27.000+0000
0ZRWj0000006McAOAU,01tWj00000C35FbIAJ,0ZGam000000isBBGAY,2026-03-27T23:31:57.000+0000
0ZRWj0000006MjrOAE,01tWj00000C35FcIAJ,0ZGam000000isBBGAY,2026-03-27T23:32:04.000+0000
0ZRWj0000006NMgOAM,01tWj00000C35FdIAJ,0ZGam000000isBBGAY,2026-03-27T23:32:50.000+0000
0ZRWj0000006NcwOAE,01tWj00000C35FeIAJ,0ZGam000000isBBGAY,2026-03-27T23:33:08.000+0000
0ZRWj0000006NNjOAM,01tWj00000C35FfIAJ,0ZGam000000isBBGAY,2026-03-27T23:32:53.000+0000
0ZRWj0000006N7oOAE,01tWj00000C35FgIAJ,0ZGam000000isBBGAY,2026-03-27T23:32:34.000+0000
0ZRWj0000006N8LOAU,01tWj00000C35FhIAJ,0ZGam000000isBBGAY,2026-03-27T23:32:34.000+0000
0ZRWj0000006MjlOAE,01tWj00000C35FiIAJ,0ZGam000000isBBGAY,2026-03-27T23:32:04.000+0000
0ZRWj0000006Mb9OAE,01tWj00000C35FjIAJ,0ZGam000000isBBGAY,2026-03-27T23:31:57.000+0000
0ZRWj0000006N1eOAE,01tWj00000C35FkIAJ,0ZGam000000isBBGAY,2026-03-27T23:32:27.000+0000
0ZRWj0000006Nb8OAE,01tWj00000C35FlIAJ,0ZGam000000isBBGAY,2026-03-27T23:33:08.000+0000
0ZRWj0000006NMLOA2,01tWj00000C35FmIAJ,0ZGam000000isBBGAY,2026-03-27T23:32:50.000+0000
0ZRWj0000006MkZOAU,01tWj00000C35FnIAJ,0ZGam000000isBBGAY,2026-03-27T23:32:08.000+0000
0ZRWj0000006KaTOAU,01tWj00000C35FoIAJ,0ZGam000000isBBGAY,2026-03-27T20:40:58.000+0000
0ZRWj0000006KdhOAE,01tWj00000C35FoIAJ,0ZGam000000itATGAY,2026-03-27T20:41:20.000+0000
0ZRWj0000006KdiOAE,01tWj00000C35FpIAJ,0ZGam000000itATGAY,2026-03-27T20:41:20.000+0000
0ZRWj0000006KaUOAU,01tWj00000C35FpIAJ,0ZGam000000isBBGAY,2026-03-27T20:40:58.000+0000
0ZRWj0000006Kk9OAE,01tWj00000C35FqIAJ,0ZGam000000isBBGAY,2026-03-27T20:43:37.000+0000
0ZRWj0000006KgvOAE,01tWj00000C35FqIAJ,0ZGam000000itATGAY,2026-03-27T20:43:17.000+0000
0ZRWj0000006KkAOAU,01tWj00000C35FrIAJ,0ZGam000000isBBGAY,2026-03-27T20:43:37.000+0000
0ZRWj0000006KgwOAE,01tWj00000C35FrIAJ,0ZGam000000itATGAY,2026-03-27T20:43:17.000+0000
0ZRWj0000006KnNOAU,01tWj00000C35FsIAJ,0ZGam000000itATGAY,2026-03-27T20:44:12.000+0000
0ZRWj0000006KqbOAE,01tWj00000C35FsIAJ,0ZGam000000isBBGAY,2026-03-27T20:44:27.000+0000
0ZRWj0000006KqcOAE,01tWj00000C35FtIAJ,0ZGam000000isBBGAY,2026-03-27T20:44:27.000+0000
0ZRWj0000006KnOOAU,01tWj00000C35FtIAJ,0ZGam000000itATGAY,2026-03-27T20:44:12.000+0000
0ZRWj0000006KtpOAE,01tWj00000C35FuIAJ,0ZGam000000isBBGAY,2026-03-27T21:04:22.000+0000
0ZRWj0000006Kx3OAE,01tWj00000C35FuIAJ,0ZGam000000itATGAY,2026-03-27T21:04:37.000+0000
0ZRWj0000006Kx4OAE,01tWj00000C35FvIAJ,0ZGam000000itATGAY,2026-03-27T21:04:37.000+0000
0ZRWj0000006KtqOAE,01tWj00000C35FvIAJ,0ZGam000000isBBGAY,2026-03-27T21:04:22.000+0000
0ZRWj0000006L3VOAU,01tWj00000C35FwIAJ,0ZGam000000itATGAY,2026-03-27T21:05:44.000+0000
0ZRWj0000006L0HOAU,01tWj00000C35FwIAJ,0ZGam000000isBBGAY,2026-03-27T21:05:29.000+0000
0ZRWj0000006L3WOAU,01tWj00000C35FxIAJ,0ZGam000000itATGAY,2026-03-27T21:05:44.000+0000
0ZRWj0000006L0IOAU,01tWj00000C35FxIAJ,0ZGam000000isBBGAY,2026-03-27T21:05:29.000+0000
0ZRWj0000006L9xOAE,01tWj00000C35FyIAJ,0ZGam000000isBBGAY,2026-03-27T21:06:35.000+0000
0ZRWj0000006L6jOAE,01tWj00000C35FyIAJ,0ZGam000000itATGAY,2026-03-27T21:06:18.000+0000
0ZRWj0000006L6kOAE,01tWj00000C35FzIAJ,0ZGam000000itATGAY,2026-03-27T21:06:18.000+0000
0ZRWj0000006L9yOAE,01tWj00000C35FzIAJ,0ZGam000000isBBGAY,2026-03-27T21:06:35.000+0000
0ZRWj0000006MoNOAU,01tWj00000C35G0IAJ,0ZGam000000isBBGAY,2026-03-27T23:32:12.000+0000
0ZRWj0000006N7yOAE,01tWj00000C35G1IAJ,0ZGam000000isBBGAY,2026-03-27T23:32:34.000+0000
0ZRWj0000006NAROA2,01tWj00000C35G2IAJ,0ZGam000000isBBGAY,2026-03-27T23:32:38.000+0000
0ZRWj0000006NhvOAE,01tWj00000C35G3IAJ,0ZGam000000isBBGAY,2026-03-27T23:33:16.000+0000
0ZRWj0000006Mk0OAE,01tWj00000C35G4IAJ,0ZGam000000isBBGAY,2026-03-27T23:32:04.000+0000
0ZRWj0000006NQaOAM,01tWj00000C35G5IAJ,0ZGam000000isBBGAY,2026-03-27T23:32:57.000+0000
0ZRWj0000006Mu0OAE,01tWj00000C35G6IAJ,0ZGam000000isBBGAY,2026-03-27T23:32:20.000+0000
0ZRWj0000006NKzOAM,01tWj00000C35G7IAJ,0ZGam000000isBBGAY,2026-03-27T23:32:50.000+0000
0ZRWj0000006N6LOAU,01tWj00000C35G8IAJ,0ZGam000000isBBGAY,2026-03-27T23:32:31.000+0000
0ZRWj0000006MlrOAE,01tWj00000C35G9IAJ,0ZGam000000isBBGAY,2026-03-27T23:32:08.000+0000
0ZRWj0000006MnBOAU,01tWj00000C35GAIAZ,0ZGam000000isBBGAY,2026-03-27T23:32:08.000+0000
0ZRWj0000006NWROA2,01tWj00000C35GBIAZ,0ZGam000000isBBGAY,2026-03-27T23:33:01.000+0000
0ZRWj0000006MoSOAU,01tWj00000C35GCIAZ,0ZGam000000isBBGAY,2026-03-27T23:32:12.000+0000
0ZRWj0000006MfGOAU,01tWj00000C35GDIAZ,0ZGam000000isBBGAY,2026-03-27T23:32:01.000+0000
0ZRWj0000006N7aOAE,01tWj00000C35GEIAZ,0ZGam000000isBBGAY,2026-03-27T23:32:34.000+0000
0ZRWj0000006MjxOAE,01tWj00000C35GFIAZ,0ZGam000000isBBGAY,2026-03-27T23:32:04.000+0000
0ZRWj0000006MnnOAE,01tWj00000C35GGIAZ,0ZGam000000isBBGAY,2026-03-27T23:32:12.000+0000
0ZRWj0000006MmTOAU,01tWj00000C35GHIAZ,0ZGam000000isBBGAY,2026-03-27T23:32:08.000+0000
0ZRWj0000006NVGOA2,01tWj00000C35GIIAZ,0ZGam000000isBBGAY,2026-03-27T23:33:01.000+0000
0ZRWj0000006N6EOAU,01tWj00000C35GJIAZ,0ZGam000000isBBGAY,2026-03-27T23:32:31.000+0000
0ZRWj0000006NYbOAM,01tWj00000C35GKIAZ,0ZGam000000isBBGAY,2026-03-27T23:33:04.000+0000
0ZRWj0000006MvJOAU,01tWj00000C35GLIAZ,0ZGam000000isBBGAY,2026-03-27T23:32:20.000+0000
0ZRWj0000006MeTOAU,01tWj00000C35GMIAZ,0ZGam000000isBBGAY,2026-03-27T23:32:01.000+0000
0ZRWj0000006NwCOAU,01tWj00000C35GNIAZ,0ZGam000000isBBGAY,2026-03-27T23:33:31.000+0000
0ZRWj0000006NgCOAU,01tWj00000C35GOIAZ,0ZGam000000isBBGAY,2026-03-27T23:33:12.000+0000
0ZRWj0000006NY4OAM,01tWj00000C35GPIAZ,0ZGam000000isBBGAY,2026-03-27T23:33:04.000+0000
0ZRWj0000006NEwOAM,01tWj00000C35GQIAZ,0ZGam000000isBBGAY,2026-03-27T23:32:42.000+0000
0ZRWj0000006NXzOAM,01tWj00000C35GRIAZ,0ZGam000000isBBGAY,2026-03-27T23:33:04.000+0000
0ZRWj0000006NQmOAM,01tWj00000C35GSIAZ,0ZGam000000isBBGAY,2026-03-27T23:32:57.000+0000
0ZRWj0000006NZvOAM,01tWj00000C35GTIAZ,0ZGam000000isBBGAY,2026-03-27T23:33:08.000+0000
0ZRWj0000006Nc3OAE,01tWj00000C35GUIAZ,0ZGam000000isBBGAY,2026-03-27T23:33:08.000+0000
0ZRWj0000006MqGOAU,01tWj00000C35GVIAZ,0ZGam000000isBBGAY,2026-03-27T23:32:12.000+0000
0ZRWj0000006N4COAU,01tWj00000C35GWIAZ,0ZGam000000isBBGAY,2026-03-27T23:32:31.000+0000
0ZRWj0000006NrwOAE,01tWj00000C35GXIAZ,0ZGam000000isBBGAY,2026-03-27T23:33:27.000+0000
0ZRWj0000006MfXOAU,01tWj00000C35GYIAZ,0ZGam000000isBBGAY,2026-03-27T23:32:01.000+0000
0ZRWj0000006NGYOA2,01tWj00000C35GZIAZ,0ZGam000000isBBGAY,2026-03-27T23:32:46.000+0000
0ZRWj0000006KdjOAE,01tWj00000C35GaIAJ,0ZGam000000itATGAY,2026-03-27T20:41:20.000+0000
0ZRWj0000006KaVOAU,01tWj00000C35GaIAJ,0ZGam000000isBBGAY,2026-03-27T20:40:58.000+0000
0ZRWj0000006KaWOAU,01tWj00000C35GbIAJ,0ZGam000000isBBGAY,2026-03-27T20:40:58.000+0000
0ZRWj0000006KdkOAE,01tWj00000C35GbIAJ,0ZGam000000itATGAY,2026-03-27T20:41:20.000+0000
0ZRWj0000006KgxOAE,01tWj00000C35GcIAJ,0ZGam000000itATGAY,2026-03-27T20:43:17.000+0000
0ZRWj0000006KkBOAU,01tWj00000C35GcIAJ,0ZGam000000isBBGAY,2026-03-27T20:43:37.000+0000
0ZRWj0000006KkCOAU,01tWj00000C35GdIAJ,0ZGam000000isBBGAY,2026-03-27T20:43:37.000+0000
0ZRWj0000006KgyOAE,01tWj00000C35GdIAJ,0ZGam000000itATGAY,2026-03-27T20:43:17.000+0000
0ZRWj0000006KnPOAU,01tWj00000C35GeIAJ,0ZGam000000itATGAY,2026-03-27T20:44:12.000+0000
0ZRWj0000006KqdOAE,01tWj00000C35GeIAJ,0ZGam000000isBBGAY,2026-03-27T20:44:27.000+0000
0ZRWj0000006KqeOAE,01tWj00000C35GfIAJ,0ZGam000000isBBGAY,2026-03-27T20:44:27.000+0000
0ZRWj0000006KnQOAU,01tWj00000C35GfIAJ,0ZGam000000itATGAY,2026-03-27T20:44:12.000+0000
0ZRWj0000006KtrOAE,01tWj00000C35GgIAJ,0ZGam000000isBBGAY,2026-03-27T21:04:22.000+0000
0ZRWj0000006Kx5OAE,01tWj00000C35GgIAJ,0ZGam000000itATGAY,2026-03-27T21:04:37.000+0000
0ZRWj0000006KtsOAE,01tWj00000C35GhIAJ,0ZGam000000isBBGAY,2026-03-27T21:04:22.000+0000
0ZRWj0000006Kx6OAE,01tWj00000C35GhIAJ,0ZGam000000itATGAY,2026-03-27T21:04:37.000+0000
0ZRWj0000006L0JOAU,01tWj00000C35GiIAJ,0ZGam000000isBBGAY,2026-03-27T21:05:29.000+0000
0ZRWj0000006L3XOAU,01tWj00000C35GiIAJ,0ZGam000000itATGAY,2026-03-27T21:05:44.000+0000
0ZRWj0000006L0KOAU,01tWj00000C35GjIAJ,0ZGam000000isBBGAY,2026-03-27T21:05:29.000+0000
0ZRWj0000006L3YOAU,01tWj00000C35GjIAJ,0ZGam000000itATGAY,2026-03-27T21:05:44.000+0000
0ZRWj0000006L9zOAE,01tWj00000C35GkIAJ,0ZGam000000isBBGAY,2026-03-27T21:06:35.000+0000
0ZRWj0000006L6lOAE,01tWj00000C35GkIAJ,0ZGam000000itATGAY,2026-03-27T21:06:18.000+0000
0ZRWj0000006L6mOAE,01tWj00000C35GlIAJ,0ZGam000000itATGAY,2026-03-27T21:06:18.000+0000
0ZRWj0000006LA0OAM,01tWj00000C35GlIAJ,0ZGam000000isBBGAY,2026-03-27T21:06:35.000+0000
0ZRWj0000006NMfOAM,01tWj00000C35GmIAJ,0ZGam000000isBBGAY,2026-03-27T23:32:50.000+0000
0ZRWj0000006NYZOA2,01tWj00000C35GnIAJ,0ZGam000000isBBGAY,2026-03-27T23:33:04.000+0000
0ZRWj0000006NPAOA2,01tWj00000C35GoIAJ,0ZGam000000isBBGAY,2026-03-27T23:32:53.000+0000
0ZRWj0000006MzbOAE,01tWj00000C35GpIAJ,0ZGam000000isBBGAY,2026-03-27T23:32:23.000+0000
0ZRWj0000006N3bOAE,01tWj00000C35GqIAJ,0ZGam000000isBBGAY,2026-03-27T23:32:31.000+0000
0ZRWj0000006NfgOAE,01tWj00000C35GrIAJ,0ZGam000000isBBGAY,2026-03-27T23:33:12.000+0000
0ZRWj0000006NeGOAU,01tWj00000C35GsIAJ,0ZGam000000isBBGAY,2026-03-27T23:33:12.000+0000
0ZRWj0000006MsDOAU,01tWj00000C35GtIAJ,0ZGam000000isBBGAY,2026-03-27T23:32:15.000+0000
0ZRWj0000006NpXOAU,01tWj00000C35GuIAJ,0ZGam000000isBBGAY,2026-03-27T23:33:23.000+0000
0ZRWj0000006NqSOAU,01tWj00000C35GvIAJ,0ZGam000000isBBGAY,2026-03-27T23:33:27.000+0000
0ZRWj0000006NkkOAE,01tWj00000C35GwIAJ,0ZGam000000isBBGAY,2026-03-27T23:33:20.000+0000
0ZRWj0000006MvjOAE,01tWj00000C35GxIAJ,0ZGam000000isBBGAY,2026-03-27T23:32:20.000+0000
0ZRWj0000006NXhOAM,01tWj00000C35GyIAJ,0ZGam000000isBBGAY,2026-03-27T23:33:04.000+0000
0ZRWj0000006NNlOAM,01tWj00000C35GzIAJ,0ZGam000000isBBGAY,2026-03-27T23:32:53.000+0000
0ZRWj0000006NgOOAU,01tWj00000C35H0IAJ,0ZGam000000isBBGAY,2026-03-27T23:33:16.000+0000
0ZRWj0000006MnoOAE,01tWj00000C35H1IAJ,0ZGam000000isBBGAY,2026-03-27T23:32:12.000+0000
0ZRWj0000006N7ROAU,01tWj00000C35H2IAJ,0ZGam000000isBBGAY,2026-03-27T23:32:34.000+0000
0ZRWj0000006N5VOAU,01tWj00000C35H3IAJ,0ZGam000000isBBGAY,2026-03-27T23:32:31.000+0000
0ZRWj0000006NNNOA2,01tWj00000C35H4IAJ,0ZGam000000isBBGAY,2026-03-27T23:32:53.000+0000
0ZRWj0000006N2cOAE,01tWj00000C35H5IAJ,0ZGam000000isBBGAY,2026-03-27T23:32:27.000+0000
0ZRWj0000006NZdOAM,01tWj00000C35H6IAJ,0ZGam000000isBBGAY,2026-03-27T23:33:04.000+0000
0ZRWj0000006MslOAE,01tWj00000C35H7IAJ,0ZGam000000isBBGAY,2026-03-27T23:32:15.000+0000
0ZRWj0000006NKeOAM,01tWj00000C35H8IAJ,0ZGam000000isBBGAY,2026-03-27T23:32:50.000+0000
0ZRWj0000006NgWOAU,01tWj00000C35H9IAJ,0ZGam000000isBBGAY,2026-03-27T23:33:16.000+0000
0ZRWj0000006NQwOAM,01tWj00000C35HAIAZ,0ZGam000000isBBGAY,2026-03-27T23:32:57.000+0000
0ZRWj0000006MpzOAE,01tWj00000C35HBIAZ,0ZGam000000isBBGAY,2026-03-27T23:32:12.000+0000
0ZRWj0000006MykOAE,01tWj00000C35HCIAZ,0ZGam000000isBBGAY,2026-03-27T23:32:23.000+0000
0ZRWj0000006NtOOAU,01tWj00000C35HDIAZ,0ZGam000000isBBGAY,2026-03-27T23:33:31.000+0000
0ZRWj0000006MeSOAU,01tWj00000C35HEIAZ,0ZGam000000isBBGAY,2026-03-27T23:32:01.000+0000
0ZRWj0000006NOQOA2,01tWj00000C35HFIAZ,0ZGam000000isBBGAY,2026-03-27T23:32:53.000+0000
0ZRWj0000006NJwOAM,01tWj00000C35HGIAZ,0ZGam000000isBBGAY,2026-03-27T23:32:50.000+0000
0ZRWj0000006NZ5OAM,01tWj00000C35HHIAZ,0ZGam000000isBBGAY,2026-03-27T23:33:04.000+0000
0ZRWj0000006NZgOAM,01tWj00000C35HIIAZ,0ZGam000000isBBGAY,2026-03-27T23:33:04.000+0000
0ZRWj0000006N7kOAE,01tWj00000C35HJIAZ,0ZGam000000isBBGAY,2026-03-27T23:32:34.000+0000
0ZRWj0000006NeXOAU,01tWj00000C35HKIAZ,0ZGam000000isBBGAY,2026-03-27T23:33:12.000+0000
0ZRWj0000006Mr0OAE,01tWj00000C35HLIAZ,0ZGam000000isBBGAY,2026-03-27T23:32:15.000+0000
0ZRWj0000006KdlOAE,01tWj00000C35HMIAZ,0ZGam000000itATGAY,2026-03-27T20:41:20.000+0000
0ZRWj0000006KaXOAU,01tWj00000C35HMIAZ,0ZGam000000isBBGAY,2026-03-27T20:40:58.000+0000
0ZRWj0000006KaYOAU,01tWj00000C35HNIAZ,0ZGam000000isBBGAY,2026-03-27T20:40:58.000+0000
0ZRWj0000006KdmOAE,01tWj00000C35HNIAZ,0ZGam000000itATGAY,2026-03-27T20:41:20.000+0000
0ZRWj0000006KgzOAE,01tWj00000C35HOIAZ,0ZGam000000itATGAY,2026-03-27T20:43:17.000+0000
0ZRWj0000006KkDOAU,01tWj00000C35HOIAZ,0ZGam000000isBBGAY,2026-03-27T20:43:37.000+0000
0ZRWj0000006Kh0OAE,01tWj00000C35HPIAZ,0ZGam000000itATGAY,2026-03-27T20:43:17.000+0000
0ZRWj0000006KkEOAU,01tWj00000C35HPIAZ,0ZGam000000isBBGAY,2026-03-27T20:43:37.000+0000
0ZRWj0000006KqfOAE,01tWj00000C35HQIAZ,0ZGam000000isBBGAY,2026-03-27T20:44:27.000+0000
0ZRWj0000006KnROAU,01tWj00000C35HQIAZ,0ZGam000000itATGAY,2026-03-27T20:44:12.000+0000
0ZRWj0000006KqgOAE,01tWj00000C35HRIAZ,0ZGam000000isBBGAY,2026-03-27T20:44:27.000+0000
0ZRWj0000006KnSOAU,01tWj00000C35HRIAZ,0ZGam000000itATGAY,2026-03-27T20:44:12.000+0000
0ZRWj0000006Kx7OAE,01tWj00000C35HSIAZ,0ZGam000000itATGAY,2026-03-27T21:04:37.000+0000
0ZRWj0000006KttOAE,01tWj00000C35HSIAZ,0ZGam000000isBBGAY,2026-03-27T21:04:22.000+0000
0ZRWj0000006Kx8OAE,01tWj00000C35HTIAZ,0ZGam000000itATGAY,2026-03-27T21:04:37.000+0000
0ZRWj0000006KtuOAE,01tWj00000C35HTIAZ,0ZGam000000isBBGAY,2026-03-27T21:04:22.000+0000
0ZRWj0000006L3ZOAU,01tWj00000C35HUIAZ,0ZGam000000itATGAY,2026-03-27T21:05:44.000+0000
0ZRWj0000006L0LOAU,01tWj00000C35HUIAZ,0ZGam000000isBBGAY,2026-03-27T21:05:29.000+0000
0ZRWj0000006L0MOAU,01tWj00000C35HVIAZ,0ZGam000000isBBGAY,2026-03-27T21:05:29.000+0000
0ZRWj0000006L3aOAE,01tWj00000C35HVIAZ,0ZGam000000itATGAY,2026-03-27T21:05:44.000+0000
0ZRWj0000006L6nOAE,01tWj00000C35HWIAZ,0ZGam000000itATGAY,2026-03-27T21:06:18.000+0000
0ZRWj0000006LA1OAM,01tWj00000C35HWIAZ,0ZGam000000isBBGAY,2026-03-27T21:06:35.000+0000
0ZRWj0000006L6oOAE,01tWj00000C35HXIAZ,0ZGam000000itATGAY,2026-03-27T21:06:18.000+0000
0ZRWj0000006LA2OAM,01tWj00000C35HXIAZ,0ZGam000000isBBGAY,2026-03-27T21:06:35.000+0000
0ZRWj0000006NUcOAM,01tWj00000C35HYIAZ,0ZGam000000isBBGAY,2026-03-27T23:33:01.000+0000
0ZRWj0000006NRPOA2,01tWj00000C35HZIAZ,0ZGam000000isBBGAY,2026-03-27T23:32:57.000+0000
0ZRWj0000006MdOOAU,01tWj00000C35HaIAJ,0ZGam000000isBBGAY,2026-03-27T23:31:57.000+0000
0ZRWj0000006MkCOAU,01tWj00000C35HbIAJ,0ZGam000000isBBGAY,2026-03-27T23:32:04.000+0000
0ZRWj0000006NiDOAU,01tWj00000C35HcIAJ,0ZGam000000isBBGAY,2026-03-27T23:33:16.000+0000
0ZRWj0000006N9UOAU,01tWj00000C35HdIAJ,0ZGam000000isBBGAY,2026-03-27T23:32:34.000+0000
0ZRWj0000006MeqOAE,01tWj00000C35HeIAJ,0ZGam000000isBBGAY,2026-03-27T23:32:01.000+0000
0ZRWj0000006NDrOAM,01tWj00000C35HfIAJ,0ZGam000000isBBGAY,2026-03-27T23:32:42.000+0000
0ZRWj0000006NEbOAM,01tWj00000C35HgIAJ,0ZGam000000isBBGAY,2026-03-27T23:32:42.000+0000
0ZRWj0000006NkFOAU,01tWj00000C35HhIAJ,0ZGam000000isBBGAY,2026-03-27T23:33:20.000+0000
0ZRWj0000006NtCOAU,01tWj00000C35HiIAJ,0ZGam000000isBBGAY,2026-03-27T23:33:31.000+0000
0ZRWj0000006MlfOAE,01tWj00000C35HjIAJ,0ZGam000000isBBGAY,2026-03-27T23:32:08.000+0000
0ZRWj0000006NCuOAM,01tWj00000C35HkIAJ,0ZGam000000isBBGAY,2026-03-27T23:32:38.000+0000
0ZRWj0000006NagOAE,01tWj00000C35HlIAJ,0ZGam000000isBBGAY,2026-03-27T23:33:08.000+0000
0ZRWj0000006N3tOAE,01tWj00000C35HmIAJ,0ZGam000000isBBGAY,2026-03-27T23:32:31.000+0000
0ZRWj0000006NK4OAM,01tWj00000C35HnIAJ,0ZGam000000isBBGAY,2026-03-27T23:32:50.000+0000
0ZRWj0000006N0EOAU,01tWj00000C35HoIAJ,0ZGam000000isBBGAY,2026-03-27T23:32:23.000+0000
0ZRWj0000006MiKOAU,01tWj00000C35HpIAJ,0ZGam000000isBBGAY,2026-03-27T23:32:04.000+0000
0ZRWj0000006MdyOAE,01tWj00000C35HqIAJ,0ZGam000000isBBGAY,2026-03-27T23:32:01.000+0000
0ZRWj0000006Mj3OAE,01tWj00000C35HrIAJ,0ZGam000000isBBGAY,2026-03-27T23:32:04.000+0000
0ZRWj0000006NtUOAU,01tWj00000C35HsIAJ,0ZGam000000isBBGAY,2026-03-27T23:33:31.000+0000
0ZRWj0000006MnkOAE,01tWj00000C35HtIAJ,0ZGam000000isBBGAY,2026-03-27T23:32:12.000+0000
0ZRWj0000006NCtOAM,01tWj00000C35HuIAJ,0ZGam000000isBBGAY,2026-03-27T23:32:38.000+0000
0ZRWj0000006NOIOA2,01tWj00000C35HvIAJ,0ZGam000000isBBGAY,2026-03-27T23:32:53.000+0000
0ZRWj0000006MsCOAU,01tWj00000C35HwIAJ,0ZGam000000isBBGAY,2026-03-27T23:32:15.000+0000
0ZRWj0000006NZyOAM,01tWj00000C35HxIAJ,0ZGam000000isBBGAY,2026-03-27T23:33:08.000+0000
0ZRWj0000006NCaOAM,01tWj00000C35HyIAJ,0ZGam000000isBBGAY,2026-03-27T23:32:38.000+0000
0ZRWj0000006NAXOA2,01tWj00000C35HzIAJ,0ZGam000000isBBGAY,2026-03-27T23:32:38.000+0000
0ZRWj0000006NWqOAM,01tWj00000C35I0IAJ,0ZGam000000isBBGAY,2026-03-27T23:33:04.000+0000
0ZRWj0000006NcbOAE,01tWj00000C35I1IAJ,0ZGam000000isBBGAY,2026-03-27T23:33:08.000+0000
0ZRWj0000006NtcOAE,01tWj00000C35I2IAJ,0ZGam000000isBBGAY,2026-03-27T23:33:31.000+0000
0ZRWj0000006NvwOAE,01tWj00000C35I3IAJ,0ZGam000000isBBGAY,2026-03-27T23:33:31.000+0000
0ZRWj0000006NnKOAU,01tWj00000C35I4IAJ,0ZGam000000isBBGAY,2026-03-27T23:33:23.000+0000
0ZRWj0000006N5DOAU,01tWj00000C35I5IAJ,0ZGam000000isBBGAY,2026-03-27T23:32:31.000+0000
0ZRWj0000006N4XOAU,01tWj00000C35I6IAJ,0ZGam000000isBBGAY,2026-03-27T23:32:31.000+0000
0ZRWj0000006MjjOAE,01tWj00000C35I7IAJ,0ZGam000000isBBGAY,2026-03-27T23:32:04.000+0000
0ZRWj0000006KdnOAE,01tWj00000C35I8IAJ,0ZGam000000itATGAY,2026-03-27T20:41:20.000+0000
0ZRWj0000006KaZOAU,01tWj00000C35I8IAJ,0ZGam000000isBBGAY,2026-03-27T20:40:58.000+0000
0ZRWj0000006KaaOAE,01tWj00000C35I9IAJ,0ZGam000000isBBGAY,2026-03-27T20:40:58.000+0000
0ZRWj0000006KdoOAE,01tWj00000C35I9IAJ,0ZGam000000itATGAY,2026-03-27T20:41:20.000+0000
0ZRWj0000006KkFOAU,01tWj00000C35IAIAZ,0ZGam000000isBBGAY,2026-03-27T20:43:37.000+0000
0ZRWj0000006Kh1OAE,01tWj00000C35IAIAZ,0ZGam000000itATGAY,2026-03-27T20:43:17.000+0000
0ZRWj0000006KkGOAU,01tWj00000C35IBIAZ,0ZGam000000isBBGAY,2026-03-27T20:43:37.000+0000
0ZRWj0000006Kh2OAE,01tWj00000C35IBIAZ,0ZGam000000itATGAY,2026-03-27T20:43:17.000+0000
0ZRWj0000006KnTOAU,01tWj00000C35ICIAZ,0ZGam000000itATGAY,2026-03-27T20:44:12.000+0000
0ZRWj0000006KqhOAE,01tWj00000C35ICIAZ,0ZGam000000isBBGAY,2026-03-27T20:44:27.000+0000
0ZRWj0000006KqiOAE,01tWj00000C35IDIAZ,0ZGam000000isBBGAY,2026-03-27T20:44:27.000+0000
0ZRWj0000006KnUOAU,01tWj00000C35IDIAZ,0ZGam000000itATGAY,2026-03-27T20:44:12.000+0000
0ZRWj0000006Kx9OAE,01tWj00000C35IEIAZ,0ZGam000000itATGAY,2026-03-27T21:04:37.000+0000
0ZRWj0000006KtvOAE,01tWj00000C35IEIAZ,0ZGam000000isBBGAY,2026-03-27T21:04:22.000+0000
0ZRWj0000006KtwOAE,01tWj00000C35IFIAZ,0ZGam000000isBBGAY,2026-03-27T21:04:22.000+0000
0ZRWj0000006KxAOAU,01tWj00000C35IFIAZ,0ZGam000000itATGAY,2026-03-27T21:04:37.000+0000
0ZRWj0000006L3bOAE,01tWj00000C35IGIAZ,0ZGam000000itATGAY,2026-03-27T21:05:44.000+0000
0ZRWj0000006L0NOAU,01tWj00000C35IGIAZ,0ZGam000000isBBGAY,2026-03-27T21:05:29.000+0000
0ZRWj0000006L3cOAE,01tWj00000C35IHIAZ,0ZGam000000itATGAY,2026-03-27T21:05:44.000+0000
0ZRWj0000006L0OOAU,01tWj00000C35IHIAZ,0ZGam000000isBBGAY,2026-03-27T21:05:29.000+0000
0ZRWj0000006L6pOAE,01tWj00000C35IIIAZ,0ZGam000000itATGAY,2026-03-27T21:06:18.000+0000
0ZRWj0000006LA3OAM,01tWj00000C35IIIAZ,0ZGam000000isBBGAY,2026-03-27T21:06:35.000+0000
0ZRWj0000006LA4OAM,01tWj00000C35IJIAZ,0ZGam000000isBBGAY,2026-03-27T21:06:35.000+0000
0ZRWj0000006L6qOAE,01tWj00000C35IJIAZ,0ZGam000000itATGAY,2026-03-27T21:06:18.000+0000
0ZRWj0000006N3MOAU,01tWj00000C35IKIAZ,0ZGam000000isBBGAY,2026-03-27T23:32:27.000+0000
0ZRWj0000006NE4OAM,01tWj00000C35ILIAZ,0ZGam000000isBBGAY,2026-03-27T23:32:42.000+0000
0ZRWj0000006NYFOA2,01tWj00000C35IMIAZ,0ZGam000000isBBGAY,2026-03-27T23:33:04.000+0000
0ZRWj0000006MgNOAU,01tWj00000C35INIAZ,0ZGam000000isBBGAY,2026-03-27T23:32:01.000+0000
0ZRWj0000006NpnOAE,01tWj00000C35IOIAZ,0ZGam000000isBBGAY,2026-03-27T23:33:23.000+0000
0ZRWj0000006NStOAM,01tWj00000C35IPIAZ,0ZGam000000isBBGAY,2026-03-27T23:32:57.000+0000
0ZRWj0000006Mu2OAE,01tWj00000C35IQIAZ,0ZGam000000isBBGAY,2026-03-27T23:32:20.000+0000
0ZRWj0000006MmUOAU,01tWj00000C35IRIAZ,0ZGam000000isBBGAY,2026-03-27T23:32:08.000+0000
0ZRWj0000006MwLOAU,01tWj00000C35ISIAZ,0ZGam000000isBBGAY,2026-03-27T23:32:20.000+0000
0ZRWj0000006NuMOAU,01tWj00000C35ITIAZ,0ZGam000000isBBGAY,2026-03-27T23:33:31.000+0000
0ZRWj0000006N0dOAE,01tWj00000C35IUIAZ,0ZGam000000isBBGAY,2026-03-27T23:32:27.000+0000
0ZRWj0000006NonOAE,01tWj00000C35IVIAZ,0ZGam000000isBBGAY,2026-03-27T23:33:23.000+0000
0ZRWj0000006MrNOAU,01tWj00000C35IWIAZ,0ZGam000000isBBGAY,2026-03-27T23:32:15.000+0000
0ZRWj0000006NgPOAU,01tWj00000C35IXIAZ,0ZGam000000isBBGAY,2026-03-27T23:33:16.000+0000
0ZRWj0000006NelOAE,01tWj00000C35IYIAZ,0ZGam000000isBBGAY,2026-03-27T23:33:12.000+0000
0ZRWj0000006NmTOAU,01tWj00000C35IZIAZ,0ZGam000000isBBGAY,2026-03-27T23:33:20.000+0000
0ZRWj0000006NTsOAM,01tWj00000C35IaIAJ,0ZGam000000isBBGAY,2026-03-27T23:33:01.000+0000
0ZRWj0000006MtFOAU,01tWj00000C35IbIAJ,0ZGam000000isBBGAY,2026-03-27T23:32:15.000+0000
0ZRWj0000006NWuOAM,01tWj00000C35IcIAJ,0ZGam000000isBBGAY,2026-03-27T23:33:04.000+0000
0ZRWj0000006NZmOAM,01tWj00000C35IdIAJ,0ZGam000000isBBGAY,2026-03-27T23:33:04.000+0000
0ZRWj0000006NKBOA2,01tWj00000C35IeIAJ,0ZGam000000isBBGAY,2026-03-27T23:32:50.000+0000
0ZRWj0000006MetOAE,01tWj00000C35IfIAJ,0ZGam000000isBBGAY,2026-03-27T23:32:01.000+0000
0ZRWj0000006NVpOAM,01tWj00000C35IgIAJ,0ZGam000000isBBGAY,2026-03-27T23:33:01.000+0000
0ZRWj0000006MatOAE,01tWj00000C35IhIAJ,0ZGam000000isBBGAY,2026-03-27T23:31:57.000+0000
0ZRWj0000006MvQOAU,01tWj00000C35IiIAJ,0ZGam000000isBBGAY,2026-03-27T23:32:20.000+0000
0ZRWj0000006Ne3OAE,01tWj00000C35IjIAJ,0ZGam000000isBBGAY,2026-03-27T23:33:12.000+0000
0ZRWj0000006MhROAU,01tWj00000C35IkIAJ,0ZGam000000isBBGAY,2026-03-27T23:32:04.000+0000
0ZRWj0000006McnOAE,01tWj00000C35IlIAJ,0ZGam000000isBBGAY,2026-03-27T23:31:57.000+0000
0ZRWj0000006N1dOAE,01tWj00000C35ImIAJ,0ZGam000000isBBGAY,2026-03-27T23:32:27.000+0000
0ZRWj0000006MxzOAE,01tWj00000C35InIAJ,0ZGam000000isBBGAY,2026-03-27T23:32:23.000+0000
0ZRWj0000006NI5OAM,01tWj00000C35IoIAJ,0ZGam000000isBBGAY,2026-03-27T23:32:46.000+0000
0ZRWj0000006NkWOAU,01tWj00000C35IpIAJ,0ZGam000000isBBGAY,2026-03-27T23:33:20.000+0000
0ZRWj0000006NqoOAE,01tWj00000C35IqIAJ,0ZGam000000isBBGAY,2026-03-27T23:33:27.000+0000
0ZRWj0000006NZtOAM,01tWj00000C35IrIAJ,0ZGam000000isBBGAY,2026-03-27T23:33:08.000+0000
0ZRWj0000006NMwOAM,01tWj00000C35IsIAJ,0ZGam000000isBBGAY,2026-03-27T23:32:53.000+0000
0ZRWj0000006MxVOAU,01tWj00000C35ItIAJ,0ZGam000000isBBGAY,2026-03-27T23:32:23.000+0000
0ZRWj0000006NHYOA2,01tWj00000C35IuIAJ,0ZGam000000isHdGAI,2026-03-27T23:32:46.000+0000
0ZRWj0000006K7NOAU,01tWj00000C35IvIAJ,0ZGam000000isCnGAI,2026-03-27T20:29:48.000+0000
0ZRWj0000006K8zOAE,01tWj00000C35IwIAJ,0ZGam000000isCnGAI,2026-03-27T20:30:25.000+0000
0ZRWj0000006KAlOAM,01tWj00000C35IxIAJ,0ZGam000000isCnGAI,2026-03-27T20:31:01.000+0000
0ZRWj0000006KAmOAM,01tWj00000C35IyIAJ,0ZGam000000isCnGAI,2026-03-27T20:31:01.000+0000
0ZRWj0000006KCHOA2,01tWj00000C35IzIAJ,0ZGam000000isCnGAI,2026-03-27T20:31:31.000+0000
0ZRWj0000006KCIOA2,01tWj00000C35J0IAJ,0ZGam000000isCnGAI,2026-03-27T20:31:31.000+0000
0ZRWj0000006KDtOAM,01tWj00000C35J1IAJ,0ZGam000000isCnGAI,2026-03-27T20:32:06.000+0000
0ZRWj0000006KDuOAM,01tWj00000C35J2IAJ,0ZGam000000isCnGAI,2026-03-27T20:32:06.000+0000
0ZRWj0000006KFVOA2,01tWj00000C35J3IAJ,0ZGam000000isCnGAI,2026-03-27T20:32:31.000+0000
0ZRWj0000006KFWOA2,01tWj00000C35J4IAJ,0ZGam000000isCnGAI,2026-03-27T20:32:31.000+0000
0ZRWj0000006KHBOA2,01tWj00000C35J5IAJ,0ZGam000000isCnGAI,2026-03-27T20:33:12.000+0000
0ZRWj0000006KHCOA2,01tWj00000C35J6IAJ,0ZGam000000isCnGAI,2026-03-27T20:33:12.000+0000
0ZRWj0000006KHDOA2,01tWj00000C35J7IAJ,0ZGam000000isCnGAI,2026-03-27T20:33:12.000+0000
0ZRWj0000006KInOAM,01tWj00000C35J8IAJ,0ZGam000000isCnGAI,2026-03-27T20:33:49.000+0000
0ZRWj0000006KIoOAM,01tWj00000C35J9IAJ,0ZGam000000isCnGAI,2026-03-27T20:33:49.000+0000
0ZRWj0000006KIpOAM,01tWj00000C35JAIAZ,0ZGam000000isCnGAI,2026-03-27T20:33:49.000+0000
0ZRWj0000006KKLOA2,01tWj00000C35JBIAZ,0ZGam000000isCnGAI,2026-03-27T20:34:33.000+0000
0ZRWj0000006KKMOA2,01tWj00000C35JCIAZ,0ZGam000000isCnGAI,2026-03-27T20:34:33.000+0000
0ZRWj0000006KKNOA2,01tWj00000C35JDIAZ,0ZGam000000isCnGAI,2026-03-27T20:34:33.000+0000
0ZRWj0000006KM1OAM,01tWj00000C35JEIAZ,0ZGam000000isCnGAI,2026-03-27T20:35:28.000+0000
0ZRWj0000006KM2OAM,01tWj00000C35JFIAZ,0ZGam000000isCnGAI,2026-03-27T20:35:28.000+0000
0ZRWj0000006KM3OAM,01tWj00000C35JGIAZ,0ZGam000000isCnGAI,2026-03-27T20:35:28.000+0000
0ZRWj0000006KNhOAM,01tWj00000C35JHIAZ,0ZGam000000isCnGAI,2026-03-27T20:36:16.000+0000
0ZRWj0000006KNiOAM,01tWj00000C35JIIAZ,0ZGam000000isCnGAI,2026-03-27T20:36:16.000+0000
0ZRWj0000006KNjOAM,01tWj00000C35JJIAZ,0ZGam000000isCnGAI,2026-03-27T20:36:16.000+0000
0ZRWj0000006KNkOAM,01tWj00000C35JKIAZ,0ZGam000000isCnGAI,2026-03-27T20:36:16.000+0000
0ZRWj0000006KQvOAM,01tWj00000C35JLIAZ,0ZGam000000isCnGAI,2026-03-27T20:37:06.000+0000
0ZRWj0000006KQwOAM,01tWj00000C35JMIAZ,0ZGam000000isCnGAI,2026-03-27T20:37:06.000+0000
0ZRWj0000006KQxOAM,01tWj00000C35JNIAZ,0ZGam000000isCnGAI,2026-03-27T20:37:06.000+0000
0ZRWj0000006KQyOAM,01tWj00000C35JOIAZ,0ZGam000000isCnGAI,2026-03-27T20:37:06.000+0000
0ZRWj0000006KU9OAM,01tWj00000C35JPIAZ,0ZGam000000isCnGAI,2026-03-27T20:37:59.000+0000
0ZRWj0000006KUAOA2,01tWj00000C35JQIAZ,0ZGam000000isCnGAI,2026-03-27T20:37:59.000+0000
0ZRWj0000006KUBOA2,01tWj00000C35JRIAZ,0ZGam000000isCnGAI,2026-03-27T20:37:59.000+0000
0ZRWj0000006KUCOA2,01tWj00000C35JSIAZ,0ZGam000000isCnGAI,2026-03-27T20:37:59.000+0000
0ZRWj0000006KXJOA2,01tWj00000C35JTIAZ,0ZGam000000isCnGAI,2026-03-27T20:38:39.000+0000
0ZRWj0000006KXKOA2,01tWj00000C35JUIAZ,0ZGam000000isCnGAI,2026-03-27T20:38:39.000+0000
0ZRWj0000006KXLOA2,01tWj00000C35JVIAZ,0ZGam000000isCnGAI,2026-03-27T20:38:39.000+0000
0ZRWj0000006KYrOAM,01tWj00000C35JWIAZ,0ZGam000000isCnGAI,2026-03-27T20:39:10.000+0000
0ZRWj0000006KYsOAM,01tWj00000C35JXIAZ,0ZGam000000isCnGAI,2026-03-27T20:39:10.000+0000
0ZRWj0000006NhuOAE,01tWj00000C35JYIAZ,0ZGam000000isCnGAI,2026-03-27T23:33:16.000+0000
0ZRWj0000006NTSOA2,01tWj00000C35JZIAZ,0ZGam000000isCnGAI,2026-03-27T23:33:01.000+0000
0ZRWj0000006NAoOAM,01tWj00000C35JaIAJ,0ZGam000000isCnGAI,2026-03-27T23:32:38.000+0000
0ZRWj0000006NdLOAU,01tWj00000C35JbIAJ,0ZGam000000isCnGAI,2026-03-27T23:33:12.000+0000
0ZRWj0000006NOlOAM,01tWj00000C35JcIAJ,0ZGam000000isCnGAI,2026-03-27T23:32:53.000+0000
0ZRWj0000006Mo1OAE,01tWj00000C35JdIAJ,0ZGam000000isCnGAI,2026-03-27T23:32:12.000+0000
0ZRWj0000006MjDOAU,01tWj00000C35JeIAJ,0ZGam000000isCnGAI,2026-03-27T23:32:04.000+0000
0ZRWj0000006NQpOAM,01tWj00000C35JfIAJ,0ZGam000000isCnGAI,2026-03-27T23:32:57.000+0000
0ZRWj0000006N6lOAE,01tWj00000C35JgIAJ,0ZGam000000isCnGAI,2026-03-27T23:32:31.000+0000
0ZRWj0000006NZYOA2,01tWj00000C35JhIAJ,0ZGam000000isCnGAI,2026-03-27T23:33:04.000+0000
0ZRWj0000006MfSOAU,01tWj00000C35JiIAJ,0ZGam000000isCnGAI,2026-03-27T23:32:01.000+0000
0ZRWj0000006K7OOAU,01tWj00000C35JjIAJ,0ZGam000000isCnGAI,2026-03-27T20:29:48.000+0000
0ZRWj0000006K90OAE,01tWj00000C35JkIAJ,0ZGam000000isCnGAI,2026-03-27T20:30:25.000+0000
0ZRWj0000006KAnOAM,01tWj00000C35JlIAJ,0ZGam000000isCnGAI,2026-03-27T20:31:01.000+0000
0ZRWj0000006KAoOAM,01tWj00000C35JmIAJ,0ZGam000000isCnGAI,2026-03-27T20:31:01.000+0000
0ZRWj0000006KCJOA2,01tWj00000C35JnIAJ,0ZGam000000isCnGAI,2026-03-27T20:31:31.000+0000
0ZRWj0000006KCKOA2,01tWj00000C35JoIAJ,0ZGam000000isCnGAI,2026-03-27T20:31:31.000+0000
0ZRWj0000006KDvOAM,01tWj00000C35JpIAJ,0ZGam000000isCnGAI,2026-03-27T20:32:06.000+0000
0ZRWj0000006KDwOAM,01tWj00000C35JqIAJ,0ZGam000000isCnGAI,2026-03-27T20:32:06.000+0000
0ZRWj0000006KFXOA2,01tWj00000C35JrIAJ,0ZGam000000isCnGAI,2026-03-27T20:32:31.000+0000
0ZRWj0000006KFYOA2,01tWj00000C35JsIAJ,0ZGam000000isCnGAI,2026-03-27T20:32:31.000+0000
0ZRWj0000006KHEOA2,01tWj00000C35JtIAJ,0ZGam000000isCnGAI,2026-03-27T20:33:12.000+0000
0ZRWj0000006KHFOA2,01tWj00000C35JuIAJ,0ZGam000000isCnGAI,2026-03-27T20:33:12.000+0000
0ZRWj0000006KHGOA2,01tWj00000C35JvIAJ,0ZGam000000isCnGAI,2026-03-27T20:33:12.000+0000
0ZRWj0000006KIqOAM,01tWj00000C35JwIAJ,0ZGam000000isCnGAI,2026-03-27T20:33:49.000+0000
0ZRWj0000006KIrOAM,01tWj00000C35JxIAJ,0ZGam000000isCnGAI,2026-03-27T20:33:49.000+0000
0ZRWj0000006KIsOAM,01tWj00000C35JyIAJ,0ZGam000000isCnGAI,2026-03-27T20:33:49.000+0000
0ZRWj0000006KKOOA2,01tWj00000C35JzIAJ,0ZGam000000isCnGAI,2026-03-27T20:34:33.000+0000
0ZRWj0000006KKPOA2,01tWj00000C35K0IAJ,0ZGam000000isCnGAI,2026-03-27T20:34:33.000+0000
0ZRWj0000006KKQOA2,01tWj00000C35K1IAJ,0ZGam000000isCnGAI,2026-03-27T20:34:33.000+0000
0ZRWj0000006KM4OAM,01tWj00000C35K2IAJ,0ZGam000000isCnGAI,2026-03-27T20:35:28.000+0000
0ZRWj0000006KM5OAM,01tWj00000C35K3IAJ,0ZGam000000isCnGAI,2026-03-27T20:35:28.000+0000
0ZRWj0000006KM6OAM,01tWj00000C35K4IAJ,0ZGam000000isCnGAI,2026-03-27T20:35:28.000+0000
0ZRWj0000006KNlOAM,01tWj00000C35K5IAJ,0ZGam000000isCnGAI,2026-03-27T20:36:16.000+0000
0ZRWj0000006KNmOAM,01tWj00000C35K6IAJ,0ZGam000000isCnGAI,2026-03-27T20:36:16.000+0000
0ZRWj0000006KNnOAM,01tWj00000C35K7IAJ,0ZGam000000isCnGAI,2026-03-27T20:36:16.000+0000
0ZRWj0000006KNoOAM,01tWj00000C35K8IAJ,0ZGam000000isCnGAI,2026-03-27T20:36:16.000+0000
0ZRWj0000006KQzOAM,01tWj00000C35K9IAJ,0ZGam000000isCnGAI,2026-03-27T20:37:06.000+0000
0ZRWj0000006KR0OAM,01tWj00000C35KAIAZ,0ZGam000000isCnGAI,2026-03-27T20:37:06.000+0000
0ZRWj0000006KR1OAM,01tWj00000C35KBIAZ,0ZGam000000isCnGAI,2026-03-27T20:37:06.000+0000
0ZRWj0000006KR2OAM,01tWj00000C35KCIAZ,0ZGam000000isCnGAI,2026-03-27T20:37:06.000+0000
0ZRWj0000006KUDOA2,01tWj00000C35KDIAZ,0ZGam000000isCnGAI,2026-03-27T20:37:59.000+0000
0ZRWj0000006KUEOA2,01tWj00000C35KEIAZ,0ZGam000000isCnGAI,2026-03-27T20:37:59.000+0000
0ZRWj0000006KUFOA2,01tWj00000C35KFIAZ,0ZGam000000isCnGAI,2026-03-27T20:37:59.000+0000
0ZRWj0000006KUGOA2,01tWj00000C35KGIAZ,0ZGam000000isCnGAI,2026-03-27T20:37:59.000+0000
0ZRWj0000006KXMOA2,01tWj00000C35KHIAZ,0ZGam000000isCnGAI,2026-03-27T20:38:39.000+0000
0ZRWj0000006KXNOA2,01tWj00000C35KIIAZ,0ZGam000000isCnGAI,2026-03-27T20:38:39.000+0000
0ZRWj0000006KXOOA2,01tWj00000C35KJIAZ,0ZGam000000isCnGAI,2026-03-27T20:38:39.000+0000
0ZRWj0000006KYtOAM,01tWj00000C35KKIAZ,0ZGam000000isCnGAI,2026-03-27T20:39:10.000+0000
0ZRWj0000006KYuOAM,01tWj00000C35KLIAZ,0ZGam000000isCnGAI,2026-03-27T20:39:10.000+0000
0ZRWj0000006Mi1OAE,01tWj00000C35KMIAZ,0ZGam000000isCnGAI,2026-03-27T23:32:04.000+0000
0ZRWj0000006MkuOAE,01tWj00000C35KNIAZ,0ZGam000000isCnGAI,2026-03-27T23:32:08.000+0000
0ZRWj0000006NLEOA2,01tWj00000C35KOIAZ,0ZGam000000isCnGAI,2026-03-27T23:32:50.000+0000
0ZRWj0000006NgYOAU,01tWj00000C35KPIAZ,0ZGam000000isCnGAI,2026-03-27T23:33:16.000+0000
0ZRWj0000006NoiOAE,01tWj00000C35KQIAZ,0ZGam000000isCnGAI,2026-03-27T23:33:23.000+0000
0ZRWj0000006NEYOA2,01tWj00000C35KRIAZ,0ZGam000000isCnGAI,2026-03-27T23:32:42.000+0000
0ZRWj0000006NNROA2,01tWj00000C35KSIAZ,0ZGam000000isCnGAI,2026-03-27T23:32:53.000+0000
0ZRWj0000006NJaOAM,01tWj00000C35KTIAZ,0ZGam000000isCnGAI,2026-03-27T23:32:46.000+0000
0ZRWj0000006NAYOA2,01tWj00000C35KUIAZ,0ZGam000000isCnGAI,2026-03-27T23:32:38.000+0000
0ZRWj0000006Me4OAE,01tWj00000C35KVIAZ,0ZGam000000isCnGAI,2026-03-27T23:32:01.000+0000
0ZRWj0000006NNYOA2,01tWj00000C35KWIAZ,0ZGam000000isCnGAI,2026-03-27T23:32:53.000+0000
0ZRWj0000006K7POAU,01tWj00000C35KXIAZ,0ZGam000000isCnGAI,2026-03-27T20:29:48.000+0000
0ZRWj0000006K91OAE,01tWj00000C35KYIAZ,0ZGam000000isCnGAI,2026-03-27T20:30:25.000+0000
0ZRWj0000006KApOAM,01tWj00000C35KZIAZ,0ZGam000000isCnGAI,2026-03-27T20:31:01.000+0000
0ZRWj0000006KAqOAM,01tWj00000C35KaIAJ,0ZGam000000isCnGAI,2026-03-27T20:31:01.000+0000
0ZRWj0000006KCLOA2,01tWj00000C35KbIAJ,0ZGam000000isCnGAI,2026-03-27T20:31:31.000+0000
0ZRWj0000006KCMOA2,01tWj00000C35KcIAJ,0ZGam000000isCnGAI,2026-03-27T20:31:31.000+0000
0ZRWj0000006KDxOAM,01tWj00000C35KdIAJ,0ZGam000000isCnGAI,2026-03-27T20:32:06.000+0000
0ZRWj0000006KDyOAM,01tWj00000C35KeIAJ,0ZGam000000isCnGAI,2026-03-27T20:32:06.000+0000
0ZRWj0000006KFZOA2,01tWj00000C35KfIAJ,0ZGam000000isCnGAI,2026-03-27T20:32:31.000+0000
0ZRWj0000006KFaOAM,01tWj00000C35KgIAJ,0ZGam000000isCnGAI,2026-03-27T20:32:31.000+0000
0ZRWj0000006KHHOA2,01tWj00000C35KhIAJ,0ZGam000000isCnGAI,2026-03-27T20:33:12.000+0000
0ZRWj0000006KHIOA2,01tWj00000C35KiIAJ,0ZGam000000isCnGAI,2026-03-27T20:33:12.000+0000
0ZRWj0000006KHJOA2,01tWj00000C35KjIAJ,0ZGam000000isCnGAI,2026-03-27T20:33:12.000+0000
0ZRWj0000006KItOAM,01tWj00000C35KkIAJ,0ZGam000000isCnGAI,2026-03-27T20:33:49.000+0000
0ZRWj0000006KIuOAM,01tWj00000C35KlIAJ,0ZGam000000isCnGAI,2026-03-27T20:33:49.000+0000
0ZRWj0000006KIvOAM,01tWj00000C35KmIAJ,0ZGam000000isCnGAI,2026-03-27T20:33:49.000+0000
0ZRWj0000006KKROA2,01tWj00000C35KnIAJ,0ZGam000000isCnGAI,2026-03-27T20:34:33.000+0000
0ZRWj0000006KKSOA2,01tWj00000C35KoIAJ,0ZGam000000isCnGAI,2026-03-27T20:34:33.000+0000
0ZRWj0000006KKTOA2,01tWj00000C35KpIAJ,0ZGam000000isCnGAI,2026-03-27T20:34:33.000+0000
0ZRWj0000006KM7OAM,01tWj00000C35KqIAJ,0ZGam000000isCnGAI,2026-03-27T20:35:28.000+0000
0ZRWj0000006KM8OAM,01tWj00000C35KrIAJ,0ZGam000000isCnGAI,2026-03-27T20:35:28.000+0000
0ZRWj0000006KM9OAM,01tWj00000C35KsIAJ,0ZGam000000isCnGAI,2026-03-27T20:35:28.000+0000
0ZRWj0000006KNpOAM,01tWj00000C35KtIAJ,0ZGam000000isCnGAI,2026-03-27T20:36:16.000+0000
0ZRWj0000006KNqOAM,01tWj00000C35KuIAJ,0ZGam000000isCnGAI,2026-03-27T20:36:16.000+0000
0ZRWj0000006KNrOAM,01tWj00000C35KvIAJ,0ZGam000000isCnGAI,2026-03-27T20:36:16.000+0000
0ZRWj0000006KNsOAM,01tWj00000C35KwIAJ,0ZGam000000isCnGAI,2026-03-27T20:36:16.000+0000
0ZRWj0000006KR3OAM,01tWj00000C35KxIAJ,0ZGam000000isCnGAI,2026-03-27T20:37:06.000+0000
0ZRWj0000006KR4OAM,01tWj00000C35KyIAJ,0ZGam000000isCnGAI,2026-03-27T20:37:06.000+0000
0ZRWj0000006KR5OAM,01tWj00000C35KzIAJ,0ZGam000000isCnGAI,2026-03-27T20:37:06.000+0000
0ZRWj0000006KR6OAM,01tWj00000C35L0IAJ,0ZGam000000isCnGAI,2026-03-27T20:37:06.000+0000
0ZRWj0000006KUHOA2,01tWj00000C35L1IAJ,0ZGam000000isCnGAI,2026-03-27T20:37:59.000+0000
0ZRWj0000006KUIOA2,01tWj00000C35L2IAJ,0ZGam000000isCnGAI,2026-03-27T20:37:59.000+0000
0ZRWj0000006KUJOA2,01tWj00000C35L3IAJ,0ZGam000000isCnGAI,2026-03-27T20:37:59.000+0000
0ZRWj0000006KUKOA2,01tWj00000C35L4IAJ,0ZGam000000isCnGAI,2026-03-27T20:37:59.000+0000
0ZRWj0000006KXPOA2,01tWj00000C35L5IAJ,0ZGam000000isCnGAI,2026-03-27T20:38:39.000+0000
0ZRWj0000006KXQOA2,01tWj00000C35L6IAJ,0ZGam000000isCnGAI,2026-03-27T20:38:39.000+0000
0ZRWj0000006KXROA2,01tWj00000C35L7IAJ,0ZGam000000isCnGAI,2026-03-27T20:38:39.000+0000
0ZRWj0000006KYvOAM,01tWj00000C35L8IAJ,0ZGam000000isCnGAI,2026-03-27T20:39:10.000+0000
0ZRWj0000006KYwOAM,01tWj00000C35L9IAJ,0ZGam000000isCnGAI,2026-03-27T20:39:10.000+0000
0ZRWj0000006NwTOAU,01tWj00000C35LAIAZ,0ZGam000000isCnGAI,2026-03-27T23:33:32.000+0000
0ZRWj0000006MlyOAE,01tWj00000C35LBIAZ,0ZGam000000isCnGAI,2026-03-27T23:32:08.000+0000
0ZRWj0000006N4iOAE,01tWj00000C35LCIAZ,0ZGam000000isCnGAI,2026-03-27T23:32:31.000+0000
0ZRWj0000006NngOAE,01tWj00000C35LDIAZ,0ZGam000000isCnGAI,2026-03-27T23:33:23.000+0000
0ZRWj0000006NJ5OAM,01tWj00000C35LEIAZ,0ZGam000000isCnGAI,2026-03-27T23:32:46.000+0000
0ZRWj0000006NS6OAM,01tWj00000C35LFIAZ,0ZGam000000isCnGAI,2026-03-27T23:32:57.000+0000
0ZRWj0000006MkEOAU,01tWj00000C35LGIAZ,0ZGam000000isCnGAI,2026-03-27T23:32:08.000+0000
0ZRWj0000006NdVOAU,01tWj00000C35LHIAZ,0ZGam000000isCnGAI,2026-03-27T23:33:12.000+0000
0ZRWj0000006MfyOAE,01tWj00000C35LIIAZ,0ZGam000000isCnGAI,2026-03-27T23:32:01.000+0000
0ZRWj0000006MyhOAE,01tWj00000C35LJIAZ,0ZGam000000isCnGAI,2026-03-27T23:32:23.000+0000
0ZRWj0000006NJZOA2,01tWj00000C35LKIAZ,0ZGam000000isCnGAI,2026-03-27T23:32:46.000+0000
0ZRWj0000006KajOAE,01tWj00000C35LLIAZ,0ZGam000000isBBGAY,2026-03-27T20:40:58.000+0000
0ZRWj0000006KdxOAE,01tWj00000C35LLIAZ,0ZGam000000itATGAY,2026-03-27T20:41:20.000+0000
0ZRWj0000006KakOAE,01tWj00000C35LMIAZ,0ZGam000000isBBGAY,2026-03-27T20:40:58.000+0000
0ZRWj0000006KdyOAE,01tWj00000C35LMIAZ,0ZGam000000itATGAY,2026-03-27T20:41:20.000+0000
0ZRWj0000006KkVOAU,01tWj00000C35LNIAZ,0ZGam000000isBBGAY,2026-03-27T20:43:37.000+0000
0ZRWj0000006KhHOAU,01tWj00000C35LNIAZ,0ZGam000000itATGAY,2026-03-27T20:43:17.000+0000
0ZRWj0000006KkWOAU,01tWj00000C35LOIAZ,0ZGam000000isBBGAY,2026-03-27T20:43:37.000+0000
0ZRWj0000006KhIOAU,01tWj00000C35LOIAZ,0ZGam000000itATGAY,2026-03-27T20:43:17.000+0000
0ZRWj0000006KqrOAE,01tWj00000C35LPIAZ,0ZGam000000isBBGAY,2026-03-27T20:44:27.000+0000
0ZRWj0000006KndOAE,01tWj00000C35LPIAZ,0ZGam000000itATGAY,2026-03-27T20:44:12.000+0000
0ZRWj0000006KqsOAE,01tWj00000C35LQIAZ,0ZGam000000isBBGAY,2026-03-27T20:44:27.000+0000
0ZRWj0000006KneOAE,01tWj00000C35LQIAZ,0ZGam000000itATGAY,2026-03-27T20:44:12.000+0000
0ZRWj0000006Ku5OAE,01tWj00000C35LRIAZ,0ZGam000000isBBGAY,2026-03-27T21:04:22.000+0000
0ZRWj0000006KxJOAU,01tWj00000C35LRIAZ,0ZGam000000itATGAY,2026-03-27T21:04:37.000+0000
0ZRWj0000006KxKOAU,01tWj00000C35LSIAZ,0ZGam000000itATGAY,2026-03-27T21:04:37.000+0000
0ZRWj0000006Ku6OAE,01tWj00000C35LSIAZ,0ZGam000000isBBGAY,2026-03-27T21:04:22.000+0000
0ZRWj0000006L3lOAE,01tWj00000C35LTIAZ,0ZGam000000itATGAY,2026-03-27T21:05:44.000+0000
0ZRWj0000006L0XOAU,01tWj00000C35LTIAZ,0ZGam000000isBBGAY,2026-03-27T21:05:29.000+0000
0ZRWj0000006L0YOAU,01tWj00000C35LUIAZ,0ZGam000000isBBGAY,2026-03-27T21:05:29.000+0000
0ZRWj0000006L3mOAE,01tWj00000C35LUIAZ,0ZGam000000itATGAY,2026-03-27T21:05:44.000+0000
0ZRWj0000006LADOA2,01tWj00000C35LVIAZ,0ZGam000000isBBGAY,2026-03-27T21:06:35.000+0000
0ZRWj0000006L6zOAE,01tWj00000C35LVIAZ,0ZGam000000itATGAY,2026-03-27T21:06:18.000+0000
0ZRWj0000006L70OAE,01tWj00000C35LWIAZ,0ZGam000000itATGAY,2026-03-27T21:06:18.000+0000
0ZRWj0000006LAEOA2,01tWj00000C35LWIAZ,0ZGam000000isBBGAY,2026-03-27T21:06:35.000+0000
0ZRWj0000006NtpOAE,01tWj00000C35LXIAZ,0ZGam000000isBBGAY,2026-03-27T23:33:31.000+0000
0ZRWj0000006NuWOAU,01tWj00000C35LYIAZ,0ZGam000000isBBGAY,2026-03-27T23:33:31.000+0000
0ZRWj0000006Nk7OAE,01tWj00000C35LZIAZ,0ZGam000000isBBGAY,2026-03-27T23:33:20.000+0000
0ZRWj0000006MaZOAU,01tWj00000C35LaIAJ,0ZGam000000isBBGAY,2026-03-27T23:31:57.000+0000
0ZRWj0000006Ns9OAE,01tWj00000C35LbIAJ,0ZGam000000isBBGAY,2026-03-27T23:33:27.000+0000
0ZRWj0000006NSjOAM,01tWj00000C35LcIAJ,0ZGam000000isBBGAY,2026-03-27T23:32:57.000+0000
0ZRWj0000006N2OOAU,01tWj00000C35LdIAJ,0ZGam000000isBBGAY,2026-03-27T23:32:27.000+0000
0ZRWj0000006MlZOAU,01tWj00000C35LeIAJ,0ZGam000000isBBGAY,2026-03-27T23:32:08.000+0000
0ZRWj0000006MyzOAE,01tWj00000C35LfIAJ,0ZGam000000isBBGAY,2026-03-27T23:32:23.000+0000
0ZRWj0000006NRFOA2,01tWj00000C35LgIAJ,0ZGam000000isBBGAY,2026-03-27T23:32:57.000+0000
0ZRWj0000006NbTOAU,01tWj00000C35LhIAJ,0ZGam000000isBBGAY,2026-03-27T23:33:08.000+0000
0ZRWj0000006MxIOAU,01tWj00000C35LiIAJ,0ZGam000000isBBGAY,2026-03-27T23:32:23.000+0000
0ZRWj0000006NV0OAM,01tWj00000C35LjIAJ,0ZGam000000isBBGAY,2026-03-27T23:33:01.000+0000
0ZRWj0000006Mh7OAE,01tWj00000C35LkIAJ,0ZGam000000isBBGAY,2026-03-27T23:32:04.000+0000
0ZRWj0000006NYiOAM,01tWj00000C35LlIAJ,0ZGam000000isBBGAY,2026-03-27T23:33:04.000+0000
0ZRWj0000006NrIOAU,01tWj00000C35LmIAJ,0ZGam000000isBBGAY,2026-03-27T23:33:27.000+0000
0ZRWj0000006NcgOAE,01tWj00000C35LnIAJ,0ZGam000000isBBGAY,2026-03-27T23:33:08.000+0000
0ZRWj0000006MolOAE,01tWj00000C35LoIAJ,0ZGam000000isBBGAY,2026-03-27T23:32:12.000+0000
0ZRWj0000006MwaOAE,01tWj00000C35LpIAJ,0ZGam000000isBBGAY,2026-03-27T23:32:20.000+0000
0ZRWj0000006N3COAU,01tWj00000C35LqIAJ,0ZGam000000isBBGAY,2026-03-27T23:32:27.000+0000
0ZRWj0000006MePOAU,01tWj00000C35LrIAJ,0ZGam000000isBBGAY,2026-03-27T23:32:01.000+0000
0ZRWj0000006MjCOAU,01tWj00000C35LsIAJ,0ZGam000000isBBGAY,2026-03-27T23:32:04.000+0000
0ZRWj0000006MxsOAE,01tWj00000C35LtIAJ,0ZGam000000isBBGAY,2026-03-27T23:32:23.000+0000
0ZRWj0000006NwIOAU,01tWj00000C35LuIAJ,0ZGam000000isBBGAY,2026-03-27T23:33:31.000+0000
0ZRWj0000006Mg0OAE,01tWj00000C35LvIAJ,0ZGam000000isBBGAY,2026-03-27T23:32:01.000+0000
0ZRWj0000006NdrOAE,01tWj00000C35LwIAJ,0ZGam000000isBBGAY,2026-03-27T23:33:12.000+0000
0ZRWj0000006NjrOAE,01tWj00000C35LxIAJ,0ZGam000000isBBGAY,2026-03-27T23:33:20.000+0000
0ZRWj0000006Nc1OAE,01tWj00000C35LyIAJ,0ZGam000000isBBGAY,2026-03-27T23:33:08.000+0000
0ZRWj0000006NsuOAE,01tWj00000C35LzIAJ,0ZGam000000isBBGAY,2026-03-27T23:33:27.000+0000
0ZRWj0000006MotOAE,01tWj00000C35M0IAJ,0ZGam000000isBBGAY,2026-03-27T23:32:12.000+0000
0ZRWj0000006KAfOAM,01tWj00000C35VhIAJ,0ZGam000000isCnGAI,2026-03-27T20:31:01.000+0000
0ZRWj0000006KhBOAU,01tWj00000C35ViIAJ,0ZGam000000itATGAY,2026-03-27T20:43:17.000+0000
0ZRWj0000006KkPOAU,01tWj00000C35ViIAJ,0ZGam000000isBBGAY,2026-03-27T20:43:37.000+0000
0ZRWj0000006KAgOAM,01tWj00000C35VjIAJ,0ZGam000000isCnGAI,2026-03-27T20:31:01.000+0000
0ZRWj0000006KhCOAU,01tWj00000C35VkIAJ,0ZGam000000itATGAY,2026-03-27T20:43:17.000+0000
0ZRWj0000006KkQOAU,01tWj00000C35VkIAJ,0ZGam000000isBBGAY,2026-03-27T20:43:37.000+0000
0ZRWj0000006KAhOAM,01tWj00000C35VlIAJ,0ZGam000000isCnGAI,2026-03-27T20:31:01.000+0000
0ZRWj0000006KhDOAU,01tWj00000C35VmIAJ,0ZGam000000itATGAY,2026-03-27T20:43:17.000+0000
0ZRWj0000006KkROAU,01tWj00000C35VmIAJ,0ZGam000000isBBGAY,2026-03-27T20:43:37.000+0000
0ZRWj0000006KAiOAM,01tWj00000C35VnIAJ,0ZGam000000isCnGAI,2026-03-27T20:31:01.000+0000
0ZRWj0000006KkSOAU,01tWj00000C35VoIAJ,0ZGam000000isBBGAY,2026-03-27T20:43:37.000+0000
0ZRWj0000006KhEOAU,01tWj00000C35VoIAJ,0ZGam000000itATGAY,2026-03-27T20:43:17.000+0000
0ZRWj0000006KAjOAM,01tWj00000C35VpIAJ,0ZGam000000isCnGAI,2026-03-27T20:31:01.000+0000
0ZRWj0000006KhFOAU,01tWj00000C35VqIAJ,0ZGam000000itATGAY,2026-03-27T20:43:17.000+0000
0ZRWj0000006KkTOAU,01tWj00000C35VqIAJ,0ZGam000000isBBGAY,2026-03-27T20:43:37.000+0000
0ZRWj0000006KAkOAM,01tWj00000C35VrIAJ,0ZGam000000isCnGAI,2026-03-27T20:31:01.000+0000
0ZRWj0000006KkUOAU,01tWj00000C35VsIAJ,0ZGam000000isBBGAY,2026-03-27T20:43:37.000+0000
0ZRWj0000006KhGOAU,01tWj00000C35VsIAJ,0ZGam000000itATGAY,2026-03-27T20:43:17.000+0000
0ZRWj0000006KeFOAU,01tWj00000C35VtIAJ,0ZGam000000itATGAY,2026-03-27T20:41:20.000+0000
0ZRWj0000006Kb1OAE,01tWj00000C35VtIAJ,0ZGam000000isBBGAY,2026-03-27T20:40:58.000+0000
0ZRWj0000006Kb2OAE,01tWj00000C35VuIAJ,0ZGam000000isBBGAY,2026-03-27T20:40:58.000+0000
0ZRWj0000006KeGOAU,01tWj00000C35VuIAJ,0ZGam000000itATGAY,2026-03-27T20:41:20.000+0000
0ZRWj0000006KkhOAE,01tWj00000C35VvIAJ,0ZGam000000isBBGAY,2026-03-27T20:43:37.000+0000
0ZRWj0000006KhTOAU,01tWj00000C35VvIAJ,0ZGam000000itATGAY,2026-03-27T20:43:17.000+0000
0ZRWj0000006Kr9OAE,01tWj00000C35VwIAJ,0ZGam000000isBBGAY,2026-03-27T20:44:27.000+0000
0ZRWj0000006KnvOAE,01tWj00000C35VwIAJ,0ZGam000000itATGAY,2026-03-27T20:44:12.000+0000
0ZRWj0000006KnwOAE,01tWj00000C35VxIAJ,0ZGam000000itATGAY,2026-03-27T20:44:12.000+0000
0ZRWj0000006KrAOAU,01tWj00000C35VxIAJ,0ZGam000000isBBGAY,2026-03-27T20:44:27.000+0000
0ZRWj0000006KuNOAU,01tWj00000C35VyIAJ,0ZGam000000isBBGAY,2026-03-27T21:04:22.000+0000
0ZRWj0000006KxbOAE,01tWj00000C35VyIAJ,0ZGam000000itATGAY,2026-03-27T21:04:37.000+0000
0ZRWj0000006KuOOAU,01tWj00000C35VzIAJ,0ZGam000000isBBGAY,2026-03-27T21:04:22.000+0000
0ZRWj0000006KxcOAE,01tWj00000C35VzIAJ,0ZGam000000itATGAY,2026-03-27T21:04:37.000+0000
0ZRWj0000006L3xOAE,01tWj00000C35W0IAJ,0ZGam000000itATGAY,2026-03-27T21:05:44.000+0000
0ZRWj0000006L0jOAE,01tWj00000C35W0IAJ,0ZGam000000isBBGAY,2026-03-27T21:05:29.000+0000
0ZRWj0000006LAVOA2,01tWj00000C35W1IAJ,0ZGam000000isBBGAY,2026-03-27T21:06:35.000+0000
0ZRWj0000006L7HOAU,01tWj00000C35W1IAJ,0ZGam000000itATGAY,2026-03-27T21:06:18.000+0000
0ZRWj0000006L7IOAU,01tWj00000C35W2IAJ,0ZGam000000itATGAY,2026-03-27T21:06:18.000+0000
0ZRWj0000006LAWOA2,01tWj00000C35W2IAJ,0ZGam000000isBBGAY,2026-03-27T21:06:35.000+0000
0ZRWj0000006MqaOAE,01tWj00000C35W3IAJ,0ZGam000000isBBGAY,2026-03-27T23:32:12.000+0000
0ZRWj0000006MleOAE,01tWj00000C35W4IAJ,0ZGam000000isBBGAY,2026-03-27T23:32:08.000+0000
0ZRWj0000006NpkOAE,01tWj00000C35W5IAJ,0ZGam000000isBBGAY,2026-03-27T23:33:23.000+0000
0ZRWj0000006NkKOAU,01tWj00000C35W6IAJ,0ZGam000000isBBGAY,2026-03-27T23:33:20.000+0000
0ZRWj0000006NPGOA2,01tWj00000C35W7IAJ,0ZGam000000isBBGAY,2026-03-27T23:32:53.000+0000
0ZRWj0000006N2gOAE,01tWj00000C35W8IAJ,0ZGam000000isBBGAY,2026-03-27T23:32:27.000+0000
0ZRWj0000006MicOAE,01tWj00000C35W9IAJ,0ZGam000000isBBGAY,2026-03-27T23:32:04.000+0000
0ZRWj0000006Mx1OAE,01tWj00000C35WAIAZ,0ZGam000000isBBGAY,2026-03-27T23:32:20.000+0000
0ZRWj0000006Nm7OAE,01tWj00000C35WBIAZ,0ZGam000000isBBGAY,2026-03-27T23:33:20.000+0000
0ZRWj0000006NSWOA2,01tWj00000C35WCIAZ,0ZGam000000isBBGAY,2026-03-27T23:32:57.000+0000
0ZRWj0000006NDUOA2,01tWj00000C35WDIAZ,0ZGam000000isBBGAY,2026-03-27T23:32:42.000+0000
0ZRWj0000006NUOOA2,01tWj00000C35WEIAZ,0ZGam000000isBBGAY,2026-03-27T23:33:01.000+0000
0ZRWj0000006NASOA2,01tWj00000C35WFIAZ,0ZGam000000isBBGAY,2026-03-27T23:32:38.000+0000
0ZRWj0000006MmZOAU,01tWj00000C35WGIAZ,0ZGam000000isBBGAY,2026-03-27T23:32:08.000+0000
0ZRWj0000006NRCOA2,01tWj00000C35WHIAZ,0ZGam000000isBBGAY,2026-03-27T23:32:57.000+0000
0ZRWj0000006MzAOAU,01tWj00000C35WIIAZ,0ZGam000000isBBGAY,2026-03-27T23:32:23.000+0000
0ZRWj0000006N8uOAE,01tWj00000C35WJIAZ,0ZGam000000isBBGAY,2026-03-27T23:32:34.000+0000
0ZRWj0000006MbUOAU,01tWj00000C35WKIAZ,0ZGam000000isBBGAY,2026-03-27T23:31:57.000+0000
0ZRWj0000006N5nOAE,01tWj00000C35WLIAZ,0ZGam000000isBBGAY,2026-03-27T23:32:31.000+0000
0ZRWj0000006MmAOAU,01tWj00000C35WMIAZ,0ZGam000000isBBGAY,2026-03-27T23:32:08.000+0000
0ZRWj0000006MfaOAE,01tWj00000C35WNIAZ,0ZGam000000isBBGAY,2026-03-27T23:32:01.000+0000
0ZRWj0000006NNhOAM,01tWj00000C35WOIAZ,0ZGam000000isBBGAY,2026-03-27T23:32:53.000+0000
0ZRWj0000006MdsOAE,01tWj00000C35WPIAZ,0ZGam000000isBBGAY,2026-03-27T23:32:01.000+0000
0ZRWj0000006N6zOAE,01tWj00000C35WQIAZ,0ZGam000000isBBGAY,2026-03-27T23:32:34.000+0000
0ZRWj0000006NhwOAE,01tWj00000C35WRIAZ,0ZGam000000isBBGAY,2026-03-27T23:33:16.000+0000
0ZRWj0000006MdxOAE,01tWj00000C35WSIAZ,0ZGam000000isBBGAY,2026-03-27T23:32:01.000+0000
0ZRWj0000006MfCOAU,01tWj00000C35WTIAZ,0ZGam000000isBBGAY,2026-03-27T23:32:01.000+0000
0ZRWj0000006NEBOA2,01tWj00000C35WUIAZ,0ZGam000000isBBGAY,2026-03-27T23:32:42.000+0000
0ZRWj0000006MvKOAU,01tWj00000C35WVIAZ,0ZGam000000isBBGAY,2026-03-27T23:32:20.000+0000
0ZRWj0000006NbKOAU,01tWj00000C35WWIAZ,0ZGam000000isBBGAY,2026-03-27T23:33:08.000+0000
0ZRWj0000006NBtOAM,01tWj00000C35WXIAZ,0ZGam000000isBBGAY,2026-03-27T23:32:38.000+0000
0ZRWj0000006NueOAE,01tWj00000C35WYIAZ,0ZGam000000isBBGAY,2026-03-27T23:33:31.000+0000
0ZRWj0000006NrMOAU,01tWj00000C35WZIAZ,0ZGam000000isBBGAY,2026-03-27T23:33:27.000+0000
0ZRWj0000006N5XOAU,01tWj00000C35WaIAJ,0ZGam000000isBBGAY,2026-03-27T23:32:31.000+0000
0ZRWj0000006Kb3OAE,01tWj00000C35WbIAJ,0ZGam000000isBBGAY,2026-03-27T20:40:58.000+0000
0ZRWj0000006KeHOAU,01tWj00000C35WbIAJ,0ZGam000000itATGAY,2026-03-27T20:41:20.000+0000
0ZRWj0000006Kb4OAE,01tWj00000C35WcIAJ,0ZGam000000isBBGAY,2026-03-27T20:40:58.000+0000
0ZRWj0000006KeIOAU,01tWj00000C35WcIAJ,0ZGam000000itATGAY,2026-03-27T20:41:20.000+0000
0ZRWj0000006KkiOAE,01tWj00000C35WdIAJ,0ZGam000000isBBGAY,2026-03-27T20:43:37.000+0000
0ZRWj0000006KhUOAU,01tWj00000C35WdIAJ,0ZGam000000itATGAY,2026-03-27T20:43:17.000+0000
0ZRWj0000006KrBOAU,01tWj00000C35WeIAJ,0ZGam000000isBBGAY,2026-03-27T20:44:27.000+0000
0ZRWj0000006KnxOAE,01tWj00000C35WeIAJ,0ZGam000000itATGAY,2026-03-27T20:44:12.000+0000
0ZRWj0000006KrCOAU,01tWj00000C35WfIAJ,0ZGam000000isBBGAY,2026-03-27T20:44:27.000+0000
0ZRWj0000006KnyOAE,01tWj00000C35WfIAJ,0ZGam000000itATGAY,2026-03-27T20:44:12.000+0000
0ZRWj0000006KxdOAE,01tWj00000C35WgIAJ,0ZGam000000itATGAY,2026-03-27T21:04:37.000+0000
0ZRWj0000006KuPOAU,01tWj00000C35WgIAJ,0ZGam000000isBBGAY,2026-03-27T21:04:22.000+0000
0ZRWj0000006KuQOAU,01tWj00000C35WhIAJ,0ZGam000000isBBGAY,2026-03-27T21:04:22.000+0000
0ZRWj0000006KxeOAE,01tWj00000C35WhIAJ,0ZGam000000itATGAY,2026-03-27T21:04:37.000+0000
0ZRWj0000006L3yOAE,01tWj00000C35WiIAJ,0ZGam000000itATGAY,2026-03-27T21:05:44.000+0000
0ZRWj0000006L0kOAE,01tWj00000C35WiIAJ,0ZGam000000isBBGAY,2026-03-27T21:05:29.000+0000
0ZRWj0000006LAXOA2,01tWj00000C35WjIAJ,0ZGam000000isBBGAY,2026-03-27T21:06:35.000+0000
0ZRWj0000006L7JOAU,01tWj00000C35WjIAJ,0ZGam000000itATGAY,2026-03-27T21:06:18.000+0000
0ZRWj0000006L7KOAU,01tWj00000C35WkIAJ,0ZGam000000itATGAY,2026-03-27T21:06:18.000+0000
0ZRWj0000006LAYOA2,01tWj00000C35WkIAJ,0ZGam000000isBBGAY,2026-03-27T21:06:35.000+0000
0ZRWj0000006MsbOAE,01tWj00000C35WlIAJ,0ZGam000000isBBGAY,2026-03-27T23:32:15.000+0000
0ZRWj0000006NLLOA2,01tWj00000C35WmIAJ,0ZGam000000isBBGAY,2026-03-27T23:32:50.000+0000
0ZRWj0000006NK5OAM,01tWj00000C35WnIAJ,0ZGam000000isBBGAY,2026-03-27T23:32:50.000+0000
0ZRWj0000006MmvOAE,01tWj00000C35WoIAJ,0ZGam000000isBBGAY,2026-03-27T23:32:08.000+0000
0ZRWj0000006NYwOAM,01tWj00000C35WpIAJ,0ZGam000000isBBGAY,2026-03-27T23:33:04.000+0000
0ZRWj0000006NL2OAM,01tWj00000C35WqIAJ,0ZGam000000isBBGAY,2026-03-27T23:32:50.000+0000
0ZRWj0000006NrEOAU,01tWj00000C35WrIAJ,0ZGam000000isBBGAY,2026-03-27T23:33:27.000+0000
0ZRWj0000006NXKOA2,01tWj00000C35WsIAJ,0ZGam000000isBBGAY,2026-03-27T23:33:04.000+0000
0ZRWj0000006N84OAE,01tWj00000C35WtIAJ,0ZGam000000isBBGAY,2026-03-27T23:32:34.000+0000
0ZRWj0000006NIfOAM,01tWj00000C35WuIAJ,0ZGam000000isBBGAY,2026-03-27T23:32:46.000+0000
0ZRWj0000006NrzOAE,01tWj00000C35WvIAJ,0ZGam000000isBBGAY,2026-03-27T23:33:27.000+0000
0ZRWj0000006NKUOA2,01tWj00000C35WwIAJ,0ZGam000000isBBGAY,2026-03-27T23:32:50.000+0000
0ZRWj0000006MqTOAU,01tWj00000C35WxIAJ,0ZGam000000isBBGAY,2026-03-27T23:32:12.000+0000
0ZRWj0000006MfEOAU,01tWj00000C35WyIAJ,0ZGam000000isBBGAY,2026-03-27T23:32:01.000+0000
0ZRWj0000006Mc0OAE,01tWj00000C35WzIAJ,0ZGam000000isBBGAY,2026-03-27T23:31:57.000+0000
0ZRWj0000006MfgOAE,01tWj00000C35X0IAJ,0ZGam000000isBBGAY,2026-03-27T23:32:01.000+0000
0ZRWj0000006NexOAE,01tWj00000C35X1IAJ,0ZGam000000isBBGAY,2026-03-27T23:33:12.000+0000
0ZRWj0000006Mm1OAE,01tWj00000C35X2IAJ,0ZGam000000isBBGAY,2026-03-27T23:32:08.000+0000
0ZRWj0000006MtfOAE,01tWj00000C35X3IAJ,0ZGam000000isBBGAY,2026-03-27T23:32:15.000+0000
0ZRWj0000006NODOA2,01tWj00000C35X4IAJ,0ZGam000000isBBGAY,2026-03-27T23:32:53.000+0000
0ZRWj0000006NNMOA2,01tWj00000C35X5IAJ,0ZGam000000isBBGAY,2026-03-27T23:32:53.000+0000
0ZRWj0000006N6MOAU,01tWj00000C35X6IAJ,0ZGam000000isBBGAY,2026-03-27T23:32:31.000+0000
0ZRWj0000006MbGOAU,01tWj00000C35X7IAJ,0ZGam000000isBBGAY,2026-03-27T23:31:57.000+0000
0ZRWj0000006NqXOAU,01tWj00000C35X8IAJ,0ZGam000000isBBGAY,2026-03-27T23:33:27.000+0000
0ZRWj0000006NjEOAU,01tWj00000C35X9IAJ,0ZGam000000isBBGAY,2026-03-27T23:33:16.000+0000
0ZRWj0000006MeKOAU,01tWj00000C35XAIAZ,0ZGam000000isBBGAY,2026-03-27T23:32:01.000+0000
0ZRWj0000006NqAOAU,01tWj00000C35XBIAZ,0ZGam000000isBBGAY,2026-03-27T23:33:27.000+0000
0ZRWj0000006NSZOA2,01tWj00000C35XCIAZ,0ZGam000000isBBGAY,2026-03-27T23:32:57.000+0000
0ZRWj0000006ND0OAM,01tWj00000C35XDIAZ,0ZGam000000isBBGAY,2026-03-27T23:32:38.000+0000
0ZRWj0000006NTROA2,01tWj00000C35XEIAZ,0ZGam000000isBBGAY,2026-03-27T23:33:01.000+0000
0ZRWj0000006N80OAE,01tWj00000C35XFIAZ,0ZGam000000isBBGAY,2026-03-27T23:32:34.000+0000
0ZRWj0000006NbfOAE,01tWj00000C35XGIAZ,0ZGam000000isBBGAY,2026-03-27T23:33:08.000+0000
0ZRWj0000006MwqOAE,01tWj00000C35XHIAZ,0ZGam000000isBBGAY,2026-03-27T23:32:20.000+0000
0ZRWj0000006NP4OAM,01tWj00000C35XIIAZ,0ZGam000000isBBGAY,2026-03-27T23:32:53.000+0000
0ZRWj0000006Kb5OAE,01tWj00000C35XJIAZ,0ZGam000000isBBGAY,2026-03-27T20:40:58.000+0000
0ZRWj0000006KeJOAU,01tWj00000C35XJIAZ,0ZGam000000itATGAY,2026-03-27T20:41:20.000+0000
0ZRWj0000006Kb6OAE,01tWj00000C35XKIAZ,0ZGam000000isBBGAY,2026-03-27T20:40:58.000+0000
0ZRWj0000006KeKOAU,01tWj00000C35XKIAZ,0ZGam000000itATGAY,2026-03-27T20:41:20.000+0000
0ZRWj0000006KhVOAU,01tWj00000C35XLIAZ,0ZGam000000itATGAY,2026-03-27T20:43:17.000+0000
0ZRWj0000006KkjOAE,01tWj00000C35XLIAZ,0ZGam000000isBBGAY,2026-03-27T20:43:37.000+0000
0ZRWj0000006KnzOAE,01tWj00000C35XMIAZ,0ZGam000000itATGAY,2026-03-27T20:44:12.000+0000
0ZRWj0000006KrDOAU,01tWj00000C35XMIAZ,0ZGam000000isBBGAY,2026-03-27T20:44:27.000+0000
0ZRWj0000006KrEOAU,01tWj00000C35XNIAZ,0ZGam000000isBBGAY,2026-03-27T20:44:27.000+0000
0ZRWj0000006Ko0OAE,01tWj00000C35XNIAZ,0ZGam000000itATGAY,2026-03-27T20:44:12.000+0000
0ZRWj0000006KuROAU,01tWj00000C35XOIAZ,0ZGam000000isBBGAY,2026-03-27T21:04:22.000+0000
0ZRWj0000006KxfOAE,01tWj00000C35XOIAZ,0ZGam000000itATGAY,2026-03-27T21:04:37.000+0000
0ZRWj0000006KuSOAU,01tWj00000C35XPIAZ,0ZGam000000isBBGAY,2026-03-27T21:04:22.000+0000
0ZRWj0000006KxgOAE,01tWj00000C35XPIAZ,0ZGam000000itATGAY,2026-03-27T21:04:37.000+0000
0ZRWj0000006L3zOAE,01tWj00000C35XQIAZ,0ZGam000000itATGAY,2026-03-27T21:05:44.000+0000
0ZRWj0000006L0lOAE,01tWj00000C35XQIAZ,0ZGam000000isBBGAY,2026-03-27T21:05:29.000+0000
0ZRWj0000006LAZOA2,01tWj00000C35XRIAZ,0ZGam000000isBBGAY,2026-03-27T21:06:35.000+0000
0ZRWj0000006L7LOAU,01tWj00000C35XRIAZ,0ZGam000000itATGAY,2026-03-27T21:06:18.000+0000
0ZRWj0000006L7MOAU,01tWj00000C35XSIAZ,0ZGam000000itATGAY,2026-03-27T21:06:18.000+0000
0ZRWj0000006LAaOAM,01tWj00000C35XSIAZ,0ZGam000000isBBGAY,2026-03-27T21:06:35.000+0000
0ZRWj0000006NB6OAM,01tWj00000C35XTIAZ,0ZGam000000isBBGAY,2026-03-27T23:32:38.000+0000
0ZRWj0000006Ns6OAE,01tWj00000C35XUIAZ,0ZGam000000isBBGAY,2026-03-27T23:33:27.000+0000
0ZRWj0000006N8OOAU,01tWj00000C35XVIAZ,0ZGam000000isBBGAY,2026-03-27T23:32:34.000+0000
0ZRWj0000006NldOAE,01tWj00000C35XWIAZ,0ZGam000000isBBGAY,2026-03-27T23:33:20.000+0000
0ZRWj0000006NjtOAE,01tWj00000C35XXIAZ,0ZGam000000isBBGAY,2026-03-27T23:33:20.000+0000
0ZRWj0000006MufOAE,01tWj00000C35XYIAZ,0ZGam000000isBBGAY,2026-03-27T23:32:20.000+0000
0ZRWj0000006N8XOAU,01tWj00000C35XZIAZ,0ZGam000000isBBGAY,2026-03-27T23:32:34.000+0000
0ZRWj0000006NfrOAE,01tWj00000C35XaIAJ,0ZGam000000isBBGAY,2026-03-27T23:33:12.000+0000
0ZRWj0000006NKTOA2,01tWj00000C35XbIAJ,0ZGam000000isBBGAY,2026-03-27T23:32:50.000+0000
0ZRWj0000006N4IOAU,01tWj00000C35XcIAJ,0ZGam000000isBBGAY,2026-03-27T23:32:31.000+0000
0ZRWj0000006Mj1OAE,01tWj00000C35XdIAJ,0ZGam000000isBBGAY,2026-03-27T23:32:04.000+0000
0ZRWj0000006Nh9OAE,01tWj00000C35XeIAJ,0ZGam000000isBBGAY,2026-03-27T23:33:16.000+0000
0ZRWj0000006MoTOAU,01tWj00000C35XfIAJ,0ZGam000000isBBGAY,2026-03-27T23:32:12.000+0000
0ZRWj0000006NrAOAU,01tWj00000C35XgIAJ,0ZGam000000isBBGAY,2026-03-27T23:33:27.000+0000
0ZRWj0000006MpVOAU,01tWj00000C35XhIAJ,0ZGam000000isBBGAY,2026-03-27T23:32:12.000+0000
0ZRWj0000006MiWOAU,01tWj00000C35XiIAJ,0ZGam000000isBBGAY,2026-03-27T23:32:04.000+0000
0ZRWj0000006Mg1OAE,01tWj00000C35XjIAJ,0ZGam000000isBBGAY,2026-03-27T23:32:01.000+0000
0ZRWj0000006MnmOAE,01tWj00000C35XkIAJ,0ZGam000000isBBGAY,2026-03-27T23:32:12.000+0000
0ZRWj0000006MuVOAU,01tWj00000C35XlIAJ,0ZGam000000isBBGAY,2026-03-27T23:32:20.000+0000
0ZRWj0000006MtLOAU,01tWj00000C35XmIAJ,0ZGam000000isBBGAY,2026-03-27T23:32:15.000+0000
0ZRWj0000006NDVOA2,01tWj00000C35XnIAJ,0ZGam000000isBBGAY,2026-03-27T23:32:42.000+0000
0ZRWj0000006MhqOAE,01tWj00000C35XoIAJ,0ZGam000000isBBGAY,2026-03-27T23:32:04.000+0000
0ZRWj0000006N6gOAE,01tWj00000C35XpIAJ,0ZGam000000isBBGAY,2026-03-27T23:32:31.000+0000
0ZRWj0000006Mt7OAE,01tWj00000C35XqIAJ,0ZGam000000isBBGAY,2026-03-27T23:32:15.000+0000
0ZRWj0000006NIMOA2,01tWj00000C35XrIAJ,0ZGam000000isBBGAY,2026-03-27T23:32:46.000+0000
0ZRWj0000006NnqOAE,01tWj00000C35XsIAJ,0ZGam000000isBBGAY,2026-03-27T23:33:23.000+0000
0ZRWj0000006Mn0OAE,01tWj00000C35XtIAJ,0ZGam000000isBBGAY,2026-03-27T23:32:08.000+0000
0ZRWj0000006Mw1OAE,01tWj00000C35XuIAJ,0ZGam000000isBBGAY,2026-03-27T23:32:20.000+0000
0ZRWj0000006NMKOA2,01tWj00000C35XvIAJ,0ZGam000000isBBGAY,2026-03-27T23:32:50.000+0000
0ZRWj0000006MqsOAE,01tWj00000C35XwIAJ,0ZGam000000isBBGAY,2026-03-27T23:32:15.000+0000
0ZRWj0000006Nw5OAE,01tWj00000C35XxIAJ,0ZGam000000isBBGAY,2026-03-27T23:33:31.000+0000
0ZRWj0000006Na9OAE,01tWj00000C35XyIAJ,0ZGam000000isBBGAY,2026-03-27T23:33:08.000+0000
0ZRWj0000006NscOAE,01tWj00000C35XzIAJ,0ZGam000000isBBGAY,2026-03-27T23:33:27.000+0000
0ZRWj0000006MdeOAE,01tWj00000C35Y0IAJ,0ZGam000000isBBGAY,2026-03-27T23:31:57.000+0000
0ZRWj0000006KeLOAU,01tWj00000C35Y1IAJ,0ZGam000000itATGAY,2026-03-27T20:41:20.000+0000
0ZRWj0000006Kb7OAE,01tWj00000C35Y1IAJ,0ZGam000000isBBGAY,2026-03-27T20:40:58.000+0000
0ZRWj0000006Kb8OAE,01tWj00000C35Y2IAJ,0ZGam000000isBBGAY,2026-03-27T20:40:58.000+0000
0ZRWj0000006KeMOAU,01tWj00000C35Y2IAJ,0ZGam000000itATGAY,2026-03-27T20:41:20.000+0000
0ZRWj0000006KkkOAE,01tWj00000C35Y3IAJ,0ZGam000000isBBGAY,2026-03-27T20:43:37.000+0000
0ZRWj0000006KhWOAU,01tWj00000C35Y3IAJ,0ZGam000000itATGAY,2026-03-27T20:43:17.000+0000
0ZRWj0000006Ko1OAE,01tWj00000C35Y4IAJ,0ZGam000000itATGAY,2026-03-27T20:44:12.000+0000
0ZRWj0000006KrFOAU,01tWj00000C35Y4IAJ,0ZGam000000isBBGAY,2026-03-27T20:44:27.000+0000
0ZRWj0000006Ko2OAE,01tWj00000C35Y5IAJ,0ZGam000000itATGAY,2026-03-27T20:44:12.000+0000
0ZRWj0000006KrGOAU,01tWj00000C35Y5IAJ,0ZGam000000isBBGAY,2026-03-27T20:44:27.000+0000
0ZRWj0000006KxhOAE,01tWj00000C35Y6IAJ,0ZGam000000itATGAY,2026-03-27T21:04:37.000+0000
0ZRWj0000006KuTOAU,01tWj00000C35Y6IAJ,0ZGam000000isBBGAY,2026-03-27T21:04:22.000+0000
0ZRWj0000006KuUOAU,01tWj00000C35Y7IAJ,0ZGam000000isBBGAY,2026-03-27T21:04:22.000+0000
0ZRWj0000006KxiOAE,01tWj00000C35Y7IAJ,0ZGam000000itATGAY,2026-03-27T21:04:37.000+0000
0ZRWj0000006L0mOAE,01tWj00000C35Y8IAJ,0ZGam000000isBBGAY,2026-03-27T21:05:29.000+0000
0ZRWj0000006L40OAE,01tWj00000C35Y8IAJ,0ZGam000000itATGAY,2026-03-27T21:05:44.000+0000
0ZRWj0000006L7NOAU,01tWj00000C35Y9IAJ,0ZGam000000itATGAY,2026-03-27T21:06:18.000+0000
0ZRWj0000006LAbOAM,01tWj00000C35Y9IAJ,0ZGam000000isBBGAY,2026-03-27T21:06:35.000+0000
0ZRWj0000006L7OOAU,01tWj00000C35YAIAZ,0ZGam000000itATGAY,2026-03-27T21:06:18.000+0000
0ZRWj0000006LAcOAM,01tWj00000C35YAIAZ,0ZGam000000isBBGAY,2026-03-27T21:06:35.000+0000
0ZRWj0000006NBDOA2,01tWj00000C35YBIAZ,0ZGam000000isBBGAY,2026-03-27T23:32:38.000+0000
0ZRWj0000006N27OAE,01tWj00000C35YCIAZ,0ZGam000000isBBGAY,2026-03-27T23:32:27.000+0000
0ZRWj0000006N5GOAU,01tWj00000C35YDIAZ,0ZGam000000isBBGAY,2026-03-27T23:32:31.000+0000
0ZRWj0000006MgyOAE,01tWj00000C35YEIAZ,0ZGam000000isBBGAY,2026-03-27T23:32:01.000+0000
0ZRWj0000006N6ZOAU,01tWj00000C35YFIAZ,0ZGam000000isBBGAY,2026-03-27T23:32:31.000+0000
0ZRWj0000006NGQOA2,01tWj00000C35YGIAZ,0ZGam000000isBBGAY,2026-03-27T23:32:42.000+0000
0ZRWj0000006MkQOAU,01tWj00000C35YHIAZ,0ZGam000000isBBGAY,2026-03-27T23:32:08.000+0000
0ZRWj0000006NU3OAM,01tWj00000C35YIIAZ,0ZGam000000isBBGAY,2026-03-27T23:33:01.000+0000
0ZRWj0000006NsjOAE,01tWj00000C35YJIAZ,0ZGam000000isBBGAY,2026-03-27T23:33:27.000+0000
0ZRWj0000006NHTOA2,01tWj00000C35YKIAZ,0ZGam000000isBBGAY,2026-03-27T23:32:46.000+0000
0ZRWj0000006NnoOAE,01tWj00000C35YLIAZ,0ZGam000000isBBGAY,2026-03-27T23:33:23.000+0000
0ZRWj0000006NgNOAU,01tWj00000C35YMIAZ,0ZGam000000isBBGAY,2026-03-27T23:33:16.000+0000
0ZRWj0000006NqgOAE,01tWj00000C35YNIAZ,0ZGam000000isBBGAY,2026-03-27T23:33:27.000+0000
0ZRWj0000006MnUOAU,01tWj00000C35YOIAZ,0ZGam000000isBBGAY,2026-03-27T23:32:12.000+0000
0ZRWj0000006NI0OAM,01tWj00000C35YPIAZ,0ZGam000000isBBGAY,2026-03-27T23:32:46.000+0000
0ZRWj0000006NLxOAM,01tWj00000C35YQIAZ,0ZGam000000isBBGAY,2026-03-27T23:32:50.000+0000
0ZRWj0000006NrpOAE,01tWj00000C35YRIAZ,0ZGam000000isBBGAY,2026-03-27T23:33:27.000+0000
0ZRWj0000006NdaOAE,01tWj00000C35YSIAZ,0ZGam000000isBBGAY,2026-03-27T23:33:12.000+0000
0ZRWj0000006NosOAE,01tWj00000C35YTIAZ,0ZGam000000isBBGAY,2026-03-27T23:33:23.000+0000
0ZRWj0000006MctOAE,01tWj00000C35YUIAZ,0ZGam000000isBBGAY,2026-03-27T23:31:57.000+0000
0ZRWj0000006MusOAE,01tWj00000C35YVIAZ,0ZGam000000isBBGAY,2026-03-27T23:32:20.000+0000
0ZRWj0000006NEiOAM,01tWj00000C35YWIAZ,0ZGam000000isBBGAY,2026-03-27T23:32:42.000+0000
0ZRWj0000006MahOAE,01tWj00000C35YXIAZ,0ZGam000000isBBGAY,2026-03-27T23:31:57.000+0000
0ZRWj0000006NspOAE,01tWj00000C35YYIAZ,0ZGam000000isBBGAY,2026-03-27T23:33:27.000+0000
0ZRWj0000006NCJOA2,01tWj00000C35YZIAZ,0ZGam000000isBBGAY,2026-03-27T23:32:38.000+0000
0ZRWj0000006NuUOAU,01tWj00000C35YaIAJ,0ZGam000000isBBGAY,2026-03-27T23:33:31.000+0000
0ZRWj0000006NrmOAE,01tWj00000C35YbIAJ,0ZGam000000isBBGAY,2026-03-27T23:33:27.000+0000
0ZRWj0000006NQUOA2,01tWj00000C35YcIAJ,0ZGam000000isBBGAY,2026-03-27T23:32:57.000+0000
0ZRWj0000006NltOAE,01tWj00000C35YdIAJ,0ZGam000000isBBGAY,2026-03-27T23:33:20.000+0000
0ZRWj0000006MlDOAU,01tWj00000C35YeIAJ,0ZGam000000isBBGAY,2026-03-27T23:32:08.000+0000
0ZRWj0000006MywOAE,01tWj00000C35YfIAJ,0ZGam000000isBBGAY,2026-03-27T23:32:23.000+0000
0ZRWj0000006NmROAU,01tWj00000C35YgIAJ,0ZGam000000isBBGAY,2026-03-27T23:33:20.000+0000
0ZRWj0000006NKtOAM,01tWj00000C35YhIAJ,0ZGam000000isBBGAY,2026-03-27T23:32:50.000+0000
0ZRWj0000006Ng3OAE,01tWj00000C35YiIAJ,0ZGam000000isBBGAY,2026-03-27T23:33:12.000+0000
0ZRWj0000006Kb9OAE,01tWj00000C35YjIAJ,0ZGam000000isBBGAY,2026-03-27T20:40:58.000+0000
0ZRWj0000006KeNOAU,01tWj00000C35YjIAJ,0ZGam000000itATGAY,2026-03-27T20:41:20.000+0000
0ZRWj0000006KbAOAU,01tWj00000C35YkIAJ,0ZGam000000isBBGAY,2026-03-27T20:40:58.000+0000
0ZRWj0000006KeOOAU,01tWj00000C35YkIAJ,0ZGam000000itATGAY,2026-03-27T20:41:20.000+0000
0ZRWj0000006KhXOAU,01tWj00000C35YlIAJ,0ZGam000000itATGAY,2026-03-27T20:43:17.000+0000
0ZRWj0000006KklOAE,01tWj00000C35YlIAJ,0ZGam000000isBBGAY,2026-03-27T20:43:37.000+0000
0ZRWj0000006Ko3OAE,01tWj00000C35YmIAJ,0ZGam000000itATGAY,2026-03-27T20:44:12.000+0000
0ZRWj0000006KrHOAU,01tWj00000C35YmIAJ,0ZGam000000isBBGAY,2026-03-27T20:44:27.000+0000
0ZRWj0000006Ko4OAE,01tWj00000C35YnIAJ,0ZGam000000itATGAY,2026-03-27T20:44:12.000+0000
0ZRWj0000006KrIOAU,01tWj00000C35YnIAJ,0ZGam000000isBBGAY,2026-03-27T20:44:27.000+0000
0ZRWj0000006KxjOAE,01tWj00000C35YoIAJ,0ZGam000000itATGAY,2026-03-27T21:04:37.000+0000
0ZRWj0000006KuVOAU,01tWj00000C35YoIAJ,0ZGam000000isBBGAY,2026-03-27T21:04:22.000+0000
0ZRWj0000006KxkOAE,01tWj00000C35YpIAJ,0ZGam000000itATGAY,2026-03-27T21:04:37.000+0000
0ZRWj0000006KuWOAU,01tWj00000C35YpIAJ,0ZGam000000isBBGAY,2026-03-27T21:04:22.000+0000
0ZRWj0000006L0nOAE,01tWj00000C35YqIAJ,0ZGam000000isBBGAY,2026-03-27T21:05:29.000+0000
0ZRWj0000006L41OAE,01tWj00000C35YqIAJ,0ZGam000000itATGAY,2026-03-27T21:05:44.000+0000
0ZRWj0000006L7POAU,01tWj00000C35YrIAJ,0ZGam000000itATGAY,2026-03-27T21:06:18.000+0000
0ZRWj0000006LAdOAM,01tWj00000C35YrIAJ,0ZGam000000isBBGAY,2026-03-27T21:06:35.000+0000
0ZRWj0000006LAeOAM,01tWj00000C35YsIAJ,0ZGam000000isBBGAY,2026-03-27T21:06:35.000+0000
0ZRWj0000006L7QOAU,01tWj00000C35YsIAJ,0ZGam000000itATGAY,2026-03-27T21:06:18.000+0000
0ZRWj0000006Ni2OAE,01tWj00000C35YtIAJ,0ZGam000000isBBGAY,2026-03-27T23:33:16.000+0000
0ZRWj0000006NkZOAU,01tWj00000C35YuIAJ,0ZGam000000isBBGAY,2026-03-27T23:33:20.000+0000
0ZRWj0000006MrDOAU,01tWj00000C35aXIAR,0ZGam000000isBBGAY,2026-03-27T23:32:15.000+0000
0ZRWj0000006MnYOAU,01tWj00000C35aYIAR,0ZGam000000isBBGAY,2026-03-27T23:32:12.000+0000
0ZRWj0000006NpvOAE,01tWj00000C35aZIAR,0ZGam000000isBBGAY,2026-03-27T23:33:23.000+0000
0ZRWj0000006N1jOAE,01tWj00000C35aaIAB,0ZGam000000isBBGAY,2026-03-27T23:32:27.000+0000
0ZRWj0000006N2pOAE,01tWj00000C35abIAB,0ZGam000000isBBGAY,2026-03-27T23:32:27.000+0000
0ZRWj0000006NA1OAM,01tWj00000C35acIAB,0ZGam000000isBBGAY,2026-03-27T23:32:38.000+0000
0ZRWj0000006Nm8OAE,01tWj00000C35adIAB,0ZGam000000isBBGAY,2026-03-27T23:33:20.000+0000
0ZRWj0000006MowOAE,01tWj00000C35aeIAB,0ZGam000000isBBGAY,2026-03-27T23:32:12.000+0000
0ZRWj0000006NnTOAU,01tWj00000C35afIAB,0ZGam000000isBBGAY,2026-03-27T23:33:23.000+0000
0ZRWj0000006NtEOAU,01tWj00000C35agIAB,0ZGam000000isBBGAY,2026-03-27T23:33:31.000+0000
0ZRWj0000006NKfOAM,01tWj00000C35ahIAB,0ZGam000000isBBGAY,2026-03-27T23:32:50.000+0000
0ZRWj0000006NQDOA2,01tWj00000C35aiIAB,0ZGam000000isBBGAY,2026-03-27T23:32:57.000+0000
0ZRWj0000006NiAOAU,01tWj00000C35ajIAB,0ZGam000000isBBGAY,2026-03-27T23:33:16.000+0000
0ZRWj0000006NEUOA2,01tWj00000C35akIAB,0ZGam000000isBBGAY,2026-03-27T23:32:42.000+0000
0ZRWj0000006NpIOAU,01tWj00000C35alIAB,0ZGam000000isBBGAY,2026-03-27T23:33:23.000+0000
0ZRWj0000006NeLOAU,01tWj00000C35amIAB,0ZGam000000isBBGAY,2026-03-27T23:33:12.000+0000
0ZRWj0000006N8EOAU,01tWj00000C35anIAB,0ZGam000000isBBGAY,2026-03-27T23:32:34.000+0000
0ZRWj0000006NSAOA2,01tWj00000C35aoIAB,0ZGam000000isBBGAY,2026-03-27T23:32:57.000+0000
0ZRWj0000006Mq9OAE,01tWj00000C35apIAB,0ZGam000000isBBGAY,2026-03-27T23:32:12.000+0000
0ZRWj0000006NiPOAU,01tWj00000C35aqIAB,0ZGam000000isBBGAY,2026-03-27T23:33:16.000+0000
0ZRWj0000006N7iOAE,01tWj00000C35arIAB,0ZGam000000isBBGAY,2026-03-27T23:32:34.000+0000
0ZRWj0000006NsXOAU,01tWj00000C35asIAB,0ZGam000000isBBGAY,2026-03-27T23:33:27.000+0000
0ZRWj0000006NmXOAU,01tWj00000C35atIAB,0ZGam000000isBBGAY,2026-03-27T23:33:20.000+0000
0ZRWj0000006NU7OAM,01tWj00000C35auIAB,0ZGam000000isBBGAY,2026-03-27T23:33:01.000+0000
0ZRWj0000006MjcOAE,01tWj00000C35avIAB,0ZGam000000isBBGAY,2026-03-27T23:32:04.000+0000
0ZRWj0000006NNpOAM,01tWj00000C35awIAB,0ZGam000000isBBGAY,2026-03-27T23:32:53.000+0000
0ZRWj0000006NKGOA2,01tWj00000C35axIAB,0ZGam000000isBBGAY,2026-03-27T23:32:50.000+0000
0ZRWj0000006NNrOAM,01tWj00000C35ayIAB,0ZGam000000isBBGAY,2026-03-27T23:32:53.000+0000
0ZRWj0000006Mm4OAE,01tWj00000C35azIAB,0ZGam000000isBBGAY,2026-03-27T23:32:08.000+0000
0ZRWj0000006McFOAU,01tWj00000C35b0IAB,0ZGam000000isBBGAY,2026-03-27T23:31:57.000+0000
0ZRWj0000006KbBOAU,01tWj00000C35b1IAB,0ZGam000000isBBGAY,2026-03-27T20:40:58.000+0000
0ZRWj0000006KePOAU,01tWj00000C35b1IAB,0ZGam000000itATGAY,2026-03-27T20:41:20.000+0000
0ZRWj0000006KbCOAU,01tWj00000C35b2IAB,0ZGam000000isBBGAY,2026-03-27T20:40:58.000+0000
0ZRWj0000006KeQOAU,01tWj00000C35b2IAB,0ZGam000000itATGAY,2026-03-27T20:41:20.000+0000
0ZRWj0000006KkmOAE,01tWj00000C35b3IAB,0ZGam000000isBBGAY,2026-03-27T20:43:37.000+0000
0ZRWj0000006KhYOAU,01tWj00000C35b3IAB,0ZGam000000itATGAY,2026-03-27T20:43:17.000+0000
0ZRWj0000006KrJOAU,01tWj00000C35b4IAB,0ZGam000000isBBGAY,2026-03-27T20:44:27.000+0000
0ZRWj0000006Ko5OAE,01tWj00000C35b4IAB,0ZGam000000itATGAY,2026-03-27T20:44:12.000+0000
0ZRWj0000006Ko6OAE,01tWj00000C35b5IAB,0ZGam000000itATGAY,2026-03-27T20:44:12.000+0000
0ZRWj0000006KrKOAU,01tWj00000C35b5IAB,0ZGam000000isBBGAY,2026-03-27T20:44:27.000+0000
0ZRWj0000006KuXOAU,01tWj00000C35b6IAB,0ZGam000000isBBGAY,2026-03-27T21:04:22.000+0000
0ZRWj0000006KxlOAE,01tWj00000C35b6IAB,0ZGam000000itATGAY,2026-03-27T21:04:37.000+0000
0ZRWj0000006KxmOAE,01tWj00000C35b7IAB,0ZGam000000itATGAY,2026-03-27T21:04:37.000+0000
0ZRWj0000006KuYOAU,01tWj00000C35b7IAB,0ZGam000000isBBGAY,2026-03-27T21:04:22.000+0000
0ZRWj0000006L0oOAE,01tWj00000C35b8IAB,0ZGam000000isBBGAY,2026-03-27T21:05:29.000+0000
0ZRWj0000006L42OAE,01tWj00000C35b8IAB,0ZGam000000itATGAY,2026-03-27T21:05:44.000+0000
0ZRWj0000006LAfOAM,01tWj00000C35b9IAB,0ZGam000000isBBGAY,2026-03-27T21:06:35.000+0000
0ZRWj0000006L7ROAU,01tWj00000C35b9IAB,0ZGam000000itATGAY,2026-03-27T21:06:18.000+0000
0ZRWj0000006L7SOAU,01tWj00000C35bAIAR,0ZGam000000itATGAY,2026-03-27T21:06:18.000+0000
0ZRWj0000006LAgOAM,01tWj00000C35bAIAR,0ZGam000000isBBGAY,2026-03-27T21:06:35.000+0000
0ZRWj0000006NtBOAU,01tWj00000C35bBIAR,0ZGam000000isBBGAY,2026-03-27T23:33:31.000+0000
0ZRWj0000006NBWOA2,01tWj00000C35bCIAR,0ZGam000000isBBGAY,2026-03-27T23:32:38.000+0000
0ZRWj0000006NpeOAE,01tWj00000C35bDIAR,0ZGam000000isBBGAY,2026-03-27T23:33:23.000+0000
0ZRWj0000006N9ZOAU,01tWj00000C35bEIAR,0ZGam000000isBBGAY,2026-03-27T23:32:34.000+0000
0ZRWj0000006NaUOAU,01tWj00000C35bFIAR,0ZGam000000isBBGAY,2026-03-27T23:33:08.000+0000
0ZRWj0000006Mn7OAE,01tWj00000C35bGIAR,0ZGam000000isBBGAY,2026-03-27T23:32:08.000+0000
0ZRWj0000006NEjOAM,01tWj00000C35bHIAR,0ZGam000000isBBGAY,2026-03-27T23:32:42.000+0000
0ZRWj0000006NpFOAU,01tWj00000C35bIIAR,0ZGam000000isBBGAY,2026-03-27T23:33:23.000+0000
0ZRWj0000006NWoOAM,01tWj00000C35bJIAR,0ZGam000000isBBGAY,2026-03-27T23:33:04.000+0000
0ZRWj0000006MzCOAU,01tWj00000C35bKIAR,0ZGam000000isBBGAY,2026-03-27T23:32:23.000+0000
0ZRWj0000006MhHOAU,01tWj00000C35bLIAR,0ZGam000000isBBGAY,2026-03-27T23:32:04.000+0000
0ZRWj0000006NXxOAM,01tWj00000C35bMIAR,0ZGam000000isBBGAY,2026-03-27T23:33:04.000+0000
0ZRWj0000006MtKOAU,01tWj00000C35bNIAR,0ZGam000000isBBGAY,2026-03-27T23:32:15.000+0000
0ZRWj0000006NbnOAE,01tWj00000C35bOIAR,0ZGam000000isBBGAY,2026-03-27T23:33:08.000+0000
0ZRWj0000006NSSOA2,01tWj00000C35bPIAR,0ZGam000000isBBGAY,2026-03-27T23:32:57.000+0000
0ZRWj0000006NiIOAU,01tWj00000C35bQIAR,0ZGam000000isBBGAY,2026-03-27T23:33:16.000+0000
0ZRWj0000006Mp1OAE,01tWj00000C35bRIAR,0ZGam000000isBBGAY,2026-03-27T23:32:12.000+0000
0ZRWj0000006Mg2OAE,01tWj00000C35bSIAR,0ZGam000000isBBGAY,2026-03-27T23:32:01.000+0000
0ZRWj0000006NvVOAU,01tWj00000C35bTIAR,0ZGam000000isBBGAY,2026-03-27T23:33:31.000+0000
0ZRWj0000006MzVOAU,01tWj00000C35bUIAR,0ZGam000000isBBGAY,2026-03-27T23:32:23.000+0000
0ZRWj0000006NGIOA2,01tWj00000C35bVIAR,0ZGam000000isBBGAY,2026-03-27T23:32:42.000+0000
0ZRWj0000006N1JOAU,01tWj00000C35bWIAR,0ZGam000000isBBGAY,2026-03-27T23:32:27.000+0000
0ZRWj0000006NX3OAM,01tWj00000C35bXIAR,0ZGam000000isBBGAY,2026-03-27T23:33:04.000+0000
0ZRWj0000006N60OAE,01tWj00000C35bYIAR,0ZGam000000isBBGAY,2026-03-27T23:32:31.000+0000
0ZRWj0000006NU9OAM,01tWj00000C35bZIAR,0ZGam000000isBBGAY,2026-03-27T23:33:01.000+0000
0ZRWj0000006Nf0OAE,01tWj00000C35baIAB,0ZGam000000isBBGAY,2026-03-27T23:33:12.000+0000
0ZRWj0000006MtqOAE,01tWj00000C35bbIAB,0ZGam000000isBBGAY,2026-03-27T23:32:15.000+0000
0ZRWj0000006MfrOAE,01tWj00000C35bcIAB,0ZGam000000isBBGAY,2026-03-27T23:32:01.000+0000
0ZRWj0000006NTfOAM,01tWj00000C35bdIAB,0ZGam000000isBBGAY,2026-03-27T23:33:01.000+0000
0ZRWj0000006MhMOAU,01tWj00000C35beIAB,0ZGam000000isBBGAY,2026-03-27T23:32:04.000+0000
0ZRWj0000006NsbOAE,01tWj00000C35bfIAB,0ZGam000000isBBGAY,2026-03-27T23:33:27.000+0000
0ZRWj0000006MzqOAE,01tWj00000C35bgIAB,0ZGam000000isBBGAY,2026-03-27T23:32:23.000+0000
0ZRWj0000006KbDOAU,01tWj00000C35bhIAB,0ZGam000000isBBGAY,2026-03-27T20:40:58.000+0000
0ZRWj0000006KeROAU,01tWj00000C35bhIAB,0ZGam000000itATGAY,2026-03-27T20:41:20.000+0000
0ZRWj0000006KeSOAU,01tWj00000C35biIAB,0ZGam000000itATGAY,2026-03-27T20:41:20.000+0000
0ZRWj0000006KbEOAU,01tWj00000C35biIAB,0ZGam000000isBBGAY,2026-03-27T20:40:58.000+0000
0ZRWj0000006KhZOAU,01tWj00000C35bjIAB,0ZGam000000itATGAY,2026-03-27T20:43:17.000+0000
0ZRWj0000006KknOAE,01tWj00000C35bjIAB,0ZGam000000isBBGAY,2026-03-27T20:43:37.000+0000
0ZRWj0000006KrLOAU,01tWj00000C35bkIAB,0ZGam000000isBBGAY,2026-03-27T20:44:27.000+0000
0ZRWj0000006Ko7OAE,01tWj00000C35bkIAB,0ZGam000000itATGAY,2026-03-27T20:44:12.000+0000
0ZRWj0000006KrMOAU,01tWj00000C35blIAB,0ZGam000000isBBGAY,2026-03-27T20:44:27.000+0000
0ZRWj0000006Ko8OAE,01tWj00000C35blIAB,0ZGam000000itATGAY,2026-03-27T20:44:12.000+0000
0ZRWj0000006KuZOAU,01tWj00000C35bmIAB,0ZGam000000isBBGAY,2026-03-27T21:04:22.000+0000
0ZRWj0000006KxnOAE,01tWj00000C35bmIAB,0ZGam000000itATGAY,2026-03-27T21:04:37.000+0000
0ZRWj0000006KuaOAE,01tWj00000C35bnIAB,0ZGam000000isBBGAY,2026-03-27T21:04:22.000+0000
0ZRWj0000006KxoOAE,01tWj00000C35bnIAB,0ZGam000000itATGAY,2026-03-27T21:04:37.000+0000
0ZRWj0000006L0pOAE,01tWj00000C35boIAB,0ZGam000000isBBGAY,2026-03-27T21:05:29.000+0000
0ZRWj0000006L43OAE,01tWj00000C35boIAB,0ZGam000000itATGAY,2026-03-27T21:05:44.000+0000
0ZRWj0000006L7TOAU,01tWj00000C35bpIAB,0ZGam000000itATGAY,2026-03-27T21:06:18.000+0000
0ZRWj0000006LAhOAM,01tWj00000C35bpIAB,0ZGam000000isBBGAY,2026-03-27T21:06:35.000+0000
0ZRWj0000006L7UOAU,01tWj00000C35bqIAB,0ZGam000000itATGAY,2026-03-27T21:06:18.000+0000
0ZRWj0000006LAiOAM,01tWj00000C35bqIAB,0ZGam000000isBBGAY,2026-03-27T21:06:35.000+0000
0ZRWj0000006NtlOAE,01tWj00000C35brIAB,0ZGam000000isBBGAY,2026-03-27T23:33:31.000+0000
0ZRWj0000006NTlOAM,01tWj00000C35bsIAB,0ZGam000000isBBGAY,2026-03-27T23:33:01.000+0000
0ZRWj0000006NINOA2,01tWj00000C35btIAB,0ZGam000000isBBGAY,2026-03-27T23:32:46.000+0000
0ZRWj0000006NJtOAM,01tWj00000C35buIAB,0ZGam000000isBBGAY,2026-03-27T23:32:50.000+0000
0ZRWj0000006NU0OAM,01tWj00000C35bvIAB,0ZGam000000isBBGAY,2026-03-27T23:33:01.000+0000
0ZRWj0000006NVQOA2,01tWj00000C35bwIAB,0ZGam000000isBBGAY,2026-03-27T23:33:01.000+0000
0ZRWj0000006ND4OAM,01tWj00000C35bxIAB,0ZGam000000isBBGAY,2026-03-27T23:32:38.000+0000
0ZRWj0000006NfQOAU,01tWj00000C35byIAB,0ZGam000000isBBGAY,2026-03-27T23:33:12.000+0000
0ZRWj0000006NvDOAU,01tWj00000C35bzIAB,0ZGam000000isBBGAY,2026-03-27T23:33:31.000+0000
0ZRWj0000006NTDOA2,01tWj00000C35c0IAB,0ZGam000000isBBGAY,2026-03-27T23:32:57.000+0000
0ZRWj0000006MhTOAU,01tWj00000C35c1IAB,0ZGam000000isBBGAY,2026-03-27T23:32:04.000+0000
0ZRWj0000006Ne1OAE,01tWj00000C35c2IAB,0ZGam000000isBBGAY,2026-03-27T23:33:12.000+0000
0ZRWj0000006N8rOAE,01tWj00000C35c3IAB,0ZGam000000isBBGAY,2026-03-27T23:32:34.000+0000
0ZRWj0000006NAMOA2,01tWj00000C35c4IAB,0ZGam000000isBBGAY,2026-03-27T23:32:38.000+0000
0ZRWj0000006Mb5OAE,01tWj00000C35c5IAB,0ZGam000000isBBGAY,2026-03-27T23:31:57.000+0000
0ZRWj0000006NT6OAM,01tWj00000C35c6IAB,0ZGam000000isBBGAY,2026-03-27T23:32:57.000+0000
0ZRWj0000006NoGOAU,01tWj00000C35c7IAB,0ZGam000000isBBGAY,2026-03-27T23:33:23.000+0000
0ZRWj0000006MbZOAU,01tWj00000C35c8IAB,0ZGam000000isBBGAY,2026-03-27T23:31:57.000+0000
0ZRWj0000006Ne5OAE,01tWj00000C35c9IAB,0ZGam000000isBBGAY,2026-03-27T23:33:12.000+0000
0ZRWj0000006MsiOAE,01tWj00000C35cAIAR,0ZGam000000isBBGAY,2026-03-27T23:32:15.000+0000
0ZRWj0000006NloOAE,01tWj00000C35cBIAR,0ZGam000000isBBGAY,2026-03-27T23:33:20.000+0000
0ZRWj0000006NeHOAU,01tWj00000C35cCIAR,0ZGam000000isBBGAY,2026-03-27T23:33:12.000+0000
0ZRWj0000006N3aOAE,01tWj00000C35cDIAR,0ZGam000000isBBGAY,2026-03-27T23:32:31.000+0000
0ZRWj0000006NPCOA2,01tWj00000C35cEIAR,0ZGam000000isBBGAY,2026-03-27T23:32:53.000+0000
0ZRWj0000006MlmOAE,01tWj00000C35cFIAR,0ZGam000000isBBGAY,2026-03-27T23:32:08.000+0000
0ZRWj0000006NTkOAM,01tWj00000C35cGIAR,0ZGam000000isBBGAY,2026-03-27T23:33:01.000+0000
0ZRWj0000006NUrOAM,01tWj00000C35cHIAR,0ZGam000000isBBGAY,2026-03-27T23:33:01.000+0000
0ZRWj0000006MyAOAU,01tWj00000C35cIIAR,0ZGam000000isBBGAY,2026-03-27T23:32:23.000+0000
0ZRWj0000006NarOAE,01tWj00000C35cJIAR,0ZGam000000isBBGAY,2026-03-27T23:33:08.000+0000
0ZRWj0000006MbXOAU,01tWj00000C35cKIAR,0ZGam000000isBBGAY,2026-03-27T23:31:57.000+0000
0ZRWj0000006MdNOAU,01tWj00000C35cLIAR,0ZGam000000isBBGAY,2026-03-27T23:31:57.000+0000
0ZRWj0000006MewOAE,01tWj00000C35cMIAR,0ZGam000000isBBGAY,2026-03-27T23:32:01.000+0000
0ZRWj0000006KeTOAU,01tWj00000C35cNIAR,0ZGam000000itATGAY,2026-03-27T20:41:20.000+0000
0ZRWj0000006KbFOAU,01tWj00000C35cNIAR,0ZGam000000isBBGAY,2026-03-27T20:40:58.000+0000
0ZRWj0000006KbGOAU,01tWj00000C35cOIAR,0ZGam000000isBBGAY,2026-03-27T20:40:58.000+0000
0ZRWj0000006KeUOAU,01tWj00000C35cOIAR,0ZGam000000itATGAY,2026-03-27T20:41:20.000+0000
0ZRWj0000006KhaOAE,01tWj00000C35cPIAR,0ZGam000000itATGAY,2026-03-27T20:43:17.000+0000
0ZRWj0000006KkoOAE,01tWj00000C35cPIAR,0ZGam000000isBBGAY,2026-03-27T20:43:37.000+0000
0ZRWj0000006Ko9OAE,01tWj00000C35cQIAR,0ZGam000000itATGAY,2026-03-27T20:44:12.000+0000
0ZRWj0000006KrNOAU,01tWj00000C35cQIAR,0ZGam000000isBBGAY,2026-03-27T20:44:27.000+0000
0ZRWj0000006KoAOAU,01tWj00000C35cRIAR,0ZGam000000itATGAY,2026-03-27T20:44:12.000+0000
0ZRWj0000006KrOOAU,01tWj00000C35cRIAR,0ZGam000000isBBGAY,2026-03-27T20:44:27.000+0000
0ZRWj0000006KxpOAE,01tWj00000C35cSIAR,0ZGam000000itATGAY,2026-03-27T21:04:37.000+0000
0ZRWj0000006KubOAE,01tWj00000C35cSIAR,0ZGam000000isBBGAY,2026-03-27T21:04:22.000+0000
0ZRWj0000006KxqOAE,01tWj00000C35cTIAR,0ZGam000000itATGAY,2026-03-27T21:04:37.000+0000
0ZRWj0000006KucOAE,01tWj00000C35cTIAR,0ZGam000000isBBGAY,2026-03-27T21:04:22.000+0000
0ZRWj0000006L44OAE,01tWj00000C35cUIAR,0ZGam000000itATGAY,2026-03-27T21:05:44.000+0000
0ZRWj0000006L0qOAE,01tWj00000C35cUIAR,0ZGam000000isBBGAY,2026-03-27T21:05:29.000+0000
0ZRWj0000006LAjOAM,01tWj00000C35cVIAR,0ZGam000000isBBGAY,2026-03-27T21:06:35.000+0000
0ZRWj0000006L7VOAU,01tWj00000C35cVIAR,0ZGam000000itATGAY,2026-03-27T21:06:18.000+0000
0ZRWj0000006LAkOAM,01tWj00000C35cWIAR,0ZGam000000isBBGAY,2026-03-27T21:06:35.000+0000
0ZRWj0000006L7WOAU,01tWj00000C35cWIAR,0ZGam000000itATGAY,2026-03-27T21:06:18.000+0000
0ZRWj0000006MvROAU,01tWj00000C35cXIAR,0ZGam000000isBBGAY,2026-03-27T23:32:20.000+0000
0ZRWj0000006NClOAM,01tWj00000C35cYIAR,0ZGam000000isBBGAY,2026-03-27T23:32:38.000+0000
0ZRWj0000006NEEOA2,01tWj00000C35cZIAR,0ZGam000000isBBGAY,2026-03-27T23:32:42.000+0000
0ZRWj0000006NIqOAM,01tWj00000C35caIAB,0ZGam000000isBBGAY,2026-03-27T23:32:46.000+0000
0ZRWj0000006NKhOAM,01tWj00000C35cbIAB,0ZGam000000isBBGAY,2026-03-27T23:32:50.000+0000
0ZRWj0000006NNcOAM,01tWj00000C35ccIAB,0ZGam000000isBBGAY,2026-03-27T23:32:53.000+0000
0ZRWj0000006NZPOA2,01tWj00000C35cdIAB,0ZGam000000isBBGAY,2026-03-27T23:33:04.000+0000
0ZRWj0000006NPqOAM,01tWj00000C35ceIAB,0ZGam000000isBBGAY,2026-03-27T23:32:53.000+0000
0ZRWj0000006NQAOA2,01tWj00000C35cfIAB,0ZGam000000isBBGAY,2026-03-27T23:32:57.000+0000
0ZRWj0000006NAJOA2,01tWj00000C35cgIAB,0ZGam000000isBBGAY,2026-03-27T23:32:38.000+0000
0ZRWj0000006NcpOAE,01tWj00000C35chIAB,0ZGam000000isBBGAY,2026-03-27T23:33:08.000+0000
0ZRWj0000006NsZOAU,01tWj00000C35ciIAB,0ZGam000000isBBGAY,2026-03-27T23:33:27.000+0000
0ZRWj0000006N8TOAU,01tWj00000C35cjIAB,0ZGam000000isBBGAY,2026-03-27T23:32:34.000+0000
0ZRWj0000006NDPOA2,01tWj00000C35ckIAB,0ZGam000000isBBGAY,2026-03-27T23:32:42.000+0000
0ZRWj0000006NHyOAM,01tWj00000C35clIAB,0ZGam000000isBBGAY,2026-03-27T23:32:46.000+0000
0ZRWj0000006MqVOAU,01tWj00000C35cmIAB,0ZGam000000isBBGAY,2026-03-27T23:32:12.000+0000
0ZRWj0000006NK6OAM,01tWj00000C35cnIAB,0ZGam000000isBBGAY,2026-03-27T23:32:50.000+0000
0ZRWj0000006NUxOAM,01tWj00000C35coIAB,0ZGam000000isBBGAY,2026-03-27T23:33:01.000+0000
0ZRWj0000006NvtOAE,01tWj00000C35cpIAB,0ZGam000000isBBGAY,2026-03-27T23:33:31.000+0000
0ZRWj0000006NiUOAU,01tWj00000C35cqIAB,0ZGam000000isBBGAY,2026-03-27T23:33:16.000+0000
0ZRWj0000006Nr0OAE,01tWj00000C35crIAB,0ZGam000000isBBGAY,2026-03-27T23:33:27.000+0000
0ZRWj0000006N0iOAE,01tWj00000C35csIAB,0ZGam000000isBBGAY,2026-03-27T23:32:27.000+0000
0ZRWj0000006MjvOAE,01tWj00000C35ctIAB,0ZGam000000isBBGAY,2026-03-27T23:32:04.000+0000
0ZRWj0000006N9BOAU,01tWj00000C35cuIAB,0ZGam000000isBBGAY,2026-03-27T23:32:34.000+0000
0ZRWj0000006N4dOAE,01tWj00000C35cvIAB,0ZGam000000isBBGAY,2026-03-27T23:32:31.000+0000
0ZRWj0000006N8cOAE,01tWj00000C35cwIAB,0ZGam000000isBBGAY,2026-03-27T23:32:34.000+0000
0ZRWj0000006NQsOAM,01tWj00000C35cxIAB,0ZGam000000isBBGAY,2026-03-27T23:32:57.000+0000
0ZRWj0000006NZGOA2,01tWj00000C35cyIAB,0ZGam000000isBBGAY,2026-03-27T23:33:04.000+0000
0ZRWj0000006N0vOAE,01tWj00000C35czIAB,0ZGam000000isBBGAY,2026-03-27T23:32:27.000+0000
0ZRWj0000006NC2OAM,01tWj00000C35d0IAB,0ZGam000000isBBGAY,2026-03-27T23:32:38.000+0000
0ZRWj0000006N1COAU,01tWj00000C35d1IAB,0ZGam000000isBBGAY,2026-03-27T23:32:27.000+0000
0ZRWj0000006NsKOAU,01tWj00000C35d2IAB,0ZGam000000isBBGAY,2026-03-27T23:33:27.000+0000
0ZRWj0000006KeVOAU,01tWj00000C35d3IAB,0ZGam000000itATGAY,2026-03-27T20:41:20.000+0000
0ZRWj0000006KbHOAU,01tWj00000C35d3IAB,0ZGam000000isBBGAY,2026-03-27T20:40:58.000+0000
0ZRWj0000006KbIOAU,01tWj00000C35d4IAB,0ZGam000000isBBGAY,2026-03-27T20:40:58.000+0000
0ZRWj0000006KeWOAU,01tWj00000C35d4IAB,0ZGam000000itATGAY,2026-03-27T20:41:20.000+0000
0ZRWj0000006KkpOAE,01tWj00000C35d5IAB,0ZGam000000isBBGAY,2026-03-27T20:43:37.000+0000
0ZRWj0000006KhbOAE,01tWj00000C35d5IAB,0ZGam000000itATGAY,2026-03-27T20:43:17.000+0000
0ZRWj0000006KoBOAU,01tWj00000C35d6IAB,0ZGam000000itATGAY,2026-03-27T20:44:12.000+0000
0ZRWj0000006KrPOAU,01tWj00000C35d6IAB,0ZGam000000isBBGAY,2026-03-27T20:44:27.000+0000
0ZRWj0000006KoCOAU,01tWj00000C35d7IAB,0ZGam000000itATGAY,2026-03-27T20:44:12.000+0000
0ZRWj0000006KrQOAU,01tWj00000C35d7IAB,0ZGam000000isBBGAY,2026-03-27T20:44:27.000+0000
0ZRWj0000006KudOAE,01tWj00000C35d8IAB,0ZGam000000isBBGAY,2026-03-27T21:04:22.000+0000
0ZRWj0000006KxrOAE,01tWj00000C35d8IAB,0ZGam000000itATGAY,2026-03-27T21:04:37.000+0000
0ZRWj0000006KxsOAE,01tWj00000C35d9IAB,0ZGam000000itATGAY,2026-03-27T21:04:37.000+0000
0ZRWj0000006KueOAE,01tWj00000C35d9IAB,0ZGam000000isBBGAY,2026-03-27T21:04:22.000+0000
0ZRWj0000006L0rOAE,01tWj00000C35dAIAR,0ZGam000000isBBGAY,2026-03-27T21:05:29.000+0000
0ZRWj0000006L45OAE,01tWj00000C35dAIAR,0ZGam000000itATGAY,2026-03-27T21:05:44.000+0000
0ZRWj0000006LAlOAM,01tWj00000C35dBIAR,0ZGam000000isBBGAY,2026-03-27T21:06:35.000+0000
0ZRWj0000006L7XOAU,01tWj00000C35dBIAR,0ZGam000000itATGAY,2026-03-27T21:06:18.000+0000
0ZRWj0000006L7YOAU,01tWj00000C35dCIAR,0ZGam000000itATGAY,2026-03-27T21:06:18.000+0000
0ZRWj0000006LAmOAM,01tWj00000C35dCIAR,0ZGam000000isBBGAY,2026-03-27T21:06:35.000+0000
0ZRWj0000006Na6OAE,01tWj00000C35dDIAR,0ZGam000000isBBGAY,2026-03-27T23:33:08.000+0000
0ZRWj0000006NVSOA2,01tWj00000C35dEIAR,0ZGam000000isBBGAY,2026-03-27T23:33:01.000+0000
0ZRWj0000006MacOAE,01tWj00000C35dFIAR,0ZGam000000isBBGAY,2026-03-27T23:31:57.000+0000
0ZRWj0000006NHjOAM,01tWj00000C35dGIAR,0ZGam000000isBBGAY,2026-03-27T23:32:46.000+0000
0ZRWj0000006McBOAU,01tWj00000C35dHIAR,0ZGam000000isBBGAY,2026-03-27T23:31:57.000+0000
0ZRWj0000006MjYOAU,01tWj00000C35dIIAR,0ZGam000000isBBGAY,2026-03-27T23:32:04.000+0000
0ZRWj0000006NQHOA2,01tWj00000C35dJIAR,0ZGam000000isBBGAY,2026-03-27T23:32:57.000+0000
0ZRWj0000006MvOOAU,01tWj00000C35dKIAR,0ZGam000000isBBGAY,2026-03-27T23:32:20.000+0000
0ZRWj0000006NbtOAE,01tWj00000C35dLIAR,0ZGam000000isBBGAY,2026-03-27T23:33:08.000+0000
0ZRWj0000006N36OAE,01tWj00000C35dMIAR,0ZGam000000isBBGAY,2026-03-27T23:32:27.000+0000
0ZRWj0000006NpSOAU,01tWj00000C35dNIAR,0ZGam000000isBBGAY,2026-03-27T23:33:23.000+0000
0ZRWj0000006MevOAE,01tWj00000C35dOIAR,0ZGam000000isBBGAY,2026-03-27T23:32:01.000+0000
0ZRWj0000006NRZOA2,01tWj00000C35dPIAR,0ZGam000000isBBGAY,2026-03-27T23:32:57.000+0000
0ZRWj0000006NInOAM,01tWj00000C35dQIAR,0ZGam000000isBBGAY,2026-03-27T23:32:46.000+0000
0ZRWj0000006N4vOAE,01tWj00000C35dRIAR,0ZGam000000isBBGAY,2026-03-27T23:32:31.000+0000
0ZRWj0000006NLeOAM,01tWj00000C35dSIAR,0ZGam000000isBBGAY,2026-03-27T23:32:50.000+0000
0ZRWj0000006MvDOAU,01tWj00000C35dTIAR,0ZGam000000isBBGAY,2026-03-27T23:32:20.000+0000
0ZRWj0000006MiDOAU,01tWj00000C35dUIAR,0ZGam000000isBBGAY,2026-03-27T23:32:04.000+0000
0ZRWj0000006MmEOAU,01tWj00000C35dVIAR,0ZGam000000isBBGAY,2026-03-27T23:32:08.000+0000
0ZRWj0000006MabOAE,01tWj00000C35dWIAR,0ZGam000000isBBGAY,2026-03-27T23:31:57.000+0000
0ZRWj0000006Mm9OAE,01tWj00000C35dXIAR,0ZGam000000isBBGAY,2026-03-27T23:32:08.000+0000
0ZRWj0000006Nh3OAE,01tWj00000C35dYIAR,0ZGam000000isBBGAY,2026-03-27T23:33:16.000+0000
0ZRWj0000006NOEOA2,01tWj00000C35dZIAR,0ZGam000000isBBGAY,2026-03-27T23:32:53.000+0000
0ZRWj0000006MoGOAU,01tWj00000C35daIAB,0ZGam000000isBBGAY,2026-03-27T23:32:12.000+0000
0ZRWj0000006NqnOAE,01tWj00000C35dbIAB,0ZGam000000isBBGAY,2026-03-27T23:33:27.000+0000
0ZRWj0000006NLNOA2,01tWj00000C35dcIAB,0ZGam000000isBBGAY,2026-03-27T23:32:50.000+0000
0ZRWj0000006Mc4OAE,01tWj00000C35ddIAB,0ZGam000000isBBGAY,2026-03-27T23:31:57.000+0000
0ZRWj0000006MefOAE,01tWj00000C35deIAB,0ZGam000000isBBGAY,2026-03-27T23:32:01.000+0000
0ZRWj0000006NPsOAM,01tWj00000C35dfIAB,0ZGam000000isBBGAY,2026-03-27T23:32:53.000+0000
0ZRWj0000006NoxOAE,01tWj00000C35dgIAB,0ZGam000000isBBGAY,2026-03-27T23:33:23.000+0000
0ZRWj0000006N9YOAU,01tWj00000C35dhIAB,0ZGam000000isBBGAY,2026-03-27T23:32:34.000+0000
0ZRWj0000006KeXOAU,01tWj00000C35diIAB,0ZGam000000itATGAY,2026-03-27T20:41:20.000+0000
0ZRWj0000006KbJOAU,01tWj00000C35diIAB,0ZGam000000isBBGAY,2026-03-27T20:40:58.000+0000
0ZRWj0000006KbKOAU,01tWj00000C35djIAB,0ZGam000000isBBGAY,2026-03-27T20:40:58.000+0000
0ZRWj0000006KeYOAU,01tWj00000C35djIAB,0ZGam000000itATGAY,2026-03-27T20:41:20.000+0000
0ZRWj0000006KhcOAE,01tWj00000C35dkIAB,0ZGam000000itATGAY,2026-03-27T20:43:17.000+0000
0ZRWj0000006KkqOAE,01tWj00000C35dkIAB,0ZGam000000isBBGAY,2026-03-27T20:43:37.000+0000
0ZRWj0000006MgYOAU,01tWj00000C35gzIAB,0ZGam000000isCnGAI,2026-03-27T23:32:01.000+0000
0ZRWj0000006NWtOAM,01tWj00000C35h0IAB,0ZGam000000isCnGAI,2026-03-27T23:33:04.000+0000
0ZRWj0000006NYBOA2,01tWj00000C35h1IAB,0ZGam000000isCnGAI,2026-03-27T23:33:04.000+0000
0ZRWj0000006MbWOAU,01tWj00000C35h2IAB,0ZGam000000isCnGAI,2026-03-27T23:31:57.000+0000
0ZRWj0000006McPOAU,01tWj00000C35h3IAB,0ZGam000000isCnGAI,2026-03-27T23:31:57.000+0000
0ZRWj0000006Ke3OAE,01tWj00000C35h4IAB,0ZGam000000itATGAY,2026-03-27T20:41:20.000+0000
0ZRWj0000006KapOAE,01tWj00000C35h4IAB,0ZGam000000isBBGAY,2026-03-27T20:40:58.000+0000
0ZRWj0000006Ke4OAE,01tWj00000C35h5IAB,0ZGam000000itATGAY,2026-03-27T20:41:20.000+0000
0ZRWj0000006KaqOAE,01tWj00000C35h5IAB,0ZGam000000isBBGAY,2026-03-27T20:40:58.000+0000
0ZRWj0000006KkbOAE,01tWj00000C35h6IAB,0ZGam000000isBBGAY,2026-03-27T20:43:37.000+0000
0ZRWj0000006KhNOAU,01tWj00000C35h6IAB,0ZGam000000itATGAY,2026-03-27T20:43:17.000+0000
0ZRWj0000006KqxOAE,01tWj00000C35h7IAB,0ZGam000000isBBGAY,2026-03-27T20:44:27.000+0000
0ZRWj0000006KnjOAE,01tWj00000C35h7IAB,0ZGam000000itATGAY,2026-03-27T20:44:12.000+0000
0ZRWj0000006KnkOAE,01tWj00000C35h8IAB,0ZGam000000itATGAY,2026-03-27T20:44:12.000+0000
0ZRWj0000006KqyOAE,01tWj00000C35h8IAB,0ZGam000000isBBGAY,2026-03-27T20:44:27.000+0000
0ZRWj0000006KxPOAU,01tWj00000C35h9IAB,0ZGam000000itATGAY,2026-03-27T21:04:37.000+0000
0ZRWj0000006KuBOAU,01tWj00000C35h9IAB,0ZGam000000isBBGAY,2026-03-27T21:04:22.000+0000
0ZRWj0000006KuCOAU,01tWj00000C35hAIAR,0ZGam000000isBBGAY,2026-03-27T21:04:22.000+0000
0ZRWj0000006KxQOAU,01tWj00000C35hAIAR,0ZGam000000itATGAY,2026-03-27T21:04:37.000+0000
0ZRWj0000006L0dOAE,01tWj00000C35hBIAR,0ZGam000000isBBGAY,2026-03-27T21:05:29.000+0000
0ZRWj0000006L3rOAE,01tWj00000C35hBIAR,0ZGam000000itATGAY,2026-03-27T21:05:44.000+0000
0ZRWj0000006LAJOA2,01tWj00000C35hCIAR,0ZGam000000isBBGAY,2026-03-27T21:06:35.000+0000
0ZRWj0000006L75OAE,01tWj00000C35hCIAR,0ZGam000000itATGAY,2026-03-27T21:06:18.000+0000
0ZRWj0000006LAKOA2,01tWj00000C35hDIAR,0ZGam000000isBBGAY,2026-03-27T21:06:35.000+0000
0ZRWj0000006L76OAE,01tWj00000C35hDIAR,0ZGam000000itATGAY,2026-03-27T21:06:18.000+0000
0ZRWj0000006MjAOAU,01tWj00000C35hEIAR,0ZGam000000isBBGAY,2026-03-27T23:32:04.000+0000
0ZRWj0000006NJuOAM,01tWj00000C35hFIAR,0ZGam000000isBBGAY,2026-03-27T23:32:50.000+0000
0ZRWj0000006MpkOAE,01tWj00000C35hGIAR,0ZGam000000isBBGAY,2026-03-27T23:32:12.000+0000
0ZRWj0000006N4AOAU,01tWj00000C35hHIAR,0ZGam000000isBBGAY,2026-03-27T23:32:31.000+0000
0ZRWj0000006NrhOAE,01tWj00000C35hIIAR,0ZGam000000isBBGAY,2026-03-27T23:33:27.000+0000
0ZRWj0000006N0uOAE,01tWj00000C35hJIAR,0ZGam000000isBBGAY,2026-03-27T23:32:27.000+0000
0ZRWj0000006MeJOAU,01tWj00000C35hKIAR,0ZGam000000isBBGAY,2026-03-27T23:32:01.000+0000
0ZRWj0000006Mc1OAE,01tWj00000C35hLIAR,0ZGam000000isBBGAY,2026-03-27T23:31:57.000+0000
0ZRWj0000006MgAOAU,01tWj00000C35hMIAR,0ZGam000000isBBGAY,2026-03-27T23:32:01.000+0000
0ZRWj0000006MkxOAE,01tWj00000C35hNIAR,0ZGam000000isBBGAY,2026-03-27T23:32:08.000+0000
0ZRWj0000006NjoOAE,01tWj00000C35hOIAR,0ZGam000000isBBGAY,2026-03-27T23:33:20.000+0000
0ZRWj0000006N7bOAE,01tWj00000C35hPIAR,0ZGam000000isBBGAY,2026-03-27T23:32:34.000+0000
0ZRWj0000006NpJOAU,01tWj00000C35hQIAR,0ZGam000000isBBGAY,2026-03-27T23:33:23.000+0000
0ZRWj0000006NY6OAM,01tWj00000C35hRIAR,0ZGam000000isBBGAY,2026-03-27T23:33:04.000+0000
0ZRWj0000006MkYOAU,01tWj00000C35hSIAR,0ZGam000000isBBGAY,2026-03-27T23:32:08.000+0000
0ZRWj0000006MvWOAU,01tWj00000C35hTIAR,0ZGam000000isBBGAY,2026-03-27T23:32:20.000+0000
0ZRWj0000006MmeOAE,01tWj00000C35hUIAR,0ZGam000000isBBGAY,2026-03-27T23:32:08.000+0000
0ZRWj0000006NtVOAU,01tWj00000C35hVIAR,0ZGam000000isBBGAY,2026-03-27T23:33:31.000+0000
0ZRWj0000006MhhOAE,01tWj00000C35hWIAR,0ZGam000000isBBGAY,2026-03-27T23:32:04.000+0000
0ZRWj0000006NPuOAM,01tWj00000C35hXIAR,0ZGam000000isBBGAY,2026-03-27T23:32:53.000+0000
0ZRWj0000006NrgOAE,01tWj00000C35hYIAR,0ZGam000000isBBGAY,2026-03-27T23:33:27.000+0000
0ZRWj0000006NZFOA2,01tWj00000C35hZIAR,0ZGam000000isBBGAY,2026-03-27T23:33:04.000+0000
0ZRWj0000006NXNOA2,01tWj00000C35haIAB,0ZGam000000isBBGAY,2026-03-27T23:33:04.000+0000
0ZRWj0000006NNkOAM,01tWj00000C35hbIAB,0ZGam000000isBBGAY,2026-03-27T23:32:53.000+0000
0ZRWj0000006NTpOAM,01tWj00000C35hcIAB,0ZGam000000isBBGAY,2026-03-27T23:33:01.000+0000
0ZRWj0000006NfVOAU,01tWj00000C35hdIAB,0ZGam000000isBBGAY,2026-03-27T23:33:12.000+0000
0ZRWj0000006MpKOAU,01tWj00000C35heIAB,0ZGam000000isBBGAY,2026-03-27T23:32:12.000+0000
0ZRWj0000006NWpOAM,01tWj00000C35hfIAB,0ZGam000000isBBGAY,2026-03-27T23:33:04.000+0000
0ZRWj0000006MwoOAE,01tWj00000C35hgIAB,0ZGam000000isBBGAY,2026-03-27T23:32:20.000+0000
0ZRWj0000006MzHOAU,01tWj00000C35hhIAB,0ZGam000000isBBGAY,2026-03-27T23:32:23.000+0000
0ZRWj0000006MgVOAU,01tWj00000C35hiIAB,0ZGam000000isBBGAY,2026-03-27T23:32:01.000+0000
0ZRWj0000006NIxOAM,01tWj00000C35hjIAB,0ZGam000000isBBGAY,2026-03-27T23:32:46.000+0000
0ZRWj0000006K94OAE,01tWj00000C35hkIAB,0ZGam000000isCnGAI,2026-03-27T20:30:25.000+0000
0ZRWj0000006K95OAE,01tWj00000C35hlIAB,0ZGam000000isCnGAI,2026-03-27T20:30:25.000+0000
0ZRWj0000006KAsOAM,01tWj00000C35hmIAB,0ZGam000000isCnGAI,2026-03-27T20:31:01.000+0000
0ZRWj0000006KCPOA2,01tWj00000C35hnIAB,0ZGam000000isCnGAI,2026-03-27T20:31:31.000+0000
0ZRWj0000006KCQOA2,01tWj00000C35hoIAB,0ZGam000000isCnGAI,2026-03-27T20:31:31.000+0000
0ZRWj0000006KE1OAM,01tWj00000C35hpIAB,0ZGam000000isCnGAI,2026-03-27T20:32:06.000+0000
0ZRWj0000006KE2OAM,01tWj00000C35hqIAB,0ZGam000000isCnGAI,2026-03-27T20:32:06.000+0000
0ZRWj0000006KFcOAM,01tWj00000C35hrIAB,0ZGam000000isCnGAI,2026-03-27T20:32:31.000+0000
0ZRWj0000006KHNOA2,01tWj00000C35hsIAB,0ZGam000000isCnGAI,2026-03-27T20:33:12.000+0000
0ZRWj0000006KHOOA2,01tWj00000C35htIAB,0ZGam000000isCnGAI,2026-03-27T20:33:12.000+0000
0ZRWj0000006KHPOA2,01tWj00000C35huIAB,0ZGam000000isCnGAI,2026-03-27T20:33:12.000+0000
0ZRWj0000006KIzOAM,01tWj00000C35hvIAB,0ZGam000000isCnGAI,2026-03-27T20:33:49.000+0000
0ZRWj0000006KJ0OAM,01tWj00000C35hwIAB,0ZGam000000isCnGAI,2026-03-27T20:33:49.000+0000
0ZRWj0000006KJ1OAM,01tWj00000C35hxIAB,0ZGam000000isCnGAI,2026-03-27T20:33:49.000+0000
0ZRWj0000006KKVOA2,01tWj00000C35hyIAB,0ZGam000000isCnGAI,2026-03-27T20:34:33.000+0000
0ZRWj0000006KMDOA2,01tWj00000C35hzIAB,0ZGam000000isCnGAI,2026-03-27T20:35:28.000+0000
0ZRWj0000006KMEOA2,01tWj00000C35i0IAB,0ZGam000000isCnGAI,2026-03-27T20:35:28.000+0000
0ZRWj0000006KMFOA2,01tWj00000C35i1IAB,0ZGam000000isCnGAI,2026-03-27T20:35:28.000+0000
0ZRWj0000006KNxOAM,01tWj00000C35i2IAB,0ZGam000000isCnGAI,2026-03-27T20:36:16.000+0000
0ZRWj0000006KNyOAM,01tWj00000C35i3IAB,0ZGam000000isCnGAI,2026-03-27T20:36:16.000+0000
0ZRWj0000006KNzOAM,01tWj00000C35i4IAB,0ZGam000000isCnGAI,2026-03-27T20:36:16.000+0000
0ZRWj0000006KO0OAM,01tWj00000C35i5IAB,0ZGam000000isCnGAI,2026-03-27T20:36:16.000+0000
0ZRWj0000006KRJOA2,01tWj00000C35i6IAB,0ZGam000000isCnGAI,2026-03-27T20:37:06.000+0000
0ZRWj0000006KRKOA2,01tWj00000C35i7IAB,0ZGam000000isCnGAI,2026-03-27T20:37:06.000+0000
0ZRWj0000006KRLOA2,01tWj00000C35i8IAB,0ZGam000000isCnGAI,2026-03-27T20:37:06.000+0000
0ZRWj0000006KRMOA2,01tWj00000C35i9IAB,0ZGam000000isCnGAI,2026-03-27T20:37:06.000+0000
0ZRWj0000006KUOOA2,01tWj00000C35iAIAR,0ZGam000000isCnGAI,2026-03-27T20:37:59.000+0000
0ZRWj0000006KUPOA2,01tWj00000C35iBIAR,0ZGam000000isCnGAI,2026-03-27T20:37:59.000+0000
0ZRWj0000006KUQOA2,01tWj00000C35iCIAR,0ZGam000000isCnGAI,2026-03-27T20:37:59.000+0000
0ZRWj0000006KXUOA2,01tWj00000C35iDIAR,0ZGam000000isCnGAI,2026-03-27T20:38:39.000+0000
0ZRWj0000006KXVOA2,01tWj00000C35iEIAR,0ZGam000000isCnGAI,2026-03-27T20:38:39.000+0000
0ZRWj0000006KYzOAM,01tWj00000C35iFIAR,0ZGam000000isCnGAI,2026-03-27T20:39:10.000+0000
0ZRWj0000006KZ0OAM,01tWj00000C35iGIAR,0ZGam000000isCnGAI,2026-03-27T20:39:10.000+0000
0ZRWj0000006N9SOAU,01tWj00000C35iHIAR,0ZGam000000isCnGAI,2026-03-27T23:32:34.000+0000
0ZRWj0000006Mo4OAE,01tWj00000C35iIIAR,0ZGam000000isCnGAI,2026-03-27T23:32:12.000+0000
0ZRWj0000006MthOAE,01tWj00000C35iJIAR,0ZGam000000isCnGAI,2026-03-27T23:32:15.000+0000
0ZRWj0000006NcfOAE,01tWj00000C35iKIAR,0ZGam000000isCnGAI,2026-03-27T23:33:08.000+0000
0ZRWj0000006NTWOA2,01tWj00000C35iLIAR,0ZGam000000isCnGAI,2026-03-27T23:33:01.000+0000
0ZRWj0000006NC5OAM,01tWj00000C35iMIAR,0ZGam000000isCnGAI,2026-03-27T23:32:38.000+0000
0ZRWj0000006NYvOAM,01tWj00000C35iNIAR,0ZGam000000isCnGAI,2026-03-27T23:33:04.000+0000
0ZRWj0000006MqJOAU,01tWj00000C35iOIAR,0ZGam000000isCnGAI,2026-03-27T23:32:12.000+0000
0ZRWj0000006NY7OAM,01tWj00000C35iPIAR,0ZGam000000isCnGAI,2026-03-27T23:33:04.000+0000
0ZRWj0000006Ke5OAE,01tWj00000C35iQIAR,0ZGam000000itATGAY,2026-03-27T20:41:20.000+0000
0ZRWj0000006KarOAE,01tWj00000C35iQIAR,0ZGam000000isBBGAY,2026-03-27T20:40:58.000+0000
0ZRWj0000006KasOAE,01tWj00000C35iRIAR,0ZGam000000isBBGAY,2026-03-27T20:40:58.000+0000
0ZRWj0000006Ke6OAE,01tWj00000C35iRIAR,0ZGam000000itATGAY,2026-03-27T20:41:20.000+0000
0ZRWj0000006KhOOAU,01tWj00000C35iSIAR,0ZGam000000itATGAY,2026-03-27T20:43:17.000+0000
0ZRWj0000006KkcOAE,01tWj00000C35iSIAR,0ZGam000000isBBGAY,2026-03-27T20:43:37.000+0000
0ZRWj0000006KnlOAE,01tWj00000C35iTIAR,0ZGam000000itATGAY,2026-03-27T20:44:12.000+0000
0ZRWj0000006KqzOAE,01tWj00000C35iTIAR,0ZGam000000isBBGAY,2026-03-27T20:44:27.000+0000
0ZRWj0000006Kr0OAE,01tWj00000C35iUIAR,0ZGam000000isBBGAY,2026-03-27T20:44:27.000+0000
0ZRWj0000006KnmOAE,01tWj00000C35iUIAR,0ZGam000000itATGAY,2026-03-27T20:44:12.000+0000
0ZRWj0000006KxROAU,01tWj00000C35iVIAR,0ZGam000000itATGAY,2026-03-27T21:04:37.000+0000
0ZRWj0000006KuDOAU,01tWj00000C35iVIAR,0ZGam000000isBBGAY,2026-03-27T21:04:22.000+0000
0ZRWj0000006KuEOAU,01tWj00000C35iWIAR,0ZGam000000isBBGAY,2026-03-27T21:04:22.000+0000
0ZRWj0000006KxSOAU,01tWj00000C35iWIAR,0ZGam000000itATGAY,2026-03-27T21:04:37.000+0000
0ZRWj0000006L0eOAE,01tWj00000C35iXIAR,0ZGam000000isBBGAY,2026-03-27T21:05:29.000+0000
0ZRWj0000006L3sOAE,01tWj00000C35iXIAR,0ZGam000000itATGAY,2026-03-27T21:05:44.000+0000
0ZRWj0000006L77OAE,01tWj00000C35iYIAR,0ZGam000000itATGAY,2026-03-27T21:06:18.000+0000
0ZRWj0000006LALOA2,01tWj00000C35iYIAR,0ZGam000000isBBGAY,2026-03-27T21:06:35.000+0000
0ZRWj0000006L78OAE,01tWj00000C35iZIAR,0ZGam000000itATGAY,2026-03-27T21:06:18.000+0000
0ZRWj0000006LAMOA2,01tWj00000C35iZIAR,0ZGam000000isBBGAY,2026-03-27T21:06:35.000+0000
0ZRWj0000006MsAOAU,01tWj00000C35iaIAB,0ZGam000000isBBGAY,2026-03-27T23:32:15.000+0000
0ZRWj0000006NnEOAU,01tWj00000C35ibIAB,0ZGam000000isBBGAY,2026-03-27T23:33:23.000+0000
0ZRWj0000006N7rOAE,01tWj00000C35icIAB,0ZGam000000isBBGAY,2026-03-27T23:32:34.000+0000
0ZRWj0000006MbwOAE,01tWj00000C35idIAB,0ZGam000000isBBGAY,2026-03-27T23:31:57.000+0000
0ZRWj0000006NAiOAM,01tWj00000C35ieIAB,0ZGam000000isBBGAY,2026-03-27T23:32:38.000+0000
0ZRWj0000006NggOAE,01tWj00000C35ifIAB,0ZGam000000isBBGAY,2026-03-27T23:33:16.000+0000
0ZRWj0000006Nq7OAE,01tWj00000C35igIAB,0ZGam000000isBBGAY,2026-03-27T23:33:27.000+0000
0ZRWj0000006N3FOAU,01tWj00000C35ihIAB,0ZGam000000isBBGAY,2026-03-27T23:32:27.000+0000
0ZRWj0000006N2jOAE,01tWj00000C35iiIAB,0ZGam000000isBBGAY,2026-03-27T23:32:27.000+0000
0ZRWj0000006NUgOAM,01tWj00000C35ijIAB,0ZGam000000isBBGAY,2026-03-27T23:33:01.000+0000
0ZRWj0000006MmOOAU,01tWj00000C35ikIAB,0ZGam000000isBBGAY,2026-03-27T23:32:08.000+0000
0ZRWj0000006MtbOAE,01tWj00000C35ilIAB,0ZGam000000isBBGAY,2026-03-27T23:32:15.000+0000
0ZRWj0000006NR6OAM,01tWj00000C35imIAB,0ZGam000000isBBGAY,2026-03-27T23:32:57.000+0000
0ZRWj0000006NUpOAM,01tWj00000C35inIAB,0ZGam000000isBBGAY,2026-03-27T23:33:01.000+0000
0ZRWj0000006NozOAE,01tWj00000C35ioIAB,0ZGam000000isBBGAY,2026-03-27T23:33:23.000+0000
0ZRWj0000006NDkOAM,01tWj00000C35ipIAB,0ZGam000000isBBGAY,2026-03-27T23:32:42.000+0000
0ZRWj0000006NWdOAM,01tWj00000C35iqIAB,0ZGam000000isBBGAY,2026-03-27T23:33:04.000+0000
0ZRWj0000006NVLOA2,01tWj00000C35irIAB,0ZGam000000isBBGAY,2026-03-27T23:33:01.000+0000
0ZRWj0000006NGyOAM,01tWj00000C35isIAB,0ZGam000000isBBGAY,2026-03-27T23:32:46.000+0000
0ZRWj0000006NtYOAU,01tWj00000C35itIAB,0ZGam000000isBBGAY,2026-03-27T23:33:31.000+0000
0ZRWj0000006N4eOAE,01tWj00000C35iuIAB,0ZGam000000isBBGAY,2026-03-27T23:32:31.000+0000
0ZRWj0000006NGOOA2,01tWj00000C35ivIAB,0ZGam000000isBBGAY,2026-03-27T23:32:42.000+0000
0ZRWj0000006Mj4OAE,01tWj00000C35iwIAB,0ZGam000000isBBGAY,2026-03-27T23:32:04.000+0000
0ZRWj0000006NrYOAU,01tWj00000C35ixIAB,0ZGam000000isBBGAY,2026-03-27T23:33:27.000+0000
0ZRWj0000006NteOAE,01tWj00000C35iyIAB,0ZGam000000isBBGAY,2026-03-27T23:33:31.000+0000
0ZRWj0000006NA6OAM,01tWj00000C35izIAB,0ZGam000000isBBGAY,2026-03-27T23:32:38.000+0000
0ZRWj0000006NYWOA2,01tWj00000C35j0IAB,0ZGam000000isBBGAY,2026-03-27T23:33:04.000+0000
0ZRWj0000006NuXOAU,01tWj00000C35j1IAB,0ZGam000000isBBGAY,2026-03-27T23:33:31.000+0000
0ZRWj0000006NtKOAU,01tWj00000C35j2IAB,0ZGam000000isBBGAY,2026-03-27T23:33:31.000+0000
0ZRWj0000006NIhOAM,01tWj00000C35j3IAB,0ZGam000000isBBGAY,2026-03-27T23:32:46.000+0000
0ZRWj0000006NLrOAM,01tWj00000C35j4IAB,0ZGam000000isBBGAY,2026-03-27T23:32:50.000+0000
0ZRWj0000006MdVOAU,01tWj00000C35j5IAB,0ZGam000000isBBGAY,2026-03-27T23:31:57.000+0000
0ZRWj0000006K96OAE,01tWj00000C35j6IAB,0ZGam000000isCnGAI,2026-03-27T20:30:25.000+0000
0ZRWj0000006K97OAE,01tWj00000C35j7IAB,0ZGam000000isCnGAI,2026-03-27T20:30:25.000+0000
0ZRWj0000006KAtOAM,01tWj00000C35j8IAB,0ZGam000000isCnGAI,2026-03-27T20:31:01.000+0000
0ZRWj0000006KCROA2,01tWj00000C35j9IAB,0ZGam000000isCnGAI,2026-03-27T20:31:31.000+0000
0ZRWj0000006KCSOA2,01tWj00000C35jAIAR,0ZGam000000isCnGAI,2026-03-27T20:31:31.000+0000
0ZRWj0000006KE3OAM,01tWj00000C35jBIAR,0ZGam000000isCnGAI,2026-03-27T20:32:06.000+0000
0ZRWj0000006KE4OAM,01tWj00000C35jCIAR,0ZGam000000isCnGAI,2026-03-27T20:32:06.000+0000
0ZRWj0000006KFdOAM,01tWj00000C35jDIAR,0ZGam000000isCnGAI,2026-03-27T20:32:31.000+0000
0ZRWj0000006KHQOA2,01tWj00000C35jEIAR,0ZGam000000isCnGAI,2026-03-27T20:33:12.000+0000
0ZRWj0000006KHROA2,01tWj00000C35jFIAR,0ZGam000000isCnGAI,2026-03-27T20:33:12.000+0000
0ZRWj0000006KHSOA2,01tWj00000C35jGIAR,0ZGam000000isCnGAI,2026-03-27T20:33:12.000+0000
0ZRWj0000006KJ2OAM,01tWj00000C35jHIAR,0ZGam000000isCnGAI,2026-03-27T20:33:49.000+0000
0ZRWj0000006KJ3OAM,01tWj00000C35jIIAR,0ZGam000000isCnGAI,2026-03-27T20:33:49.000+0000
0ZRWj0000006KJ4OAM,01tWj00000C35jJIAR,0ZGam000000isCnGAI,2026-03-27T20:33:49.000+0000
0ZRWj0000006KKWOA2,01tWj00000C35jKIAR,0ZGam000000isCnGAI,2026-03-27T20:34:33.000+0000
0ZRWj0000006KMGOA2,01tWj00000C35jLIAR,0ZGam000000isCnGAI,2026-03-27T20:35:28.000+0000
0ZRWj0000006KMHOA2,01tWj00000C35jMIAR,0ZGam000000isCnGAI,2026-03-27T20:35:28.000+0000
0ZRWj0000006KMIOA2,01tWj00000C35jNIAR,0ZGam000000isCnGAI,2026-03-27T20:35:28.000+0000
0ZRWj0000006KO1OAM,01tWj00000C35jOIAR,0ZGam000000isCnGAI,2026-03-27T20:36:16.000+0000
0ZRWj0000006KO2OAM,01tWj00000C35jPIAR,0ZGam000000isCnGAI,2026-03-27T20:36:16.000+0000
0ZRWj0000006KO3OAM,01tWj00000C35jQIAR,0ZGam000000isCnGAI,2026-03-27T20:36:16.000+0000
0ZRWj0000006KO4OAM,01tWj00000C35jRIAR,0ZGam000000isCnGAI,2026-03-27T20:36:16.000+0000
0ZRWj0000006KRNOA2,01tWj00000C35jSIAR,0ZGam000000isCnGAI,2026-03-27T20:37:06.000+0000
0ZRWj0000006KROOA2,01tWj00000C35jTIAR,0ZGam000000isCnGAI,2026-03-27T20:37:06.000+0000
0ZRWj0000006KRPOA2,01tWj00000C35jUIAR,0ZGam000000isCnGAI,2026-03-27T20:37:06.000+0000
0ZRWj0000006KRQOA2,01tWj00000C35jVIAR,0ZGam000000isCnGAI,2026-03-27T20:37:06.000+0000
0ZRWj0000006KUROA2,01tWj00000C35jWIAR,0ZGam000000isCnGAI,2026-03-27T20:37:59.000+0000
0ZRWj0000006KUSOA2,01tWj00000C35jXIAR,0ZGam000000isCnGAI,2026-03-27T20:37:59.000+0000
0ZRWj0000006KUTOA2,01tWj00000C35jYIAR,0ZGam000000isCnGAI,2026-03-27T20:37:59.000+0000
0ZRWj0000006KXWOA2,01tWj00000C35jZIAR,0ZGam000000isCnGAI,2026-03-27T20:38:39.000+0000
0ZRWj0000006KXXOA2,01tWj00000C35jaIAB,0ZGam000000isCnGAI,2026-03-27T20:38:39.000+0000
0ZRWj0000006KZ1OAM,01tWj00000C35jbIAB,0ZGam000000isCnGAI,2026-03-27T20:39:10.000+0000
0ZRWj0000006KZ2OAM,01tWj00000C35jcIAB,0ZGam000000isCnGAI,2026-03-27T20:39:10.000+0000
0ZRWj0000006MoaOAE,01tWj00000C35jdIAB,0ZGam000000isCnGAI,2026-03-27T23:32:12.000+0000
0ZRWj0000006NRuOAM,01tWj00000C35jeIAB,0ZGam000000isCnGAI,2026-03-27T23:32:57.000+0000
0ZRWj0000006MapOAE,01tWj00000C35jfIAB,0ZGam000000isCnGAI,2026-03-27T23:31:57.000+0000
0ZRWj0000006MoqOAE,01tWj00000C35jgIAB,0ZGam000000isCnGAI,2026-03-27T23:32:12.000+0000
0ZRWj0000006NAlOAM,01tWj00000C35jhIAB,0ZGam000000isCnGAI,2026-03-27T23:32:38.000+0000
0ZRWj0000006NrvOAE,01tWj00000C35jiIAB,0ZGam000000isCnGAI,2026-03-27T23:33:27.000+0000
0ZRWj0000006NDxOAM,01tWj00000C35jjIAB,0ZGam000000isCnGAI,2026-03-27T23:32:42.000+0000
0ZRWj0000006MdtOAE,01tWj00000C35jkIAB,0ZGam000000isCnGAI,2026-03-27T23:32:01.000+0000
0ZRWj0000006N5iOAE,01tWj00000C35jlIAB,0ZGam000000isCnGAI,2026-03-27T23:32:31.000+0000
0ZRWj0000006Ke7OAE,01tWj00000C35jmIAB,0ZGam000000itATGAY,2026-03-27T20:41:20.000+0000
0ZRWj0000006KatOAE,01tWj00000C35jmIAB,0ZGam000000isBBGAY,2026-03-27T20:40:58.000+0000
0ZRWj0000006Ke8OAE,01tWj00000C35jnIAB,0ZGam000000itATGAY,2026-03-27T20:41:20.000+0000
0ZRWj0000006KauOAE,01tWj00000C35jnIAB,0ZGam000000isBBGAY,2026-03-27T20:40:58.000+0000
0ZRWj0000006KkdOAE,01tWj00000C35joIAB,0ZGam000000isBBGAY,2026-03-27T20:43:37.000+0000
0ZRWj0000006KhPOAU,01tWj00000C35joIAB,0ZGam000000itATGAY,2026-03-27T20:43:17.000+0000
0ZRWj0000006KnnOAE,01tWj00000C35jpIAB,0ZGam000000itATGAY,2026-03-27T20:44:12.000+0000
0ZRWj0000006Kr1OAE,01tWj00000C35jpIAB,0ZGam000000isBBGAY,2026-03-27T20:44:27.000+0000
0ZRWj0000006KnoOAE,01tWj00000C35jqIAB,0ZGam000000itATGAY,2026-03-27T20:44:12.000+0000
0ZRWj0000006Kr2OAE,01tWj00000C35jqIAB,0ZGam000000isBBGAY,2026-03-27T20:44:27.000+0000
0ZRWj0000006KuFOAU,01tWj00000C35jrIAB,0ZGam000000isBBGAY,2026-03-27T21:04:22.000+0000
0ZRWj0000006KxTOAU,01tWj00000C35jrIAB,0ZGam000000itATGAY,2026-03-27T21:04:37.000+0000
0ZRWj0000006KxUOAU,01tWj00000C35jsIAB,0ZGam000000itATGAY,2026-03-27T21:04:37.000+0000
0ZRWj0000006KuGOAU,01tWj00000C35jsIAB,0ZGam000000isBBGAY,2026-03-27T21:04:22.000+0000
0ZRWj0000006L0fOAE,01tWj00000C35jtIAB,0ZGam000000isBBGAY,2026-03-27T21:05:29.000+0000
0ZRWj0000006L3tOAE,01tWj00000C35jtIAB,0ZGam000000itATGAY,2026-03-27T21:05:44.000+0000
0ZRWj0000006LANOA2,01tWj00000C35juIAB,0ZGam000000isBBGAY,2026-03-27T21:06:35.000+0000
0ZRWj0000006L79OAE,01tWj00000C35juIAB,0ZGam000000itATGAY,2026-03-27T21:06:18.000+0000
0ZRWj0000006L7AOAU,01tWj00000C35jvIAB,0ZGam000000itATGAY,2026-03-27T21:06:18.000+0000
0ZRWj0000006LAOOA2,01tWj00000C35jvIAB,0ZGam000000isBBGAY,2026-03-27T21:06:35.000+0000
0ZRWj0000006NsoOAE,01tWj00000C35jwIAB,0ZGam000000isBBGAY,2026-03-27T23:33:27.000+0000
0ZRWj0000006MnAOAU,01tWj00000C35jxIAB,0ZGam000000isBBGAY,2026-03-27T23:32:08.000+0000
0ZRWj0000006MuXOAU,01tWj00000C35jyIAB,0ZGam000000isBBGAY,2026-03-27T23:32:20.000+0000
0ZRWj0000006MlMOAU,01tWj00000C35jzIAB,0ZGam000000isBBGAY,2026-03-27T23:32:08.000+0000
0ZRWj0000006NfjOAE,01tWj00000C35k0IAB,0ZGam000000isBBGAY,2026-03-27T23:33:12.000+0000
0ZRWj0000006MpMOAU,01tWj00000C35k1IAB,0ZGam000000isBBGAY,2026-03-27T23:32:12.000+0000
0ZRWj0000006NlIOAU,01tWj00000C35k2IAB,0ZGam000000isBBGAY,2026-03-27T23:33:20.000+0000
0ZRWj0000006NPtOAM,01tWj00000C35k3IAB,0ZGam000000isBBGAY,2026-03-27T23:32:53.000+0000
0ZRWj0000006NKDOA2,01tWj00000C35k4IAB,0ZGam000000isBBGAY,2026-03-27T23:32:50.000+0000
0ZRWj0000006MxfOAE,01tWj00000C35k5IAB,0ZGam000000isBBGAY,2026-03-27T23:32:23.000+0000
0ZRWj0000006N7zOAE,01tWj00000C35k6IAB,0ZGam000000isBBGAY,2026-03-27T23:32:34.000+0000
0ZRWj0000006NSoOAM,01tWj00000C35k7IAB,0ZGam000000isBBGAY,2026-03-27T23:32:57.000+0000
0ZRWj0000006NXeOAM,01tWj00000C35k8IAB,0ZGam000000isBBGAY,2026-03-27T23:33:04.000+0000
0ZRWj0000006Mx4OAE,01tWj00000C35k9IAB,0ZGam000000isBBGAY,2026-03-27T23:32:20.000+0000
0ZRWj0000006N6IOAU,01tWj00000C35kAIAR,0ZGam000000isBBGAY,2026-03-27T23:32:31.000+0000
0ZRWj0000006NcVOAU,01tWj00000C35kBIAR,0ZGam000000isBBGAY,2026-03-27T23:33:08.000+0000
0ZRWj0000006MzZOAU,01tWj00000C35kCIAR,0ZGam000000isBBGAY,2026-03-27T23:32:23.000+0000
0ZRWj0000006K5AOAU,01tWj00000C35x7IAB,0ZGam000000isCnGAI,2026-03-27T20:04:11.000+0000
0ZRWj0000006K5BOAU,01tWj00000C35x8IAB,0ZGam000000isCnGAI,2026-03-27T20:04:11.000+0000
0ZRWj0000006K5COAU,01tWj00000C35x9IAB,0ZGam000000isCnGAI,2026-03-27T20:04:11.000+0000
0ZRWj0000006K5DOAU,01tWj00000C35xAIAR,0ZGam000000isCnGAI,2026-03-27T20:04:11.000+0000
0ZRWj0000006K5EOAU,01tWj00000C35xBIAR,0ZGam000000isCnGAI,2026-03-27T20:04:11.000+0000
0ZRWj0000006K5FOAU,01tWj00000C35xCIAR,0ZGam000000isCnGAI,2026-03-27T20:04:11.000+0000
0ZRWj0000006K5GOAU,01tWj00000C35xDIAR,0ZGam000000isCnGAI,2026-03-27T20:04:11.000+0000
0ZRWj0000006K5HOAU,01tWj00000C35xEIAR,0ZGam000000isCnGAI,2026-03-27T20:04:11.000+0000
0ZRWj0000006K5IOAU,01tWj00000C35xFIAR,0ZGam000000isCnGAI,2026-03-27T20:04:11.000+0000
0ZRWj0000006K5JOAU,01tWj00000C35xGIAR,0ZGam000000isCnGAI,2026-03-27T20:04:11.000+0000
0ZRWj0000006K5KOAU,01tWj00000C35xHIAR,0ZGam000000isCnGAI,2026-03-27T20:04:11.000+0000
0ZRWj0000006K5LOAU,01tWj00000C35xIIAR,0ZGam000000isCnGAI,2026-03-27T20:04:11.000+0000
0ZRWj0000006K5MOAU,01tWj00000C35xJIAR,0ZGam000000isCnGAI,2026-03-27T20:04:11.000+0000
0ZRWj0000006K5NOAU,01tWj00000C35xKIAR,0ZGam000000isCnGAI,2026-03-27T20:04:11.000+0000
0ZRWj0000006K5OOAU,01tWj00000C35xLIAR,0ZGam000000isCnGAI,2026-03-27T20:04:11.000+0000
0ZRWj0000006K5POAU,01tWj00000C35xMIAR,0ZGam000000isCnGAI,2026-03-27T20:04:11.000+0000
0ZRWj0000006K5QOAU,01tWj00000C35xNIAR,0ZGam000000isCnGAI,2026-03-27T20:04:11.000+0000
0ZRWj0000006K5ROAU,01tWj00000C35xOIAR,0ZGam000000isCnGAI,2026-03-27T20:04:11.000+0000
0ZRWj0000006K5SOAU,01tWj00000C35xPIAR,0ZGam000000isCnGAI,2026-03-27T20:04:11.000+0000
0ZRWj0000006K5TOAU,01tWj00000C35xQIAR,0ZGam000000isCnGAI,2026-03-27T20:04:11.000+0000
0ZRWj0000006K5UOAU,01tWj00000C35xRIAR,0ZGam000000isCnGAI,2026-03-27T20:04:11.000+0000
0ZRWj0000006K5VOAU,01tWj00000C35xSIAR,0ZGam000000isCnGAI,2026-03-27T20:04:11.000+0000
0ZRWj0000006K5WOAU,01tWj00000C35xTIAR,0ZGam000000isCnGAI,2026-03-27T20:04:11.000+0000
0ZRWj0000006K5XOAU,01tWj00000C35xUIAR,0ZGam000000isCnGAI,2026-03-27T20:04:11.000+0000
0ZRWj0000006K5YOAU,01tWj00000C35xVIAR,0ZGam000000isCnGAI,2026-03-27T20:04:11.000+0000
0ZRWj0000006K5ZOAU,01tWj00000C35xWIAR,0ZGam000000isCnGAI,2026-03-27T20:04:11.000+0000
0ZRWj0000006K5aOAE,01tWj00000C35xXIAR,0ZGam000000isCnGAI,2026-03-27T20:04:11.000+0000
0ZRWj0000006K5bOAE,01tWj00000C35xYIAR,0ZGam000000isCnGAI,2026-03-27T20:04:11.000+0000
0ZRWj0000006K5cOAE,01tWj00000C35xZIAR,0ZGam000000isCnGAI,2026-03-27T20:04:11.000+0000
0ZRWj0000006K5dOAE,01tWj00000C35xaIAB,0ZGam000000isCnGAI,2026-03-27T20:04:11.000+0000
0ZRWj0000006K5eOAE,01tWj00000C35xbIAB,0ZGam000000isCnGAI,2026-03-27T20:04:11.000+0000
0ZRWj0000006K5fOAE,01tWj00000C35xcIAB,0ZGam000000isCnGAI,2026-03-27T20:04:11.000+0000
0ZRWj0000006K5gOAE,01tWj00000C35xdIAB,0ZGam000000isCnGAI,2026-03-27T20:04:11.000+0000
0ZRWj0000006K5hOAE,01tWj00000C35xeIAB,0ZGam000000isCnGAI,2026-03-27T20:04:11.000+0000
0ZRWj0000006K5iOAE,01tWj00000C35xfIAB,0ZGam000000isCnGAI,2026-03-27T20:04:11.000+0000
0ZRWj0000006K5jOAE,01tWj00000C35xgIAB,0ZGam000000isCnGAI,2026-03-27T20:04:11.000+0000
0ZRWj0000006K5kOAE,01tWj00000C35xhIAB,0ZGam000000isCnGAI,2026-03-27T20:04:11.000+0000
0ZRWj0000006K5lOAE,01tWj00000C35xiIAB,0ZGam000000isCnGAI,2026-03-27T20:04:11.000+0000
0ZRWj0000006K5mOAE,01tWj00000C35xjIAB,0ZGam000000isCnGAI,2026-03-27T20:04:11.000+0000
0ZRWj0000006K5nOAE,01tWj00000C35xkIAB,0ZGam000000isCnGAI,2026-03-27T20:04:11.000+0000
0ZRWj0000006K5oOAE,01tWj00000C35xlIAB,0ZGam000000isCnGAI,2026-03-27T20:04:11.000+0000
0ZRWj0000006K5pOAE,01tWj00000C35xmIAB,0ZGam000000isCnGAI,2026-03-27T20:04:11.000+0000
0ZRWj0000006K5qOAE,01tWj00000C35xnIAB,0ZGam000000isCnGAI,2026-03-27T20:04:11.000+0000
0ZRWj0000006K5rOAE,01tWj00000C35xoIAB,0ZGam000000isCnGAI,2026-03-27T20:04:11.000+0000
0ZRWj0000006K5sOAE,01tWj00000C35xpIAB,0ZGam000000isCnGAI,2026-03-27T20:04:11.000+0000
0ZRWj0000006K5tOAE,01tWj00000C35xqIAB,0ZGam000000isCnGAI,2026-03-27T20:04:11.000+0000
0ZRWj0000006K5uOAE,01tWj00000C35xrIAB,0ZGam000000isCnGAI,2026-03-27T20:04:11.000+0000
0ZRWj0000006K5vOAE,01tWj00000C35xsIAB,0ZGam000000isCnGAI,2026-03-27T20:04:11.000+0000
0ZRWj0000006K5wOAE,01tWj00000C35xtIAB,0ZGam000000isCnGAI,2026-03-27T20:04:11.000+0000
0ZRWj0000006K5xOAE,01tWj00000C35xuIAB,0ZGam000000isCnGAI,2026-03-27T20:04:11.000+0000
0ZRWj0000006K5yOAE,01tWj00000C35xvIAB,0ZGam000000isCnGAI,2026-03-27T20:04:11.000+0000
0ZRWj0000006K5zOAE,01tWj00000C35xwIAB,0ZGam000000isCnGAI,2026-03-27T20:04:11.000+0000
0ZRWj0000006K60OAE,01tWj00000C35xxIAB,0ZGam000000isCnGAI,2026-03-27T20:04:11.000+0000
0ZRWj0000006K61OAE,01tWj00000C35xyIAB,0ZGam000000isCnGAI,2026-03-27T20:04:11.000+0000
0ZRWj0000006K62OAE,01tWj00000C35xzIAB,0ZGam000000isCnGAI,2026-03-27T20:04:11.000+0000
0ZRWj0000006K63OAE,01tWj00000C35y0IAB,0ZGam000000isCnGAI,2026-03-27T20:04:11.000+0000
0ZRWj0000006K64OAE,01tWj00000C35y1IAB,0ZGam000000isCnGAI,2026-03-27T20:04:11.000+0000
0ZRWj0000006K65OAE,01tWj00000C35y2IAB,0ZGam000000isCnGAI,2026-03-27T20:04:11.000+0000
0ZRWj0000006K66OAE,01tWj00000C35y3IAB,0ZGam000000isCnGAI,2026-03-27T20:04:11.000+0000
0ZRWj0000006K67OAE,01tWj00000C35y4IAB,0ZGam000000isCnGAI,2026-03-27T20:04:11.000+0000
0ZRWj0000006K68OAE,01tWj00000C35y5IAB,0ZGam000000isCnGAI,2026-03-27T20:04:11.000+0000
0ZRWj0000006K69OAE,01tWj00000C35y6IAB,0ZGam000000isCnGAI,2026-03-27T20:04:11.000+0000
0ZRWj0000006K6AOAU,01tWj00000C35y7IAB,0ZGam000000isCnGAI,2026-03-27T20:04:11.000+0000
0ZRWj0000006K6BOAU,01tWj00000C35y8IAB,0ZGam000000isCnGAI,2026-03-27T20:04:11.000+0000
0ZRWj0000006K6COAU,01tWj00000C35y9IAB,0ZGam000000isCnGAI,2026-03-27T20:04:11.000+0000
0ZRWj0000006K6DOAU,01tWj00000C35yAIAR,0ZGam000000isCnGAI,2026-03-27T20:04:11.000+0000
0ZRWj0000006K6EOAU,01tWj00000C35yBIAR,0ZGam000000isCnGAI,2026-03-27T20:04:11.000+0000
0ZRWj0000006K6FOAU,01tWj00000C35yCIAR,0ZGam000000isCnGAI,2026-03-27T20:04:11.000+0000
0ZRWj0000006K6GOAU,01tWj00000C35yDIAR,0ZGam000000isCnGAI,2026-03-27T20:04:11.000+0000
0ZRWj0000006K6HOAU,01tWj00000C35yEIAR,0ZGam000000isCnGAI,2026-03-27T20:04:11.000+0000
0ZRWj0000006K6IOAU,01tWj00000C35yFIAR,0ZGam000000isCnGAI,2026-03-27T20:04:11.000+0000
0ZRWj0000006K6JOAU,01tWj00000C35yGIAR,0ZGam000000isCnGAI,2026-03-27T20:04:11.000+0000
0ZRWj0000006K6KOAU,01tWj00000C35yHIAR,0ZGam000000isCnGAI,2026-03-27T20:04:11.000+0000
0ZRWj0000006K6LOAU,01tWj00000C35yIIAR,0ZGam000000isCnGAI,2026-03-27T20:04:11.000+0000
0ZRWj0000006K6MOAU,01tWj00000C35yJIAR,0ZGam000000isCnGAI,2026-03-27T20:04:11.000+0000
0ZRWj0000006K6NOAU,01tWj00000C35yKIAR,0ZGam000000isCnGAI,2026-03-27T20:04:11.000+0000
0ZRWj0000006K6OOAU,01tWj00000C35yLIAR,0ZGam000000isCnGAI,2026-03-27T20:04:11.000+0000
0ZRWj0000006K6POAU,01tWj00000C35yMIAR,0ZGam000000isCnGAI,2026-03-27T20:04:11.000+0000
0ZRWj0000006K6QOAU,01tWj00000C35yNIAR,0ZGam000000isCnGAI,2026-03-27T20:04:11.000+0000
0ZRWj0000006K6ROAU,01tWj00000C35yOIAR,0ZGam000000isCnGAI,2026-03-27T20:04:11.000+0000
0ZRWj0000006K6SOAU,01tWj00000C35yPIAR,0ZGam000000isCnGAI,2026-03-27T20:04:11.000+0000
0ZRWj0000006K6TOAU,01tWj00000C35yQIAR,0ZGam000000isCnGAI,2026-03-27T20:04:11.000+0000
0ZRWj0000006K6UOAU,01tWj00000C35yRIAR,0ZGam000000isCnGAI,2026-03-27T20:04:11.000+0000
0ZRWj0000006K6VOAU,01tWj00000C35ySIAR,0ZGam000000isCnGAI,2026-03-27T20:04:11.000+0000
0ZRWj0000006K6WOAU,01tWj00000C35yTIAR,0ZGam000000isCnGAI,2026-03-27T20:04:11.000+0000
0ZRWj0000006K6XOAU,01tWj00000C35yUIAR,0ZGam000000isCnGAI,2026-03-27T20:04:11.000+0000
0ZRWj0000006K6YOAU,01tWj00000C35yVIAR,0ZGam000000isCnGAI,2026-03-27T20:04:11.000+0000
0ZRWj0000006K6ZOAU,01tWj00000C35yWIAR,0ZGam000000isCnGAI,2026-03-27T20:04:11.000+0000
0ZRWj0000006K6aOAE,01tWj00000C35yXIAR,0ZGam000000isCnGAI,2026-03-27T20:04:11.000+0000
0ZRWj0000006K6bOAE,01tWj00000C35yYIAR,0ZGam000000isCnGAI,2026-03-27T20:04:11.000+0000
0ZRWj0000006K6cOAE,01tWj00000C35yZIAR,0ZGam000000isCnGAI,2026-03-27T20:04:11.000+0000
0ZRWj0000006K6dOAE,01tWj00000C35yaIAB,0ZGam000000isCnGAI,2026-03-27T20:04:11.000+0000
0ZRWj0000006K6eOAE,01tWj00000C35ybIAB,0ZGam000000isCnGAI,2026-03-27T20:04:11.000+0000
0ZRWj0000006K6fOAE,01tWj00000C35ycIAB,0ZGam000000isCnGAI,2026-03-27T20:04:11.000+0000
0ZRWj0000006K6gOAE,01tWj00000C35ydIAB,0ZGam000000isCnGAI,2026-03-27T20:04:11.000+0000
0ZRWj0000006K6hOAE,01tWj00000C35yeIAB,0ZGam000000isCnGAI,2026-03-27T20:04:11.000+0000
0ZRWj0000006K6iOAE,01tWj00000C35yfIAB,0ZGam000000isCnGAI,2026-03-27T20:04:11.000+0000
0ZRWj0000006K6jOAE,01tWj00000C35ygIAB,0ZGam000000isCnGAI,2026-03-27T20:04:11.000+0000
0ZRWj0000006K6kOAE,01tWj00000C35yhIAB,0ZGam000000isCnGAI,2026-03-27T20:04:11.000+0000
0ZRWj0000006K6lOAE,01tWj00000C35yiIAB,0ZGam000000isCnGAI,2026-03-27T20:04:11.000+0000
0ZRWj0000006K6mOAE,01tWj00000C35yjIAB,0ZGam000000isCnGAI,2026-03-27T20:04:11.000+0000
0ZRWj0000006K6nOAE,01tWj00000C361xIAB,0ZGam000000isCnGAI,2026-03-27T20:04:11.000+0000
0ZRWj0000006K6oOAE,01tWj00000C361yIAB,0ZGam000000isCnGAI,2026-03-27T20:04:11.000+0000
0ZRWj0000006K6pOAE,01tWj00000C361zIAB,0ZGam000000isCnGAI,2026-03-27T20:04:11.000+0000
0ZRWj0000006K6qOAE,01tWj00000C3620IAB,0ZGam000000isCnGAI,2026-03-27T20:04:11.000+0000
0ZRWj0000006K6rOAE,01tWj00000C3621IAB,0ZGam000000isCnGAI,2026-03-27T20:04:11.000+0000
0ZRWj0000006K6sOAE,01tWj00000C3622IAB,0ZGam000000isCnGAI,2026-03-27T20:04:11.000+0000
0ZRWj0000006K6tOAE,01tWj00000C3623IAB,0ZGam000000isCnGAI,2026-03-27T20:04:11.000+0000
0ZRWj0000006K6uOAE,01tWj00000C3624IAB,0ZGam000000isCnGAI,2026-03-27T20:04:11.000+0000
0ZRWj0000006K6vOAE,01tWj00000C3625IAB,0ZGam000000isCnGAI,2026-03-27T20:04:11.000+0000
0ZRWj0000006K6wOAE,01tWj00000C3626IAB,0ZGam000000isCnGAI,2026-03-27T20:04:11.000+0000
0ZRWj0000006K6xOAE,01tWj00000C3627IAB,0ZGam000000isCnGAI,2026-03-27T20:04:11.000+0000
0ZRWj0000006K6yOAE,01tWj00000C3628IAB,0ZGam000000isCnGAI,2026-03-27T20:04:11.000+0000
0ZRWj0000006K6zOAE,01tWj00000C3629IAB,0ZGam000000isCnGAI,2026-03-27T20:04:11.000+0000
0ZRWj0000006K70OAE,01tWj00000C362AIAR,0ZGam000000isCnGAI,2026-03-27T20:04:11.000+0000
0ZRWj0000006K71OAE,01tWj00000C362BIAR,0ZGam000000isCnGAI,2026-03-27T20:04:11.000+0000
0ZRWj0000006K72OAE,01tWj00000C362CIAR,0ZGam000000isCnGAI,2026-03-27T20:04:11.000+0000
0ZRWj0000006K73OAE,01tWj00000C362DIAR,0ZGam000000isCnGAI,2026-03-27T20:04:11.000+0000
0ZRWj0000006K74OAE,01tWj00000C362EIAR,0ZGam000000isCnGAI,2026-03-27T20:04:11.000+0000
0ZRWj0000006K75OAE,01tWj00000C362FIAR,0ZGam000000isCnGAI,2026-03-27T20:04:11.000+0000
0ZRWj0000006K76OAE,01tWj00000C362GIAR,0ZGam000000isCnGAI,2026-03-27T20:04:11.000+0000
0ZRWj0000006K77OAE,01tWj00000C362HIAR,0ZGam000000isCnGAI,2026-03-27T20:04:11.000+0000
0ZRWj0000006K78OAE,01tWj00000C362IIAR,0ZGam000000isCnGAI,2026-03-27T20:04:11.000+0000
0ZRWj0000006K79OAE,01tWj00000C362JIAR,0ZGam000000isCnGAI,2026-03-27T20:04:11.000+0000
0ZRWj0000006K7AOAU,01tWj00000C362KIAR,0ZGam000000isCnGAI,2026-03-27T20:04:11.000+0000
0ZRWj0000006K7BOAU,01tWj00000C362LIAR,0ZGam000000isCnGAI,2026-03-27T20:04:11.000+0000
0ZRWj0000006K7COAU,01tWj00000C362MIAR,0ZGam000000isCnGAI,2026-03-27T20:04:11.000+0000
0ZRWj0000006K7DOAU,01tWj00000C362NIAR,0ZGam000000isCnGAI,2026-03-27T20:04:11.000+0000
0ZRWj0000006K7EOAU,01tWj00000C362OIAR,0ZGam000000isCnGAI,2026-03-27T20:04:11.000+0000
0ZRWj0000006K7FOAU,01tWj00000C362PIAR,0ZGam000000isCnGAI,2026-03-27T20:04:11.000+0000
0ZRWj0000006N1kOAE,01tWj00000C362QIAR,0ZGam000000isCnGAI,2026-03-27T23:32:27.000+0000
0ZRWj0000006MveOAE,01tWj00000C362RIAR,0ZGam000000isCnGAI,2026-03-27T23:32:20.000+0000
0ZRWj0000006K7JOAU,01tWj00000C362SIAR,0ZGam000000isCnGAI,2026-03-27T20:29:48.000+0000
0ZRWj0000006K8vOAE,01tWj00000C362TIAR,0ZGam000000isCnGAI,2026-03-27T20:30:25.000+0000
0ZRWj0000006KAXOA2,01tWj00000C362UIAR,0ZGam000000isCnGAI,2026-03-27T20:31:01.000+0000
0ZRWj0000006KAYOA2,01tWj00000C362VIAR,0ZGam000000isCnGAI,2026-03-27T20:31:01.000+0000
0ZRWj0000006KC9OAM,01tWj00000C362WIAR,0ZGam000000isCnGAI,2026-03-27T20:31:31.000+0000
0ZRWj0000006KCAOA2,01tWj00000C362XIAR,0ZGam000000isCnGAI,2026-03-27T20:31:31.000+0000
0ZRWj0000006KDlOAM,01tWj00000C362YIAR,0ZGam000000isCnGAI,2026-03-27T20:32:06.000+0000
0ZRWj0000006KDmOAM,01tWj00000C362ZIAR,0ZGam000000isCnGAI,2026-03-27T20:32:06.000+0000
0ZRWj0000006KFNOA2,01tWj00000C362aIAB,0ZGam000000isCnGAI,2026-03-27T20:32:31.000+0000
0ZRWj0000006KFOOA2,01tWj00000C362bIAB,0ZGam000000isCnGAI,2026-03-27T20:32:31.000+0000
0ZRWj0000006KGzOAM,01tWj00000C362cIAB,0ZGam000000isCnGAI,2026-03-27T20:33:12.000+0000
0ZRWj0000006KH0OAM,01tWj00000C362dIAB,0ZGam000000isCnGAI,2026-03-27T20:33:12.000+0000
0ZRWj0000006KH1OAM,01tWj00000C362eIAB,0ZGam000000isCnGAI,2026-03-27T20:33:12.000+0000
0ZRWj0000006KIbOAM,01tWj00000C362fIAB,0ZGam000000isCnGAI,2026-03-27T20:33:49.000+0000
0ZRWj0000006KIcOAM,01tWj00000C362gIAB,0ZGam000000isCnGAI,2026-03-27T20:33:49.000+0000
0ZRWj0000006KIdOAM,01tWj00000C362hIAB,0ZGam000000isCnGAI,2026-03-27T20:33:49.000+0000
0ZRWj0000006KKDOA2,01tWj00000C362iIAB,0ZGam000000isCnGAI,2026-03-27T20:34:33.000+0000
0ZRWj0000006KKEOA2,01tWj00000C362jIAB,0ZGam000000isCnGAI,2026-03-27T20:34:33.000+0000
0ZRWj0000006KLpOAM,01tWj00000C362kIAB,0ZGam000000isCnGAI,2026-03-27T20:35:28.000+0000
0ZRWj0000006KLqOAM,01tWj00000C362lIAB,0ZGam000000isCnGAI,2026-03-27T20:35:28.000+0000
0ZRWj0000006KLrOAM,01tWj00000C362mIAB,0ZGam000000isCnGAI,2026-03-27T20:35:28.000+0000
0ZRWj0000006KNROA2,01tWj00000C362nIAB,0ZGam000000isCnGAI,2026-03-27T20:36:16.000+0000
0ZRWj0000006KNSOA2,01tWj00000C362oIAB,0ZGam000000isCnGAI,2026-03-27T20:36:16.000+0000
0ZRWj0000006KNTOA2,01tWj00000C362pIAB,0ZGam000000isCnGAI,2026-03-27T20:36:16.000+0000
0ZRWj0000006KNUOA2,01tWj00000C362qIAB,0ZGam000000isCnGAI,2026-03-27T20:36:16.000+0000
0ZRWj0000006KQfOAM,01tWj00000C362rIAB,0ZGam000000isCnGAI,2026-03-27T20:37:06.000+0000
0ZRWj0000006KQgOAM,01tWj00000C362sIAB,0ZGam000000isCnGAI,2026-03-27T20:37:06.000+0000
0ZRWj0000006KQhOAM,01tWj00000C362tIAB,0ZGam000000isCnGAI,2026-03-27T20:37:06.000+0000
0ZRWj0000006KQiOAM,01tWj00000C362uIAB,0ZGam000000isCnGAI,2026-03-27T20:37:06.000+0000
0ZRWj0000006KTtOAM,01tWj00000C362vIAB,0ZGam000000isCnGAI,2026-03-27T20:37:59.000+0000
0ZRWj0000006KTuOAM,01tWj00000C362wIAB,0ZGam000000isCnGAI,2026-03-27T20:37:59.000+0000
0ZRWj0000006KTvOAM,01tWj00000C362xIAB,0ZGam000000isCnGAI,2026-03-27T20:37:59.000+0000
0ZRWj0000006KTwOAM,01tWj00000C362yIAB,0ZGam000000isCnGAI,2026-03-27T20:37:59.000+0000
0ZRWj0000006KX7OAM,01tWj00000C362zIAB,0ZGam000000isCnGAI,2026-03-27T20:38:39.000+0000
0ZRWj0000006KX8OAM,01tWj00000C3630IAB,0ZGam000000isCnGAI,2026-03-27T20:38:39.000+0000
0ZRWj0000006KX9OAM,01tWj00000C3631IAB,0ZGam000000isCnGAI,2026-03-27T20:38:39.000+0000
0ZRWj0000006KYjOAM,01tWj00000C3632IAB,0ZGam000000isCnGAI,2026-03-27T20:39:10.000+0000
0ZRWj0000006KYkOAM,01tWj00000C3633IAB,0ZGam000000isCnGAI,2026-03-27T20:39:10.000+0000
0ZRWj0000006MmwOAE,01tWj00000C3634IAB,0ZGam000000isCnGAI,2026-03-27T23:32:08.000+0000
0ZRWj0000006NoSOAU,01tWj00000C3635IAB,0ZGam000000isCnGAI,2026-03-27T23:33:23.000+0000
0ZRWj0000006NSIOA2,01tWj00000C3636IAB,0ZGam000000isCnGAI,2026-03-27T23:32:57.000+0000
0ZRWj0000006MlQOAU,01tWj00000C3637IAB,0ZGam000000isCnGAI,2026-03-27T23:32:08.000+0000
0ZRWj0000006N7wOAE,01tWj00000C3638IAB,0ZGam000000isCnGAI,2026-03-27T23:32:34.000+0000
0ZRWj0000006MjXOAU,01tWj00000C3639IAB,0ZGam000000isCnGAI,2026-03-27T23:32:04.000+0000
0ZRWj0000006NGqOAM,01tWj00000C363AIAR,0ZGam000000isCnGAI,2026-03-27T23:32:46.000+0000
0ZRWj0000006NawOAE,01tWj00000C363BIAR,0ZGam000000isCnGAI,2026-03-27T23:33:08.000+0000
0ZRWj0000006N3oOAE,01tWj00000C363CIAR,0ZGam000000isCnGAI,2026-03-27T23:32:31.000+0000
0ZRWj0000006NS3OAM,01tWj00000C363DIAR,0ZGam000000isCnGAI,2026-03-27T23:32:57.000+0000
0ZRWj0000006K7KOAU,01tWj00000C363EIAR,0ZGam000000isCnGAI,2026-03-27T20:29:48.000+0000
0ZRWj0000006K8wOAE,01tWj00000C363FIAR,0ZGam000000isCnGAI,2026-03-27T20:30:25.000+0000
0ZRWj0000006KAZOA2,01tWj00000C363GIAR,0ZGam000000isCnGAI,2026-03-27T20:31:01.000+0000
0ZRWj0000006KAaOAM,01tWj00000C363HIAR,0ZGam000000isCnGAI,2026-03-27T20:31:01.000+0000
0ZRWj0000006KCBOA2,01tWj00000C363IIAR,0ZGam000000isCnGAI,2026-03-27T20:31:31.000+0000
0ZRWj0000006KCCOA2,01tWj00000C363JIAR,0ZGam000000isCnGAI,2026-03-27T20:31:31.000+0000
0ZRWj0000006KDnOAM,01tWj00000C363KIAR,0ZGam000000isCnGAI,2026-03-27T20:32:06.000+0000
0ZRWj0000006KDoOAM,01tWj00000C363LIAR,0ZGam000000isCnGAI,2026-03-27T20:32:06.000+0000
0ZRWj0000006KFPOA2,01tWj00000C363MIAR,0ZGam000000isCnGAI,2026-03-27T20:32:31.000+0000
0ZRWj0000006KFQOA2,01tWj00000C363NIAR,0ZGam000000isCnGAI,2026-03-27T20:32:31.000+0000
0ZRWj0000006KH2OAM,01tWj00000C363OIAR,0ZGam000000isCnGAI,2026-03-27T20:33:12.000+0000
0ZRWj0000006KH3OAM,01tWj00000C363PIAR,0ZGam000000isCnGAI,2026-03-27T20:33:12.000+0000
0ZRWj0000006KH4OAM,01tWj00000C363QIAR,0ZGam000000isCnGAI,2026-03-27T20:33:12.000+0000
0ZRWj0000006KIeOAM,01tWj00000C363RIAR,0ZGam000000isCnGAI,2026-03-27T20:33:49.000+0000
0ZRWj0000006KIfOAM,01tWj00000C363SIAR,0ZGam000000isCnGAI,2026-03-27T20:33:49.000+0000
0ZRWj0000006KIgOAM,01tWj00000C363TIAR,0ZGam000000isCnGAI,2026-03-27T20:33:49.000+0000
0ZRWj0000006KKFOA2,01tWj00000C363UIAR,0ZGam000000isCnGAI,2026-03-27T20:34:33.000+0000
0ZRWj0000006KKGOA2,01tWj00000C363VIAR,0ZGam000000isCnGAI,2026-03-27T20:34:33.000+0000
0ZRWj0000006KLsOAM,01tWj00000C363WIAR,0ZGam000000isCnGAI,2026-03-27T20:35:28.000+0000
0ZRWj0000006KLtOAM,01tWj00000C363XIAR,0ZGam000000isCnGAI,2026-03-27T20:35:28.000+0000
0ZRWj0000006KLuOAM,01tWj00000C363YIAR,0ZGam000000isCnGAI,2026-03-27T20:35:28.000+0000
0ZRWj0000006KNVOA2,01tWj00000C363ZIAR,0ZGam000000isCnGAI,2026-03-27T20:36:16.000+0000
0ZRWj0000006KNWOA2,01tWj00000C363aIAB,0ZGam000000isCnGAI,2026-03-27T20:36:16.000+0000
0ZRWj0000006KNXOA2,01tWj00000C363bIAB,0ZGam000000isCnGAI,2026-03-27T20:36:16.000+0000
0ZRWj0000006KNYOA2,01tWj00000C363cIAB,0ZGam000000isCnGAI,2026-03-27T20:36:16.000+0000
0ZRWj0000006KQjOAM,01tWj00000C363dIAB,0ZGam000000isCnGAI,2026-03-27T20:37:06.000+0000
0ZRWj0000006KQkOAM,01tWj00000C363eIAB,0ZGam000000isCnGAI,2026-03-27T20:37:06.000+0000
0ZRWj0000006KQlOAM,01tWj00000C363fIAB,0ZGam000000isCnGAI,2026-03-27T20:37:06.000+0000
0ZRWj0000006KQmOAM,01tWj00000C363gIAB,0ZGam000000isCnGAI,2026-03-27T20:37:06.000+0000
0ZRWj0000006KTxOAM,01tWj00000C363hIAB,0ZGam000000isCnGAI,2026-03-27T20:37:59.000+0000
0ZRWj0000006KTyOAM,01tWj00000C363iIAB,0ZGam000000isCnGAI,2026-03-27T20:37:59.000+0000
0ZRWj0000006KTzOAM,01tWj00000C363jIAB,0ZGam000000isCnGAI,2026-03-27T20:37:59.000+0000
0ZRWj0000006KU0OAM,01tWj00000C363kIAB,0ZGam000000isCnGAI,2026-03-27T20:37:59.000+0000
0ZRWj0000006KXAOA2,01tWj00000C363lIAB,0ZGam000000isCnGAI,2026-03-27T20:38:39.000+0000
0ZRWj0000006KXBOA2,01tWj00000C363mIAB,0ZGam000000isCnGAI,2026-03-27T20:38:39.000+0000
0ZRWj0000006KXCOA2,01tWj00000C363nIAB,0ZGam000000isCnGAI,2026-03-27T20:38:39.000+0000
0ZRWj0000006KYlOAM,01tWj00000C363oIAB,0ZGam000000isCnGAI,2026-03-27T20:39:10.000+0000
0ZRWj0000006KYmOAM,01tWj00000C363pIAB,0ZGam000000isCnGAI,2026-03-27T20:39:10.000+0000
0ZRWj0000006NeJOAU,01tWj00000C363qIAB,0ZGam000000isCnGAI,2026-03-27T23:33:12.000+0000
0ZRWj0000006Nj6OAE,01tWj00000C363rIAB,0ZGam000000isCnGAI,2026-03-27T23:33:16.000+0000
0ZRWj0000006NGTOA2,01tWj00000C363sIAB,0ZGam000000isCnGAI,2026-03-27T23:32:46.000+0000
0ZRWj0000006NPvOAM,01tWj00000C363tIAB,0ZGam000000isCnGAI,2026-03-27T23:32:53.000+0000
0ZRWj0000006N02OAE,01tWj00000C363uIAB,0ZGam000000isCnGAI,2026-03-27T23:32:23.000+0000
0ZRWj0000006N4hOAE,01tWj00000C363vIAB,0ZGam000000isCnGAI,2026-03-27T23:32:31.000+0000
0ZRWj0000006N7VOAU,01tWj00000C363wIAB,0ZGam000000isCnGAI,2026-03-27T23:32:34.000+0000
0ZRWj0000006NmgOAE,01tWj00000C363xIAB,0ZGam000000isCnGAI,2026-03-27T23:33:20.000+0000
0ZRWj0000006NsCOAU,01tWj00000C363yIAB,0ZGam000000isCnGAI,2026-03-27T23:33:27.000+0000
0ZRWj0000006MfkOAE,01tWj00000C363zIAB,0ZGam000000isCnGAI,2026-03-27T23:32:01.000+0000
0ZRWj0000006K7LOAU,01tWj00000C3640IAB,0ZGam000000isCnGAI,2026-03-27T20:29:48.000+0000
0ZRWj0000006K8xOAE,01tWj00000C3641IAB,0ZGam000000isCnGAI,2026-03-27T20:30:25.000+0000
0ZRWj0000006KAbOAM,01tWj00000C3642IAB,0ZGam000000isCnGAI,2026-03-27T20:31:01.000+0000
0ZRWj0000006KAcOAM,01tWj00000C3643IAB,0ZGam000000isCnGAI,2026-03-27T20:31:01.000+0000
0ZRWj0000006KCDOA2,01tWj00000C3644IAB,0ZGam000000isCnGAI,2026-03-27T20:31:31.000+0000
0ZRWj0000006KCEOA2,01tWj00000C3645IAB,0ZGam000000isCnGAI,2026-03-27T20:31:31.000+0000
0ZRWj0000006KDpOAM,01tWj00000C3646IAB,0ZGam000000isCnGAI,2026-03-27T20:32:06.000+0000
0ZRWj0000006KDqOAM,01tWj00000C3647IAB,0ZGam000000isCnGAI,2026-03-27T20:32:06.000+0000
0ZRWj0000006KFROA2,01tWj00000C3648IAB,0ZGam000000isCnGAI,2026-03-27T20:32:31.000+0000
0ZRWj0000006KFSOA2,01tWj00000C3649IAB,0ZGam000000isCnGAI,2026-03-27T20:32:31.000+0000
0ZRWj0000006KH5OAM,01tWj00000C364AIAR,0ZGam000000isCnGAI,2026-03-27T20:33:12.000+0000
0ZRWj0000006KH6OAM,01tWj00000C364BIAR,0ZGam000000isCnGAI,2026-03-27T20:33:12.000+0000
0ZRWj0000006KH7OAM,01tWj00000C364CIAR,0ZGam000000isCnGAI,2026-03-27T20:33:12.000+0000
0ZRWj0000006KIhOAM,01tWj00000C364DIAR,0ZGam000000isCnGAI,2026-03-27T20:33:49.000+0000
0ZRWj0000006KIiOAM,01tWj00000C364EIAR,0ZGam000000isCnGAI,2026-03-27T20:33:49.000+0000
0ZRWj0000006KIjOAM,01tWj00000C364FIAR,0ZGam000000isCnGAI,2026-03-27T20:33:49.000+0000
0ZRWj0000006KKHOA2,01tWj00000C364GIAR,0ZGam000000isCnGAI,2026-03-27T20:34:33.000+0000
0ZRWj0000006KKIOA2,01tWj00000C364HIAR,0ZGam000000isCnGAI,2026-03-27T20:34:33.000+0000
0ZRWj0000006KLvOAM,01tWj00000C364IIAR,0ZGam000000isCnGAI,2026-03-27T20:35:28.000+0000
0ZRWj0000006KLwOAM,01tWj00000C364JIAR,0ZGam000000isCnGAI,2026-03-27T20:35:28.000+0000
0ZRWj0000006KLxOAM,01tWj00000C364KIAR,0ZGam000000isCnGAI,2026-03-27T20:35:28.000+0000
0ZRWj0000006KNZOA2,01tWj00000C364LIAR,0ZGam000000isCnGAI,2026-03-27T20:36:16.000+0000
0ZRWj0000006KNaOAM,01tWj00000C364MIAR,0ZGam000000isCnGAI,2026-03-27T20:36:16.000+0000
0ZRWj0000006KNbOAM,01tWj00000C364NIAR,0ZGam000000isCnGAI,2026-03-27T20:36:16.000+0000
0ZRWj0000006KNcOAM,01tWj00000C364OIAR,0ZGam000000isCnGAI,2026-03-27T20:36:16.000+0000
0ZRWj0000006KQnOAM,01tWj00000C364PIAR,0ZGam000000isCnGAI,2026-03-27T20:37:06.000+0000
0ZRWj0000006KQoOAM,01tWj00000C364QIAR,0ZGam000000isCnGAI,2026-03-27T20:37:06.000+0000
0ZRWj0000006KQpOAM,01tWj00000C364RIAR,0ZGam000000isCnGAI,2026-03-27T20:37:06.000+0000
0ZRWj0000006KQqOAM,01tWj00000C364SIAR,0ZGam000000isCnGAI,2026-03-27T20:37:06.000+0000
0ZRWj0000006KU1OAM,01tWj00000C364TIAR,0ZGam000000isCnGAI,2026-03-27T20:37:59.000+0000
0ZRWj0000006KU2OAM,01tWj00000C364UIAR,0ZGam000000isCnGAI,2026-03-27T20:37:59.000+0000
0ZRWj0000006KU3OAM,01tWj00000C364VIAR,0ZGam000000isCnGAI,2026-03-27T20:37:59.000+0000
0ZRWj0000006KU4OAM,01tWj00000C364WIAR,0ZGam000000isCnGAI,2026-03-27T20:37:59.000+0000
0ZRWj0000006KXDOA2,01tWj00000C364XIAR,0ZGam000000isCnGAI,2026-03-27T20:38:39.000+0000
0ZRWj0000006KXEOA2,01tWj00000C364YIAR,0ZGam000000isCnGAI,2026-03-27T20:38:39.000+0000
0ZRWj0000006KXFOA2,01tWj00000C364ZIAR,0ZGam000000isCnGAI,2026-03-27T20:38:39.000+0000
0ZRWj0000006KYnOAM,01tWj00000C364aIAB,0ZGam000000isCnGAI,2026-03-27T20:39:10.000+0000
0ZRWj0000006KYoOAM,01tWj00000C364bIAB,0ZGam000000isCnGAI,2026-03-27T20:39:10.000+0000
0ZRWj0000006NtJOAU,01tWj00000C364cIAB,0ZGam000000isCnGAI,2026-03-27T23:33:31.000+0000
0ZRWj0000006NhXOAU,01tWj00000C364dIAB,0ZGam000000isCnGAI,2026-03-27T23:33:16.000+0000
0ZRWj0000006NjfOAE,01tWj00000C364eIAB,0ZGam000000isCnGAI,2026-03-27T23:33:20.000+0000
0ZRWj0000006NKqOAM,01tWj00000C364fIAB,0ZGam000000isCnGAI,2026-03-27T23:32:50.000+0000
0ZRWj0000006NmEOAU,01tWj00000C364gIAB,0ZGam000000isCnGAI,2026-03-27T23:33:20.000+0000
0ZRWj0000006MwjOAE,01tWj00000C364hIAB,0ZGam000000isCnGAI,2026-03-27T23:32:20.000+0000
0ZRWj0000006MkeOAE,01tWj00000C364iIAB,0ZGam000000isCnGAI,2026-03-27T23:32:08.000+0000
0ZRWj0000006NMbOAM,01tWj00000C364jIAB,0ZGam000000isCnGAI,2026-03-27T23:32:50.000+0000
0ZRWj0000006NNQOA2,01tWj00000C364kIAB,0ZGam000000isCnGAI,2026-03-27T23:32:53.000+0000
0ZRWj0000006NNaOAM,01tWj00000C364lIAB,0ZGam000000isCnGAI,2026-03-27T23:32:53.000+0000
0ZRWj0000006K7MOAU,01tWj00000C364mIAB,0ZGam000000isCnGAI,2026-03-27T20:29:48.000+0000
0ZRWj0000006K8yOAE,01tWj00000C364nIAB,0ZGam000000isCnGAI,2026-03-27T20:30:25.000+0000
0ZRWj0000006KAdOAM,01tWj00000C364oIAB,0ZGam000000isCnGAI,2026-03-27T20:31:01.000+0000
0ZRWj0000006KAeOAM,01tWj00000C364pIAB,0ZGam000000isCnGAI,2026-03-27T20:31:01.000+0000
0ZRWj0000006KCFOA2,01tWj00000C364qIAB,0ZGam000000isCnGAI,2026-03-27T20:31:31.000+0000
0ZRWj0000006KCGOA2,01tWj00000C364rIAB,0ZGam000000isCnGAI,2026-03-27T20:31:31.000+0000
0ZRWj0000006KDrOAM,01tWj00000C364sIAB,0ZGam000000isCnGAI,2026-03-27T20:32:06.000+0000
0ZRWj0000006KDsOAM,01tWj00000C364tIAB,0ZGam000000isCnGAI,2026-03-27T20:32:06.000+0000
0ZRWj0000006KFTOA2,01tWj00000C364uIAB,0ZGam000000isCnGAI,2026-03-27T20:32:31.000+0000
0ZRWj0000006KFUOA2,01tWj00000C364vIAB,0ZGam000000isCnGAI,2026-03-27T20:32:31.000+0000
0ZRWj0000006KH8OAM,01tWj00000C364wIAB,0ZGam000000isCnGAI,2026-03-27T20:33:12.000+0000
0ZRWj0000006KH9OAM,01tWj00000C364xIAB,0ZGam000000isCnGAI,2026-03-27T20:33:12.000+0000
0ZRWj0000006KHAOA2,01tWj00000C364yIAB,0ZGam000000isCnGAI,2026-03-27T20:33:12.000+0000
0ZRWj0000006KIkOAM,01tWj00000C364zIAB,0ZGam000000isCnGAI,2026-03-27T20:33:49.000+0000
0ZRWj0000006KIlOAM,01tWj00000C3650IAB,0ZGam000000isCnGAI,2026-03-27T20:33:49.000+0000
0ZRWj0000006KImOAM,01tWj00000C3651IAB,0ZGam000000isCnGAI,2026-03-27T20:33:49.000+0000
0ZRWj0000006KKJOA2,01tWj00000C3652IAB,0ZGam000000isCnGAI,2026-03-27T20:34:33.000+0000
0ZRWj0000006KKKOA2,01tWj00000C3653IAB,0ZGam000000isCnGAI,2026-03-27T20:34:33.000+0000
0ZRWj0000006KLyOAM,01tWj00000C3654IAB,0ZGam000000isCnGAI,2026-03-27T20:35:28.000+0000
0ZRWj0000006KLzOAM,01tWj00000C3655IAB,0ZGam000000isCnGAI,2026-03-27T20:35:28.000+0000
0ZRWj0000006KM0OAM,01tWj00000C3656IAB,0ZGam000000isCnGAI,2026-03-27T20:35:28.000+0000
0ZRWj0000006KNdOAM,01tWj00000C3657IAB,0ZGam000000isCnGAI,2026-03-27T20:36:16.000+0000
0ZRWj0000006KNeOAM,01tWj00000C3658IAB,0ZGam000000isCnGAI,2026-03-27T20:36:16.000+0000
0ZRWj0000006KNfOAM,01tWj00000C3659IAB,0ZGam000000isCnGAI,2026-03-27T20:36:16.000+0000
0ZRWj0000006KNgOAM,01tWj00000C365AIAR,0ZGam000000isCnGAI,2026-03-27T20:36:16.000+0000
0ZRWj0000006MwCOAU,01tWj00000C36BdIAJ,0ZGam000000isBBGAY,2026-03-27T23:32:20.000+0000
0ZRWj0000006NbiOAE,01tWj00000C36BeIAJ,0ZGam000000isBBGAY,2026-03-27T23:33:08.000+0000
0ZRWj0000006MqWOAU,01tWj00000C36BfIAJ,0ZGam000000isBBGAY,2026-03-27T23:32:12.000+0000
0ZRWj0000006MwxOAE,01tWj00000C36BgIAJ,0ZGam000000isBBGAY,2026-03-27T23:32:20.000+0000
0ZRWj0000006N2YOAU,01tWj00000C36BhIAJ,0ZGam000000isBBGAY,2026-03-27T23:32:27.000+0000
0ZRWj0000006NIeOAM,01tWj00000C36BiIAJ,0ZGam000000isBBGAY,2026-03-27T23:32:46.000+0000
0ZRWj0000006Mw4OAE,01tWj00000C36BjIAJ,0ZGam000000isBBGAY,2026-03-27T23:32:20.000+0000
0ZRWj0000006NIHOA2,01tWj00000C36BkIAJ,0ZGam000000isBBGAY,2026-03-27T23:32:46.000+0000
0ZRWj0000006MtnOAE,01tWj00000C36BlIAJ,0ZGam000000isBBGAY,2026-03-27T23:32:15.000+0000
0ZRWj0000006NsGOAU,01tWj00000C36BmIAJ,0ZGam000000isBBGAY,2026-03-27T23:33:27.000+0000
0ZRWj0000006MzoOAE,01tWj00000C36BnIAJ,0ZGam000000isBBGAY,2026-03-27T23:32:23.000+0000
0ZRWj0000006MoZOAU,01tWj00000C36BoIAJ,0ZGam000000isBBGAY,2026-03-27T23:32:12.000+0000
0ZRWj0000006NTiOAM,01tWj00000C36BpIAJ,0ZGam000000isBBGAY,2026-03-27T23:33:01.000+0000
0ZRWj0000006MvxOAE,01tWj00000C36BqIAJ,0ZGam000000isBBGAY,2026-03-27T23:32:20.000+0000
0ZRWj0000006NMYOA2,01tWj00000C36BrIAJ,0ZGam000000isBBGAY,2026-03-27T23:32:50.000+0000
0ZRWj0000006MojOAE,01tWj00000C36BsIAJ,0ZGam000000isBBGAY,2026-03-27T23:32:12.000+0000
0ZRWj0000006K7ROAU,01tWj00000C36BtIAJ,0ZGam000000isCnGAI,2026-03-27T20:29:48.000+0000
0ZRWj0000006K9MOAU,01tWj00000C36BuIAJ,0ZGam000000isCnGAI,2026-03-27T20:30:25.000+0000
0ZRWj0000006KB3OAM,01tWj00000C36BvIAJ,0ZGam000000isCnGAI,2026-03-27T20:31:01.000+0000
0ZRWj0000006KB4OAM,01tWj00000C36BwIAJ,0ZGam000000isCnGAI,2026-03-27T20:31:01.000+0000
0ZRWj0000006KCpOAM,01tWj00000C36BxIAJ,0ZGam000000isCnGAI,2026-03-27T20:31:31.000+0000
0ZRWj0000006KCqOAM,01tWj00000C36ByIAJ,0ZGam000000isCnGAI,2026-03-27T20:31:31.000+0000
0ZRWj0000006KEXOA2,01tWj00000C36BzIAJ,0ZGam000000isCnGAI,2026-03-27T20:32:06.000+0000
0ZRWj0000006KEYOA2,01tWj00000C36C0IAJ,0ZGam000000isCnGAI,2026-03-27T20:32:06.000+0000
0ZRWj0000006KFnOAM,01tWj00000C36C1IAJ,0ZGam000000isCnGAI,2026-03-27T20:32:31.000+0000
0ZRWj0000006KFoOAM,01tWj00000C36C2IAJ,0ZGam000000isCnGAI,2026-03-27T20:32:31.000+0000
0ZRWj0000006KI3OAM,01tWj00000C36C3IAJ,0ZGam000000isCnGAI,2026-03-27T20:33:12.000+0000
0ZRWj0000006KI4OAM,01tWj00000C36C4IAJ,0ZGam000000isCnGAI,2026-03-27T20:33:12.000+0000
0ZRWj0000006KI5OAM,01tWj00000C36C5IAJ,0ZGam000000isCnGAI,2026-03-27T20:33:12.000+0000
0ZRWj0000006KJTOA2,01tWj00000C36C6IAJ,0ZGam000000isCnGAI,2026-03-27T20:33:49.000+0000
0ZRWj0000006KJUOA2,01tWj00000C36C7IAJ,0ZGam000000isCnGAI,2026-03-27T20:33:49.000+0000
0ZRWj0000006KJVOA2,01tWj00000C36C8IAJ,0ZGam000000isCnGAI,2026-03-27T20:33:49.000+0000
0ZRWj0000006KKgOAM,01tWj00000C36C9IAJ,0ZGam000000isCnGAI,2026-03-27T20:34:33.000+0000
0ZRWj0000006KKhOAM,01tWj00000C36CAIAZ,0ZGam000000isCnGAI,2026-03-27T20:34:33.000+0000
0ZRWj0000006KMhOAM,01tWj00000C36CBIAZ,0ZGam000000isCnGAI,2026-03-27T20:35:28.000+0000
0ZRWj0000006KMiOAM,01tWj00000C36CCIAZ,0ZGam000000isCnGAI,2026-03-27T20:35:28.000+0000
0ZRWj0000006KMjOAM,01tWj00000C36CDIAZ,0ZGam000000isCnGAI,2026-03-27T20:35:28.000+0000
0ZRWj0000006KObOAM,01tWj00000C36CEIAZ,0ZGam000000isCnGAI,2026-03-27T20:36:16.000+0000
0ZRWj0000006KOcOAM,01tWj00000C36CFIAZ,0ZGam000000isCnGAI,2026-03-27T20:36:16.000+0000
0ZRWj0000006KOdOAM,01tWj00000C36CGIAZ,0ZGam000000isCnGAI,2026-03-27T20:36:16.000+0000
0ZRWj0000006KOeOAM,01tWj00000C36CHIAZ,0ZGam000000isCnGAI,2026-03-27T20:36:16.000+0000
0ZRWj0000006KRxOAM,01tWj00000C36CIIAZ,0ZGam000000isCnGAI,2026-03-27T20:37:06.000+0000
0ZRWj0000006KRyOAM,01tWj00000C36CJIAZ,0ZGam000000isCnGAI,2026-03-27T20:37:06.000+0000
0ZRWj0000006KRzOAM,01tWj00000C36CKIAZ,0ZGam000000isCnGAI,2026-03-27T20:37:06.000+0000
0ZRWj0000006KS0OAM,01tWj00000C36CLIAZ,0ZGam000000isCnGAI,2026-03-27T20:37:06.000+0000
0ZRWj0000006KUtOAM,01tWj00000C36CMIAZ,0ZGam000000isCnGAI,2026-03-27T20:37:59.000+0000
0ZRWj0000006KUuOAM,01tWj00000C36CNIAZ,0ZGam000000isCnGAI,2026-03-27T20:37:59.000+0000
0ZRWj0000006KUvOAM,01tWj00000C36COIAZ,0ZGam000000isCnGAI,2026-03-27T20:37:59.000+0000
0ZRWj0000006KUwOAM,01tWj00000C36CPIAZ,0ZGam000000isCnGAI,2026-03-27T20:37:59.000+0000
0ZRWj0000006KXvOAM,01tWj00000C36CQIAZ,0ZGam000000isCnGAI,2026-03-27T20:38:39.000+0000
0ZRWj0000006KXwOAM,01tWj00000C36CRIAZ,0ZGam000000isCnGAI,2026-03-27T20:38:39.000+0000
0ZRWj0000006KXxOAM,01tWj00000C36CSIAZ,0ZGam000000isCnGAI,2026-03-27T20:38:39.000+0000
0ZRWj0000006KZJOA2,01tWj00000C36CTIAZ,0ZGam000000isCnGAI,2026-03-27T20:39:10.000+0000
0ZRWj0000006KZKOA2,01tWj00000C36CUIAZ,0ZGam000000isCnGAI,2026-03-27T20:39:10.000+0000
0ZRWj0000006MadOAE,01tWj00000C36CVIAZ,0ZGam000000isCnGAI,2026-03-27T23:31:57.000+0000
0ZRWj0000006MhyOAE,01tWj00000C36CWIAZ,0ZGam000000isCnGAI,2026-03-27T23:32:04.000+0000
0ZRWj0000006NUGOA2,01tWj00000C36CXIAZ,0ZGam000000isCnGAI,2026-03-27T23:33:01.000+0000
0ZRWj0000006NutOAE,01tWj00000C36CYIAZ,0ZGam000000isCnGAI,2026-03-27T23:33:31.000+0000
0ZRWj0000006NefOAE,01tWj00000C36CZIAZ,0ZGam000000isCnGAI,2026-03-27T23:33:12.000+0000
0ZRWj0000006Mg5OAE,01tWj00000C36CaIAJ,0ZGam000000isCnGAI,2026-03-27T23:32:01.000+0000
0ZRWj0000006NdmOAE,01tWj00000C36CbIAJ,0ZGam000000isCnGAI,2026-03-27T23:33:12.000+0000
0ZRWj0000006MdzOAE,01tWj00000C36CcIAJ,0ZGam000000isCnGAI,2026-03-27T23:32:01.000+0000
0ZRWj0000006NV9OAM,01tWj00000C36CdIAJ,0ZGam000000isCnGAI,2026-03-27T23:33:01.000+0000
0ZRWj0000006MyROAU,01tWj00000C36CeIAJ,0ZGam000000isCnGAI,2026-03-27T23:32:23.000+0000
0ZRWj0000006NtbOAE,01tWj00000C36CfIAJ,0ZGam000000isCnGAI,2026-03-27T23:33:31.000+0000
0ZRWj0000006KfsOAE,01tWj00000C36CgIAJ,0ZGam000000itATGAY,2026-03-27T20:41:20.000+0000
0ZRWj0000006KceOAE,01tWj00000C36CgIAJ,0ZGam000000isBBGAY,2026-03-27T20:40:58.000+0000
0ZRWj0000006KcfOAE,01tWj00000C36ChIAJ,0ZGam000000isBBGAY,2026-03-27T20:40:58.000+0000
0ZRWj0000006KftOAE,01tWj00000C36ChIAJ,0ZGam000000itATGAY,2026-03-27T20:41:20.000+0000
0ZRWj0000006KiVOAU,01tWj00000C36CiIAJ,0ZGam000000itATGAY,2026-03-27T20:43:17.000+0000
0ZRWj0000006KljOAE,01tWj00000C36CiIAJ,0ZGam000000isBBGAY,2026-03-27T20:43:37.000+0000
0ZRWj0000006KlkOAE,01tWj00000C36CjIAJ,0ZGam000000isBBGAY,2026-03-27T20:43:37.000+0000
0ZRWj0000006KiWOAU,01tWj00000C36CjIAJ,0ZGam000000itATGAY,2026-03-27T20:43:17.000+0000
0ZRWj0000006KpFOAU,01tWj00000C36CkIAJ,0ZGam000000itATGAY,2026-03-27T20:44:12.000+0000
0ZRWj0000006KsTOAU,01tWj00000C36CkIAJ,0ZGam000000isBBGAY,2026-03-27T20:44:27.000+0000
0ZRWj0000006KpGOAU,01tWj00000C36ClIAJ,0ZGam000000itATGAY,2026-03-27T20:44:12.000+0000
0ZRWj0000006KsUOAU,01tWj00000C36ClIAJ,0ZGam000000isBBGAY,2026-03-27T20:44:27.000+0000
0ZRWj0000006KvnOAE,01tWj00000C36CmIAJ,0ZGam000000isBBGAY,2026-03-27T21:04:22.000+0000
0ZRWj0000006Kz1OAE,01tWj00000C36CmIAJ,0ZGam000000itATGAY,2026-03-27T21:04:37.000+0000
0ZRWj0000006Kz2OAE,01tWj00000C36CnIAJ,0ZGam000000itATGAY,2026-03-27T21:04:37.000+0000
0ZRWj0000006KvoOAE,01tWj00000C36CnIAJ,0ZGam000000isBBGAY,2026-03-27T21:04:22.000+0000
0ZRWj0000006L1vOAE,01tWj00000C36CoIAJ,0ZGam000000isBBGAY,2026-03-27T21:05:29.000+0000
0ZRWj0000006L59OAE,01tWj00000C36CoIAJ,0ZGam000000itATGAY,2026-03-27T21:05:44.000+0000
0ZRWj0000006L5AOAU,01tWj00000C36CpIAJ,0ZGam000000itATGAY,2026-03-27T21:05:44.000+0000
0ZRWj0000006L1wOAE,01tWj00000C36CpIAJ,0ZGam000000isBBGAY,2026-03-27T21:05:29.000+0000
0ZRWj0000006LBvOAM,01tWj00000C36CqIAJ,0ZGam000000isBBGAY,2026-03-27T21:06:35.000+0000
0ZRWj0000006L8hOAE,01tWj00000C36CqIAJ,0ZGam000000itATGAY,2026-03-27T21:06:18.000+0000
0ZRWj0000006LBwOAM,01tWj00000C36CrIAJ,0ZGam000000isBBGAY,2026-03-27T21:06:35.000+0000
0ZRWj0000006L8iOAE,01tWj00000C36CrIAJ,0ZGam000000itATGAY,2026-03-27T21:06:18.000+0000
0ZRWj0000006NDcOAM,01tWj00000C36CsIAJ,0ZGam000000isBBGAY,2026-03-27T23:32:42.000+0000
0ZRWj0000006NUhOAM,01tWj00000C36CtIAJ,0ZGam000000isBBGAY,2026-03-27T23:33:01.000+0000
0ZRWj0000006N20OAE,01tWj00000C36CuIAJ,0ZGam000000isBBGAY,2026-03-27T23:32:27.000+0000
0ZRWj0000006NZ7OAM,01tWj00000C36CvIAJ,0ZGam000000isBBGAY,2026-03-27T23:33:04.000+0000
0ZRWj0000006NvdOAE,01tWj00000C36CwIAJ,0ZGam000000isBBGAY,2026-03-27T23:33:31.000+0000
0ZRWj0000006My0OAE,01tWj00000C36CxIAJ,0ZGam000000isBBGAY,2026-03-27T23:32:23.000+0000
0ZRWj0000006NlPOAU,01tWj00000C36CyIAJ,0ZGam000000isBBGAY,2026-03-27T23:33:20.000+0000
0ZRWj0000006N5mOAE,01tWj00000C36CzIAJ,0ZGam000000isBBGAY,2026-03-27T23:32:31.000+0000
0ZRWj0000006Mj7OAE,01tWj00000C36D0IAJ,0ZGam000000isBBGAY,2026-03-27T23:32:04.000+0000
0ZRWj0000006Mb7OAE,01tWj00000C36D1IAJ,0ZGam000000isBBGAY,2026-03-27T23:31:57.000+0000
0ZRWj0000006MfxOAE,01tWj00000C36D2IAJ,0ZGam000000isBBGAY,2026-03-27T23:32:01.000+0000
0ZRWj0000006NYTOA2,01tWj00000C36D3IAJ,0ZGam000000isBBGAY,2026-03-27T23:33:04.000+0000
0ZRWj0000006MiZOAU,01tWj00000C36D4IAJ,0ZGam000000isBBGAY,2026-03-27T23:32:04.000+0000
0ZRWj0000006NAsOAM,01tWj00000C36D5IAJ,0ZGam000000isBBGAY,2026-03-27T23:32:38.000+0000
0ZRWj0000006MwMOAU,01tWj00000C36D6IAJ,0ZGam000000isBBGAY,2026-03-27T23:32:20.000+0000
0ZRWj0000006NiwOAE,01tWj00000C36D7IAJ,0ZGam000000isBBGAY,2026-03-27T23:33:16.000+0000
0ZRWj0000006MjMOAU,01tWj00000C36D8IAJ,0ZGam000000isBBGAY,2026-03-27T23:32:04.000+0000
0ZRWj0000006NVEOA2,01tWj00000C36D9IAJ,0ZGam000000isBBGAY,2026-03-27T23:33:01.000+0000
0ZRWj0000006N0SOAU,01tWj00000C36DAIAZ,0ZGam000000isBBGAY,2026-03-27T23:32:27.000+0000
0ZRWj0000006NtrOAE,01tWj00000C36DBIAZ,0ZGam000000isBBGAY,2026-03-27T23:33:31.000+0000
0ZRWj0000006NPFOA2,01tWj00000C36DCIAZ,0ZGam000000isBBGAY,2026-03-27T23:32:53.000+0000
0ZRWj0000006NDvOAM,01tWj00000C36DDIAZ,0ZGam000000isBBGAY,2026-03-27T23:32:42.000+0000
0ZRWj0000006NEDOA2,01tWj00000C36DEIAZ,0ZGam000000isBBGAY,2026-03-27T23:32:42.000+0000
0ZRWj0000006MutOAE,01tWj00000C36DFIAZ,0ZGam000000isBBGAY,2026-03-27T23:32:20.000+0000
0ZRWj0000006NDiOAM,01tWj00000C36DGIAZ,0ZGam000000isBBGAY,2026-03-27T23:32:42.000+0000
0ZRWj0000006N4YOAU,01tWj00000C36DHIAZ,0ZGam000000isBBGAY,2026-03-27T23:32:31.000+0000
0ZRWj0000006N52OAE,01tWj00000C36DIIAZ,0ZGam000000isBBGAY,2026-03-27T23:32:31.000+0000
0ZRWj0000006NqFOAU,01tWj00000C36DJIAZ,0ZGam000000isBBGAY,2026-03-27T23:33:27.000+0000
0ZRWj0000006N1BOAU,01tWj00000C36DKIAZ,0ZGam000000isBBGAY,2026-03-27T23:32:27.000+0000
0ZRWj0000006NWDOA2,01tWj00000C36DLIAZ,0ZGam000000isBBGAY,2026-03-27T23:33:01.000+0000
0ZRWj0000006NUDOA2,01tWj00000C36DMIAZ,0ZGam000000isBBGAY,2026-03-27T23:33:01.000+0000
0ZRWj0000006NwDOAU,01tWj00000C36DNIAZ,0ZGam000000isBBGAY,2026-03-27T23:33:31.000+0000
0ZRWj0000006Ns1OAE,01tWj00000C36DOIAZ,0ZGam000000isBBGAY,2026-03-27T23:33:27.000+0000
0ZRWj0000006MdUOAU,01tWj00000C36DPIAZ,0ZGam000000isBBGAY,2026-03-27T23:31:57.000+0000
0ZRWj0000006N8JOAU,01tWj00000C36DQIAZ,0ZGam000000isBBGAY,2026-03-27T23:32:34.000+0000
0ZRWj0000006MpSOAU,01tWj00000C36DRIAZ,0ZGam000000isBBGAY,2026-03-27T23:32:12.000+0000
0ZRWj0000006K7SOAU,01tWj00000C36DSIAZ,0ZGam000000isCnGAI,2026-03-27T20:29:48.000+0000
0ZRWj0000006K9NOAU,01tWj00000C36DTIAZ,0ZGam000000isCnGAI,2026-03-27T20:30:25.000+0000
0ZRWj0000006KB5OAM,01tWj00000C36DUIAZ,0ZGam000000isCnGAI,2026-03-27T20:31:01.000+0000
0ZRWj0000006KB6OAM,01tWj00000C36DVIAZ,0ZGam000000isCnGAI,2026-03-27T20:31:01.000+0000
0ZRWj0000006KCrOAM,01tWj00000C36DWIAZ,0ZGam000000isCnGAI,2026-03-27T20:31:31.000+0000
0ZRWj0000006KCsOAM,01tWj00000C36DXIAZ,0ZGam000000isCnGAI,2026-03-27T20:31:31.000+0000
0ZRWj0000006KEZOA2,01tWj00000C36DYIAZ,0ZGam000000isCnGAI,2026-03-27T20:32:06.000+0000
0ZRWj0000006KEaOAM,01tWj00000C36DZIAZ,0ZGam000000isCnGAI,2026-03-27T20:32:06.000+0000
0ZRWj0000006KFpOAM,01tWj00000C36DaIAJ,0ZGam000000isCnGAI,2026-03-27T20:32:31.000+0000
0ZRWj0000006KFqOAM,01tWj00000C36DbIAJ,0ZGam000000isCnGAI,2026-03-27T20:32:31.000+0000
0ZRWj0000006KI6OAM,01tWj00000C36DcIAJ,0ZGam000000isCnGAI,2026-03-27T20:33:12.000+0000
0ZRWj0000006KI7OAM,01tWj00000C36DdIAJ,0ZGam000000isCnGAI,2026-03-27T20:33:12.000+0000
0ZRWj0000006KI8OAM,01tWj00000C36DeIAJ,0ZGam000000isCnGAI,2026-03-27T20:33:12.000+0000
0ZRWj0000006KJWOA2,01tWj00000C36DfIAJ,0ZGam000000isCnGAI,2026-03-27T20:33:49.000+0000
0ZRWj0000006KJXOA2,01tWj00000C36DgIAJ,0ZGam000000isCnGAI,2026-03-27T20:33:49.000+0000
0ZRWj0000006KJYOA2,01tWj00000C36DhIAJ,0ZGam000000isCnGAI,2026-03-27T20:33:49.000+0000
0ZRWj0000006KKiOAM,01tWj00000C36DiIAJ,0ZGam000000isCnGAI,2026-03-27T20:34:33.000+0000
0ZRWj0000006KKjOAM,01tWj00000C36DjIAJ,0ZGam000000isCnGAI,2026-03-27T20:34:33.000+0000
0ZRWj0000006KMkOAM,01tWj00000C36DkIAJ,0ZGam000000isCnGAI,2026-03-27T20:35:28.000+0000
0ZRWj0000006KMlOAM,01tWj00000C36DlIAJ,0ZGam000000isCnGAI,2026-03-27T20:35:28.000+0000
0ZRWj0000006KMmOAM,01tWj00000C36DmIAJ,0ZGam000000isCnGAI,2026-03-27T20:35:28.000+0000
0ZRWj0000006KOfOAM,01tWj00000C36DnIAJ,0ZGam000000isCnGAI,2026-03-27T20:36:16.000+0000
0ZRWj0000006KOgOAM,01tWj00000C36DoIAJ,0ZGam000000isCnGAI,2026-03-27T20:36:16.000+0000
0ZRWj0000006KOhOAM,01tWj00000C36DpIAJ,0ZGam000000isCnGAI,2026-03-27T20:36:16.000+0000
0ZRWj0000006KOiOAM,01tWj00000C36DqIAJ,0ZGam000000isCnGAI,2026-03-27T20:36:16.000+0000
0ZRWj0000006KS1OAM,01tWj00000C36DrIAJ,0ZGam000000isCnGAI,2026-03-27T20:37:06.000+0000
0ZRWj0000006KS2OAM,01tWj00000C36DsIAJ,0ZGam000000isCnGAI,2026-03-27T20:37:06.000+0000
0ZRWj0000006KS3OAM,01tWj00000C36DtIAJ,0ZGam000000isCnGAI,2026-03-27T20:37:06.000+0000
0ZRWj0000006KS4OAM,01tWj00000C36DuIAJ,0ZGam000000isCnGAI,2026-03-27T20:37:06.000+0000
0ZRWj0000006KUxOAM,01tWj00000C36DvIAJ,0ZGam000000isCnGAI,2026-03-27T20:37:59.000+0000
0ZRWj0000006KUyOAM,01tWj00000C36DwIAJ,0ZGam000000isCnGAI,2026-03-27T20:37:59.000+0000
0ZRWj0000006KUzOAM,01tWj00000C36DxIAJ,0ZGam000000isCnGAI,2026-03-27T20:37:59.000+0000
0ZRWj0000006KV0OAM,01tWj00000C36DyIAJ,0ZGam000000isCnGAI,2026-03-27T20:37:59.000+0000
0ZRWj0000006KXyOAM,01tWj00000C36DzIAJ,0ZGam000000isCnGAI,2026-03-27T20:38:39.000+0000
0ZRWj0000006KXzOAM,01tWj00000C36E0IAJ,0ZGam000000isCnGAI,2026-03-27T20:38:39.000+0000
0ZRWj0000006KY0OAM,01tWj00000C36E1IAJ,0ZGam000000isCnGAI,2026-03-27T20:38:39.000+0000
0ZRWj0000006KZLOA2,01tWj00000C36E2IAJ,0ZGam000000isCnGAI,2026-03-27T20:39:10.000+0000
0ZRWj0000006KZMOA2,01tWj00000C36E3IAJ,0ZGam000000isCnGAI,2026-03-27T20:39:10.000+0000
0ZRWj0000006Nf8OAE,01tWj00000C36E4IAJ,0ZGam000000isCnGAI,2026-03-27T23:33:12.000+0000
0ZRWj0000006NZaOAM,01tWj00000C36E5IAJ,0ZGam000000isCnGAI,2026-03-27T23:33:04.000+0000
0ZRWj0000006NpTOAU,01tWj00000C36E6IAJ,0ZGam000000isCnGAI,2026-03-27T23:33:23.000+0000
0ZRWj0000006NriOAE,01tWj00000C36E7IAJ,0ZGam000000isCnGAI,2026-03-27T23:33:27.000+0000
0ZRWj0000006NHGOA2,01tWj00000C36E8IAJ,0ZGam000000isCnGAI,2026-03-27T23:32:46.000+0000
0ZRWj0000006NX6OAM,01tWj00000C36E9IAJ,0ZGam000000isCnGAI,2026-03-27T23:33:04.000+0000
0ZRWj0000006MpaOAE,01tWj00000C36EAIAZ,0ZGam000000isCnGAI,2026-03-27T23:32:12.000+0000
0ZRWj0000006NjKOAU,01tWj00000C36EBIAZ,0ZGam000000isCnGAI,2026-03-27T23:33:16.000+0000
0ZRWj0000006NhfOAE,01tWj00000C36ECIAZ,0ZGam000000isCnGAI,2026-03-27T23:33:16.000+0000
0ZRWj0000006NTvOAM,01tWj00000C36EDIAZ,0ZGam000000isCnGAI,2026-03-27T23:33:01.000+0000
0ZRWj0000006KcgOAE,01tWj00000C36EEIAZ,0ZGam000000isBBGAY,2026-03-27T20:40:58.000+0000
0ZRWj0000006KfuOAE,01tWj00000C36EEIAZ,0ZGam000000itATGAY,2026-03-27T20:41:20.000+0000
0ZRWj0000006KfvOAE,01tWj00000C36EFIAZ,0ZGam000000itATGAY,2026-03-27T20:41:20.000+0000
0ZRWj0000006KchOAE,01tWj00000C36EFIAZ,0ZGam000000isBBGAY,2026-03-27T20:40:58.000+0000
0ZRWj0000006KiXOAU,01tWj00000C36EGIAZ,0ZGam000000itATGAY,2026-03-27T20:43:17.000+0000
0ZRWj0000006KllOAE,01tWj00000C36EGIAZ,0ZGam000000isBBGAY,2026-03-27T20:43:37.000+0000
0ZRWj0000006KlmOAE,01tWj00000C36EHIAZ,0ZGam000000isBBGAY,2026-03-27T20:43:37.000+0000
0ZRWj0000006KiYOAU,01tWj00000C36EHIAZ,0ZGam000000itATGAY,2026-03-27T20:43:17.000+0000
0ZRWj0000006KpHOAU,01tWj00000C36EIIAZ,0ZGam000000itATGAY,2026-03-27T20:44:12.000+0000
0ZRWj0000006KsVOAU,01tWj00000C36EIIAZ,0ZGam000000isBBGAY,2026-03-27T20:44:27.000+0000
0ZRWj0000006KsWOAU,01tWj00000C36EJIAZ,0ZGam000000isBBGAY,2026-03-27T20:44:27.000+0000
0ZRWj0000006KpIOAU,01tWj00000C36EJIAZ,0ZGam000000itATGAY,2026-03-27T20:44:12.000+0000
0ZRWj0000006KvpOAE,01tWj00000C36EKIAZ,0ZGam000000isBBGAY,2026-03-27T21:04:22.000+0000
0ZRWj0000006Kz3OAE,01tWj00000C36EKIAZ,0ZGam000000itATGAY,2026-03-27T21:04:37.000+0000
0ZRWj0000006KvqOAE,01tWj00000C36ELIAZ,0ZGam000000isBBGAY,2026-03-27T21:04:22.000+0000
0ZRWj0000006Kz4OAE,01tWj00000C36ELIAZ,0ZGam000000itATGAY,2026-03-27T21:04:37.000+0000
0ZRWj0000006L1xOAE,01tWj00000C36EMIAZ,0ZGam000000isBBGAY,2026-03-27T21:05:29.000+0000
0ZRWj0000006L5BOAU,01tWj00000C36EMIAZ,0ZGam000000itATGAY,2026-03-27T21:05:44.000+0000
0ZRWj0000006L1yOAE,01tWj00000C36ENIAZ,0ZGam000000isBBGAY,2026-03-27T21:05:29.000+0000
0ZRWj0000006L5COAU,01tWj00000C36ENIAZ,0ZGam000000itATGAY,2026-03-27T21:05:44.000+0000
0ZRWj0000006L8jOAE,01tWj00000C36EOIAZ,0ZGam000000itATGAY,2026-03-27T21:06:18.000+0000
0ZRWj0000006LBxOAM,01tWj00000C36EOIAZ,0ZGam000000isBBGAY,2026-03-27T21:06:35.000+0000
0ZRWj0000006LByOAM,01tWj00000C36EPIAZ,0ZGam000000isBBGAY,2026-03-27T21:06:35.000+0000
0ZRWj0000006L8kOAE,01tWj00000C36EPIAZ,0ZGam000000itATGAY,2026-03-27T21:06:18.000+0000
0ZRWj0000006N5LOAU,01tWj00000C36EQIAZ,0ZGam000000isBBGAY,2026-03-27T23:32:31.000+0000
0ZRWj0000006N4EOAU,01tWj00000C36ERIAZ,0ZGam000000isBBGAY,2026-03-27T23:32:31.000+0000
0ZRWj0000006NrfOAE,01tWj00000C36ESIAZ,0ZGam000000isBBGAY,2026-03-27T23:33:27.000+0000
0ZRWj0000006NegOAE,01tWj00000C36ETIAZ,0ZGam000000isBBGAY,2026-03-27T23:33:12.000+0000
0ZRWj0000006NA4OAM,01tWj00000C36EUIAZ,0ZGam000000isBBGAY,2026-03-27T23:32:38.000+0000
0ZRWj0000006MkfOAE,01tWj00000C36EVIAZ,0ZGam000000isBBGAY,2026-03-27T23:32:08.000+0000
0ZRWj0000006MyHOAU,01tWj00000C36EWIAZ,0ZGam000000isBBGAY,2026-03-27T23:32:23.000+0000
0ZRWj0000006NufOAE,01tWj00000C36EXIAZ,0ZGam000000isBBGAY,2026-03-27T23:33:31.000+0000
0ZRWj0000006N2FOAU,01tWj00000C36EYIAZ,0ZGam000000isBBGAY,2026-03-27T23:32:27.000+0000
0ZRWj0000006NmAOAU,01tWj00000C36EZIAZ,0ZGam000000isBBGAY,2026-03-27T23:33:20.000+0000
0ZRWj0000006MzUOAU,01tWj00000C36EaIAJ,0ZGam000000isBBGAY,2026-03-27T23:32:23.000+0000
0ZRWj0000006NrHOAU,01tWj00000C36EbIAJ,0ZGam000000isBBGAY,2026-03-27T23:33:27.000+0000
0ZRWj0000006NFoOAM,01tWj00000C36EcIAJ,0ZGam000000isBBGAY,2026-03-27T23:32:42.000+0000
0ZRWj0000006NoVOAU,01tWj00000C36EdIAJ,0ZGam000000isBBGAY,2026-03-27T23:33:23.000+0000
0ZRWj0000006N0VOAU,01tWj00000C36EeIAJ,0ZGam000000isBBGAY,2026-03-27T23:32:27.000+0000
0ZRWj0000006Mf6OAE,01tWj00000C36EfIAJ,0ZGam000000isBBGAY,2026-03-27T23:32:01.000+0000
0ZRWj0000006MnMOAU,01tWj00000C36EgIAJ,0ZGam000000isBBGAY,2026-03-27T23:32:08.000+0000
0ZRWj0000006NOCOA2,01tWj00000C36EhIAJ,0ZGam000000isBBGAY,2026-03-27T23:32:53.000+0000
0ZRWj0000006NfvOAE,01tWj00000C36EiIAJ,0ZGam000000isBBGAY,2026-03-27T23:33:12.000+0000
0ZRWj0000006NSKOA2,01tWj00000C36EjIAJ,0ZGam000000isBBGAY,2026-03-27T23:32:57.000+0000
0ZRWj0000006MvoOAE,01tWj00000C36EkIAJ,0ZGam000000isBBGAY,2026-03-27T23:32:20.000+0000
0ZRWj0000006NFTOA2,01tWj00000C36ElIAJ,0ZGam000000isBBGAY,2026-03-27T23:32:42.000+0000
0ZRWj0000006MuWOAU,01tWj00000C36EmIAJ,0ZGam000000isBBGAY,2026-03-27T23:32:20.000+0000
0ZRWj0000006N5UOAU,01tWj00000C36EnIAJ,0ZGam000000isBBGAY,2026-03-27T23:32:31.000+0000
0ZRWj0000006MpOOAU,01tWj00000C36EoIAJ,0ZGam000000isBBGAY,2026-03-27T23:32:12.000+0000
0ZRWj0000006NEFOA2,01tWj00000C36EpIAJ,0ZGam000000isBBGAY,2026-03-27T23:32:42.000+0000
0ZRWj0000006NJfOAM,01tWj00000C36EqIAJ,0ZGam000000isBBGAY,2026-03-27T23:32:46.000+0000
0ZRWj0000006KEfOAM,01tWj00000C36LJIAZ,0ZGam000000isCnGAI,2026-03-27T20:32:06.000+0000
0ZRWj0000006KFvOAM,01tWj00000C36LKIAZ,0ZGam000000isCnGAI,2026-03-27T20:32:31.000+0000
0ZRWj0000006KFwOAM,01tWj00000C36LLIAZ,0ZGam000000isCnGAI,2026-03-27T20:32:31.000+0000
0ZRWj0000006KIFOA2,01tWj00000C36LMIAZ,0ZGam000000isCnGAI,2026-03-27T20:33:12.000+0000
0ZRWj0000006KIGOA2,01tWj00000C36LNIAZ,0ZGam000000isCnGAI,2026-03-27T20:33:12.000+0000
0ZRWj0000006KIHOA2,01tWj00000C36LOIAZ,0ZGam000000isCnGAI,2026-03-27T20:33:12.000+0000
0ZRWj0000006KJfOAM,01tWj00000C36LPIAZ,0ZGam000000isCnGAI,2026-03-27T20:33:49.000+0000
0ZRWj0000006KJgOAM,01tWj00000C36LQIAZ,0ZGam000000isCnGAI,2026-03-27T20:33:49.000+0000
0ZRWj0000006KJhOAM,01tWj00000C36LRIAZ,0ZGam000000isCnGAI,2026-03-27T20:33:49.000+0000
0ZRWj0000006KKoOAM,01tWj00000C36LSIAZ,0ZGam000000isCnGAI,2026-03-27T20:34:33.000+0000
0ZRWj0000006KKpOAM,01tWj00000C36LTIAZ,0ZGam000000isCnGAI,2026-03-27T20:34:33.000+0000
0ZRWj0000006KMtOAM,01tWj00000C36LUIAZ,0ZGam000000isCnGAI,2026-03-27T20:35:28.000+0000
0ZRWj0000006KMuOAM,01tWj00000C36LVIAZ,0ZGam000000isCnGAI,2026-03-27T20:35:28.000+0000
0ZRWj0000006KMvOAM,01tWj00000C36LWIAZ,0ZGam000000isCnGAI,2026-03-27T20:35:28.000+0000
0ZRWj0000006KOrOAM,01tWj00000C36LXIAZ,0ZGam000000isCnGAI,2026-03-27T20:36:16.000+0000
0ZRWj0000006KOsOAM,01tWj00000C36LYIAZ,0ZGam000000isCnGAI,2026-03-27T20:36:16.000+0000
0ZRWj0000006KOtOAM,01tWj00000C36LZIAZ,0ZGam000000isCnGAI,2026-03-27T20:36:16.000+0000
0ZRWj0000006KOuOAM,01tWj00000C36LaIAJ,0ZGam000000isCnGAI,2026-03-27T20:36:16.000+0000
0ZRWj0000006KSDOA2,01tWj00000C36LbIAJ,0ZGam000000isCnGAI,2026-03-27T20:37:06.000+0000
0ZRWj0000006KSEOA2,01tWj00000C36LcIAJ,0ZGam000000isCnGAI,2026-03-27T20:37:06.000+0000
0ZRWj0000006KSFOA2,01tWj00000C36LdIAJ,0ZGam000000isCnGAI,2026-03-27T20:37:06.000+0000
0ZRWj0000006KSGOA2,01tWj00000C36LeIAJ,0ZGam000000isCnGAI,2026-03-27T20:37:06.000+0000
0ZRWj0000006KV9OAM,01tWj00000C36LfIAJ,0ZGam000000isCnGAI,2026-03-27T20:37:59.000+0000
0ZRWj0000006KVAOA2,01tWj00000C36LgIAJ,0ZGam000000isCnGAI,2026-03-27T20:37:59.000+0000
0ZRWj0000006KVBOA2,01tWj00000C36LhIAJ,0ZGam000000isCnGAI,2026-03-27T20:37:59.000+0000
0ZRWj0000006KVCOA2,01tWj00000C36LiIAJ,0ZGam000000isCnGAI,2026-03-27T20:37:59.000+0000
0ZRWj0000006KY7OAM,01tWj00000C36LjIAJ,0ZGam000000isCnGAI,2026-03-27T20:38:39.000+0000
0ZRWj0000006KY8OAM,01tWj00000C36LkIAJ,0ZGam000000isCnGAI,2026-03-27T20:38:39.000+0000
0ZRWj0000006KY9OAM,01tWj00000C36LlIAJ,0ZGam000000isCnGAI,2026-03-27T20:38:39.000+0000
0ZRWj0000006KZROA2,01tWj00000C36LmIAJ,0ZGam000000isCnGAI,2026-03-27T20:39:10.000+0000
0ZRWj0000006KZSOA2,01tWj00000C36LnIAJ,0ZGam000000isCnGAI,2026-03-27T20:39:10.000+0000
0ZRWj0000006NpjOAE,01tWj00000C36LoIAJ,0ZGam000000isCnGAI,2026-03-27T23:33:23.000+0000
0ZRWj0000006NPxOAM,01tWj00000C36LpIAJ,0ZGam000000isCnGAI,2026-03-27T23:32:53.000+0000
0ZRWj0000006NX5OAM,01tWj00000C36LqIAJ,0ZGam000000isCnGAI,2026-03-27T23:33:04.000+0000
0ZRWj0000006N06OAE,01tWj00000C36LrIAJ,0ZGam000000isCnGAI,2026-03-27T23:32:23.000+0000
0ZRWj0000006N5kOAE,01tWj00000C36LsIAJ,0ZGam000000isCnGAI,2026-03-27T23:32:31.000+0000
0ZRWj0000006No3OAE,01tWj00000C36LtIAJ,0ZGam000000isCnGAI,2026-03-27T23:33:23.000+0000
0ZRWj0000006MzBOAU,01tWj00000C36LuIAJ,0ZGam000000isCnGAI,2026-03-27T23:32:23.000+0000
0ZRWj0000006NTHOA2,01tWj00000C36LvIAJ,0ZGam000000isCnGAI,2026-03-27T23:32:57.000+0000
0ZRWj0000006MbpOAE,01tWj00000C36LwIAJ,0ZGam000000isCnGAI,2026-03-27T23:31:57.000+0000
0ZRWj0000006MqEOAU,01tWj00000C36LxIAJ,0ZGam000000isCnGAI,2026-03-27T23:32:12.000+0000
0ZRWj0000006KcqOAE,01tWj00000C36LyIAJ,0ZGam000000isBBGAY,2026-03-27T20:40:58.000+0000
0ZRWj0000006Kg4OAE,01tWj00000C36LyIAJ,0ZGam000000itATGAY,2026-03-27T20:41:20.000+0000
0ZRWj0000006Kg5OAE,01tWj00000C36LzIAJ,0ZGam000000itATGAY,2026-03-27T20:41:20.000+0000
0ZRWj0000006KcrOAE,01tWj00000C36LzIAJ,0ZGam000000isBBGAY,2026-03-27T20:40:58.000+0000
0ZRWj0000006KlvOAE,01tWj00000C36M0IAJ,0ZGam000000isBBGAY,2026-03-27T20:43:37.000+0000
0ZRWj0000006KihOAE,01tWj00000C36M0IAJ,0ZGam000000itATGAY,2026-03-27T20:43:17.000+0000
0ZRWj0000006KlwOAE,01tWj00000C36M1IAJ,0ZGam000000isBBGAY,2026-03-27T20:43:37.000+0000
0ZRWj0000006KiiOAE,01tWj00000C36M1IAJ,0ZGam000000itATGAY,2026-03-27T20:43:17.000+0000
0ZRWj0000006KsfOAE,01tWj00000C36M2IAJ,0ZGam000000isBBGAY,2026-03-27T20:44:27.000+0000
0ZRWj0000006KpROAU,01tWj00000C36M2IAJ,0ZGam000000itATGAY,2026-03-27T20:44:12.000+0000
0ZRWj0000006KsgOAE,01tWj00000C36M3IAJ,0ZGam000000isBBGAY,2026-03-27T20:44:27.000+0000
0ZRWj0000006KpSOAU,01tWj00000C36M3IAJ,0ZGam000000itATGAY,2026-03-27T20:44:12.000+0000
0ZRWj0000006KzDOAU,01tWj00000C36M4IAJ,0ZGam000000itATGAY,2026-03-27T21:04:37.000+0000
0ZRWj0000006KvzOAE,01tWj00000C36M4IAJ,0ZGam000000isBBGAY,2026-03-27T21:04:22.000+0000
0ZRWj0000006Kw0OAE,01tWj00000C36M5IAJ,0ZGam000000isBBGAY,2026-03-27T21:04:22.000+0000
0ZRWj0000006KzEOAU,01tWj00000C36M5IAJ,0ZGam000000itATGAY,2026-03-27T21:04:37.000+0000
0ZRWj0000006L5LOAU,01tWj00000C36M6IAJ,0ZGam000000itATGAY,2026-03-27T21:05:44.000+0000
0ZRWj0000006L27OAE,01tWj00000C36M6IAJ,0ZGam000000isBBGAY,2026-03-27T21:05:29.000+0000
0ZRWj0000006L28OAE,01tWj00000C36M7IAJ,0ZGam000000isBBGAY,2026-03-27T21:05:29.000+0000
0ZRWj0000006L5MOAU,01tWj00000C36M7IAJ,0ZGam000000itATGAY,2026-03-27T21:05:44.000+0000
0ZRWj0000006L8tOAE,01tWj00000C36M8IAJ,0ZGam000000itATGAY,2026-03-27T21:06:18.000+0000
0ZRWj0000006LC7OAM,01tWj00000C36M8IAJ,0ZGam000000isBBGAY,2026-03-27T21:06:35.000+0000
0ZRWj0000006LC8OAM,01tWj00000C36M9IAJ,0ZGam000000isBBGAY,2026-03-27T21:06:35.000+0000
0ZRWj0000006L8uOAE,01tWj00000C36M9IAJ,0ZGam000000itATGAY,2026-03-27T21:06:18.000+0000
0ZRWj0000006N6UOAU,01tWj00000C36MAIAZ,0ZGam000000isBBGAY,2026-03-27T23:32:31.000+0000
0ZRWj0000006MmnOAE,01tWj00000C36MBIAZ,0ZGam000000isBBGAY,2026-03-27T23:32:08.000+0000
0ZRWj0000006MybOAE,01tWj00000C36MCIAZ,0ZGam000000isBBGAY,2026-03-27T23:32:23.000+0000
0ZRWj0000006MwgOAE,01tWj00000C36MDIAZ,0ZGam000000isBBGAY,2026-03-27T23:32:20.000+0000
0ZRWj0000006Ml9OAE,01tWj00000C36MEIAZ,0ZGam000000isBBGAY,2026-03-27T23:32:08.000+0000
0ZRWj0000006MiSOAU,01tWj00000C36MFIAZ,0ZGam000000isBBGAY,2026-03-27T23:32:04.000+0000
0ZRWj0000006MrbOAE,01tWj00000C36MGIAZ,0ZGam000000isBBGAY,2026-03-27T23:32:15.000+0000
0ZRWj0000006NCeOAM,01tWj00000C36MHIAZ,0ZGam000000isBBGAY,2026-03-27T23:32:38.000+0000
0ZRWj0000006N2mOAE,01tWj00000C36MIIAZ,0ZGam000000isBBGAY,2026-03-27T23:32:27.000+0000
0ZRWj0000006MrAOAU,01tWj00000C36MJIAZ,0ZGam000000isBBGAY,2026-03-27T23:32:15.000+0000
0ZRWj0000006NUkOAM,01tWj00000C36MKIAZ,0ZGam000000isBBGAY,2026-03-27T23:33:01.000+0000
0ZRWj0000006MtNOAU,01tWj00000C36MLIAZ,0ZGam000000isBBGAY,2026-03-27T23:32:15.000+0000
0ZRWj0000006NTPOA2,01tWj00000C36MMIAZ,0ZGam000000isBBGAY,2026-03-27T23:33:01.000+0000
0ZRWj0000006NQTOA2,01tWj00000C36MNIAZ,0ZGam000000isBBGAY,2026-03-27T23:32:57.000+0000
0ZRWj0000006NaFOAU,01tWj00000C36MOIAZ,0ZGam000000isBBGAY,2026-03-27T23:33:08.000+0000
0ZRWj0000006NN0OAM,01tWj00000C36MPIAZ,0ZGam000000isBBGAY,2026-03-27T23:32:53.000+0000
0ZRWj0000006NjcOAE,01tWj00000C36MQIAZ,0ZGam000000isBBGAY,2026-03-27T23:33:20.000+0000
0ZRWj0000006N7OOAU,01tWj00000C36MRIAZ,0ZGam000000isBBGAY,2026-03-27T23:32:34.000+0000
0ZRWj0000006NdBOAU,01tWj00000C36MSIAZ,0ZGam000000isBBGAY,2026-03-27T23:33:12.000+0000
0ZRWj0000006NMFOA2,01tWj00000C36MTIAZ,0ZGam000000isBBGAY,2026-03-27T23:32:50.000+0000
0ZRWj0000006NwHOAU,01tWj00000C36MUIAZ,0ZGam000000isBBGAY,2026-03-27T23:33:31.000+0000
0ZRWj0000006NUMOA2,01tWj00000C36MVIAZ,0ZGam000000isBBGAY,2026-03-27T23:33:01.000+0000
0ZRWj0000006NN2OAM,01tWj00000C36MWIAZ,0ZGam000000isBBGAY,2026-03-27T23:32:53.000+0000
0ZRWj0000006NfTOAU,01tWj00000C36MXIAZ,0ZGam000000isBBGAY,2026-03-27T23:33:12.000+0000
0ZRWj0000006NTAOA2,01tWj00000C36MYIAZ,0ZGam000000isBBGAY,2026-03-27T23:32:57.000+0000
0ZRWj0000006MiIOAU,01tWj00000C36MZIAZ,0ZGam000000isBBGAY,2026-03-27T23:32:04.000+0000
0ZRWj0000006Nd4OAE,01tWj00000C36MaIAJ,0ZGam000000isBBGAY,2026-03-27T23:33:12.000+0000
0ZRWj0000006Mq1OAE,01tWj00000C36MbIAJ,0ZGam000000isBBGAY,2026-03-27T23:32:12.000+0000
0ZRWj0000006NDQOA2,01tWj00000C36McIAJ,0ZGam000000isBBGAY,2026-03-27T23:32:42.000+0000
0ZRWj0000006Ni5OAE,01tWj00000C36MdIAJ,0ZGam000000isBBGAY,2026-03-27T23:33:16.000+0000
0ZRWj0000006NsaOAE,01tWj00000C36MeIAJ,0ZGam000000isBBGAY,2026-03-27T23:33:27.000+0000
0ZRWj0000006Ms4OAE,01tWj00000C36MfIAJ,0ZGam000000isBBGAY,2026-03-27T23:32:15.000+0000
0ZRWj0000006NKgOAM,01tWj00000C36MgIAJ,0ZGam000000isBBGAY,2026-03-27T23:32:50.000+0000
0ZRWj0000006NBYOA2,01tWj00000C36MhIAJ,0ZGam000000isBBGAY,2026-03-27T23:32:38.000+0000
0ZRWj0000006MiBOAU,01tWj00000C36MiIAJ,0ZGam000000isBBGAY,2026-03-27T23:32:04.000+0000
0ZRWj0000006NUWOA2,01tWj00000C36MjIAJ,0ZGam000000isBBGAY,2026-03-27T23:33:01.000+0000
0ZRWj0000006K7VOAU,01tWj00000C36MkIAJ,0ZGam000000isCnGAI,2026-03-27T20:29:48.000+0000
0ZRWj0000006K9QOAU,01tWj00000C36MlIAJ,0ZGam000000isCnGAI,2026-03-27T20:30:25.000+0000
0ZRWj0000006KBBOA2,01tWj00000C36MmIAJ,0ZGam000000isCnGAI,2026-03-27T20:31:01.000+0000
0ZRWj0000006KBCOA2,01tWj00000C36MnIAJ,0ZGam000000isCnGAI,2026-03-27T20:31:01.000+0000
0ZRWj0000006KCxOAM,01tWj00000C36MoIAJ,0ZGam000000isCnGAI,2026-03-27T20:31:31.000+0000
0ZRWj0000006KCyOAM,01tWj00000C36MpIAJ,0ZGam000000isCnGAI,2026-03-27T20:31:31.000+0000
0ZRWj0000006KEgOAM,01tWj00000C36MqIAJ,0ZGam000000isCnGAI,2026-03-27T20:32:06.000+0000
0ZRWj0000006KEhOAM,01tWj00000C36MrIAJ,0ZGam000000isCnGAI,2026-03-27T20:32:06.000+0000
0ZRWj0000006KFxOAM,01tWj00000C36MsIAJ,0ZGam000000isCnGAI,2026-03-27T20:32:31.000+0000
0ZRWj0000006KFyOAM,01tWj00000C36MtIAJ,0ZGam000000isCnGAI,2026-03-27T20:32:31.000+0000
0ZRWj0000006KIIOA2,01tWj00000C36MuIAJ,0ZGam000000isCnGAI,2026-03-27T20:33:12.000+0000
0ZRWj0000006KIJOA2,01tWj00000C36MvIAJ,0ZGam000000isCnGAI,2026-03-27T20:33:12.000+0000
0ZRWj0000006KIKOA2,01tWj00000C36MwIAJ,0ZGam000000isCnGAI,2026-03-27T20:33:12.000+0000
0ZRWj0000006KJiOAM,01tWj00000C36MxIAJ,0ZGam000000isCnGAI,2026-03-27T20:33:49.000+0000
0ZRWj0000006KJjOAM,01tWj00000C36MyIAJ,0ZGam000000isCnGAI,2026-03-27T20:33:49.000+0000
0ZRWj0000006KJkOAM,01tWj00000C36MzIAJ,0ZGam000000isCnGAI,2026-03-27T20:33:49.000+0000
0ZRWj0000006KKqOAM,01tWj00000C36N0IAJ,0ZGam000000isCnGAI,2026-03-27T20:34:33.000+0000
0ZRWj0000006KKrOAM,01tWj00000C36N1IAJ,0ZGam000000isCnGAI,2026-03-27T20:34:33.000+0000
0ZRWj0000006KMwOAM,01tWj00000C36N2IAJ,0ZGam000000isCnGAI,2026-03-27T20:35:28.000+0000
0ZRWj0000006KMxOAM,01tWj00000C36N3IAJ,0ZGam000000isCnGAI,2026-03-27T20:35:28.000+0000
0ZRWj0000006KMyOAM,01tWj00000C36N4IAJ,0ZGam000000isCnGAI,2026-03-27T20:35:28.000+0000
0ZRWj0000006KOvOAM,01tWj00000C36N5IAJ,0ZGam000000isCnGAI,2026-03-27T20:36:16.000+0000
0ZRWj0000006KOwOAM,01tWj00000C36N6IAJ,0ZGam000000isCnGAI,2026-03-27T20:36:16.000+0000
0ZRWj0000006KOxOAM,01tWj00000C36N7IAJ,0ZGam000000isCnGAI,2026-03-27T20:36:16.000+0000
0ZRWj0000006KOyOAM,01tWj00000C36N8IAJ,0ZGam000000isCnGAI,2026-03-27T20:36:16.000+0000
0ZRWj0000006KSHOA2,01tWj00000C36N9IAJ,0ZGam000000isCnGAI,2026-03-27T20:37:06.000+0000
0ZRWj0000006KSIOA2,01tWj00000C36NAIAZ,0ZGam000000isCnGAI,2026-03-27T20:37:06.000+0000
0ZRWj0000006KSJOA2,01tWj00000C36NBIAZ,0ZGam000000isCnGAI,2026-03-27T20:37:06.000+0000
0ZRWj0000006KSKOA2,01tWj00000C36NCIAZ,0ZGam000000isCnGAI,2026-03-27T20:37:06.000+0000
0ZRWj0000006KVDOA2,01tWj00000C36NDIAZ,0ZGam000000isCnGAI,2026-03-27T20:37:59.000+0000
0ZRWj0000006KVEOA2,01tWj00000C36NEIAZ,0ZGam000000isCnGAI,2026-03-27T20:37:59.000+0000
0ZRWj0000006KVFOA2,01tWj00000C36NFIAZ,0ZGam000000isCnGAI,2026-03-27T20:37:59.000+0000
0ZRWj0000006KVGOA2,01tWj00000C36NGIAZ,0ZGam000000isCnGAI,2026-03-27T20:37:59.000+0000
0ZRWj0000006KYAOA2,01tWj00000C36NHIAZ,0ZGam000000isCnGAI,2026-03-27T20:38:39.000+0000
0ZRWj0000006KYBOA2,01tWj00000C36NIIAZ,0ZGam000000isCnGAI,2026-03-27T20:38:39.000+0000
0ZRWj0000006KYCOA2,01tWj00000C36NJIAZ,0ZGam000000isCnGAI,2026-03-27T20:38:39.000+0000
0ZRWj0000006KZTOA2,01tWj00000C36NKIAZ,0ZGam000000isCnGAI,2026-03-27T20:39:10.000+0000
0ZRWj0000006KZUOA2,01tWj00000C36NLIAZ,0ZGam000000isCnGAI,2026-03-27T20:39:10.000+0000
0ZRWj0000006MsQOAU,01tWj00000C36NMIAZ,0ZGam000000isCnGAI,2026-03-27T23:32:15.000+0000
0ZRWj0000006N9hOAE,01tWj00000C36NNIAZ,0ZGam000000isCnGAI,2026-03-27T23:32:34.000+0000
0ZRWj0000006NrTOAU,01tWj00000C36NOIAZ,0ZGam000000isCnGAI,2026-03-27T23:33:27.000+0000
0ZRWj0000006NFWOA2,01tWj00000C36NPIAZ,0ZGam000000isCnGAI,2026-03-27T23:32:42.000+0000
0ZRWj0000006N3JOAU,01tWj00000C36NQIAZ,0ZGam000000isCnGAI,2026-03-27T23:32:27.000+0000
0ZRWj0000006NQqOAM,01tWj00000C36NRIAZ,0ZGam000000isCnGAI,2026-03-27T23:32:57.000+0000
0ZRWj0000006Me2OAE,01tWj00000C36NSIAZ,0ZGam000000isCnGAI,2026-03-27T23:32:01.000+0000
0ZRWj0000006NAvOAM,01tWj00000C36NTIAZ,0ZGam000000isCnGAI,2026-03-27T23:32:38.000+0000
0ZRWj0000006N0COAU,01tWj00000C36NUIAZ,0ZGam000000isCnGAI,2026-03-27T23:32:23.000+0000
0ZRWj0000006NNTOA2,01tWj00000C36NVIAZ,0ZGam000000isCnGAI,2026-03-27T23:32:53.000+0000
0ZRWj0000006K7WOAU,01tWj00000C36NWIAZ,0ZGam000000isCnGAI,2026-03-27T20:29:48.000+0000
0ZRWj0000006K9ROAU,01tWj00000C36NXIAZ,0ZGam000000isCnGAI,2026-03-27T20:30:25.000+0000
0ZRWj0000006KBDOA2,01tWj00000C36NYIAZ,0ZGam000000isCnGAI,2026-03-27T20:31:01.000+0000
0ZRWj0000006KBEOA2,01tWj00000C36NZIAZ,0ZGam000000isCnGAI,2026-03-27T20:31:01.000+0000
0ZRWj0000006KCzOAM,01tWj00000C36NaIAJ,0ZGam000000isCnGAI,2026-03-27T20:31:31.000+0000
0ZRWj0000006KD0OAM,01tWj00000C36NbIAJ,0ZGam000000isCnGAI,2026-03-27T20:31:31.000+0000
0ZRWj0000006KEiOAM,01tWj00000C36NcIAJ,0ZGam000000isCnGAI,2026-03-27T20:32:06.000+0000
0ZRWj0000006KEjOAM,01tWj00000C36NdIAJ,0ZGam000000isCnGAI,2026-03-27T20:32:06.000+0000
0ZRWj0000006KFzOAM,01tWj00000C36NeIAJ,0ZGam000000isCnGAI,2026-03-27T20:32:31.000+0000
0ZRWj0000006KG0OAM,01tWj00000C36NfIAJ,0ZGam000000isCnGAI,2026-03-27T20:32:31.000+0000
0ZRWj0000006KILOA2,01tWj00000C36NgIAJ,0ZGam000000isCnGAI,2026-03-27T20:33:12.000+0000
0ZRWj0000006KIMOA2,01tWj00000C36NhIAJ,0ZGam000000isCnGAI,2026-03-27T20:33:12.000+0000
0ZRWj0000006KINOA2,01tWj00000C36NiIAJ,0ZGam000000isCnGAI,2026-03-27T20:33:12.000+0000
0ZRWj0000006KJlOAM,01tWj00000C36NjIAJ,0ZGam000000isCnGAI,2026-03-27T20:33:49.000+0000
0ZRWj0000006KJmOAM,01tWj00000C36NkIAJ,0ZGam000000isCnGAI,2026-03-27T20:33:49.000+0000
0ZRWj0000006KJnOAM,01tWj00000C36NlIAJ,0ZGam000000isCnGAI,2026-03-27T20:33:49.000+0000
0ZRWj0000006KKsOAM,01tWj00000C36NmIAJ,0ZGam000000isCnGAI,2026-03-27T20:34:33.000+0000
0ZRWj0000006KKtOAM,01tWj00000C36NnIAJ,0ZGam000000isCnGAI,2026-03-27T20:34:33.000+0000
0ZRWj0000006KMzOAM,01tWj00000C36NoIAJ,0ZGam000000isCnGAI,2026-03-27T20:35:28.000+0000
0ZRWj0000006KN0OAM,01tWj00000C36NpIAJ,0ZGam000000isCnGAI,2026-03-27T20:35:28.000+0000
0ZRWj0000006KN1OAM,01tWj00000C36NqIAJ,0ZGam000000isCnGAI,2026-03-27T20:35:28.000+0000
0ZRWj0000006KOzOAM,01tWj00000C36NrIAJ,0ZGam000000isCnGAI,2026-03-27T20:36:16.000+0000
0ZRWj0000006KP0OAM,01tWj00000C36NsIAJ,0ZGam000000isCnGAI,2026-03-27T20:36:16.000+0000
0ZRWj0000006KP1OAM,01tWj00000C36NtIAJ,0ZGam000000isCnGAI,2026-03-27T20:36:16.000+0000
0ZRWj0000006KP2OAM,01tWj00000C36NuIAJ,0ZGam000000isCnGAI,2026-03-27T20:36:16.000+0000
0ZRWj0000006KSLOA2,01tWj00000C36NvIAJ,0ZGam000000isCnGAI,2026-03-27T20:37:06.000+0000
0ZRWj0000006KSMOA2,01tWj00000C36NwIAJ,0ZGam000000isCnGAI,2026-03-27T20:37:06.000+0000
0ZRWj0000006KSNOA2,01tWj00000C36NxIAJ,0ZGam000000isCnGAI,2026-03-27T20:37:06.000+0000
0ZRWj0000006KSOOA2,01tWj00000C36NyIAJ,0ZGam000000isCnGAI,2026-03-27T20:37:06.000+0000
0ZRWj0000006KVHOA2,01tWj00000C36NzIAJ,0ZGam000000isCnGAI,2026-03-27T20:37:59.000+0000
0ZRWj0000006KVIOA2,01tWj00000C36O0IAJ,0ZGam000000isCnGAI,2026-03-27T20:37:59.000+0000
0ZRWj0000006KVJOA2,01tWj00000C36O1IAJ,0ZGam000000isCnGAI,2026-03-27T20:37:59.000+0000
0ZRWj0000006KVKOA2,01tWj00000C36O2IAJ,0ZGam000000isCnGAI,2026-03-27T20:37:59.000+0000
0ZRWj0000006KYDOA2,01tWj00000C36O3IAJ,0ZGam000000isCnGAI,2026-03-27T20:38:39.000+0000
0ZRWj0000006KYEOA2,01tWj00000C36O4IAJ,0ZGam000000isCnGAI,2026-03-27T20:38:39.000+0000
0ZRWj0000006KYFOA2,01tWj00000C36O5IAJ,0ZGam000000isCnGAI,2026-03-27T20:38:39.000+0000
0ZRWj0000006KZVOA2,01tWj00000C36O6IAJ,0ZGam000000isCnGAI,2026-03-27T20:39:10.000+0000
0ZRWj0000006KZWOA2,01tWj00000C36O7IAJ,0ZGam000000isCnGAI,2026-03-27T20:39:10.000+0000
0ZRWj0000006MirOAE,01tWj00000C36O8IAJ,0ZGam000000isCnGAI,2026-03-27T23:32:04.000+0000
0ZRWj0000006NmwOAE,01tWj00000C36O9IAJ,0ZGam000000isCnGAI,2026-03-27T23:33:23.000+0000
0ZRWj0000006Nu0OAE,01tWj00000C36OAIAZ,0ZGam000000isCnGAI,2026-03-27T23:33:31.000+0000
0ZRWj0000006MqoOAE,01tWj00000C36OBIAZ,0ZGam000000isCnGAI,2026-03-27T23:32:15.000+0000
0ZRWj0000006MafOAE,01tWj00000C36OCIAZ,0ZGam000000isCnGAI,2026-03-27T23:31:57.000+0000
0ZRWj0000006MkdOAE,01tWj00000C36ODIAZ,0ZGam000000isCnGAI,2026-03-27T23:32:08.000+0000
0ZRWj0000006NcxOAE,01tWj00000C36OEIAZ,0ZGam000000isCnGAI,2026-03-27T23:33:08.000+0000
0ZRWj0000006MrxOAE,01tWj00000C36OFIAZ,0ZGam000000isCnGAI,2026-03-27T23:32:15.000+0000
0ZRWj0000006NruOAE,01tWj00000C36OGIAZ,0ZGam000000isCnGAI,2026-03-27T23:33:27.000+0000
0ZRWj0000006MypOAE,01tWj00000C36OHIAZ,0ZGam000000isCnGAI,2026-03-27T23:32:23.000+0000
0ZRWj0000006Kg6OAE,01tWj00000C36OIIAZ,0ZGam000000itATGAY,2026-03-27T20:41:20.000+0000
0ZRWj0000006KcsOAE,01tWj00000C36OIIAZ,0ZGam000000isBBGAY,2026-03-27T20:40:58.000+0000
0ZRWj0000006Kg7OAE,01tWj00000C36OJIAZ,0ZGam000000itATGAY,2026-03-27T20:41:20.000+0000
0ZRWj0000006KctOAE,01tWj00000C36OJIAZ,0ZGam000000isBBGAY,2026-03-27T20:40:58.000+0000
0ZRWj0000006KlxOAE,01tWj00000C36OKIAZ,0ZGam000000isBBGAY,2026-03-27T20:43:37.000+0000
0ZRWj0000006KijOAE,01tWj00000C36OKIAZ,0ZGam000000itATGAY,2026-03-27T20:43:17.000+0000
0ZRWj0000006KikOAE,01tWj00000C36OLIAZ,0ZGam000000itATGAY,2026-03-27T20:43:17.000+0000
0ZRWj0000006KlyOAE,01tWj00000C36OLIAZ,0ZGam000000isBBGAY,2026-03-27T20:43:37.000+0000
0ZRWj0000006KshOAE,01tWj00000C36OMIAZ,0ZGam000000isBBGAY,2026-03-27T20:44:27.000+0000
0ZRWj0000006KpTOAU,01tWj00000C36OMIAZ,0ZGam000000itATGAY,2026-03-27T20:44:12.000+0000
0ZRWj0000006KsiOAE,01tWj00000C36ONIAZ,0ZGam000000isBBGAY,2026-03-27T20:44:27.000+0000
0ZRWj0000006KpUOAU,01tWj00000C36ONIAZ,0ZGam000000itATGAY,2026-03-27T20:44:12.000+0000
0ZRWj0000006KzFOAU,01tWj00000C36OOIAZ,0ZGam000000itATGAY,2026-03-27T21:04:37.000+0000
0ZRWj0000006Kw1OAE,01tWj00000C36OOIAZ,0ZGam000000isBBGAY,2026-03-27T21:04:22.000+0000
0ZRWj0000006KzGOAU,01tWj00000C36OPIAZ,0ZGam000000itATGAY,2026-03-27T21:04:37.000+0000
0ZRWj0000006Kw2OAE,01tWj00000C36OPIAZ,0ZGam000000isBBGAY,2026-03-27T21:04:22.000+0000
0ZRWj0000006L5NOAU,01tWj00000C36OQIAZ,0ZGam000000itATGAY,2026-03-27T21:05:44.000+0000
0ZRWj0000006L29OAE,01tWj00000C36OQIAZ,0ZGam000000isBBGAY,2026-03-27T21:05:29.000+0000
0ZRWj0000006L2AOAU,01tWj00000C36ORIAZ,0ZGam000000isBBGAY,2026-03-27T21:05:29.000+0000
0ZRWj0000006L5OOAU,01tWj00000C36ORIAZ,0ZGam000000itATGAY,2026-03-27T21:05:44.000+0000
0ZRWj0000006L8vOAE,01tWj00000C36OSIAZ,0ZGam000000itATGAY,2026-03-27T21:06:18.000+0000
0ZRWj0000006LC9OAM,01tWj00000C36OSIAZ,0ZGam000000isBBGAY,2026-03-27T21:06:35.000+0000
0ZRWj0000006LCAOA2,01tWj00000C36OTIAZ,0ZGam000000isBBGAY,2026-03-27T21:06:35.000+0000
0ZRWj0000006L8wOAE,01tWj00000C36OTIAZ,0ZGam000000itATGAY,2026-03-27T21:06:18.000+0000
0ZRWj0000006MgxOAE,01tWj00000C36OUIAZ,0ZGam000000isBBGAY,2026-03-27T23:32:01.000+0000
0ZRWj0000006MfIOAU,01tWj00000C36OVIAZ,0ZGam000000isBBGAY,2026-03-27T23:32:01.000+0000
0ZRWj0000006MtkOAE,01tWj00000C36OWIAZ,0ZGam000000isBBGAY,2026-03-27T23:32:15.000+0000
0ZRWj0000006NNvOAM,01tWj00000C36OXIAZ,0ZGam000000isBBGAY,2026-03-27T23:32:53.000+0000
0ZRWj0000006MmyOAE,01tWj00000C36OYIAZ,0ZGam000000isBBGAY,2026-03-27T23:32:08.000+0000
0ZRWj0000006NdTOAU,01tWj00000C36OZIAZ,0ZGam000000isBBGAY,2026-03-27T23:33:12.000+0000
0ZRWj0000006N7SOAU,01tWj00000C36OaIAJ,0ZGam000000isBBGAY,2026-03-27T23:32:34.000+0000
0ZRWj0000006MawOAE,01tWj00000C36ObIAJ,0ZGam000000isBBGAY,2026-03-27T23:31:57.000+0000
0ZRWj0000006NoDOAU,01tWj00000C36OcIAJ,0ZGam000000isBBGAY,2026-03-27T23:33:23.000+0000
0ZRWj0000006N38OAE,01tWj00000C36OdIAJ,0ZGam000000isBBGAY,2026-03-27T23:32:27.000+0000
0ZRWj0000006MeZOAU,01tWj00000C36OeIAJ,0ZGam000000isBBGAY,2026-03-27T23:32:01.000+0000
0ZRWj0000006MxoOAE,01tWj00000C36OfIAJ,0ZGam000000isBBGAY,2026-03-27T23:32:23.000+0000
0ZRWj0000006N7nOAE,01tWj00000C36OgIAJ,0ZGam000000isBBGAY,2026-03-27T23:32:34.000+0000
0ZRWj0000006N2IOAU,01tWj00000C36OhIAJ,0ZGam000000isBBGAY,2026-03-27T23:32:27.000+0000
0ZRWj0000006NdqOAE,01tWj00000C36OiIAJ,0ZGam000000isBBGAY,2026-03-27T23:33:12.000+0000
0ZRWj0000006Nb9OAE,01tWj00000C36OjIAJ,0ZGam000000isBBGAY,2026-03-27T23:33:08.000+0000
0ZRWj0000006MfzOAE,01tWj00000C36OkIAJ,0ZGam000000isBBGAY,2026-03-27T23:32:01.000+0000
0ZRWj0000006NPROA2,01tWj00000C36OlIAJ,0ZGam000000isBBGAY,2026-03-27T23:32:53.000+0000
0ZRWj0000006Nq5OAE,01tWj00000C36OmIAJ,0ZGam000000isBBGAY,2026-03-27T23:33:27.000+0000
0ZRWj0000006MuMOAU,01tWj00000C36OnIAJ,0ZGam000000isBBGAY,2026-03-27T23:32:20.000+0000
0ZRWj0000006NjmOAE,01tWj00000C36OoIAJ,0ZGam000000isBBGAY,2026-03-27T23:33:20.000+0000
0ZRWj0000006NgbOAE,01tWj00000C36OpIAJ,0ZGam000000isBBGAY,2026-03-27T23:33:16.000+0000
0ZRWj0000006NmsOAE,01tWj00000C36OqIAJ,0ZGam000000isBBGAY,2026-03-27T23:33:23.000+0000
0ZRWj0000006Na8OAE,01tWj00000C36OrIAJ,0ZGam000000isBBGAY,2026-03-27T23:33:08.000+0000
0ZRWj0000006NeFOAU,01tWj00000C36OsIAJ,0ZGam000000isBBGAY,2026-03-27T23:33:12.000+0000
0ZRWj0000006NdUOAU,01tWj00000C36OtIAJ,0ZGam000000isBBGAY,2026-03-27T23:33:12.000+0000
0ZRWj0000006NvXOAU,01tWj00000C36OuIAJ,0ZGam000000isBBGAY,2026-03-27T23:33:31.000+0000
0ZRWj0000006NGLOA2,01tWj00000C36OvIAJ,0ZGam000000isBBGAY,2026-03-27T23:32:42.000+0000
0ZRWj0000006MxMOAU,01tWj00000C36OwIAJ,0ZGam000000isBBGAY,2026-03-27T23:32:23.000+0000
0ZRWj0000006NcqOAE,01tWj00000C36OxIAJ,0ZGam000000isBBGAY,2026-03-27T23:33:08.000+0000
0ZRWj0000006N0lOAE,01tWj00000C36OyIAJ,0ZGam000000isBBGAY,2026-03-27T23:32:27.000+0000
0ZRWj0000006No4OAE,01tWj00000C36OzIAJ,0ZGam000000isBBGAY,2026-03-27T23:33:23.000+0000
0ZRWj0000006MwbOAE,01tWj00000C36P0IAJ,0ZGam000000isBBGAY,2026-03-27T23:32:20.000+0000
0ZRWj0000006Mz9OAE,01tWj00000C36P1IAJ,0ZGam000000isBBGAY,2026-03-27T23:32:23.000+0000
0ZRWj0000006NmaOAE,01tWj00000C36P2IAJ,0ZGam000000isBBGAY,2026-03-27T23:33:20.000+0000
0ZRWj0000006MulOAE,01tWj00000C36P3IAJ,0ZGam000000isBBGAY,2026-03-27T23:32:20.000+0000
0ZRWj0000006KdpOAE,01tWj00000C36P4IAJ,0ZGam000000itATGAY,2026-03-27T20:41:20.000+0000
0ZRWj0000006KabOAE,01tWj00000C36P4IAJ,0ZGam000000isBBGAY,2026-03-27T20:40:58.000+0000
0ZRWj0000006KdqOAE,01tWj00000C36P5IAJ,0ZGam000000itATGAY,2026-03-27T20:41:20.000+0000
0ZRWj0000006KacOAE,01tWj00000C36P5IAJ,0ZGam000000isBBGAY,2026-03-27T20:40:58.000+0000
0ZRWj0000006KkHOAU,01tWj00000C36P6IAJ,0ZGam000000isBBGAY,2026-03-27T20:43:37.000+0000
0ZRWj0000006Kh3OAE,01tWj00000C36P6IAJ,0ZGam000000itATGAY,2026-03-27T20:43:17.000+0000
0ZRWj0000006KkIOAU,01tWj00000C36P7IAJ,0ZGam000000isBBGAY,2026-03-27T20:43:37.000+0000
0ZRWj0000006Kh4OAE,01tWj00000C36P7IAJ,0ZGam000000itATGAY,2026-03-27T20:43:17.000+0000
0ZRWj0000006KnVOAU,01tWj00000C36P8IAJ,0ZGam000000itATGAY,2026-03-27T20:44:12.000+0000
0ZRWj0000006KqjOAE,01tWj00000C36P8IAJ,0ZGam000000isBBGAY,2026-03-27T20:44:27.000+0000
0ZRWj0000006KqkOAE,01tWj00000C36P9IAJ,0ZGam000000isBBGAY,2026-03-27T20:44:27.000+0000
0ZRWj0000006KnWOAU,01tWj00000C36P9IAJ,0ZGam000000itATGAY,2026-03-27T20:44:12.000+0000
0ZRWj0000006KtxOAE,01tWj00000C36PAIAZ,0ZGam000000isBBGAY,2026-03-27T21:04:22.000+0000
0ZRWj0000006KxBOAU,01tWj00000C36PAIAZ,0ZGam000000itATGAY,2026-03-27T21:04:37.000+0000
0ZRWj0000006KxCOAU,01tWj00000C36PBIAZ,0ZGam000000itATGAY,2026-03-27T21:04:37.000+0000
0ZRWj0000006KtyOAE,01tWj00000C36PBIAZ,0ZGam000000isBBGAY,2026-03-27T21:04:22.000+0000
0ZRWj0000006L3dOAE,01tWj00000C36PCIAZ,0ZGam000000itATGAY,2026-03-27T21:05:44.000+0000
0ZRWj0000006L0POAU,01tWj00000C36PCIAZ,0ZGam000000isBBGAY,2026-03-27T21:05:29.000+0000
0ZRWj0000006L0QOAU,01tWj00000C36PDIAZ,0ZGam000000isBBGAY,2026-03-27T21:05:29.000+0000
0ZRWj0000006L3eOAE,01tWj00000C36PDIAZ,0ZGam000000itATGAY,2026-03-27T21:05:44.000+0000
0ZRWj0000006L6rOAE,01tWj00000C36PEIAZ,0ZGam000000itATGAY,2026-03-27T21:06:18.000+0000
0ZRWj0000006LA5OAM,01tWj00000C36PEIAZ,0ZGam000000isBBGAY,2026-03-27T21:06:35.000+0000
0ZRWj0000006LA6OAM,01tWj00000C36PFIAZ,0ZGam000000isBBGAY,2026-03-27T21:06:35.000+0000
0ZRWj0000006L6sOAE,01tWj00000C36PFIAZ,0ZGam000000itATGAY,2026-03-27T21:06:18.000+0000
0ZRWj0000006N0wOAE,01tWj00000C36PGIAZ,0ZGam000000isBBGAY,2026-03-27T23:32:27.000+0000
0ZRWj0000006N1yOAE,01tWj00000C36PHIAZ,0ZGam000000isBBGAY,2026-03-27T23:32:27.000+0000
0ZRWj0000006NuyOAE,01tWj00000C36PIIAZ,0ZGam000000isBBGAY,2026-03-27T23:33:31.000+0000
0ZRWj0000006NTVOA2,01tWj00000C36PJIAZ,0ZGam000000isBBGAY,2026-03-27T23:33:01.000+0000
0ZRWj0000006NvjOAE,01tWj00000C36PKIAZ,0ZGam000000isBBGAY,2026-03-27T23:33:31.000+0000
0ZRWj0000006MxDOAU,01tWj00000C36PLIAZ,0ZGam000000isBBGAY,2026-03-27T23:32:23.000+0000
0ZRWj0000006NZCOA2,01tWj00000C36PMIAZ,0ZGam000000isBBGAY,2026-03-27T23:33:04.000+0000
0ZRWj0000006N8FOAU,01tWj00000C36PNIAZ,0ZGam000000isBBGAY,2026-03-27T23:32:34.000+0000
0ZRWj0000006N5wOAE,01tWj00000C36POIAZ,0ZGam000000isBBGAY,2026-03-27T23:32:31.000+0000
0ZRWj0000006MdiOAE,01tWj00000C36PPIAZ,0ZGam000000isBBGAY,2026-03-27T23:31:57.000+0000
0ZRWj0000006NcWOAU,01tWj00000C36PQIAZ,0ZGam000000isBBGAY,2026-03-27T23:33:08.000+0000
0ZRWj0000006MdqOAE,01tWj00000C36PRIAZ,0ZGam000000isBBGAY,2026-03-27T23:32:01.000+0000
0ZRWj0000006NuuOAE,01tWj00000C36PSIAZ,0ZGam000000isBBGAY,2026-03-27T23:33:31.000+0000
0ZRWj0000006MriOAE,01tWj00000C36PTIAZ,0ZGam000000isBBGAY,2026-03-27T23:32:15.000+0000
0ZRWj0000006NahOAE,01tWj00000C36PUIAZ,0ZGam000000isBBGAY,2026-03-27T23:33:08.000+0000
0ZRWj0000006Mb1OAE,01tWj00000C36PVIAZ,0ZGam000000isBBGAY,2026-03-27T23:31:57.000+0000
0ZRWj0000006NUeOAM,01tWj00000C36PWIAZ,0ZGam000000isBBGAY,2026-03-27T23:33:01.000+0000
0ZRWj0000006NU1OAM,01tWj00000C36PXIAZ,0ZGam000000isBBGAY,2026-03-27T23:33:01.000+0000
0ZRWj0000006N7vOAE,01tWj00000C36PYIAZ,0ZGam000000isBBGAY,2026-03-27T23:32:34.000+0000
0ZRWj0000006NXBOA2,01tWj00000C36PZIAZ,0ZGam000000isBBGAY,2026-03-27T23:33:04.000+0000
0ZRWj0000006NOFOA2,01tWj00000C36PaIAJ,0ZGam000000isBBGAY,2026-03-27T23:32:53.000+0000
0ZRWj0000006NRXOA2,01tWj00000C36PbIAJ,0ZGam000000isBBGAY,2026-03-27T23:32:57.000+0000
0ZRWj0000006MbxOAE,01tWj00000C36PcIAJ,0ZGam000000isBBGAY,2026-03-27T23:31:57.000+0000
0ZRWj0000006MuoOAE,01tWj00000C36PdIAJ,0ZGam000000isBBGAY,2026-03-27T23:32:20.000+0000
0ZRWj0000006NqdOAE,01tWj00000C36PeIAJ,0ZGam000000isBBGAY,2026-03-27T23:33:27.000+0000
0ZRWj0000006NJEOA2,01tWj00000C36PfIAJ,0ZGam000000isBBGAY,2026-03-27T23:32:46.000+0000
0ZRWj0000006N1TOAU,01tWj00000C36PgIAJ,0ZGam000000isBBGAY,2026-03-27T23:32:27.000+0000
0ZRWj0000006NAQOA2,01tWj00000C36PhIAJ,0ZGam000000isBBGAY,2026-03-27T23:32:38.000+0000
0ZRWj0000006NhTOAU,01tWj00000C36PiIAJ,0ZGam000000isBBGAY,2026-03-27T23:33:16.000+0000
0ZRWj0000006N9kOAE,01tWj00000C36PjIAJ,0ZGam000000isBBGAY,2026-03-27T23:32:34.000+0000
0ZRWj0000006Ms1OAE,01tWj00000C36PkIAJ,0ZGam000000isBBGAY,2026-03-27T23:32:15.000+0000
0ZRWj0000006MeOOAU,01tWj00000C36PlIAJ,0ZGam000000isBBGAY,2026-03-27T23:32:01.000+0000
0ZRWj0000006MbvOAE,01tWj00000C36PmIAJ,0ZGam000000isBBGAY,2026-03-27T23:31:57.000+0000
0ZRWj0000006Mv8OAE,01tWj00000C36PnIAJ,0ZGam000000isBBGAY,2026-03-27T23:32:20.000+0000
0ZRWj0000006NekOAE,01tWj00000C36PoIAJ,0ZGam000000isBBGAY,2026-03-27T23:33:12.000+0000
0ZRWj0000006NvnOAE,01tWj00000C36PpIAJ,0ZGam000000isBBGAY,2026-03-27T23:33:31.000+0000
0ZRWj0000006KdrOAE,01tWj00000C36PqIAJ,0ZGam000000itATGAY,2026-03-27T20:41:20.000+0000
0ZRWj0000006KadOAE,01tWj00000C36PqIAJ,0ZGam000000isBBGAY,2026-03-27T20:40:58.000+0000
0ZRWj0000006KdsOAE,01tWj00000C36PrIAJ,0ZGam000000itATGAY,2026-03-27T20:41:20.000+0000
0ZRWj0000006KaeOAE,01tWj00000C36PrIAJ,0ZGam000000isBBGAY,2026-03-27T20:40:58.000+0000
0ZRWj0000006Kh5OAE,01tWj00000C36PsIAJ,0ZGam000000itATGAY,2026-03-27T20:43:17.000+0000
0ZRWj0000006KkJOAU,01tWj00000C36PsIAJ,0ZGam000000isBBGAY,2026-03-27T20:43:37.000+0000
0ZRWj0000006Kh6OAE,01tWj00000C36PtIAJ,0ZGam000000itATGAY,2026-03-27T20:43:17.000+0000
0ZRWj0000006KkKOAU,01tWj00000C36PtIAJ,0ZGam000000isBBGAY,2026-03-27T20:43:37.000+0000
0ZRWj0000006KnXOAU,01tWj00000C36PuIAJ,0ZGam000000itATGAY,2026-03-27T20:44:12.000+0000
0ZRWj0000006KqlOAE,01tWj00000C36PuIAJ,0ZGam000000isBBGAY,2026-03-27T20:44:27.000+0000
0ZRWj0000006KnYOAU,01tWj00000C36PvIAJ,0ZGam000000itATGAY,2026-03-27T20:44:12.000+0000
0ZRWj0000006KqmOAE,01tWj00000C36PvIAJ,0ZGam000000isBBGAY,2026-03-27T20:44:27.000+0000
0ZRWj0000006KtzOAE,01tWj00000C36PwIAJ,0ZGam000000isBBGAY,2026-03-27T21:04:22.000+0000
0ZRWj0000006KxDOAU,01tWj00000C36PwIAJ,0ZGam000000itATGAY,2026-03-27T21:04:37.000+0000
0ZRWj0000006Ku0OAE,01tWj00000C36PxIAJ,0ZGam000000isBBGAY,2026-03-27T21:04:22.000+0000
0ZRWj0000006KxEOAU,01tWj00000C36PxIAJ,0ZGam000000itATGAY,2026-03-27T21:04:37.000+0000
0ZRWj0000006L3fOAE,01tWj00000C36PyIAJ,0ZGam000000itATGAY,2026-03-27T21:05:44.000+0000
0ZRWj0000006L0ROAU,01tWj00000C36PyIAJ,0ZGam000000isBBGAY,2026-03-27T21:05:29.000+0000
0ZRWj0000006L0SOAU,01tWj00000C36PzIAJ,0ZGam000000isBBGAY,2026-03-27T21:05:29.000+0000
0ZRWj0000006L3gOAE,01tWj00000C36PzIAJ,0ZGam000000itATGAY,2026-03-27T21:05:44.000+0000
0ZRWj0000006LA7OAM,01tWj00000C36Q0IAJ,0ZGam000000isBBGAY,2026-03-27T21:06:35.000+0000
0ZRWj0000006L6tOAE,01tWj00000C36Q0IAJ,0ZGam000000itATGAY,2026-03-27T21:06:18.000+0000
0ZRWj0000006LA8OAM,01tWj00000C36Q1IAJ,0ZGam000000isBBGAY,2026-03-27T21:06:35.000+0000
0ZRWj0000006L6uOAE,01tWj00000C36Q1IAJ,0ZGam000000itATGAY,2026-03-27T21:06:18.000+0000
0ZRWj0000006Mh0OAE,01tWj00000C36Q2IAJ,0ZGam000000isBBGAY,2026-03-27T23:32:04.000+0000
0ZRWj0000006NJGOA2,01tWj00000C36Q3IAJ,0ZGam000000isBBGAY,2026-03-27T23:32:46.000+0000
0ZRWj0000006MxeOAE,01tWj00000C36Q4IAJ,0ZGam000000isBBGAY,2026-03-27T23:32:23.000+0000
0ZRWj0000006NjlOAE,01tWj00000C36Q5IAJ,0ZGam000000isBBGAY,2026-03-27T23:33:20.000+0000
0ZRWj0000006Mk7OAE,01tWj00000C36Q6IAJ,0ZGam000000isBBGAY,2026-03-27T23:32:04.000+0000
0ZRWj0000006NArOAM,01tWj00000C36Q7IAJ,0ZGam000000isBBGAY,2026-03-27T23:32:38.000+0000
0ZRWj0000006MqfOAE,01tWj00000C36Q8IAJ,0ZGam000000isBBGAY,2026-03-27T23:32:15.000+0000
0ZRWj0000006N2NOAU,01tWj00000C36Q9IAJ,0ZGam000000isBBGAY,2026-03-27T23:32:27.000+0000
0ZRWj0000006NmeOAE,01tWj00000C36QAIAZ,0ZGam000000isBBGAY,2026-03-27T23:33:20.000+0000
0ZRWj0000006NlkOAE,01tWj00000C36QBIAZ,0ZGam000000isBBGAY,2026-03-27T23:33:20.000+0000
0ZRWj0000006NudOAE,01tWj00000C36QCIAZ,0ZGam000000isBBGAY,2026-03-27T23:33:31.000+0000
0ZRWj0000006MtUOAU,01tWj00000C36QDIAZ,0ZGam000000isBBGAY,2026-03-27T23:32:15.000+0000
0ZRWj0000006NreOAE,01tWj00000C36QEIAZ,0ZGam000000isBBGAY,2026-03-27T23:33:27.000+0000
0ZRWj0000006NGxOAM,01tWj00000C36QFIAZ,0ZGam000000isBBGAY,2026-03-27T23:32:46.000+0000
0ZRWj0000006Nl1OAE,01tWj00000C36QGIAZ,0ZGam000000isBBGAY,2026-03-27T23:33:20.000+0000
0ZRWj0000006MsYOAU,01tWj00000C36QHIAZ,0ZGam000000isBBGAY,2026-03-27T23:32:15.000+0000
0ZRWj0000006NaPOAU,01tWj00000C36QIIAZ,0ZGam000000isBBGAY,2026-03-27T23:33:08.000+0000
0ZRWj0000006N3eOAE,01tWj00000C36QJIAZ,0ZGam000000isBBGAY,2026-03-27T23:32:31.000+0000
0ZRWj0000006NQNOA2,01tWj00000C36QKIAZ,0ZGam000000isBBGAY,2026-03-27T23:32:57.000+0000
0ZRWj0000006NXfOAM,01tWj00000C36QLIAZ,0ZGam000000isBBGAY,2026-03-27T23:33:04.000+0000
0ZRWj0000006MrvOAE,01tWj00000C36QMIAZ,0ZGam000000isBBGAY,2026-03-27T23:32:15.000+0000
0ZRWj0000006N8oOAE,01tWj00000C36QNIAZ,0ZGam000000isBBGAY,2026-03-27T23:32:34.000+0000
0ZRWj0000006NizOAE,01tWj00000C36QOIAZ,0ZGam000000isBBGAY,2026-03-27T23:33:16.000+0000
0ZRWj0000006NwEOAU,01tWj00000C36QPIAZ,0ZGam000000isBBGAY,2026-03-27T23:33:31.000+0000
0ZRWj0000006NtFOAU,01tWj00000C36QQIAZ,0ZGam000000isBBGAY,2026-03-27T23:33:31.000+0000
0ZRWj0000006MnGOAU,01tWj00000C36QRIAZ,0ZGam000000isBBGAY,2026-03-27T23:32:08.000+0000
0ZRWj0000006NEyOAM,01tWj00000C36QSIAZ,0ZGam000000isBBGAY,2026-03-27T23:32:42.000+0000
0ZRWj0000006NtsOAE,01tWj00000C36QTIAZ,0ZGam000000isBBGAY,2026-03-27T23:33:31.000+0000
0ZRWj0000006NkLOAU,01tWj00000C36QUIAZ,0ZGam000000isBBGAY,2026-03-27T23:33:20.000+0000
0ZRWj0000006Nm1OAE,01tWj00000C36QVIAZ,0ZGam000000isBBGAY,2026-03-27T23:33:20.000+0000
0ZRWj0000006McaOAE,01tWj00000C36QWIAZ,0ZGam000000isBBGAY,2026-03-27T23:31:57.000+0000
0ZRWj0000006NwhOAE,01tWj00000C36QXIAZ,0ZGam000000isBBGAY,2026-03-27T23:33:32.000+0000
0ZRWj0000006NC7OAM,01tWj00000C36QYIAZ,0ZGam000000isBBGAY,2026-03-27T23:32:38.000+0000
0ZRWj0000006MvGOAU,01tWj00000C36QZIAZ,0ZGam000000isBBGAY,2026-03-27T23:32:20.000+0000
0ZRWj0000006NBuOAM,01tWj00000C36QaIAJ,0ZGam000000isBBGAY,2026-03-27T23:32:38.000+0000
0ZRWj0000006NM7OAM,01tWj00000C36QbIAJ,0ZGam000000isBBGAY,2026-03-27T23:32:50.000+0000
0ZRWj0000006KafOAE,01tWj00000C36QcIAJ,0ZGam000000isBBGAY,2026-03-27T20:40:58.000+0000
0ZRWj0000006KdtOAE,01tWj00000C36QcIAJ,0ZGam000000itATGAY,2026-03-27T20:41:20.000+0000
0ZRWj0000006KduOAE,01tWj00000C36QdIAJ,0ZGam000000itATGAY,2026-03-27T20:41:20.000+0000
0ZRWj0000006KagOAE,01tWj00000C36QdIAJ,0ZGam000000isBBGAY,2026-03-27T20:40:58.000+0000
0ZRWj0000006KkLOAU,01tWj00000C36QeIAJ,0ZGam000000isBBGAY,2026-03-27T20:43:37.000+0000
0ZRWj0000006Kh7OAE,01tWj00000C36QeIAJ,0ZGam000000itATGAY,2026-03-27T20:43:17.000+0000
0ZRWj0000006Kh8OAE,01tWj00000C36QfIAJ,0ZGam000000itATGAY,2026-03-27T20:43:17.000+0000
0ZRWj0000006KkMOAU,01tWj00000C36QfIAJ,0ZGam000000isBBGAY,2026-03-27T20:43:37.000+0000
0ZRWj0000006KqnOAE,01tWj00000C36QgIAJ,0ZGam000000isBBGAY,2026-03-27T20:44:27.000+0000
0ZRWj0000006KnZOAU,01tWj00000C36QgIAJ,0ZGam000000itATGAY,2026-03-27T20:44:12.000+0000
0ZRWj0000006KqoOAE,01tWj00000C36QhIAJ,0ZGam000000isBBGAY,2026-03-27T20:44:27.000+0000
0ZRWj0000006KnaOAE,01tWj00000C36QhIAJ,0ZGam000000itATGAY,2026-03-27T20:44:12.000+0000
0ZRWj0000006Ku1OAE,01tWj00000C36QiIAJ,0ZGam000000isBBGAY,2026-03-27T21:04:22.000+0000
0ZRWj0000006KxFOAU,01tWj00000C36QiIAJ,0ZGam000000itATGAY,2026-03-27T21:04:37.000+0000
0ZRWj0000006Ku2OAE,01tWj00000C36QjIAJ,0ZGam000000isBBGAY,2026-03-27T21:04:22.000+0000
0ZRWj0000006KxGOAU,01tWj00000C36QjIAJ,0ZGam000000itATGAY,2026-03-27T21:04:37.000+0000
0ZRWj0000006L3hOAE,01tWj00000C36QkIAJ,0ZGam000000itATGAY,2026-03-27T21:05:44.000+0000
0ZRWj0000006L0TOAU,01tWj00000C36QkIAJ,0ZGam000000isBBGAY,2026-03-27T21:05:29.000+0000
0ZRWj0000006L3iOAE,01tWj00000C36QlIAJ,0ZGam000000itATGAY,2026-03-27T21:05:44.000+0000
0ZRWj0000006L0UOAU,01tWj00000C36QlIAJ,0ZGam000000isBBGAY,2026-03-27T21:05:29.000+0000
0ZRWj0000006LA9OAM,01tWj00000C36QmIAJ,0ZGam000000isBBGAY,2026-03-27T21:06:35.000+0000
0ZRWj0000006L6vOAE,01tWj00000C36QmIAJ,0ZGam000000itATGAY,2026-03-27T21:06:18.000+0000
0ZRWj0000006LAAOA2,01tWj00000C36QnIAJ,0ZGam000000isBBGAY,2026-03-27T21:06:35.000+0000
0ZRWj0000006L6wOAE,01tWj00000C36QnIAJ,0ZGam000000itATGAY,2026-03-27T21:06:18.000+0000
0ZRWj0000006MuhOAE,01tWj00000C36QoIAJ,0ZGam000000isBBGAY,2026-03-27T23:32:20.000+0000
0ZRWj0000006N5NOAU,01tWj00000C36QpIAJ,0ZGam000000isBBGAY,2026-03-27T23:32:31.000+0000
0ZRWj0000006MqnOAE,01tWj00000C36QqIAJ,0ZGam000000isBBGAY,2026-03-27T23:32:15.000+0000
0ZRWj0000006McUOAU,01tWj00000C36QrIAJ,0ZGam000000isBBGAY,2026-03-27T23:31:57.000+0000
0ZRWj0000006MswOAE,01tWj00000C36QsIAJ,0ZGam000000isBBGAY,2026-03-27T23:32:15.000+0000
0ZRWj0000006N0yOAE,01tWj00000C36QtIAJ,0ZGam000000isBBGAY,2026-03-27T23:32:27.000+0000
0ZRWj0000006NvrOAE,01tWj00000C36QuIAJ,0ZGam000000isBBGAY,2026-03-27T23:33:31.000+0000
0ZRWj0000006NwYOAU,01tWj00000C36QvIAJ,0ZGam000000isBBGAY,2026-03-27T23:33:32.000+0000
0ZRWj0000006NRaOAM,01tWj00000C36QwIAJ,0ZGam000000isBBGAY,2026-03-27T23:32:57.000+0000
0ZRWj0000006N5OOAU,01tWj00000C36QxIAJ,0ZGam000000isBBGAY,2026-03-27T23:32:31.000+0000
0ZRWj0000006NaEOAU,01tWj00000C36QyIAJ,0ZGam000000isBBGAY,2026-03-27T23:33:08.000+0000
0ZRWj0000006MuLOAU,01tWj00000C36QzIAJ,0ZGam000000isBBGAY,2026-03-27T23:32:20.000+0000
0ZRWj0000006NA3OAM,01tWj00000C36R0IAJ,0ZGam000000isBBGAY,2026-03-27T23:32:38.000+0000
0ZRWj0000006N6YOAU,01tWj00000C36R1IAJ,0ZGam000000isBBGAY,2026-03-27T23:32:31.000+0000
0ZRWj0000006N7AOAU,01tWj00000C36R2IAJ,0ZGam000000isBBGAY,2026-03-27T23:32:34.000+0000
0ZRWj0000006MueOAE,01tWj00000C36R3IAJ,0ZGam000000isBBGAY,2026-03-27T23:32:20.000+0000
0ZRWj0000006MjdOAE,01tWj00000C36R4IAJ,0ZGam000000isBBGAY,2026-03-27T23:32:04.000+0000
0ZRWj0000006NVqOAM,01tWj00000C36R5IAJ,0ZGam000000isBBGAY,2026-03-27T23:33:01.000+0000
0ZRWj0000006NhaOAE,01tWj00000C36R6IAJ,0ZGam000000isBBGAY,2026-03-27T23:33:16.000+0000
0ZRWj0000006NoPOAU,01tWj00000C36R7IAJ,0ZGam000000isBBGAY,2026-03-27T23:33:23.000+0000
0ZRWj0000006NuQOAU,01tWj00000C36R8IAJ,0ZGam000000isBBGAY,2026-03-27T23:33:31.000+0000
0ZRWj0000006MmtOAE,01tWj00000C36R9IAJ,0ZGam000000isBBGAY,2026-03-27T23:32:08.000+0000
0ZRWj0000006Nr1OAE,01tWj00000C36RAIAZ,0ZGam000000isBBGAY,2026-03-27T23:33:27.000+0000
0ZRWj0000006NJsOAM,01tWj00000C36RBIAZ,0ZGam000000isBBGAY,2026-03-27T23:32:50.000+0000
0ZRWj0000006NXAOA2,01tWj00000C36RCIAZ,0ZGam000000isBBGAY,2026-03-27T23:33:04.000+0000
0ZRWj0000006Md3OAE,01tWj00000C36RDIAZ,0ZGam000000isBBGAY,2026-03-27T23:31:57.000+0000
0ZRWj0000006NrLOAU,01tWj00000C36REIAZ,0ZGam000000isBBGAY,2026-03-27T23:33:27.000+0000
0ZRWj0000006MuqOAE,01tWj00000C36RFIAZ,0ZGam000000isBBGAY,2026-03-27T23:32:20.000+0000
0ZRWj0000006MtzOAE,01tWj00000C36RGIAZ,0ZGam000000isBBGAY,2026-03-27T23:32:20.000+0000
0ZRWj0000006NS1OAM,01tWj00000C36RHIAZ,0ZGam000000isBBGAY,2026-03-27T23:32:57.000+0000
0ZRWj0000006MqDOAU,01tWj00000C36RIIAZ,0ZGam000000isBBGAY,2026-03-27T23:32:12.000+0000
0ZRWj0000006NHsOAM,01tWj00000C36RJIAZ,0ZGam000000isBBGAY,2026-03-27T23:32:46.000+0000
0ZRWj0000006NZ1OAM,01tWj00000C36RKIAZ,0ZGam000000isBBGAY,2026-03-27T23:33:04.000+0000
0ZRWj0000006N22OAE,01tWj00000C36RLIAZ,0ZGam000000isBBGAY,2026-03-27T23:32:27.000+0000
0ZRWj0000006N8tOAE,01tWj00000C36RMIAZ,0ZGam000000isBBGAY,2026-03-27T23:32:34.000+0000
0ZRWj0000006Nh2OAE,01tWj00000C36RNIAZ,0ZGam000000isBBGAY,2026-03-27T23:33:16.000+0000
0ZRWj0000006KdvOAE,01tWj00000C36ROIAZ,0ZGam000000itATGAY,2026-03-27T20:41:20.000+0000
0ZRWj0000006KahOAE,01tWj00000C36ROIAZ,0ZGam000000isBBGAY,2026-03-27T20:40:58.000+0000
0ZRWj0000006KaiOAE,01tWj00000C36RPIAZ,0ZGam000000isBBGAY,2026-03-27T20:40:58.000+0000
0ZRWj0000006KdwOAE,01tWj00000C36RPIAZ,0ZGam000000itATGAY,2026-03-27T20:41:20.000+0000
0ZRWj0000006KkNOAU,01tWj00000C36RQIAZ,0ZGam000000isBBGAY,2026-03-27T20:43:37.000+0000
0ZRWj0000006Kh9OAE,01tWj00000C36RQIAZ,0ZGam000000itATGAY,2026-03-27T20:43:17.000+0000
0ZRWj0000006KhAOAU,01tWj00000C36RRIAZ,0ZGam000000itATGAY,2026-03-27T20:43:17.000+0000
0ZRWj0000006KkOOAU,01tWj00000C36RRIAZ,0ZGam000000isBBGAY,2026-03-27T20:43:37.000+0000
0ZRWj0000006KnbOAE,01tWj00000C36RSIAZ,0ZGam000000itATGAY,2026-03-27T20:44:12.000+0000
0ZRWj0000006KqpOAE,01tWj00000C36RSIAZ,0ZGam000000isBBGAY,2026-03-27T20:44:27.000+0000
0ZRWj0000006KqqOAE,01tWj00000C36RTIAZ,0ZGam000000isBBGAY,2026-03-27T20:44:27.000+0000
0ZRWj0000006KncOAE,01tWj00000C36RTIAZ,0ZGam000000itATGAY,2026-03-27T20:44:12.000+0000
0ZRWj0000006KxHOAU,01tWj00000C36RUIAZ,0ZGam000000itATGAY,2026-03-27T21:04:37.000+0000
0ZRWj0000006Ku3OAE,01tWj00000C36RUIAZ,0ZGam000000isBBGAY,2026-03-27T21:04:22.000+0000
0ZRWj0000006Ku4OAE,01tWj00000C36RVIAZ,0ZGam000000isBBGAY,2026-03-27T21:04:22.000+0000
0ZRWj0000006KxIOAU,01tWj00000C36RVIAZ,0ZGam000000itATGAY,2026-03-27T21:04:37.000+0000
0ZRWj0000006L0VOAU,01tWj00000C36RWIAZ,0ZGam000000isBBGAY,2026-03-27T21:05:29.000+0000
0ZRWj0000006L3jOAE,01tWj00000C36RWIAZ,0ZGam000000itATGAY,2026-03-27T21:05:44.000+0000
0ZRWj0000006L3kOAE,01tWj00000C36RXIAZ,0ZGam000000itATGAY,2026-03-27T21:05:44.000+0000
0ZRWj0000006L0WOAU,01tWj00000C36RXIAZ,0ZGam000000isBBGAY,2026-03-27T21:05:29.000+0000
0ZRWj0000006LABOA2,01tWj00000C36RYIAZ,0ZGam000000isBBGAY,2026-03-27T21:06:35.000+0000
0ZRWj0000006L6xOAE,01tWj00000C36RYIAZ,0ZGam000000itATGAY,2026-03-27T21:06:18.000+0000
0ZRWj0000006L6yOAE,01tWj00000C36RZIAZ,0ZGam000000itATGAY,2026-03-27T21:06:18.000+0000
0ZRWj0000006LACOA2,01tWj00000C36RZIAZ,0ZGam000000isBBGAY,2026-03-27T21:06:35.000+0000
0ZRWj0000006NMPOA2,01tWj00000C36RaIAJ,0ZGam000000isBBGAY,2026-03-27T23:32:50.000+0000
0ZRWj0000006NcnOAE,01tWj00000C36RbIAJ,0ZGam000000isBBGAY,2026-03-27T23:33:08.000+0000
0ZRWj0000006NgxOAE,01tWj00000C36RcIAJ,0ZGam000000isBBGAY,2026-03-27T23:33:16.000+0000
0ZRWj0000006NSlOAM,01tWj00000C36RdIAJ,0ZGam000000isBBGAY,2026-03-27T23:32:57.000+0000
0ZRWj0000006NIUOA2,01tWj00000C36ReIAJ,0ZGam000000isBBGAY,2026-03-27T23:32:46.000+0000
0ZRWj0000006NccOAE,01tWj00000C36RfIAJ,0ZGam000000isBBGAY,2026-03-27T23:33:08.000+0000
0ZRWj0000006NewOAE,01tWj00000C36RgIAJ,0ZGam000000isBBGAY,2026-03-27T23:33:12.000+0000
0ZRWj0000006NLdOAM,01tWj00000C36RhIAJ,0ZGam000000isBBGAY,2026-03-27T23:32:50.000+0000
0ZRWj0000006NmNOAU,01tWj00000C36RiIAJ,0ZGam000000isBBGAY,2026-03-27T23:33:20.000+0000
0ZRWj0000006MiJOAU,01tWj00000C36RjIAJ,0ZGam000000isBBGAY,2026-03-27T23:32:04.000+0000
0ZRWj0000006Me9OAE,01tWj00000C36RkIAJ,0ZGam000000isBBGAY,2026-03-27T23:32:01.000+0000
0ZRWj0000006NaIOAU,01tWj00000C36RlIAJ,0ZGam000000isBBGAY,2026-03-27T23:33:08.000+0000
0ZRWj0000006NlHOAU,01tWj00000C36RmIAJ,0ZGam000000isBBGAY,2026-03-27T23:33:20.000+0000
0ZRWj0000006MwyOAE,01tWj00000C36RnIAJ,0ZGam000000isBBGAY,2026-03-27T23:32:20.000+0000
0ZRWj0000006NGEOA2,01tWj00000C36RoIAJ,0ZGam000000isBBGAY,2026-03-27T23:32:42.000+0000
0ZRWj0000006Nh0OAE,01tWj00000C36RpIAJ,0ZGam000000isBBGAY,2026-03-27T23:33:16.000+0000
0ZRWj0000006NKlOAM,01tWj00000C36RqIAJ,0ZGam000000isBBGAY,2026-03-27T23:32:50.000+0000
0ZRWj0000006NmfOAE,01tWj00000C36RrIAJ,0ZGam000000isBBGAY,2026-03-27T23:33:20.000+0000
0ZRWj0000006N1hOAE,01tWj00000C36RsIAJ,0ZGam000000isBBGAY,2026-03-27T23:32:27.000+0000
0ZRWj0000006NWkOAM,01tWj00000C36RtIAJ,0ZGam000000isBBGAY,2026-03-27T23:33:04.000+0000
0ZRWj0000006NqQOAU,01tWj00000C36RuIAJ,0ZGam000000isBBGAY,2026-03-27T23:33:27.000+0000
0ZRWj0000006NOqOAM,01tWj00000C36RvIAJ,0ZGam000000isBBGAY,2026-03-27T23:32:53.000+0000
0ZRWj0000006MvAOAU,01tWj00000C36RwIAJ,0ZGam000000isBBGAY,2026-03-27T23:32:20.000+0000
0ZRWj0000006MpxOAE,01tWj00000C36RxIAJ,0ZGam000000isBBGAY,2026-03-27T23:32:12.000+0000
0ZRWj0000006Mf5OAE,01tWj00000C36RyIAJ,0ZGam000000isBBGAY,2026-03-27T23:32:01.000+0000
0ZRWj0000006N9AOAU,01tWj00000C36RzIAJ,0ZGam000000isBBGAY,2026-03-27T23:32:34.000+0000
0ZRWj0000006Mu3OAE,01tWj00000C36S0IAJ,0ZGam000000isBBGAY,2026-03-27T23:32:20.000+0000
0ZRWj0000006Nk4OAE,01tWj00000C36S1IAJ,0ZGam000000isBBGAY,2026-03-27T23:33:20.000+0000
0ZRWj0000006NQYOA2,01tWj00000C36S2IAJ,0ZGam000000isBBGAY,2026-03-27T23:32:57.000+0000
0ZRWj0000006NfZOAU,01tWj00000C36S3IAJ,0ZGam000000isBBGAY,2026-03-27T23:33:12.000+0000
0ZRWj0000006MwnOAE,01tWj00000C36S4IAJ,0ZGam000000isBBGAY,2026-03-27T23:32:20.000+0000
0ZRWj0000006N3YOAU,01tWj00000C36S5IAJ,0ZGam000000isBBGAY,2026-03-27T23:32:27.000+0000
0ZRWj0000006NnXOAU,01tWj00000C36S6IAJ,0ZGam000000isBBGAY,2026-03-27T23:33:23.000+0000
0ZRWj0000006MbyOAE,01tWj00000C36S7IAJ,0ZGam000000isBBGAY,2026-03-27T23:31:57.000+0000
0ZRWj0000006NAdOAM,01tWj00000C36S8IAJ,0ZGam000000isBBGAY,2026-03-27T23:32:38.000+0000
0ZRWj0000006NlvOAE,01tWj00000C36S9IAJ,0ZGam000000isBBGAY,2026-03-27T23:33:20.000+0000
0ZRWj0000006L1mOAE,01tWj00000C36SAIAZ,0ZGam000000isBBGAY,2026-03-27T21:05:29.000+0000
0ZRWj0000006L50OAE,01tWj00000C36SAIAZ,0ZGam000000itATGAY,2026-03-27T21:05:44.000+0000
0ZRWj0000006L1nOAE,01tWj00000C36SBIAZ,0ZGam000000isBBGAY,2026-03-27T21:05:29.000+0000
0ZRWj0000006L51OAE,01tWj00000C36SBIAZ,0ZGam000000itATGAY,2026-03-27T21:05:44.000+0000
0ZRWj0000006L52OAE,01tWj00000C36SCIAZ,0ZGam000000itATGAY,2026-03-27T21:05:44.000+0000
0ZRWj0000006L1oOAE,01tWj00000C36SCIAZ,0ZGam000000isBBGAY,2026-03-27T21:05:29.000+0000
0ZRWj0000006L1pOAE,01tWj00000C36SDIAZ,0ZGam000000isBBGAY,2026-03-27T21:05:29.000+0000
0ZRWj0000006L53OAE,01tWj00000C36SDIAZ,0ZGam000000itATGAY,2026-03-27T21:05:44.000+0000
0ZRWj0000006L4wOAE,01tWj00000C36SEIAZ,0ZGam000000itATGAY,2026-03-27T21:05:44.000+0000
0ZRWj0000006L1iOAE,01tWj00000C36SEIAZ,0ZGam000000isBBGAY,2026-03-27T21:05:29.000+0000
0ZRWj0000006L1jOAE,01tWj00000C36SFIAZ,0ZGam000000isBBGAY,2026-03-27T21:05:29.000+0000
0ZRWj0000006L4xOAE,01tWj00000C36SFIAZ,0ZGam000000itATGAY,2026-03-27T21:05:44.000+0000
0ZRWj0000006L1kOAE,01tWj00000C36SGIAZ,0ZGam000000isBBGAY,2026-03-27T21:05:29.000+0000
0ZRWj0000006L4yOAE,01tWj00000C36SGIAZ,0ZGam000000itATGAY,2026-03-27T21:05:44.000+0000
0ZRWj0000006L4zOAE,01tWj00000C36SHIAZ,0ZGam000000itATGAY,2026-03-27T21:05:44.000+0000
0ZRWj0000006L1lOAE,01tWj00000C36SHIAZ,0ZGam000000isBBGAY,2026-03-27T21:05:29.000+0000
0ZRWj0000006L5YOAU,01tWj00000C36SIIAZ,0ZGam000000itATGAY,2026-03-27T21:05:44.000+0000
0ZRWj0000006L2KOAU,01tWj00000C36SIIAZ,0ZGam000000isBBGAY,2026-03-27T21:05:29.000+0000
0ZRWj0000006KG5OAM,01tWj00000C36SJIAZ,0ZGam000000isCnGAI,2026-03-27T20:32:31.000+0000
0ZRWj0000006L2JOAU,01tWj00000C36SKIAZ,0ZGam000000isBBGAY,2026-03-27T21:05:29.000+0000
0ZRWj0000006L5XOAU,01tWj00000C36SKIAZ,0ZGam000000itATGAY,2026-03-27T21:05:44.000+0000
0ZRWj0000006L1qOAE,01tWj00000C36SLIAZ,0ZGam000000isBBGAY,2026-03-27T21:05:29.000+0000
0ZRWj0000006L54OAE,01tWj00000C36SLIAZ,0ZGam000000itATGAY,2026-03-27T21:05:44.000+0000
0ZRWj0000006L1rOAE,01tWj00000C36SMIAZ,0ZGam000000isBBGAY,2026-03-27T21:05:29.000+0000
0ZRWj0000006L55OAE,01tWj00000C36SMIAZ,0ZGam000000itATGAY,2026-03-27T21:05:44.000+0000
0ZRWj0000006L56OAE,01tWj00000C36SNIAZ,0ZGam000000itATGAY,2026-03-27T21:05:44.000+0000
0ZRWj0000006L1sOAE,01tWj00000C36SNIAZ,0ZGam000000isBBGAY,2026-03-27T21:05:29.000+0000
0ZRWj0000006NZ6OAM,01tWj00000C36SOIAZ,0ZGam000000isG1GAI,2026-03-27T23:33:04.000+0000
0ZRWj0000006NCiOAM,01tWj00000C36SPIAZ,0ZGam000000isG1GAI,2026-03-27T23:32:38.000+0000
0ZRWj0000006NY8OAM,01tWj00000C36SQIAZ,0ZGam000000isG1GAI,2026-03-27T23:33:04.000+0000
0ZRWj0000006NUZOA2,01tWj00000C36SRIAZ,0ZGam000000isHdGAI,2026-03-27T23:33:01.000+0000
0ZRWj0000006MwWOAU,01tWj00000C36SSIAZ,0ZGam000000isHdGAI,2026-03-27T23:32:20.000+0000
0ZRWj0000006NroOAE,01tWj00000C36STIAZ,0ZGam000000isHdGAI,2026-03-27T23:33:27.000+0000
0ZRWj0000006Mm2OAE,01tWj00000C36SUIAZ,0ZGam000000isHdGAI,2026-03-27T23:32:08.000+0000
0ZRWj0000006MfNOAU,01tWj00000C36SVIAZ,0ZGam000000isHdGAI,2026-03-27T23:32:01.000+0000
0ZRWj0000006NRfOAM,01tWj00000C36SWIAZ,0ZGam000000isHdGAI,2026-03-27T23:32:57.000+0000
0ZRWj0000006NcvOAE,01tWj00000C36SXIAZ,0ZGam000000isHdGAI,2026-03-27T23:33:08.000+0000
0ZRWj0000006MhdOAE,01tWj00000C36SYIAZ,0ZGam000000isHdGAI,2026-03-27T23:32:04.000+0000
0ZRWj0000006Mo7OAE,01tWj00000C36SZIAZ,0ZGam000000isHdGAI,2026-03-27T23:32:12.000+0000
0ZRWj0000006Mr2OAE,01tWj00000C36SaIAJ,0ZGam000000isHdGAI,2026-03-27T23:32:15.000+0000
0ZRWj0000006N1nOAE,01tWj00000C36SbIAJ,0ZGam000000isHdGAI,2026-03-27T23:32:27.000+0000
0ZRWj0000006MygOAE,01tWj00000C36ScIAJ,0ZGam000000isHdGAI,2026-03-27T23:32:23.000+0000
0ZRWj0000006MgHOAU,01tWj00000C36SdIAJ,0ZGam000000isHdGAI,2026-03-27T23:32:01.000+0000
0ZRWj0000006Nk3OAE,01tWj00000C36SeIAJ,0ZGam000000isHdGAI,2026-03-27T23:33:20.000+0000
0ZRWj0000006MskOAE,01tWj00000C36SfIAJ,0ZGam000000isHdGAI,2026-03-27T23:32:15.000+0000
0ZRWj0000006N0LOAU,01tWj00000C36SgIAJ,0ZGam000000isHdGAI,2026-03-27T23:32:27.000+0000
0ZRWj0000006NdbOAE,01tWj00000C36ShIAJ,0ZGam000000isHdGAI,2026-03-27T23:33:12.000+0000
0ZRWj0000006NYYOA2,01tWj00000C36SiIAJ,0ZGam000000isHdGAI,2026-03-27T23:33:04.000+0000
0ZRWj0000006McNOAU,01tWj00000C36SjIAJ,0ZGam000000isHdGAI,2026-03-27T23:31:57.000+0000
0ZRWj0000006Nw4OAE,01tWj00000C36SkIAJ,0ZGam000000isHdGAI,2026-03-27T23:33:31.000+0000
0ZRWj0000006MvXOAU,01tWj00000C36SlIAJ,0ZGam000000isHdGAI,2026-03-27T23:32:20.000+0000
0ZRWj0000006Mi7OAE,01tWj00000C36SmIAJ,0ZGam000000isHdGAI,2026-03-27T23:32:04.000+0000
0ZRWj0000006NH9OAM,01tWj00000C36SnIAJ,0ZGam000000isHdGAI,2026-03-27T23:32:46.000+0000
0ZRWj0000006N2rOAE,01tWj00000C36SoIAJ,0ZGam000000isHdGAI,2026-03-27T23:32:27.000+0000
0ZRWj0000006N9lOAE,01tWj00000C36SpIAJ,0ZGam000000isHdGAI,2026-03-27T23:32:34.000+0000
0ZRWj0000006NgnOAE,01tWj00000C36SqIAJ,0ZGam000000isHdGAI,2026-03-27T23:33:16.000+0000
0ZRWj0000006NJMOA2,01tWj00000C36SrIAJ,0ZGam000000isHdGAI,2026-03-27T23:32:46.000+0000
0ZRWj0000006MhtOAE,01tWj00000C36SsIAJ,0ZGam000000isHdGAI,2026-03-27T23:32:04.000+0000
0ZRWj0000006N7GOAU,01tWj00000C36StIAJ,0ZGam000000isHdGAI,2026-03-27T23:32:34.000+0000
0ZRWj0000006NqPOAU,01tWj00000C36SuIAJ,0ZGam000000isHdGAI,2026-03-27T23:33:27.000+0000
0ZRWj0000006NP9OAM,01tWj00000C36SvIAJ,0ZGam000000isHdGAI,2026-03-27T23:32:53.000+0000
0ZRWj0000006N9xOAE,01tWj00000C36SwIAJ,0ZGam000000isHdGAI,2026-03-27T23:32:34.000+0000
0ZRWj0000006MhYOAU,01tWj00000C36SxIAJ,0ZGam000000isHdGAI,2026-03-27T23:32:04.000+0000
0ZRWj0000006NQ6OAM,01tWj00000C36SyIAJ,0ZGam000000isHdGAI,2026-03-27T23:32:53.000+0000
0ZRWj0000006NYhOAM,01tWj00000C36SzIAJ,0ZGam000000isHdGAI,2026-03-27T23:33:04.000+0000
0ZRWj0000006NZROA2,01tWj00000C36T0IAJ,0ZGam000000isHdGAI,2026-03-27T23:33:04.000+0000
0ZRWj0000006NFfOAM,01tWj00000C36T1IAJ,0ZGam000000isHdGAI,2026-03-27T23:32:42.000+0000
0ZRWj0000006Mo5OAE,01tWj00000C36T2IAJ,0ZGam000000isHdGAI,2026-03-27T23:32:12.000+0000
0ZRWj0000006NdjOAE,01tWj00000C36T3IAJ,0ZGam000000isHdGAI,2026-03-27T23:33:12.000+0000
0ZRWj0000006Mw2OAE,01tWj00000C36T4IAJ,0ZGam000000isHdGAI,2026-03-27T23:32:20.000+0000
0ZRWj0000006MtHOAU,01tWj00000C36T5IAJ,0ZGam000000isHdGAI,2026-03-27T23:32:15.000+0000
0ZRWj0000006NgBOAU,01tWj00000C36T6IAJ,0ZGam000000isHdGAI,2026-03-27T23:33:12.000+0000
0ZRWj0000006NRDOA2,01tWj00000C36T7IAJ,0ZGam000000isHdGAI,2026-03-27T23:32:57.000+0000
0ZRWj0000006MgOOAU,01tWj00000C36T8IAJ,0ZGam000000isHdGAI,2026-03-27T23:32:01.000+0000
0ZRWj0000006MkOOAU,01tWj00000C36T9IAJ,0ZGam000000isHdGAI,2026-03-27T23:32:08.000+0000
0ZRWj0000006N1XOAU,01tWj00000C36TAIAZ,0ZGam000000isHdGAI,2026-03-27T23:32:27.000+0000
0ZRWj0000006NaDOAU,01tWj00000C36TBIAZ,0ZGam000000isHdGAI,2026-03-27T23:33:08.000+0000
0ZRWj0000006NhbOAE,01tWj00000C36TCIAZ,0ZGam000000isHdGAI,2026-03-27T23:33:16.000+0000
0ZRWj0000006NjbOAE,01tWj00000C36TDIAZ,0ZGam000000isHdGAI,2026-03-27T23:33:20.000+0000
0ZRWj0000006MmBOAU,01tWj00000C36TEIAZ,0ZGam000000isHdGAI,2026-03-27T23:32:08.000+0000
0ZRWj0000006NUqOAM,01tWj00000C36TFIAZ,0ZGam000000isHdGAI,2026-03-27T23:33:01.000+0000
0ZRWj0000006NQrOAM,01tWj00000C36TGIAZ,0ZGam000000isHdGAI,2026-03-27T23:32:57.000+0000
0ZRWj0000006NFLOA2,01tWj00000C36THIAZ,0ZGam000000isHdGAI,2026-03-27T23:32:42.000+0000
0ZRWj0000006NJVOA2,01tWj00000C36TIIAZ,0ZGam000000isHdGAI,2026-03-27T23:32:46.000+0000
0ZRWj0000006NrOOAU,01tWj00000C36TJIAZ,0ZGam000000isHdGAI,2026-03-27T23:33:27.000+0000
0ZRWj0000006NdGOAU,01tWj00000C36TKIAZ,0ZGam000000isHdGAI,2026-03-27T23:33:12.000+0000
0ZRWj0000006NLVOA2,01tWj00000C36TLIAZ,0ZGam000000isHdGAI,2026-03-27T23:32:50.000+0000
0ZRWj0000006N6yOAE,01tWj00000C36TMIAZ,0ZGam000000isHdGAI,2026-03-27T23:32:34.000+0000
0ZRWj0000006Mf9OAE,01tWj00000C36TNIAZ,0ZGam000000isHdGAI,2026-03-27T23:32:01.000+0000
0ZRWj0000006NsBOAU,01tWj00000C36TOIAZ,0ZGam000000isHdGAI,2026-03-27T23:33:27.000+0000
0ZRWj0000006MydOAE,01tWj00000C36TPIAZ,0ZGam000000isHdGAI,2026-03-27T23:32:23.000+0000
0ZRWj0000006NPiOAM,01tWj00000C36TQIAZ,0ZGam000000isHdGAI,2026-03-27T23:32:53.000+0000
0ZRWj0000006NEhOAM,01tWj00000C36TRIAZ,0ZGam000000isHdGAI,2026-03-27T23:32:42.000+0000
0ZRWj0000006NqwOAE,01tWj00000C36TSIAZ,0ZGam000000isHdGAI,2026-03-27T23:33:27.000+0000
0ZRWj0000006NtkOAE,01tWj00000C36TTIAZ,0ZGam000000isHdGAI,2026-03-27T23:33:31.000+0000
0ZRWj0000006MmhOAE,01tWj00000C36TUIAZ,0ZGam000000isHdGAI,2026-03-27T23:32:08.000+0000
0ZRWj0000006MsgOAE,01tWj00000C36TVIAZ,0ZGam000000isHdGAI,2026-03-27T23:32:15.000+0000
0ZRWj0000006NfFOAU,01tWj00000C36TWIAZ,0ZGam000000isHdGAI,2026-03-27T23:33:12.000+0000
0ZRWj0000006N1tOAE,01tWj00000C36TXIAZ,0ZGam000000isHdGAI,2026-03-27T23:32:27.000+0000
0ZRWj0000006MkpOAE,01tWj00000C36TYIAZ,0ZGam000000isHdGAI,2026-03-27T23:32:08.000+0000
0ZRWj0000006NvWOAU,01tWj00000C36TZIAZ,0ZGam000000isHdGAI,2026-03-27T23:33:31.000+0000
0ZRWj0000006NaaOAE,01tWj00000C36TaIAJ,0ZGam000000isHdGAI,2026-03-27T23:33:08.000+0000
0ZRWj0000006Nr6OAE,01tWj00000C36TbIAJ,0ZGam000000isHdGAI,2026-03-27T23:33:27.000+0000
0ZRWj0000006NQBOA2,01tWj00000C36TcIAJ,0ZGam000000isHdGAI,2026-03-27T23:32:57.000+0000
0ZRWj0000006MrtOAE,01tWj00000C36TdIAJ,0ZGam000000isHdGAI,2026-03-27T23:32:15.000+0000
0ZRWj0000006NtAOAU,01tWj00000C36TeIAJ,0ZGam000000isHdGAI,2026-03-27T23:33:27.000+0000
0ZRWj0000006NB5OAM,01tWj00000C36TfIAJ,0ZGam000000isHdGAI,2026-03-27T23:32:38.000+0000
0ZRWj0000006NW1OAM,01tWj00000C36TgIAJ,0ZGam000000isHdGAI,2026-03-27T23:33:01.000+0000
0ZRWj0000006NGwOAM,01tWj00000C36ThIAJ,0ZGam000000isHdGAI,2026-03-27T23:32:46.000+0000
0ZRWj0000006NsDOAU,01tWj00000C36TiIAJ,0ZGam000000isHdGAI,2026-03-27T23:33:27.000+0000
0ZRWj0000006N1fOAE,01tWj00000C36TjIAJ,0ZGam000000isHdGAI,2026-03-27T23:32:27.000+0000
0ZRWj0000006NjjOAE,01tWj00000C36TkIAJ,0ZGam000000isHdGAI,2026-03-27T23:33:20.000+0000
0ZRWj0000006NgQOAU,01tWj00000C36TlIAJ,0ZGam000000isHdGAI,2026-03-27T23:33:16.000+0000
0ZRWj0000006MgLOAU,01tWj00000C36TmIAJ,0ZGam000000isHdGAI,2026-03-27T23:32:01.000+0000
0ZRWj0000006MxtOAE,01tWj00000C36TnIAJ,0ZGam000000isHdGAI,2026-03-27T23:32:23.000+0000
0ZRWj0000006NLUOA2,01tWj00000C36ToIAJ,0ZGam000000isHdGAI,2026-03-27T23:32:50.000+0000
0ZRWj0000006NpQOAU,01tWj00000C36TpIAJ,0ZGam000000isHdGAI,2026-03-27T23:33:23.000+0000
0ZRWj0000006NLCOA2,01tWj00000C36TqIAJ,0ZGam000000isHdGAI,2026-03-27T23:32:50.000+0000
0ZRWj0000006MsyOAE,01tWj00000C36TrIAJ,0ZGam000000isHdGAI,2026-03-27T23:32:15.000+0000
0ZRWj0000006NEKOA2,01tWj00000C36TsIAJ,0ZGam000000isHdGAI,2026-03-27T23:32:42.000+0000
0ZRWj0000006Na1OAE,01tWj00000C36TtIAJ,0ZGam000000isHdGAI,2026-03-27T23:33:08.000+0000
0ZRWj0000006NwcOAE,01tWj00000C36TuIAJ,0ZGam000000isHdGAI,2026-03-27T23:33:32.000+0000
0ZRWj0000006MhfOAE,01tWj00000C36TvIAJ,0ZGam000000isHdGAI,2026-03-27T23:32:04.000+0000
0ZRWj0000006Mx6OAE,01tWj00000C36TwIAJ,0ZGam000000isHdGAI,2026-03-27T23:32:20.000+0000
0ZRWj0000006NkjOAE,01tWj00000C36TxIAJ,0ZGam000000isHdGAI,2026-03-27T23:33:20.000+0000
0ZRWj0000006N19OAE,01tWj00000C36TyIAJ,0ZGam000000isHdGAI,2026-03-27T23:32:27.000+0000
0ZRWj0000006MmuOAE,01tWj00000C36TzIAJ,0ZGam000000isHdGAI,2026-03-27T23:32:08.000+0000
0ZRWj0000006NNJOA2,01tWj00000C36U0IAJ,0ZGam000000isHdGAI,2026-03-27T23:32:53.000+0000
0ZRWj0000006NdAOAU,01tWj00000C36U1IAJ,0ZGam000000isHdGAI,2026-03-27T23:33:12.000+0000
0ZRWj0000006NGbOAM,01tWj00000C36U2IAJ,0ZGam000000isHdGAI,2026-03-27T23:32:46.000+0000
0ZRWj0000006NY5OAM,01tWj00000C36U3IAJ,0ZGam000000isHdGAI,2026-03-27T23:33:04.000+0000
0ZRWj0000006NPTOA2,01tWj00000C36U4IAJ,0ZGam000000isHdGAI,2026-03-27T23:32:53.000+0000
0ZRWj0000006NAbOAM,01tWj00000C36U5IAJ,0ZGam000000isHdGAI,2026-03-27T23:32:38.000+0000
0ZRWj0000006Nd3OAE,01tWj00000C36U6IAJ,0ZGam000000isHdGAI,2026-03-27T23:33:12.000+0000
0ZRWj0000006NNGOA2,01tWj00000C36U7IAJ,0ZGam000000isHdGAI,2026-03-27T23:32:53.000+0000
0ZRWj0000006Ng5OAE,01tWj00000C36U8IAJ,0ZGam000000isHdGAI,2026-03-27T23:33:12.000+0000
0ZRWj0000006MsxOAE,01tWj00000C36U9IAJ,0ZGam000000isHdGAI,2026-03-27T23:32:15.000+0000
0ZRWj0000006MoYOAU,01tWj00000C36UAIAZ,0ZGam000000isHdGAI,2026-03-27T23:32:12.000+0000
0ZRWj0000006N2iOAE,01tWj00000C36UBIAZ,0ZGam000000isHdGAI,2026-03-27T23:32:27.000+0000
0ZRWj0000006N9OOAU,01tWj00000C36UCIAZ,0ZGam000000isHdGAI,2026-03-27T23:32:34.000+0000
0ZRWj0000006NMDOA2,01tWj00000C36UDIAZ,0ZGam000000isHdGAI,2026-03-27T23:32:50.000+0000
0ZRWj0000006MeNOAU,01tWj00000C36UEIAZ,0ZGam000000isHdGAI,2026-03-27T23:32:01.000+0000
0ZRWj0000006NblOAE,01tWj00000C36UFIAZ,0ZGam000000isHdGAI,2026-03-27T23:33:08.000+0000
0ZRWj0000006MlROAU,01tWj00000C36UGIAZ,0ZGam000000isHdGAI,2026-03-27T23:32:08.000+0000
0ZRWj0000006NVgOAM,01tWj00000C36UHIAZ,0ZGam000000isHdGAI,2026-03-27T23:33:01.000+0000
0ZRWj0000006NBSOA2,01tWj00000C36UIIAZ,0ZGam000000isHdGAI,2026-03-27T23:32:38.000+0000
0ZRWj0000006McZOAU,01tWj00000C36UJIAZ,0ZGam000000isHdGAI,2026-03-27T23:31:57.000+0000
0ZRWj0000006NDGOA2,01tWj00000C36UKIAZ,0ZGam000000isHdGAI,2026-03-27T23:32:42.000+0000
0ZRWj0000006N1QOAU,01tWj00000C36ULIAZ,0ZGam000000isHdGAI,2026-03-27T23:32:27.000+0000
0ZRWj0000006NUtOAM,01tWj00000C36UMIAZ,0ZGam000000isHdGAI,2026-03-27T23:33:01.000+0000
0ZRWj0000006NLoOAM,01tWj00000C36UNIAZ,0ZGam000000isHdGAI,2026-03-27T23:32:50.000+0000
0ZRWj0000006NKmOAM,01tWj00000C36UOIAZ,0ZGam000000isHdGAI,2026-03-27T23:32:50.000+0000
0ZRWj0000006MsfOAE,01tWj00000C36UPIAZ,0ZGam000000isHdGAI,2026-03-27T23:32:15.000+0000
0ZRWj0000006N5oOAE,01tWj00000C36UQIAZ,0ZGam000000isHdGAI,2026-03-27T23:32:31.000+0000
0ZRWj0000006NEcOAM,01tWj00000C36URIAZ,0ZGam000000isHdGAI,2026-03-27T23:32:42.000+0000
0ZRWj0000006Mh3OAE,01tWj00000C36USIAZ,0ZGam000000isHdGAI,2026-03-27T23:32:04.000+0000
0ZRWj0000006NJQOA2,01tWj00000C36UTIAZ,0ZGam000000isHdGAI,2026-03-27T23:32:46.000+0000
0ZRWj0000006NtjOAE,01tWj00000C36UUIAZ,0ZGam000000isHdGAI,2026-03-27T23:33:31.000+0000
0ZRWj0000006MxPOAU,01tWj00000C36UVIAZ,0ZGam000000isHdGAI,2026-03-27T23:32:23.000+0000
0ZRWj0000006NigOAE,01tWj00000C36UWIAZ,0ZGam000000isHdGAI,2026-03-27T23:33:16.000+0000
0ZRWj0000006MtrOAE,01tWj00000C36UXIAZ,0ZGam000000isHdGAI,2026-03-27T23:32:15.000+0000
0ZRWj0000006NtHOAU,01tWj00000C36UYIAZ,0ZGam000000isHdGAI,2026-03-27T23:33:31.000+0000
0ZRWj0000006N00OAE,01tWj00000C36UZIAZ,0ZGam000000isHdGAI,2026-03-27T23:32:23.000+0000
0ZRWj0000006Nt7OAE,01tWj00000C36UaIAJ,0ZGam000000isHdGAI,2026-03-27T23:33:27.000+0000
0ZRWj0000006NRHOA2,01tWj00000C36UbIAJ,0ZGam000000isHdGAI,2026-03-27T23:32:57.000+0000
0ZRWj0000006NWUOA2,01tWj00000C36UcIAJ,0ZGam000000isHdGAI,2026-03-27T23:33:01.000+0000
0ZRWj0000006NTbOAM,01tWj00000C36UdIAJ,0ZGam000000isHdGAI,2026-03-27T23:33:01.000+0000
0ZRWj0000006NCUOA2,01tWj00000C36UeIAJ,0ZGam000000isHdGAI,2026-03-27T23:32:38.000+0000
0ZRWj0000006N3OOAU,01tWj00000C36UfIAJ,0ZGam000000isHdGAI,2026-03-27T23:32:27.000+0000
0ZRWj0000006Mw0OAE,01tWj00000C36UgIAJ,0ZGam000000isHdGAI,2026-03-27T23:32:20.000+0000
0ZRWj0000006NsNOAU,01tWj00000C36UhIAJ,0ZGam000000isHdGAI,2026-03-27T23:33:27.000+0000
0ZRWj0000006Mv3OAE,01tWj00000C36UiIAJ,0ZGam000000isHdGAI,2026-03-27T23:32:20.000+0000
0ZRWj0000006N6nOAE,01tWj00000C36UjIAJ,0ZGam000000isHdGAI,2026-03-27T23:32:34.000+0000
0ZRWj0000006N7uOAE,01tWj00000C36UkIAJ,0ZGam000000isHdGAI,2026-03-27T23:32:34.000+0000
0ZRWj0000006MymOAE,01tWj00000C36UlIAJ,0ZGam000000isHdGAI,2026-03-27T23:32:23.000+0000
0ZRWj0000006NEfOAM,01tWj00000C36UmIAJ,0ZGam000000isHdGAI,2026-03-27T23:32:42.000+0000
0ZRWj0000006MrSOAU,01tWj00000C36UnIAJ,0ZGam000000isHdGAI,2026-03-27T23:32:15.000+0000
0ZRWj0000006NoKOAU,01tWj00000C36UoIAJ,0ZGam000000isHdGAI,2026-03-27T23:33:23.000+0000
0ZRWj0000006MhiOAE,01tWj00000C36UpIAJ,0ZGam000000isHdGAI,2026-03-27T23:32:04.000+0000
0ZRWj0000006NmqOAE,01tWj00000C36UqIAJ,0ZGam000000isHdGAI,2026-03-27T23:33:23.000+0000
0ZRWj0000006NQ0OAM,01tWj00000C36UrIAJ,0ZGam000000isHdGAI,2026-03-27T23:32:53.000+0000
0ZRWj0000006MyrOAE,01tWj00000C36UsIAJ,0ZGam000000isHdGAI,2026-03-27T23:32:23.000+0000
0ZRWj0000006NnPOAU,01tWj00000C36UtIAJ,0ZGam000000isHdGAI,2026-03-27T23:33:23.000+0000
0ZRWj0000006MfnOAE,01tWj00000C36UuIAJ,0ZGam000000isHdGAI,2026-03-27T23:32:01.000+0000
0ZRWj0000006N6eOAE,01tWj00000C36UvIAJ,0ZGam000000isHdGAI,2026-03-27T23:32:31.000+0000
0ZRWj0000006NgtOAE,01tWj00000C36UwIAJ,0ZGam000000isHdGAI,2026-03-27T23:33:16.000+0000
0ZRWj0000006NOUOA2,01tWj00000C36UxIAJ,0ZGam000000isHdGAI,2026-03-27T23:32:53.000+0000
0ZRWj0000006MltOAE,01tWj00000C36UyIAJ,0ZGam000000isHdGAI,2026-03-27T23:32:08.000+0000
0ZRWj0000006MkNOAU,01tWj00000C37fZIAR,0ZGam000000isBBGAY,2026-03-27T23:32:08.000+0000
0ZRWj0000006NobOAE,01tWj00000C37faIAB,0ZGam000000isBBGAY,2026-03-27T23:33:23.000+0000
0ZRWj0000006NLTOA2,01tWj00000C37fbIAB,0ZGam000000isBBGAY,2026-03-27T23:32:50.000+0000
0ZRWj0000006MeoOAE,01tWj00000C37fcIAB,0ZGam000000isBBGAY,2026-03-27T23:32:01.000+0000
0ZRWj0000006NrROAU,01tWj00000C37fdIAB,0ZGam000000isBBGAY,2026-03-27T23:33:27.000+0000
0ZRWj0000006MviOAE,01tWj00000C37feIAB,0ZGam000000isBBGAY,2026-03-27T23:32:20.000+0000
0ZRWj0000006NogOAE,01tWj00000C37ffIAB,0ZGam000000isBBGAY,2026-03-27T23:33:23.000+0000
0ZRWj0000006NEIOA2,01tWj00000C37fgIAB,0ZGam000000isBBGAY,2026-03-27T23:32:42.000+0000
0ZRWj0000006MpwOAE,01tWj00000C37fhIAB,0ZGam000000isBBGAY,2026-03-27T23:32:12.000+0000
0ZRWj0000006McLOAU,01tWj00000C37fiIAB,0ZGam000000isBBGAY,2026-03-27T23:31:57.000+0000
0ZRWj0000006MqtOAE,01tWj00000C37fjIAB,0ZGam000000isBBGAY,2026-03-27T23:32:15.000+0000
0ZRWj0000006NRlOAM,01tWj00000C37fkIAB,0ZGam000000isBBGAY,2026-03-27T23:32:57.000+0000
0ZRWj0000006NlROAU,01tWj00000C37flIAB,0ZGam000000isBBGAY,2026-03-27T23:33:20.000+0000
0ZRWj0000006Md2OAE,01tWj00000C37fmIAB,0ZGam000000isBBGAY,2026-03-27T23:31:57.000+0000
0ZRWj0000006NPOOA2,01tWj00000C37fnIAB,0ZGam000000isBBGAY,2026-03-27T23:32:53.000+0000
0ZRWj0000006McVOAU,01tWj00000C37foIAB,0ZGam000000isBBGAY,2026-03-27T23:31:57.000+0000
0ZRWj0000006NCQOA2,01tWj00000C37fpIAB,0ZGam000000isBBGAY,2026-03-27T23:32:38.000+0000
0ZRWj0000006NMiOAM,01tWj00000C37fqIAB,0ZGam000000isBBGAY,2026-03-27T23:32:50.000+0000
0ZRWj0000006NbcOAE,01tWj00000C37frIAB,0ZGam000000isBBGAY,2026-03-27T23:33:08.000+0000
0ZRWj0000006MyMOAU,01tWj00000C37fsIAB,0ZGam000000isBBGAY,2026-03-27T23:32:23.000+0000
0ZRWj0000006NNLOA2,01tWj00000C37ftIAB,0ZGam000000isBBGAY,2026-03-27T23:32:53.000+0000
0ZRWj0000006NLzOAM,01tWj00000C37fuIAB,0ZGam000000isBBGAY,2026-03-27T23:32:50.000+0000
0ZRWj0000006NciOAE,01tWj00000C37fvIAB,0ZGam000000isBBGAY,2026-03-27T23:33:08.000+0000
0ZRWj0000006MijOAE,01tWj00000C37fwIAB,0ZGam000000isBBGAY,2026-03-27T23:32:04.000+0000
0ZRWj0000006NodOAE,01tWj00000C37fxIAB,0ZGam000000isBBGAY,2026-03-27T23:33:23.000+0000
0ZRWj0000006NEnOAM,01tWj00000C37fyIAB,0ZGam000000isBBGAY,2026-03-27T23:32:42.000+0000
0ZRWj0000006N3rOAE,01tWj00000C37fzIAB,0ZGam000000isBBGAY,2026-03-27T23:32:31.000+0000
0ZRWj0000006N47OAE,01tWj00000C37g0IAB,0ZGam000000isBBGAY,2026-03-27T23:32:31.000+0000
0ZRWj0000006MtXOAU,01tWj00000C37g1IAB,0ZGam000000isBBGAY,2026-03-27T23:32:15.000+0000
0ZRWj0000006MsPOAU,01tWj00000C37g2IAB,0ZGam000000isBBGAY,2026-03-27T23:32:15.000+0000
0ZRWj0000006NVwOAM,01tWj00000C37g3IAB,0ZGam000000isBBGAY,2026-03-27T23:33:01.000+0000
0ZRWj0000006NRyOAM,01tWj00000C37g4IAB,0ZGam000000isBBGAY,2026-03-27T23:32:57.000+0000
0ZRWj0000006NnwOAE,01tWj00000C37g5IAB,0ZGam000000isBBGAY,2026-03-27T23:33:23.000+0000
0ZRWj0000006MbtOAE,01tWj00000C37g6IAB,0ZGam000000isBBGAY,2026-03-27T23:31:57.000+0000
0ZRWj0000006KbdOAE,01tWj00000C37g7IAB,0ZGam000000isBBGAY,2026-03-27T20:40:58.000+0000
0ZRWj0000006KerOAE,01tWj00000C37g7IAB,0ZGam000000itATGAY,2026-03-27T20:41:20.000+0000
0ZRWj0000006KesOAE,01tWj00000C37g8IAB,0ZGam000000itATGAY,2026-03-27T20:41:20.000+0000
0ZRWj0000006KbeOAE,01tWj00000C37g8IAB,0ZGam000000isBBGAY,2026-03-27T20:40:58.000+0000
0ZRWj0000006KbfOAE,01tWj00000C37g9IAB,0ZGam000000isBBGAY,2026-03-27T20:40:58.000+0000
0ZRWj0000006KetOAE,01tWj00000C37g9IAB,0ZGam000000itATGAY,2026-03-27T20:41:20.000+0000
0ZRWj0000006KhpOAE,01tWj00000C37gAIAR,0ZGam000000itATGAY,2026-03-27T20:43:17.000+0000
0ZRWj0000006Kl3OAE,01tWj00000C37gAIAR,0ZGam000000isBBGAY,2026-03-27T20:43:37.000+0000
0ZRWj0000006KhqOAE,01tWj00000C37gBIAR,0ZGam000000itATGAY,2026-03-27T20:43:17.000+0000
0ZRWj0000006Kl4OAE,01tWj00000C37gBIAR,0ZGam000000isBBGAY,2026-03-27T20:43:37.000+0000
0ZRWj0000006KoVOAU,01tWj00000C37gCIAR,0ZGam000000itATGAY,2026-03-27T20:44:12.000+0000
0ZRWj0000006KrjOAE,01tWj00000C37gCIAR,0ZGam000000isBBGAY,2026-03-27T20:44:27.000+0000
0ZRWj0000006KoWOAU,01tWj00000C37gDIAR,0ZGam000000itATGAY,2026-03-27T20:44:12.000+0000
0ZRWj0000006KrkOAE,01tWj00000C37gDIAR,0ZGam000000isBBGAY,2026-03-27T20:44:27.000+0000
0ZRWj0000006KuxOAE,01tWj00000C37gEIAR,0ZGam000000isBBGAY,2026-03-27T21:04:22.000+0000
0ZRWj0000006KyBOAU,01tWj00000C37gEIAR,0ZGam000000itATGAY,2026-03-27T21:04:37.000+0000
0ZRWj0000006KyCOAU,01tWj00000C37gFIAR,0ZGam000000itATGAY,2026-03-27T21:04:37.000+0000
0ZRWj0000006KuyOAE,01tWj00000C37gFIAR,0ZGam000000isBBGAY,2026-03-27T21:04:22.000+0000
0ZRWj0000006L14OAE,01tWj00000C37gGIAR,0ZGam000000isBBGAY,2026-03-27T21:05:29.000+0000
0ZRWj0000006L4IOAU,01tWj00000C37gGIAR,0ZGam000000itATGAY,2026-03-27T21:05:44.000+0000
0ZRWj0000006L15OAE,01tWj00000C37gHIAR,0ZGam000000isBBGAY,2026-03-27T21:05:29.000+0000
0ZRWj0000006L4JOAU,01tWj00000C37gHIAR,0ZGam000000itATGAY,2026-03-27T21:05:44.000+0000
0ZRWj0000006LB7OAM,01tWj00000C37gIIAR,0ZGam000000isBBGAY,2026-03-27T21:06:35.000+0000
0ZRWj0000006L7tOAE,01tWj00000C37gIIAR,0ZGam000000itATGAY,2026-03-27T21:06:18.000+0000
0ZRWj0000006LB8OAM,01tWj00000C37gJIAR,0ZGam000000isBBGAY,2026-03-27T21:06:35.000+0000
0ZRWj0000006L7uOAE,01tWj00000C37gJIAR,0ZGam000000itATGAY,2026-03-27T21:06:18.000+0000
0ZRWj0000006N3QOAU,01tWj00000C37gKIAR,0ZGam000000isBBGAY,2026-03-27T23:32:27.000+0000
0ZRWj0000006NrUOAU,01tWj00000C37gLIAR,0ZGam000000isBBGAY,2026-03-27T23:33:27.000+0000
0ZRWj0000006NFSOA2,01tWj00000C37gMIAR,0ZGam000000isBBGAY,2026-03-27T23:32:42.000+0000
0ZRWj0000006MlPOAU,01tWj00000C37gNIAR,0ZGam000000isBBGAY,2026-03-27T23:32:08.000+0000
0ZRWj0000006NNFOA2,01tWj00000C37gOIAR,0ZGam000000isBBGAY,2026-03-27T23:32:53.000+0000
0ZRWj0000006NMROA2,01tWj00000C37gPIAR,0ZGam000000isBBGAY,2026-03-27T23:32:50.000+0000
0ZRWj0000006N5lOAE,01tWj00000C37gQIAR,0ZGam000000isBBGAY,2026-03-27T23:32:31.000+0000
0ZRWj0000006NQQOA2,01tWj00000C37gRIAR,0ZGam000000isBBGAY,2026-03-27T23:32:57.000+0000
0ZRWj0000006MfZOAU,01tWj00000C37gSIAR,0ZGam000000isBBGAY,2026-03-27T23:32:01.000+0000
0ZRWj0000006NqUOAU,01tWj00000C37gTIAR,0ZGam000000isBBGAY,2026-03-27T23:33:27.000+0000
0ZRWj0000006N3BOAU,01tWj00000C37gUIAR,0ZGam000000isBBGAY,2026-03-27T23:32:27.000+0000
0ZRWj0000006MgXOAU,01tWj00000C37gVIAR,0ZGam000000isBBGAY,2026-03-27T23:32:01.000+0000
0ZRWj0000006NbDOAU,01tWj00000C37gWIAR,0ZGam000000isBBGAY,2026-03-27T23:33:08.000+0000
0ZRWj0000006ND7OAM,01tWj00000C37gXIAR,0ZGam000000isBBGAY,2026-03-27T23:32:38.000+0000
0ZRWj0000006Nd6OAE,01tWj00000C37gYIAR,0ZGam000000isBBGAY,2026-03-27T23:33:12.000+0000
0ZRWj0000006MqcOAE,01tWj00000C37gZIAR,0ZGam000000isBBGAY,2026-03-27T23:32:12.000+0000
0ZRWj0000006MyyOAE,01tWj00000C37gaIAB,0ZGam000000isBBGAY,2026-03-27T23:32:23.000+0000
0ZRWj0000006N4rOAE,01tWj00000C37gbIAB,0ZGam000000isBBGAY,2026-03-27T23:32:31.000+0000
0ZRWj0000006MpdOAE,01tWj00000C37gcIAB,0ZGam000000isBBGAY,2026-03-27T23:32:12.000+0000
0ZRWj0000006NOxOAM,01tWj00000C37gdIAB,0ZGam000000isBBGAY,2026-03-27T23:32:53.000+0000
0ZRWj0000006Mp8OAE,01tWj00000C37geIAB,0ZGam000000isBBGAY,2026-03-27T23:32:12.000+0000
0ZRWj0000006MzSOAU,01tWj00000C37gfIAB,0ZGam000000isBBGAY,2026-03-27T23:32:23.000+0000
0ZRWj0000006MwuOAE,01tWj00000C37ggIAB,0ZGam000000isBBGAY,2026-03-27T23:32:20.000+0000
0ZRWj0000006MvzOAE,01tWj00000C37ghIAB,0ZGam000000isBBGAY,2026-03-27T23:32:20.000+0000
0ZRWj0000006NnvOAE,01tWj00000C37giIAB,0ZGam000000isBBGAY,2026-03-27T23:33:23.000+0000
0ZRWj0000006Me6OAE,01tWj00000C37gjIAB,0ZGam000000isBBGAY,2026-03-27T23:32:01.000+0000
0ZRWj0000006N44OAE,01tWj00000C37gkIAB,0ZGam000000isBBGAY,2026-03-27T23:32:31.000+0000
0ZRWj0000006MxKOAU,01tWj00000C37glIAB,0ZGam000000isBBGAY,2026-03-27T23:32:23.000+0000
0ZRWj0000006NszOAE,01tWj00000C37gmIAB,0ZGam000000isBBGAY,2026-03-27T23:33:27.000+0000
0ZRWj0000006NJrOAM,01tWj00000C37gnIAB,0ZGam000000isBBGAY,2026-03-27T23:32:50.000+0000
0ZRWj0000006NG7OAM,01tWj00000C37goIAB,0ZGam000000isBBGAY,2026-03-27T23:32:42.000+0000
0ZRWj0000006N3fOAE,01tWj00000C37gpIAB,0ZGam000000isBBGAY,2026-03-27T23:32:31.000+0000
0ZRWj0000006N34OAE,01tWj00000C37gqIAB,0ZGam000000isBBGAY,2026-03-27T23:32:27.000+0000
0ZRWj0000006NJiOAM,01tWj00000C37grIAB,0ZGam000000isBBGAY,2026-03-27T23:32:50.000+0000
0ZRWj0000006NdiOAE,01tWj00000C37gsIAB,0ZGam000000isBBGAY,2026-03-27T23:33:12.000+0000
0ZRWj0000006N3LOAU,01tWj00000C37gtIAB,0ZGam000000isBBGAY,2026-03-27T23:32:27.000+0000
0ZRWj0000006KbgOAE,01tWj00000C37guIAB,0ZGam000000isBBGAY,2026-03-27T20:40:58.000+0000
0ZRWj0000006KeuOAE,01tWj00000C37guIAB,0ZGam000000itATGAY,2026-03-27T20:41:20.000+0000
0ZRWj0000006KbhOAE,01tWj00000C37gvIAB,0ZGam000000isBBGAY,2026-03-27T20:40:58.000+0000
0ZRWj0000006KevOAE,01tWj00000C37gvIAB,0ZGam000000itATGAY,2026-03-27T20:41:20.000+0000
0ZRWj0000006KewOAE,01tWj00000C37gwIAB,0ZGam000000itATGAY,2026-03-27T20:41:20.000+0000
0ZRWj0000006KbiOAE,01tWj00000C37gwIAB,0ZGam000000isBBGAY,2026-03-27T20:40:58.000+0000
0ZRWj0000006Kl5OAE,01tWj00000C37gxIAB,0ZGam000000isBBGAY,2026-03-27T20:43:37.000+0000
0ZRWj0000006KhrOAE,01tWj00000C37gxIAB,0ZGam000000itATGAY,2026-03-27T20:43:17.000+0000
0ZRWj0000006KhsOAE,01tWj00000C37gyIAB,0ZGam000000itATGAY,2026-03-27T20:43:17.000+0000
0ZRWj0000006Kl6OAE,01tWj00000C37gyIAB,0ZGam000000isBBGAY,2026-03-27T20:43:37.000+0000
0ZRWj0000006KrlOAE,01tWj00000C37gzIAB,0ZGam000000isBBGAY,2026-03-27T20:44:27.000+0000
0ZRWj0000006KoXOAU,01tWj00000C37gzIAB,0ZGam000000itATGAY,2026-03-27T20:44:12.000+0000
0ZRWj0000006KrmOAE,01tWj00000C37h0IAB,0ZGam000000isBBGAY,2026-03-27T20:44:27.000+0000
0ZRWj0000006KoYOAU,01tWj00000C37h0IAB,0ZGam000000itATGAY,2026-03-27T20:44:12.000+0000
0ZRWj0000006KyDOAU,01tWj00000C37h1IAB,0ZGam000000itATGAY,2026-03-27T21:04:37.000+0000
0ZRWj0000006KuzOAE,01tWj00000C37h1IAB,0ZGam000000isBBGAY,2026-03-27T21:04:22.000+0000
0ZRWj0000006KyEOAU,01tWj00000C37h2IAB,0ZGam000000itATGAY,2026-03-27T21:04:37.000+0000
0ZRWj0000006Kv0OAE,01tWj00000C37h2IAB,0ZGam000000isBBGAY,2026-03-27T21:04:22.000+0000
0ZRWj0000006L16OAE,01tWj00000C37h3IAB,0ZGam000000isBBGAY,2026-03-27T21:05:29.000+0000
0ZRWj0000006L4KOAU,01tWj00000C37h3IAB,0ZGam000000itATGAY,2026-03-27T21:05:44.000+0000
0ZRWj0000006L4LOAU,01tWj00000C37h4IAB,0ZGam000000itATGAY,2026-03-27T21:05:44.000+0000
0ZRWj0000006L17OAE,01tWj00000C37h4IAB,0ZGam000000isBBGAY,2026-03-27T21:05:29.000+0000
0ZRWj0000006L7vOAE,01tWj00000C37h5IAB,0ZGam000000itATGAY,2026-03-27T21:06:18.000+0000
0ZRWj0000006LB9OAM,01tWj00000C37h5IAB,0ZGam000000isBBGAY,2026-03-27T21:06:35.000+0000
0ZRWj0000006LBAOA2,01tWj00000C37h6IAB,0ZGam000000isBBGAY,2026-03-27T21:06:35.000+0000
0ZRWj0000006L7wOAE,01tWj00000C37h6IAB,0ZGam000000itATGAY,2026-03-27T21:06:18.000+0000
0ZRWj0000006NB4OAM,01tWj00000C37h7IAB,0ZGam000000isBBGAY,2026-03-27T23:32:38.000+0000
0ZRWj0000006N1bOAE,01tWj00000C37h8IAB,0ZGam000000isBBGAY,2026-03-27T23:32:27.000+0000
0ZRWj0000006NkROAU,01tWj00000C37h9IAB,0ZGam000000isBBGAY,2026-03-27T23:33:20.000+0000
0ZRWj0000006N2MOAU,01tWj00000C37hAIAR,0ZGam000000isBBGAY,2026-03-27T23:32:27.000+0000
0ZRWj0000006Mv9OAE,01tWj00000C37hBIAR,0ZGam000000isBBGAY,2026-03-27T23:32:20.000+0000
0ZRWj0000006NvBOAU,01tWj00000C37hCIAR,0ZGam000000isBBGAY,2026-03-27T23:33:31.000+0000
0ZRWj0000006NN3OAM,01tWj00000C37hDIAR,0ZGam000000isBBGAY,2026-03-27T23:32:53.000+0000
0ZRWj0000006MuIOAU,01tWj00000C37hEIAR,0ZGam000000isBBGAY,2026-03-27T23:32:20.000+0000
0ZRWj0000006MpGOAU,01tWj00000C37hFIAR,0ZGam000000isBBGAY,2026-03-27T23:32:12.000+0000
0ZRWj0000006NWwOAM,01tWj00000C37hGIAR,0ZGam000000isBBGAY,2026-03-27T23:33:04.000+0000
0ZRWj0000006NHiOAM,01tWj00000C37hHIAR,0ZGam000000isBBGAY,2026-03-27T23:32:46.000+0000
0ZRWj0000006NfGOAU,01tWj00000C37hIIAR,0ZGam000000isBBGAY,2026-03-27T23:33:12.000+0000
0ZRWj0000006MxdOAE,01tWj00000C37hJIAR,0ZGam000000isBBGAY,2026-03-27T23:32:23.000+0000
0ZRWj0000006Mh2OAE,01tWj00000C37hKIAR,0ZGam000000isBBGAY,2026-03-27T23:32:04.000+0000
0ZRWj0000006NE0OAM,01tWj00000C37hLIAR,0ZGam000000isBBGAY,2026-03-27T23:32:42.000+0000
0ZRWj0000006MsvOAE,01tWj00000C37hMIAR,0ZGam000000isBBGAY,2026-03-27T23:32:15.000+0000
0ZRWj0000006MqSOAU,01tWj00000C37hNIAR,0ZGam000000isBBGAY,2026-03-27T23:32:12.000+0000
0ZRWj0000006NKvOAM,01tWj00000C37hOIAR,0ZGam000000isBBGAY,2026-03-27T23:32:50.000+0000
0ZRWj0000006NEWOA2,01tWj00000C37hPIAR,0ZGam000000isBBGAY,2026-03-27T23:32:42.000+0000
0ZRWj0000006NYKOA2,01tWj00000C37hQIAR,0ZGam000000isBBGAY,2026-03-27T23:33:04.000+0000
0ZRWj0000006NjPOAU,01tWj00000C37hRIAR,0ZGam000000isBBGAY,2026-03-27T23:33:16.000+0000
0ZRWj0000006NZWOA2,01tWj00000C37hSIAR,0ZGam000000isBBGAY,2026-03-27T23:33:04.000+0000
0ZRWj0000006MgJOAU,01tWj00000C37hTIAR,0ZGam000000isBBGAY,2026-03-27T23:32:01.000+0000
0ZRWj0000006MroOAE,01tWj00000C37hUIAR,0ZGam000000isBBGAY,2026-03-27T23:32:15.000+0000
0ZRWj0000006NIwOAM,01tWj00000C37hVIAR,0ZGam000000isBBGAY,2026-03-27T23:32:46.000+0000
0ZRWj0000006MhmOAE,01tWj00000C37hWIAR,0ZGam000000isBBGAY,2026-03-27T23:32:04.000+0000
0ZRWj0000006MtWOAU,01tWj00000C37hXIAR,0ZGam000000isBBGAY,2026-03-27T23:32:15.000+0000
0ZRWj0000006MfMOAU,01tWj00000C37hYIAR,0ZGam000000isBBGAY,2026-03-27T23:32:01.000+0000
0ZRWj0000006MjUOAU,01tWj00000C37hZIAR,0ZGam000000isBBGAY,2026-03-27T23:32:04.000+0000
0ZRWj0000006MxAOAU,01tWj00000C37haIAB,0ZGam000000isBBGAY,2026-03-27T23:32:23.000+0000
0ZRWj0000006Nn8OAE,01tWj00000C37hbIAB,0ZGam000000isBBGAY,2026-03-27T23:33:23.000+0000
0ZRWj0000006NbxOAE,01tWj00000C37hcIAB,0ZGam000000isBBGAY,2026-03-27T23:33:08.000+0000
0ZRWj0000006MfHOAU,01tWj00000C37hdIAB,0ZGam000000isBBGAY,2026-03-27T23:32:01.000+0000
0ZRWj0000006MbSOAU,01tWj00000C37heIAB,0ZGam000000isBBGAY,2026-03-27T23:31:57.000+0000
0ZRWj0000006MszOAE,01tWj00000C37hfIAB,0ZGam000000isBBGAY,2026-03-27T23:32:15.000+0000
0ZRWj0000006N6mOAE,01tWj00000C37hgIAB,0ZGam000000isBBGAY,2026-03-27T23:32:31.000+0000
0ZRWj0000006KexOAE,01tWj00000C37hhIAB,0ZGam000000itATGAY,2026-03-27T20:41:20.000+0000
0ZRWj0000006KbjOAE,01tWj00000C37hhIAB,0ZGam000000isBBGAY,2026-03-27T20:40:58.000+0000
0ZRWj0000006KeyOAE,01tWj00000C37hiIAB,0ZGam000000itATGAY,2026-03-27T20:41:20.000+0000
0ZRWj0000006KbkOAE,01tWj00000C37hiIAB,0ZGam000000isBBGAY,2026-03-27T20:40:58.000+0000
0ZRWj0000006KblOAE,01tWj00000C37hjIAB,0ZGam000000isBBGAY,2026-03-27T20:40:58.000+0000
0ZRWj0000006KezOAE,01tWj00000C37hjIAB,0ZGam000000itATGAY,2026-03-27T20:41:20.000+0000
0ZRWj0000006Kl7OAE,01tWj00000C37hkIAB,0ZGam000000isBBGAY,2026-03-27T20:43:37.000+0000
0ZRWj0000006KhtOAE,01tWj00000C37hkIAB,0ZGam000000itATGAY,2026-03-27T20:43:17.000+0000
0ZRWj0000006Kl8OAE,01tWj00000C37hlIAB,0ZGam000000isBBGAY,2026-03-27T20:43:37.000+0000
0ZRWj0000006KhuOAE,01tWj00000C37hlIAB,0ZGam000000itATGAY,2026-03-27T20:43:17.000+0000
0ZRWj0000006KrnOAE,01tWj00000C37hmIAB,0ZGam000000isBBGAY,2026-03-27T20:44:27.000+0000
0ZRWj0000006KoZOAU,01tWj00000C37hmIAB,0ZGam000000itATGAY,2026-03-27T20:44:12.000+0000
0ZRWj0000006KoaOAE,01tWj00000C37hnIAB,0ZGam000000itATGAY,2026-03-27T20:44:12.000+0000
0ZRWj0000006KroOAE,01tWj00000C37hnIAB,0ZGam000000isBBGAY,2026-03-27T20:44:27.000+0000
0ZRWj0000006Kv1OAE,01tWj00000C37hoIAB,0ZGam000000isBBGAY,2026-03-27T21:04:22.000+0000
0ZRWj0000006KyFOAU,01tWj00000C37hoIAB,0ZGam000000itATGAY,2026-03-27T21:04:37.000+0000
0ZRWj0000006Kv2OAE,01tWj00000C37hpIAB,0ZGam000000isBBGAY,2026-03-27T21:04:22.000+0000
0ZRWj0000006KyGOAU,01tWj00000C37hpIAB,0ZGam000000itATGAY,2026-03-27T21:04:37.000+0000
0ZRWj0000006L4MOAU,01tWj00000C37hqIAB,0ZGam000000itATGAY,2026-03-27T21:05:44.000+0000
0ZRWj0000006L18OAE,01tWj00000C37hqIAB,0ZGam000000isBBGAY,2026-03-27T21:05:29.000+0000
0ZRWj0000006L4NOAU,01tWj00000C37hrIAB,0ZGam000000itATGAY,2026-03-27T21:05:44.000+0000
0ZRWj0000006L19OAE,01tWj00000C37hrIAB,0ZGam000000isBBGAY,2026-03-27T21:05:29.000+0000
0ZRWj0000006L7xOAE,01tWj00000C37hsIAB,0ZGam000000itATGAY,2026-03-27T21:06:18.000+0000
0ZRWj0000006LBBOA2,01tWj00000C37hsIAB,0ZGam000000isBBGAY,2026-03-27T21:06:35.000+0000
0ZRWj0000006LBCOA2,01tWj00000C37htIAB,0ZGam000000isBBGAY,2026-03-27T21:06:35.000+0000
0ZRWj0000006L7yOAE,01tWj00000C37htIAB,0ZGam000000itATGAY,2026-03-27T21:06:18.000+0000
0ZRWj0000006Nm5OAE,01tWj00000C37huIAB,0ZGam000000isBBGAY,2026-03-27T23:33:20.000+0000
0ZRWj0000006MddOAE,01tWj00000C37hvIAB,0ZGam000000isBBGAY,2026-03-27T23:31:57.000+0000
0ZRWj0000006NQEOA2,01tWj00000C37hwIAB,0ZGam000000isBBGAY,2026-03-27T23:32:57.000+0000
0ZRWj0000006NYNOA2,01tWj00000C37hxIAB,0ZGam000000isBBGAY,2026-03-27T23:33:04.000+0000
0ZRWj0000006NgDOAU,01tWj00000C37hyIAB,0ZGam000000isBBGAY,2026-03-27T23:33:12.000+0000
0ZRWj0000006NgjOAE,01tWj00000C37hzIAB,0ZGam000000isBBGAY,2026-03-27T23:33:16.000+0000
0ZRWj0000006NOPOA2,01tWj00000C37i0IAB,0ZGam000000isBBGAY,2026-03-27T23:32:53.000+0000
0ZRWj0000006N2COAU,01tWj00000C37i1IAB,0ZGam000000isBBGAY,2026-03-27T23:32:27.000+0000
0ZRWj0000006Mr5OAE,01tWj00000C37i2IAB,0ZGam000000isBBGAY,2026-03-27T23:32:15.000+0000
0ZRWj0000006NSYOA2,01tWj00000C37i3IAB,0ZGam000000isBBGAY,2026-03-27T23:32:57.000+0000
0ZRWj0000006NNfOAM,01tWj00000C37i4IAB,0ZGam000000isBBGAY,2026-03-27T23:32:53.000+0000
0ZRWj0000006MujOAE,01tWj00000C37i5IAB,0ZGam000000isBBGAY,2026-03-27T23:32:20.000+0000
0ZRWj0000006NVzOAM,01tWj00000C37i6IAB,0ZGam000000isBBGAY,2026-03-27T23:33:01.000+0000
0ZRWj0000006NjpOAE,01tWj00000C37i7IAB,0ZGam000000isBBGAY,2026-03-27T23:33:20.000+0000
0ZRWj0000006MnNOAU,01tWj00000C37i8IAB,0ZGam000000isBBGAY,2026-03-27T23:32:08.000+0000
0ZRWj0000006NpbOAE,01tWj00000C37i9IAB,0ZGam000000isBBGAY,2026-03-27T23:33:23.000+0000
0ZRWj0000006MlUOAU,01tWj00000C37iAIAR,0ZGam000000isBBGAY,2026-03-27T23:32:08.000+0000
0ZRWj0000006Nj4OAE,01tWj00000C37iBIAR,0ZGam000000isBBGAY,2026-03-27T23:33:16.000+0000
0ZRWj0000006NQeOAM,01tWj00000C37iCIAR,0ZGam000000isBBGAY,2026-03-27T23:32:57.000+0000
0ZRWj0000006NoeOAE,01tWj00000C37iDIAR,0ZGam000000isBBGAY,2026-03-27T23:33:23.000+0000
0ZRWj0000006NfJOAU,01tWj00000C37iEIAR,0ZGam000000isBBGAY,2026-03-27T23:33:12.000+0000
0ZRWj0000006NoCOAU,01tWj00000C37iFIAR,0ZGam000000isBBGAY,2026-03-27T23:33:23.000+0000
0ZRWj0000006N3cOAE,01tWj00000C37iGIAR,0ZGam000000isBBGAY,2026-03-27T23:32:31.000+0000
0ZRWj0000006NTjOAM,01tWj00000C37iHIAR,0ZGam000000isBBGAY,2026-03-27T23:33:01.000+0000
0ZRWj0000006NPHOA2,01tWj00000C37iIIAR,0ZGam000000isBBGAY,2026-03-27T23:32:53.000+0000
0ZRWj0000006NsROAU,01tWj00000C37iJIAR,0ZGam000000isBBGAY,2026-03-27T23:33:27.000+0000
0ZRWj0000006NafOAE,01tWj00000C37iKIAR,0ZGam000000isBBGAY,2026-03-27T23:33:08.000+0000
0ZRWj0000006NfXOAU,01tWj00000C37iLIAR,0ZGam000000isBBGAY,2026-03-27T23:33:12.000+0000
0ZRWj0000006NCkOAM,01tWj00000C37iMIAR,0ZGam000000isBBGAY,2026-03-27T23:32:38.000+0000
0ZRWj0000006NwNOAU,01tWj00000C37iNIAR,0ZGam000000isBBGAY,2026-03-27T23:33:31.000+0000
0ZRWj0000006NdQOAU,01tWj00000C37iOIAR,0ZGam000000isBBGAY,2026-03-27T23:33:12.000+0000
0ZRWj0000006Mp5OAE,01tWj00000C37iPIAR,0ZGam000000isBBGAY,2026-03-27T23:32:12.000+0000
0ZRWj0000006McKOAU,01tWj00000C37iQIAR,0ZGam000000isBBGAY,2026-03-27T23:31:57.000+0000
0ZRWj0000006MsJOAU,01tWj00000C37iRIAR,0ZGam000000isBBGAY,2026-03-27T23:32:15.000+0000
0ZRWj0000006N8iOAE,01tWj00000C37iSIAR,0ZGam000000isBBGAY,2026-03-27T23:32:34.000+0000
0ZRWj0000006NWmOAM,01tWj00000C37iTIAR,0ZGam000000isBBGAY,2026-03-27T23:33:04.000+0000
0ZRWj0000006Kf0OAE,01tWj00000C37iUIAR,0ZGam000000itATGAY,2026-03-27T20:41:20.000+0000
0ZRWj0000006KbmOAE,01tWj00000C37iUIAR,0ZGam000000isBBGAY,2026-03-27T20:40:58.000+0000
0ZRWj0000006Kf1OAE,01tWj00000C37iVIAR,0ZGam000000itATGAY,2026-03-27T20:41:20.000+0000
0ZRWj0000006KbnOAE,01tWj00000C37iVIAR,0ZGam000000isBBGAY,2026-03-27T20:40:58.000+0000
0ZRWj0000006Kf2OAE,01tWj00000C37iWIAR,0ZGam000000itATGAY,2026-03-27T20:41:20.000+0000
0ZRWj0000006KboOAE,01tWj00000C37iWIAR,0ZGam000000isBBGAY,2026-03-27T20:40:58.000+0000
0ZRWj0000006Kl9OAE,01tWj00000C37iXIAR,0ZGam000000isBBGAY,2026-03-27T20:43:37.000+0000
0ZRWj0000006KhvOAE,01tWj00000C37iXIAR,0ZGam000000itATGAY,2026-03-27T20:43:17.000+0000
0ZRWj0000006KhwOAE,01tWj00000C37iYIAR,0ZGam000000itATGAY,2026-03-27T20:43:17.000+0000
0ZRWj0000006KlAOAU,01tWj00000C37iYIAR,0ZGam000000isBBGAY,2026-03-27T20:43:37.000+0000
0ZRWj0000006KrpOAE,01tWj00000C37iZIAR,0ZGam000000isBBGAY,2026-03-27T20:44:27.000+0000
0ZRWj0000006KobOAE,01tWj00000C37iZIAR,0ZGam000000itATGAY,2026-03-27T20:44:12.000+0000
0ZRWj0000006KrqOAE,01tWj00000C37iaIAB,0ZGam000000isBBGAY,2026-03-27T20:44:27.000+0000
0ZRWj0000006KocOAE,01tWj00000C37iaIAB,0ZGam000000itATGAY,2026-03-27T20:44:12.000+0000
0ZRWj0000006KyHOAU,01tWj00000C37ibIAB,0ZGam000000itATGAY,2026-03-27T21:04:37.000+0000
0ZRWj0000006Kv3OAE,01tWj00000C37ibIAB,0ZGam000000isBBGAY,2026-03-27T21:04:22.000+0000
0ZRWj0000006Kv4OAE,01tWj00000C37icIAB,0ZGam000000isBBGAY,2026-03-27T21:04:22.000+0000
0ZRWj0000006KyIOAU,01tWj00000C37icIAB,0ZGam000000itATGAY,2026-03-27T21:04:37.000+0000
0ZRWj0000006L1AOAU,01tWj00000C37idIAB,0ZGam000000isBBGAY,2026-03-27T21:05:29.000+0000
0ZRWj0000006L4OOAU,01tWj00000C37idIAB,0ZGam000000itATGAY,2026-03-27T21:05:44.000+0000
0ZRWj0000006L1BOAU,01tWj00000C37ieIAB,0ZGam000000isBBGAY,2026-03-27T21:05:29.000+0000
0ZRWj0000006L4POAU,01tWj00000C37ieIAB,0ZGam000000itATGAY,2026-03-27T21:05:44.000+0000
0ZRWj0000006L7zOAE,01tWj00000C37ifIAB,0ZGam000000itATGAY,2026-03-27T21:06:18.000+0000
0ZRWj0000006LBDOA2,01tWj00000C37ifIAB,0ZGam000000isBBGAY,2026-03-27T21:06:35.000+0000
0ZRWj0000006LBEOA2,01tWj00000C37igIAB,0ZGam000000isBBGAY,2026-03-27T21:06:35.000+0000
0ZRWj0000006L80OAE,01tWj00000C37igIAB,0ZGam000000itATGAY,2026-03-27T21:06:18.000+0000
0ZRWj0000006NnYOAU,01tWj00000C37ihIAB,0ZGam000000isBBGAY,2026-03-27T23:33:23.000+0000
0ZRWj0000006My3OAE,01tWj00000C37iiIAB,0ZGam000000isBBGAY,2026-03-27T23:32:23.000+0000
0ZRWj0000006NbdOAE,01tWj00000C37ijIAB,0ZGam000000isBBGAY,2026-03-27T23:33:08.000+0000
0ZRWj0000006N5vOAE,01tWj00000C37ikIAB,0ZGam000000isBBGAY,2026-03-27T23:32:31.000+0000
0ZRWj0000006NP1OAM,01tWj00000C37ilIAB,0ZGam000000isBBGAY,2026-03-27T23:32:53.000+0000
0ZRWj0000006NUYOA2,01tWj00000C37imIAB,0ZGam000000isBBGAY,2026-03-27T23:33:01.000+0000
0ZRWj0000006N7KOAU,01tWj00000C37inIAB,0ZGam000000isBBGAY,2026-03-27T23:32:34.000+0000
0ZRWj0000006N7QOAU,01tWj00000C37ioIAB,0ZGam000000isBBGAY,2026-03-27T23:32:34.000+0000
0ZRWj0000006N5ZOAU,01tWj00000C37ipIAB,0ZGam000000isBBGAY,2026-03-27T23:32:31.000+0000
0ZRWj0000006NZKOA2,01tWj00000C37iqIAB,0ZGam000000isBBGAY,2026-03-27T23:33:04.000+0000
0ZRWj0000006MheOAE,01tWj00000C37irIAB,0ZGam000000isBBGAY,2026-03-27T23:32:04.000+0000
0ZRWj0000006N2lOAE,01tWj00000C37isIAB,0ZGam000000isBBGAY,2026-03-27T23:32:27.000+0000
0ZRWj0000006Mi4OAE,01tWj00000C37itIAB,0ZGam000000isBBGAY,2026-03-27T23:32:04.000+0000
0ZRWj0000006NftOAE,01tWj00000C37iuIAB,0ZGam000000isBBGAY,2026-03-27T23:33:12.000+0000
0ZRWj0000006NqvOAE,01tWj00000C37ivIAB,0ZGam000000isBBGAY,2026-03-27T23:33:27.000+0000
0ZRWj0000006MguOAE,01tWj00000C37iwIAB,0ZGam000000isBBGAY,2026-03-27T23:32:01.000+0000
0ZRWj0000006MohOAE,01tWj00000C37ixIAB,0ZGam000000isBBGAY,2026-03-27T23:32:12.000+0000
0ZRWj0000006NFzOAM,01tWj00000C37iyIAB,0ZGam000000isBBGAY,2026-03-27T23:32:42.000+0000
0ZRWj0000006N6sOAE,01tWj00000C37izIAB,0ZGam000000isBBGAY,2026-03-27T23:32:34.000+0000
0ZRWj0000006NecOAE,01tWj00000C37j0IAB,0ZGam000000isBBGAY,2026-03-27T23:33:12.000+0000
0ZRWj0000006Nc5OAE,01tWj00000C37j1IAB,0ZGam000000isBBGAY,2026-03-27T23:33:08.000+0000
0ZRWj0000006NmnOAE,01tWj00000C37j2IAB,0ZGam000000isBBGAY,2026-03-27T23:33:23.000+0000
0ZRWj0000006NRROA2,01tWj00000C37j3IAB,0ZGam000000isBBGAY,2026-03-27T23:32:57.000+0000
0ZRWj0000006N6WOAU,01tWj00000C37j4IAB,0ZGam000000isBBGAY,2026-03-27T23:32:31.000+0000
0ZRWj0000006NMVOA2,01tWj00000C37j5IAB,0ZGam000000isBBGAY,2026-03-27T23:32:50.000+0000
0ZRWj0000006NorOAE,01tWj00000C37j6IAB,0ZGam000000isBBGAY,2026-03-27T23:33:23.000+0000
0ZRWj0000006MyUOAU,01tWj00000C37j7IAB,0ZGam000000isBBGAY,2026-03-27T23:32:23.000+0000
0ZRWj0000006NB0OAM,01tWj00000C37j8IAB,0ZGam000000isBBGAY,2026-03-27T23:32:38.000+0000
0ZRWj0000006N11OAE,01tWj00000C37j9IAB,0ZGam000000isBBGAY,2026-03-27T23:32:27.000+0000
0ZRWj0000006N4yOAE,01tWj00000C37jAIAR,0ZGam000000isBBGAY,2026-03-27T23:32:31.000+0000
0ZRWj0000006NJNOA2,01tWj00000C37jBIAR,0ZGam000000isBBGAY,2026-03-27T23:32:46.000+0000
0ZRWj0000006NmrOAE,01tWj00000C37jCIAR,0ZGam000000isBBGAY,2026-03-27T23:33:23.000+0000
0ZRWj0000006NgpOAE,01tWj00000C37jDIAR,0ZGam000000isBBGAY,2026-03-27T23:33:16.000+0000
0ZRWj0000006Ns8OAE,01tWj00000C37jEIAR,0ZGam000000isBBGAY,2026-03-27T23:33:27.000+0000
0ZRWj0000006Mr9OAE,01tWj00000C37jFIAR,0ZGam000000isBBGAY,2026-03-27T23:32:15.000+0000
0ZRWj0000006NKMOA2,01tWj00000C37jGIAR,0ZGam000000isBBGAY,2026-03-27T23:32:50.000+0000
0ZRWj0000006KbpOAE,01tWj00000C37jHIAR,0ZGam000000isBBGAY,2026-03-27T20:40:58.000+0000
0ZRWj0000006Kf3OAE,01tWj00000C37jHIAR,0ZGam000000itATGAY,2026-03-27T20:41:20.000+0000
0ZRWj0000006KbqOAE,01tWj00000C37jIIAR,0ZGam000000isBBGAY,2026-03-27T20:40:58.000+0000
0ZRWj0000006Kf4OAE,01tWj00000C37jIIAR,0ZGam000000itATGAY,2026-03-27T20:41:20.000+0000
0ZRWj0000006Kf5OAE,01tWj00000C37jJIAR,0ZGam000000itATGAY,2026-03-27T20:41:20.000+0000
0ZRWj0000006KbrOAE,01tWj00000C37jJIAR,0ZGam000000isBBGAY,2026-03-27T20:40:58.000+0000
0ZRWj0000006KhxOAE,01tWj00000C37jKIAR,0ZGam000000itATGAY,2026-03-27T20:43:17.000+0000
0ZRWj0000006KlBOAU,01tWj00000C37jKIAR,0ZGam000000isBBGAY,2026-03-27T20:43:37.000+0000
0ZRWj0000006KlCOAU,01tWj00000C37jLIAR,0ZGam000000isBBGAY,2026-03-27T20:43:37.000+0000
0ZRWj0000006KhyOAE,01tWj00000C37jLIAR,0ZGam000000itATGAY,2026-03-27T20:43:17.000+0000
0ZRWj0000006KodOAE,01tWj00000C37jMIAR,0ZGam000000itATGAY,2026-03-27T20:44:12.000+0000
0ZRWj0000006KrrOAE,01tWj00000C37jMIAR,0ZGam000000isBBGAY,2026-03-27T20:44:27.000+0000
0ZRWj0000006KrsOAE,01tWj00000C37jNIAR,0ZGam000000isBBGAY,2026-03-27T20:44:27.000+0000
0ZRWj0000006KoeOAE,01tWj00000C37jNIAR,0ZGam000000itATGAY,2026-03-27T20:44:12.000+0000
0ZRWj0000006Kv5OAE,01tWj00000C37jOIAR,0ZGam000000isBBGAY,2026-03-27T21:04:22.000+0000
0ZRWj0000006KyJOAU,01tWj00000C37jOIAR,0ZGam000000itATGAY,2026-03-27T21:04:37.000+0000
0ZRWj0000006Kv6OAE,01tWj00000C37jPIAR,0ZGam000000isBBGAY,2026-03-27T21:04:22.000+0000
0ZRWj0000006KyKOAU,01tWj00000C37jPIAR,0ZGam000000itATGAY,2026-03-27T21:04:37.000+0000
0ZRWj0000006L4QOAU,01tWj00000C37jQIAR,0ZGam000000itATGAY,2026-03-27T21:05:44.000+0000
0ZRWj0000006L1COAU,01tWj00000C37jQIAR,0ZGam000000isBBGAY,2026-03-27T21:05:29.000+0000
0ZRWj0000006L1DOAU,01tWj00000C37jRIAR,0ZGam000000isBBGAY,2026-03-27T21:05:29.000+0000
0ZRWj0000006L4ROAU,01tWj00000C37jRIAR,0ZGam000000itATGAY,2026-03-27T21:05:44.000+0000
0ZRWj0000006LBFOA2,01tWj00000C37jSIAR,0ZGam000000isBBGAY,2026-03-27T21:06:35.000+0000
0ZRWj0000006L81OAE,01tWj00000C37jSIAR,0ZGam000000itATGAY,2026-03-27T21:06:18.000+0000
0ZRWj0000006LBGOA2,01tWj00000C37jTIAR,0ZGam000000isBBGAY,2026-03-27T21:06:35.000+0000
0ZRWj0000006L82OAE,01tWj00000C37jTIAR,0ZGam000000itATGAY,2026-03-27T21:06:18.000+0000
0ZRWj0000006NEsOAM,01tWj00000C37jUIAR,0ZGam000000isBBGAY,2026-03-27T23:32:42.000+0000
0ZRWj0000006NKdOAM,01tWj00000C37jVIAR,0ZGam000000isBBGAY,2026-03-27T23:32:50.000+0000
0ZRWj0000006MjmOAE,01tWj00000C37jWIAR,0ZGam000000isBBGAY,2026-03-27T23:32:04.000+0000
0ZRWj0000006N43OAE,01tWj00000C37jXIAR,0ZGam000000isBBGAY,2026-03-27T23:32:31.000+0000
0ZRWj0000006MsqOAE,01tWj00000C37jYIAR,0ZGam000000isBBGAY,2026-03-27T23:32:15.000+0000
0ZRWj0000006NrxOAE,01tWj00000C37jZIAR,0ZGam000000isBBGAY,2026-03-27T23:33:27.000+0000
0ZRWj0000006Nl9OAE,01tWj00000C37jaIAB,0ZGam000000isBBGAY,2026-03-27T23:33:20.000+0000
0ZRWj0000006NSkOAM,01tWj00000C37jbIAB,0ZGam000000isBBGAY,2026-03-27T23:32:57.000+0000
0ZRWj0000006NCPOA2,01tWj00000C37jcIAB,0ZGam000000isBBGAY,2026-03-27T23:32:38.000+0000
0ZRWj0000006NhEOAU,01tWj00000C37jdIAB,0ZGam000000isBBGAY,2026-03-27T23:33:16.000+0000
0ZRWj0000006NqmOAE,01tWj00000C37jeIAB,0ZGam000000isBBGAY,2026-03-27T23:33:27.000+0000
0ZRWj0000006NQyOAM,01tWj00000C37jfIAB,0ZGam000000isBBGAY,2026-03-27T23:32:57.000+0000
0ZRWj0000006N4sOAE,01tWj00000C37jgIAB,0ZGam000000isBBGAY,2026-03-27T23:32:31.000+0000
0ZRWj0000006NlAOAU,01tWj00000C37jhIAB,0ZGam000000isBBGAY,2026-03-27T23:33:20.000+0000
0ZRWj0000006Nj5OAE,01tWj00000C37jiIAB,0ZGam000000isBBGAY,2026-03-27T23:33:16.000+0000
0ZRWj0000006N8hOAE,01tWj00000C37jjIAB,0ZGam000000isBBGAY,2026-03-27T23:32:34.000+0000
0ZRWj0000006NouOAE,01tWj00000C37jkIAB,0ZGam000000isBBGAY,2026-03-27T23:33:23.000+0000
0ZRWj0000006N8DOAU,01tWj00000C37jlIAB,0ZGam000000isBBGAY,2026-03-27T23:32:34.000+0000
0ZRWj0000006NbzOAE,01tWj00000C37jmIAB,0ZGam000000isBBGAY,2026-03-27T23:33:08.000+0000
0ZRWj0000006NO2OAM,01tWj00000C37jnIAB,0ZGam000000isBBGAY,2026-03-27T23:32:53.000+0000
0ZRWj0000006NsvOAE,01tWj00000C37joIAB,0ZGam000000isBBGAY,2026-03-27T23:33:27.000+0000
0ZRWj0000006MmJOAU,01tWj00000C37jpIAB,0ZGam000000isBBGAY,2026-03-27T23:32:08.000+0000
0ZRWj0000006N9bOAE,01tWj00000C37jqIAB,0ZGam000000isBBGAY,2026-03-27T23:32:34.000+0000
0ZRWj0000006NiWOAU,01tWj00000C37jrIAB,0ZGam000000isBBGAY,2026-03-27T23:33:16.000+0000
0ZRWj0000006N0KOAU,01tWj00000C37jsIAB,0ZGam000000isBBGAY,2026-03-27T23:32:23.000+0000
0ZRWj0000006NHxOAM,01tWj00000C37jtIAB,0ZGam000000isBBGAY,2026-03-27T23:32:46.000+0000
0ZRWj0000006N6fOAE,01tWj00000C37juIAB,0ZGam000000isBBGAY,2026-03-27T23:32:31.000+0000
0ZRWj0000006NuNOAU,01tWj00000C37jvIAB,0ZGam000000isBBGAY,2026-03-27T23:33:31.000+0000
0ZRWj0000006NE6OAM,01tWj00000C37jwIAB,0ZGam000000isBBGAY,2026-03-27T23:32:42.000+0000
0ZRWj0000006NGfOAM,01tWj00000C37jxIAB,0ZGam000000isBBGAY,2026-03-27T23:32:46.000+0000
0ZRWj0000006NNHOA2,01tWj00000C37jyIAB,0ZGam000000isBBGAY,2026-03-27T23:32:53.000+0000
0ZRWj0000006N0AOAU,01tWj00000C37jzIAB,0ZGam000000isBBGAY,2026-03-27T23:32:23.000+0000
0ZRWj0000006NQLOA2,01tWj00000C37k0IAB,0ZGam000000isBBGAY,2026-03-27T23:32:57.000+0000
0ZRWj0000006NGVOA2,01tWj00000C37k1IAB,0ZGam000000isBBGAY,2026-03-27T23:32:46.000+0000
0ZRWj0000006Nd7OAE,01tWj00000C37k2IAB,0ZGam000000isBBGAY,2026-03-27T23:33:12.000+0000
0ZRWj0000006NfxOAE,01tWj00000C37k3IAB,0ZGam000000isBBGAY,2026-03-27T23:33:12.000+0000
0ZRWj0000006Kf6OAE,01tWj00000C37k4IAB,0ZGam000000itATGAY,2026-03-27T20:41:20.000+0000
0ZRWj0000006KbsOAE,01tWj00000C37k4IAB,0ZGam000000isBBGAY,2026-03-27T20:40:58.000+0000
0ZRWj0000006KbtOAE,01tWj00000C37k5IAB,0ZGam000000isBBGAY,2026-03-27T20:40:58.000+0000
0ZRWj0000006Kf7OAE,01tWj00000C37k5IAB,0ZGam000000itATGAY,2026-03-27T20:41:20.000+0000
0ZRWj0000006KbuOAE,01tWj00000C37k6IAB,0ZGam000000isBBGAY,2026-03-27T20:40:58.000+0000
0ZRWj0000006Kf8OAE,01tWj00000C37k6IAB,0ZGam000000itATGAY,2026-03-27T20:41:20.000+0000
0ZRWj0000006KlDOAU,01tWj00000C37k7IAB,0ZGam000000isBBGAY,2026-03-27T20:43:37.000+0000
0ZRWj0000006KhzOAE,01tWj00000C37k7IAB,0ZGam000000itATGAY,2026-03-27T20:43:17.000+0000
0ZRWj0000006Ki0OAE,01tWj00000C37k8IAB,0ZGam000000itATGAY,2026-03-27T20:43:17.000+0000
0ZRWj0000006KlEOAU,01tWj00000C37k8IAB,0ZGam000000isBBGAY,2026-03-27T20:43:37.000+0000
0ZRWj0000006KofOAE,01tWj00000C37k9IAB,0ZGam000000itATGAY,2026-03-27T20:44:12.000+0000
0ZRWj0000006KrtOAE,01tWj00000C37k9IAB,0ZGam000000isBBGAY,2026-03-27T20:44:27.000+0000
0ZRWj0000006KogOAE,01tWj00000C37kAIAR,0ZGam000000itATGAY,2026-03-27T20:44:12.000+0000
0ZRWj0000006KruOAE,01tWj00000C37kAIAR,0ZGam000000isBBGAY,2026-03-27T20:44:27.000+0000
0ZRWj0000006Kv7OAE,01tWj00000C37kBIAR,0ZGam000000isBBGAY,2026-03-27T21:04:22.000+0000
0ZRWj0000006KyLOAU,01tWj00000C37kBIAR,0ZGam000000itATGAY,2026-03-27T21:04:37.000+0000
0ZRWj0000006Kv8OAE,01tWj00000C37kCIAR,0ZGam000000isBBGAY,2026-03-27T21:04:22.000+0000
0ZRWj0000006KyMOAU,01tWj00000C37kCIAR,0ZGam000000itATGAY,2026-03-27T21:04:37.000+0000
0ZRWj0000006L4SOAU,01tWj00000C37kDIAR,0ZGam000000itATGAY,2026-03-27T21:05:44.000+0000
0ZRWj0000006L1EOAU,01tWj00000C37kDIAR,0ZGam000000isBBGAY,2026-03-27T21:05:29.000+0000
0ZRWj0000006L4TOAU,01tWj00000C37kEIAR,0ZGam000000itATGAY,2026-03-27T21:05:44.000+0000
0ZRWj0000006L1FOAU,01tWj00000C37kEIAR,0ZGam000000isBBGAY,2026-03-27T21:05:29.000+0000
0ZRWj0000006L83OAE,01tWj00000C37kFIAR,0ZGam000000itATGAY,2026-03-27T21:06:18.000+0000
0ZRWj0000006LBHOA2,01tWj00000C37kFIAR,0ZGam000000isBBGAY,2026-03-27T21:06:35.000+0000
0ZRWj0000006L84OAE,01tWj00000C37kGIAR,0ZGam000000itATGAY,2026-03-27T21:06:18.000+0000
0ZRWj0000006LBIOA2,01tWj00000C37kGIAR,0ZGam000000isBBGAY,2026-03-27T21:06:35.000+0000
0ZRWj0000006Nn5OAE,01tWj00000C37kHIAR,0ZGam000000isBBGAY,2026-03-27T23:33:23.000+0000
0ZRWj0000006NNSOA2,01tWj00000C37kIIAR,0ZGam000000isBBGAY,2026-03-27T23:32:53.000+0000
0ZRWj0000006MwwOAE,01tWj00000C37kJIAR,0ZGam000000isBBGAY,2026-03-27T23:32:20.000+0000
0ZRWj0000006NSaOAM,01tWj00000C37kKIAR,0ZGam000000isBBGAY,2026-03-27T23:32:57.000+0000
0ZRWj0000006NHLOA2,01tWj00000C37kLIAR,0ZGam000000isBBGAY,2026-03-27T23:32:46.000+0000
0ZRWj0000006NHJOA2,01tWj00000C37kMIAR,0ZGam000000isBBGAY,2026-03-27T23:32:46.000+0000
0ZRWj0000006No0OAE,01tWj00000C37kNIAR,0ZGam000000isBBGAY,2026-03-27T23:33:23.000+0000
0ZRWj0000006NQ8OAM,01tWj00000C37kOIAR,0ZGam000000isBBGAY,2026-03-27T23:32:53.000+0000
0ZRWj0000006Mz0OAE,01tWj00000C37kPIAR,0ZGam000000isBBGAY,2026-03-27T23:32:23.000+0000
0ZRWj0000006MeMOAU,01tWj00000C37kQIAR,0ZGam000000isBBGAY,2026-03-27T23:32:01.000+0000
0ZRWj0000006NExOAM,01tWj00000C37kRIAR,0ZGam000000isBBGAY,2026-03-27T23:32:42.000+0000
0ZRWj0000006NXYOA2,01tWj00000C37kSIAR,0ZGam000000isBBGAY,2026-03-27T23:33:04.000+0000
0ZRWj0000006NObOAM,01tWj00000C37kTIAR,0ZGam000000isBBGAY,2026-03-27T23:32:53.000+0000
0ZRWj0000006NMlOAM,01tWj00000C37kUIAR,0ZGam000000isBBGAY,2026-03-27T23:32:50.000+0000
0ZRWj0000006N8yOAE,01tWj00000C37kVIAR,0ZGam000000isBBGAY,2026-03-27T23:32:34.000+0000
0ZRWj0000006NeNOAU,01tWj00000C37kWIAR,0ZGam000000isBBGAY,2026-03-27T23:33:12.000+0000
0ZRWj0000006NqiOAE,01tWj00000C37kXIAR,0ZGam000000isBBGAY,2026-03-27T23:33:27.000+0000
0ZRWj0000006NETOA2,01tWj00000C37kYIAR,0ZGam000000isBBGAY,2026-03-27T23:32:42.000+0000
0ZRWj0000006MeWOAU,01tWj00000C37kZIAR,0ZGam000000isBBGAY,2026-03-27T23:32:01.000+0000
0ZRWj0000006NvNOAU,01tWj00000C37kaIAB,0ZGam000000isBBGAY,2026-03-27T23:33:31.000+0000
0ZRWj0000006NaWOAU,01tWj00000C37kbIAB,0ZGam000000isBBGAY,2026-03-27T23:33:08.000+0000
0ZRWj0000006NCDOA2,01tWj00000C37kcIAB,0ZGam000000isBBGAY,2026-03-27T23:32:38.000+0000
0ZRWj0000006Nb2OAE,01tWj00000C37kdIAB,0ZGam000000isBBGAY,2026-03-27T23:33:08.000+0000
0ZRWj0000006Nl8OAE,01tWj00000C37keIAB,0ZGam000000isBBGAY,2026-03-27T23:33:20.000+0000
0ZRWj0000006NGaOAM,01tWj00000C37kfIAB,0ZGam000000isBBGAY,2026-03-27T23:32:46.000+0000
0ZRWj0000006MdnOAE,01tWj00000C37kgIAB,0ZGam000000isBBGAY,2026-03-27T23:32:01.000+0000
0ZRWj0000006NwOOAU,01tWj00000C37khIAB,0ZGam000000isBBGAY,2026-03-27T23:33:31.000+0000
0ZRWj0000006NOGOA2,01tWj00000C37kiIAB,0ZGam000000isBBGAY,2026-03-27T23:32:53.000+0000
0ZRWj0000006N9fOAE,01tWj00000C37kjIAB,0ZGam000000isBBGAY,2026-03-27T23:32:34.000+0000
0ZRWj0000006NTYOA2,01tWj00000C37kkIAB,0ZGam000000isBBGAY,2026-03-27T23:33:01.000+0000
0ZRWj0000006N5zOAE,01tWj00000C37klIAB,0ZGam000000isBBGAY,2026-03-27T23:32:31.000+0000
0ZRWj0000006Ns0OAE,01tWj00000C37kmIAB,0ZGam000000isBBGAY,2026-03-27T23:33:27.000+0000
0ZRWj0000006NK1OAM,01tWj00000C37knIAB,0ZGam000000isBBGAY,2026-03-27T23:32:50.000+0000
0ZRWj0000006Nm3OAE,01tWj00000C37koIAB,0ZGam000000isBBGAY,2026-03-27T23:33:20.000+0000
0ZRWj0000006MrIOAU,01tWj00000C37kpIAB,0ZGam000000isBBGAY,2026-03-27T23:32:15.000+0000
0ZRWj0000006MwTOAU,01tWj00000C37kqIAB,0ZGam000000isBBGAY,2026-03-27T23:32:20.000+0000
0ZRWj0000006KbvOAE,01tWj00000C37krIAB,0ZGam000000isBBGAY,2026-03-27T20:40:58.000+0000
0ZRWj0000006Kf9OAE,01tWj00000C37krIAB,0ZGam000000itATGAY,2026-03-27T20:41:20.000+0000
0ZRWj0000006KfAOAU,01tWj00000C37ksIAB,0ZGam000000itATGAY,2026-03-27T20:41:20.000+0000
0ZRWj0000006KbwOAE,01tWj00000C37ksIAB,0ZGam000000isBBGAY,2026-03-27T20:40:58.000+0000
0ZRWj0000006KfBOAU,01tWj00000C37ktIAB,0ZGam000000itATGAY,2026-03-27T20:41:20.000+0000
0ZRWj0000006KbxOAE,01tWj00000C37ktIAB,0ZGam000000isBBGAY,2026-03-27T20:40:58.000+0000
0ZRWj0000006KlFOAU,01tWj00000C37kuIAB,0ZGam000000isBBGAY,2026-03-27T20:43:37.000+0000
0ZRWj0000006Ki1OAE,01tWj00000C37kuIAB,0ZGam000000itATGAY,2026-03-27T20:43:17.000+0000
0ZRWj0000006Ki2OAE,01tWj00000C37kvIAB,0ZGam000000itATGAY,2026-03-27T20:43:17.000+0000
0ZRWj0000006KlGOAU,01tWj00000C37kvIAB,0ZGam000000isBBGAY,2026-03-27T20:43:37.000+0000
0ZRWj0000006KohOAE,01tWj00000C37kwIAB,0ZGam000000itATGAY,2026-03-27T20:44:12.000+0000
0ZRWj0000006KrvOAE,01tWj00000C37kwIAB,0ZGam000000isBBGAY,2026-03-27T20:44:27.000+0000
0ZRWj0000006KrwOAE,01tWj00000C37kxIAB,0ZGam000000isBBGAY,2026-03-27T20:44:27.000+0000
0ZRWj0000006KoiOAE,01tWj00000C37kxIAB,0ZGam000000itATGAY,2026-03-27T20:44:12.000+0000
0ZRWj0000006KyNOAU,01tWj00000C37kyIAB,0ZGam000000itATGAY,2026-03-27T21:04:37.000+0000
0ZRWj0000006Kv9OAE,01tWj00000C37kyIAB,0ZGam000000isBBGAY,2026-03-27T21:04:22.000+0000
0ZRWj0000006KvAOAU,01tWj00000C37kzIAB,0ZGam000000isBBGAY,2026-03-27T21:04:22.000+0000
0ZRWj0000006KyOOAU,01tWj00000C37kzIAB,0ZGam000000itATGAY,2026-03-27T21:04:37.000+0000
0ZRWj0000006L4UOAU,01tWj00000C37l0IAB,0ZGam000000itATGAY,2026-03-27T21:05:44.000+0000
0ZRWj0000006L1GOAU,01tWj00000C37l0IAB,0ZGam000000isBBGAY,2026-03-27T21:05:29.000+0000
0ZRWj0000006L1HOAU,01tWj00000C37l1IAB,0ZGam000000isBBGAY,2026-03-27T21:05:29.000+0000
0ZRWj0000006L4VOAU,01tWj00000C37l1IAB,0ZGam000000itATGAY,2026-03-27T21:05:44.000+0000
0ZRWj0000006L85OAE,01tWj00000C37l2IAB,0ZGam000000itATGAY,2026-03-27T21:06:18.000+0000
0ZRWj0000006LBJOA2,01tWj00000C37l2IAB,0ZGam000000isBBGAY,2026-03-27T21:06:35.000+0000
0ZRWj0000006LBKOA2,01tWj00000C37l3IAB,0ZGam000000isBBGAY,2026-03-27T21:06:35.000+0000
0ZRWj0000006L86OAE,01tWj00000C37l3IAB,0ZGam000000itATGAY,2026-03-27T21:06:18.000+0000
0ZRWj0000006Mp2OAE,01tWj00000C37l4IAB,0ZGam000000isBBGAY,2026-03-27T23:32:12.000+0000
0ZRWj0000006NijOAE,01tWj00000C37l5IAB,0ZGam000000isBBGAY,2026-03-27T23:33:16.000+0000
0ZRWj0000006NjJOAU,01tWj00000C37l6IAB,0ZGam000000isBBGAY,2026-03-27T23:33:16.000+0000
0ZRWj0000006MoPOAU,01tWj00000C37l7IAB,0ZGam000000isBBGAY,2026-03-27T23:32:12.000+0000
0ZRWj0000006N2fOAE,01tWj00000C37l8IAB,0ZGam000000isBBGAY,2026-03-27T23:32:27.000+0000
0ZRWj0000006NYPOA2,01tWj00000C37l9IAB,0ZGam000000isBBGAY,2026-03-27T23:33:04.000+0000
0ZRWj0000006MmWOAU,01tWj00000C37lAIAR,0ZGam000000isBBGAY,2026-03-27T23:32:08.000+0000
0ZRWj0000006NPbOAM,01tWj00000C37lBIAR,0ZGam000000isBBGAY,2026-03-27T23:32:53.000+0000
0ZRWj0000006NmSOAU,01tWj00000C37lCIAR,0ZGam000000isBBGAY,2026-03-27T23:33:20.000+0000
0ZRWj0000006MklOAE,01tWj00000C37lDIAR,0ZGam000000isBBGAY,2026-03-27T23:32:08.000+0000
0ZRWj0000006NTeOAM,01tWj00000C37lEIAR,0ZGam000000isBBGAY,2026-03-27T23:33:01.000+0000
0ZRWj0000006NF3OAM,01tWj00000C37lFIAR,0ZGam000000isBBGAY,2026-03-27T23:32:42.000+0000
0ZRWj0000006NJTOA2,01tWj00000C37lGIAR,0ZGam000000isBBGAY,2026-03-27T23:32:46.000+0000
0ZRWj0000006NmmOAE,01tWj00000C37lHIAR,0ZGam000000isBBGAY,2026-03-27T23:33:23.000+0000
0ZRWj0000006MqjOAE,01tWj00000C37lIIAR,0ZGam000000isBBGAY,2026-03-27T23:32:15.000+0000
0ZRWj0000006NBlOAM,01tWj00000C37lJIAR,0ZGam000000isBBGAY,2026-03-27T23:32:38.000+0000
0ZRWj0000006NHvOAM,01tWj00000C37lKIAR,0ZGam000000isBBGAY,2026-03-27T23:32:46.000+0000
0ZRWj0000006MobOAE,01tWj00000C37lLIAR,0ZGam000000isBBGAY,2026-03-27T23:32:12.000+0000
0ZRWj0000006NBLOA2,01tWj00000C37lMIAR,0ZGam000000isBBGAY,2026-03-27T23:32:38.000+0000
0ZRWj0000006MelOAE,01tWj00000C37lNIAR,0ZGam000000isBBGAY,2026-03-27T23:32:01.000+0000
0ZRWj0000006MoMOAU,01tWj00000C37lOIAR,0ZGam000000isBBGAY,2026-03-27T23:32:12.000+0000
0ZRWj0000006NAIOA2,01tWj00000C37lPIAR,0ZGam000000isBBGAY,2026-03-27T23:32:38.000+0000
0ZRWj0000006MssOAE,01tWj00000C37lQIAR,0ZGam000000isBBGAY,2026-03-27T23:32:15.000+0000
0ZRWj0000006MpUOAU,01tWj00000C37lRIAR,0ZGam000000isBBGAY,2026-03-27T23:32:12.000+0000
0ZRWj0000006NfDOAU,01tWj00000C37lSIAR,0ZGam000000isBBGAY,2026-03-27T23:33:12.000+0000
0ZRWj0000006N4NOAU,01tWj00000C37lTIAR,0ZGam000000isBBGAY,2026-03-27T23:32:31.000+0000
0ZRWj0000006MsTOAU,01tWj00000C37lUIAR,0ZGam000000isBBGAY,2026-03-27T23:32:15.000+0000
0ZRWj0000006MrnOAE,01tWj00000C37lVIAR,0ZGam000000isBBGAY,2026-03-27T23:32:15.000+0000
0ZRWj0000006NRSOA2,01tWj00000C37lWIAR,0ZGam000000isBBGAY,2026-03-27T23:32:57.000+0000
0ZRWj0000006NDaOAM,01tWj00000C37lXIAR,0ZGam000000isBBGAY,2026-03-27T23:32:42.000+0000
0ZRWj0000006NBiOAM,01tWj00000C37lYIAR,0ZGam000000isBBGAY,2026-03-27T23:32:38.000+0000
0ZRWj0000006MvVOAU,01tWj00000C37lZIAR,0ZGam000000isBBGAY,2026-03-27T23:32:20.000+0000
0ZRWj0000006N6jOAE,01tWj00000C37laIAB,0ZGam000000isBBGAY,2026-03-27T23:32:31.000+0000
0ZRWj0000006Nf9OAE,01tWj00000C37lbIAB,0ZGam000000isBBGAY,2026-03-27T23:33:12.000+0000
0ZRWj0000006NZIOA2,01tWj00000C37lcIAB,0ZGam000000isBBGAY,2026-03-27T23:33:04.000+0000
0ZRWj0000006Nd8OAE,01tWj00000C37ldIAB,0ZGam000000isBBGAY,2026-03-27T23:33:12.000+0000
0ZRWj0000006KbyOAE,01tWj00000C37leIAB,0ZGam000000isBBGAY,2026-03-27T20:40:58.000+0000
0ZRWj0000006KfCOAU,01tWj00000C37leIAB,0ZGam000000itATGAY,2026-03-27T20:41:20.000+0000
0ZRWj0000006KfDOAU,01tWj00000C37lfIAB,0ZGam000000itATGAY,2026-03-27T20:41:20.000+0000
0ZRWj0000006KbzOAE,01tWj00000C37lfIAB,0ZGam000000isBBGAY,2026-03-27T20:40:58.000+0000
0ZRWj0000006Kc0OAE,01tWj00000C37lgIAB,0ZGam000000isBBGAY,2026-03-27T20:40:58.000+0000
0ZRWj0000006KfEOAU,01tWj00000C37lgIAB,0ZGam000000itATGAY,2026-03-27T20:41:20.000+0000
0ZRWj0000006KlHOAU,01tWj00000C37lhIAB,0ZGam000000isBBGAY,2026-03-27T20:43:37.000+0000
0ZRWj0000006Ki3OAE,01tWj00000C37lhIAB,0ZGam000000itATGAY,2026-03-27T20:43:17.000+0000
0ZRWj0000006KlIOAU,01tWj00000C37liIAB,0ZGam000000isBBGAY,2026-03-27T20:43:37.000+0000
0ZRWj0000006Ki4OAE,01tWj00000C37liIAB,0ZGam000000itATGAY,2026-03-27T20:43:17.000+0000
0ZRWj0000006KojOAE,01tWj00000C37ljIAB,0ZGam000000itATGAY,2026-03-27T20:44:12.000+0000
0ZRWj0000006KrxOAE,01tWj00000C37ljIAB,0ZGam000000isBBGAY,2026-03-27T20:44:27.000+0000
0ZRWj0000006KokOAE,01tWj00000C37lkIAB,0ZGam000000itATGAY,2026-03-27T20:44:12.000+0000
0ZRWj0000006KryOAE,01tWj00000C37lkIAB,0ZGam000000isBBGAY,2026-03-27T20:44:27.000+0000
0ZRWj0000006KyPOAU,01tWj00000C37llIAB,0ZGam000000itATGAY,2026-03-27T21:04:37.000+0000
0ZRWj0000006KvBOAU,01tWj00000C37llIAB,0ZGam000000isBBGAY,2026-03-27T21:04:22.000+0000
0ZRWj0000006KyQOAU,01tWj00000C37lmIAB,0ZGam000000itATGAY,2026-03-27T21:04:37.000+0000
0ZRWj0000006KvCOAU,01tWj00000C37lmIAB,0ZGam000000isBBGAY,2026-03-27T21:04:22.000+0000
0ZRWj0000006L1IOAU,01tWj00000C37lnIAB,0ZGam000000isBBGAY,2026-03-27T21:05:29.000+0000
0ZRWj0000006L4WOAU,01tWj00000C37lnIAB,0ZGam000000itATGAY,2026-03-27T21:05:44.000+0000
0ZRWj0000006L1JOAU,01tWj00000C37loIAB,0ZGam000000isBBGAY,2026-03-27T21:05:29.000+0000
0ZRWj0000006L4XOAU,01tWj00000C37loIAB,0ZGam000000itATGAY,2026-03-27T21:05:44.000+0000
0ZRWj0000006L87OAE,01tWj00000C37lpIAB,0ZGam000000itATGAY,2026-03-27T21:06:18.000+0000
0ZRWj0000006LBLOA2,01tWj00000C37lpIAB,0ZGam000000isBBGAY,2026-03-27T21:06:35.000+0000
0ZRWj0000006LBMOA2,01tWj00000C37lqIAB,0ZGam000000isBBGAY,2026-03-27T21:06:35.000+0000
0ZRWj0000006L88OAE,01tWj00000C37lqIAB,0ZGam000000itATGAY,2026-03-27T21:06:18.000+0000
0ZRWj0000006NeSOAU,01tWj00000C37lrIAB,0ZGam000000isBBGAY,2026-03-27T23:33:12.000+0000
0ZRWj0000006N5AOAU,01tWj00000C37lsIAB,0ZGam000000isBBGAY,2026-03-27T23:32:31.000+0000
0ZRWj0000006NdHOAU,01tWj00000C37ltIAB,0ZGam000000isBBGAY,2026-03-27T23:33:12.000+0000
0ZRWj0000006MjVOAU,01tWj00000C37luIAB,0ZGam000000isBBGAY,2026-03-27T23:32:04.000+0000
0ZRWj0000006NEAOA2,01tWj00000C37lvIAB,0ZGam000000isBBGAY,2026-03-27T23:32:42.000+0000
0ZRWj0000006NetOAE,01tWj00000C37lwIAB,0ZGam000000isBBGAY,2026-03-27T23:33:12.000+0000
0ZRWj0000006NuHOAU,01tWj00000C37lxIAB,0ZGam000000isBBGAY,2026-03-27T23:33:31.000+0000
0ZRWj0000006MvkOAE,01tWj00000C37lyIAB,0ZGam000000isBBGAY,2026-03-27T23:32:20.000+0000
0ZRWj0000006MhEOAU,01tWj00000C37lzIAB,0ZGam000000isBBGAY,2026-03-27T23:32:04.000+0000
0ZRWj0000006NA2OAM,01tWj00000C37m0IAB,0ZGam000000isBBGAY,2026-03-27T23:32:38.000+0000
0ZRWj0000006NFYOA2,01tWj00000C37m1IAB,0ZGam000000isBBGAY,2026-03-27T23:32:42.000+0000
0ZRWj0000006MrFOAU,01tWj00000C37m2IAB,0ZGam000000isBBGAY,2026-03-27T23:32:15.000+0000
0ZRWj0000006NSFOA2,01tWj00000C37m3IAB,0ZGam000000isBBGAY,2026-03-27T23:32:57.000+0000
0ZRWj0000006NECOA2,01tWj00000C37m4IAB,0ZGam000000isBBGAY,2026-03-27T23:32:42.000+0000
0ZRWj0000006MbiOAE,01tWj00000C37m5IAB,0ZGam000000isBBGAY,2026-03-27T23:31:57.000+0000
0ZRWj0000006NBdOAM,01tWj00000C37m6IAB,0ZGam000000isBBGAY,2026-03-27T23:32:38.000+0000
0ZRWj0000006NfNOAU,01tWj00000C37m7IAB,0ZGam000000isBBGAY,2026-03-27T23:33:12.000+0000
0ZRWj0000006MavOAE,01tWj00000C37m8IAB,0ZGam000000isBBGAY,2026-03-27T23:31:57.000+0000
0ZRWj0000006MugOAE,01tWj00000C37m9IAB,0ZGam000000isBBGAY,2026-03-27T23:32:20.000+0000
0ZRWj0000006NIcOAM,01tWj00000C37mAIAR,0ZGam000000isBBGAY,2026-03-27T23:32:46.000+0000
0ZRWj0000006Mu4OAE,01tWj00000C37mBIAR,0ZGam000000isBBGAY,2026-03-27T23:32:20.000+0000
0ZRWj0000006NQfOAM,01tWj00000C37mCIAR,0ZGam000000isBBGAY,2026-03-27T23:32:57.000+0000
0ZRWj0000006N2bOAE,01tWj00000C37mDIAR,0ZGam000000isBBGAY,2026-03-27T23:32:27.000+0000
0ZRWj0000006N0rOAE,01tWj00000C37mEIAR,0ZGam000000isBBGAY,2026-03-27T23:32:27.000+0000
0ZRWj0000006MiuOAE,01tWj00000C37mFIAR,0ZGam000000isBBGAY,2026-03-27T23:32:04.000+0000
0ZRWj0000006N8YOAU,01tWj00000C37mGIAR,0ZGam000000isBBGAY,2026-03-27T23:32:34.000+0000
0ZRWj0000006NENOA2,01tWj00000C37mHIAR,0ZGam000000isBBGAY,2026-03-27T23:32:42.000+0000
0ZRWj0000006NiJOAU,01tWj00000C37mIIAR,0ZGam000000isBBGAY,2026-03-27T23:33:16.000+0000
0ZRWj0000006NgfOAE,01tWj00000C37mJIAR,0ZGam000000isBBGAY,2026-03-27T23:33:16.000+0000
0ZRWj0000006NbPOAU,01tWj00000C37mKIAR,0ZGam000000isBBGAY,2026-03-27T23:33:08.000+0000
0ZRWj0000006NcJOAU,01tWj00000C37mLIAR,0ZGam000000isBBGAY,2026-03-27T23:33:08.000+0000
0ZRWj0000006MoROAU,01tWj00000C37mMIAR,0ZGam000000isBBGAY,2026-03-27T23:32:12.000+0000
0ZRWj0000006NPlOAM,01tWj00000C37mNIAR,0ZGam000000isBBGAY,2026-03-27T23:32:53.000+0000
0ZRWj0000006NlfOAE,01tWj00000C37mOIAR,0ZGam000000isBBGAY,2026-03-27T23:33:20.000+0000
0ZRWj0000006MsVOAU,01tWj00000C37mPIAR,0ZGam000000isBBGAY,2026-03-27T23:32:15.000+0000
0ZRWj0000006NevOAE,01tWj00000C37mQIAR,0ZGam000000isBBGAY,2026-03-27T23:33:12.000+0000
0ZRWj0000006KfFOAU,01tWj00000C37mRIAR,0ZGam000000itATGAY,2026-03-27T20:41:20.000+0000
0ZRWj0000006Kc1OAE,01tWj00000C37mRIAR,0ZGam000000isBBGAY,2026-03-27T20:40:58.000+0000
0ZRWj0000006KfGOAU,01tWj00000C37mSIAR,0ZGam000000itATGAY,2026-03-27T20:41:20.000+0000
0ZRWj0000006Kc2OAE,01tWj00000C37mSIAR,0ZGam000000isBBGAY,2026-03-27T20:40:58.000+0000
0ZRWj0000006Kc3OAE,01tWj00000C37mTIAR,0ZGam000000isBBGAY,2026-03-27T20:40:58.000+0000
0ZRWj0000006KfHOAU,01tWj00000C37mTIAR,0ZGam000000itATGAY,2026-03-27T20:41:20.000+0000
0ZRWj0000006Ki5OAE,01tWj00000C37mUIAR,0ZGam000000itATGAY,2026-03-27T20:43:17.000+0000
0ZRWj0000006KlJOAU,01tWj00000C37mUIAR,0ZGam000000isBBGAY,2026-03-27T20:43:37.000+0000
0ZRWj0000006Ki6OAE,01tWj00000C37mVIAR,0ZGam000000itATGAY,2026-03-27T20:43:17.000+0000
0ZRWj0000006KlKOAU,01tWj00000C37mVIAR,0ZGam000000isBBGAY,2026-03-27T20:43:37.000+0000
0ZRWj0000006KrzOAE,01tWj00000C37mWIAR,0ZGam000000isBBGAY,2026-03-27T20:44:27.000+0000
0ZRWj0000006KolOAE,01tWj00000C37mWIAR,0ZGam000000itATGAY,2026-03-27T20:44:12.000+0000
0ZRWj0000006Ks0OAE,01tWj00000C37mXIAR,0ZGam000000isBBGAY,2026-03-27T20:44:27.000+0000
0ZRWj0000006KomOAE,01tWj00000C37mXIAR,0ZGam000000itATGAY,2026-03-27T20:44:12.000+0000
0ZRWj0000006KyROAU,01tWj00000C37mYIAR,0ZGam000000itATGAY,2026-03-27T21:04:37.000+0000
0ZRWj0000006KvDOAU,01tWj00000C37mYIAR,0ZGam000000isBBGAY,2026-03-27T21:04:22.000+0000
0ZRWj0000006KvEOAU,01tWj00000C37mZIAR,0ZGam000000isBBGAY,2026-03-27T21:04:22.000+0000
0ZRWj0000006KySOAU,01tWj00000C37mZIAR,0ZGam000000itATGAY,2026-03-27T21:04:37.000+0000
0ZRWj0000006L1KOAU,01tWj00000C37maIAB,0ZGam000000isBBGAY,2026-03-27T21:05:29.000+0000
0ZRWj0000006L4YOAU,01tWj00000C37maIAB,0ZGam000000itATGAY,2026-03-27T21:05:44.000+0000
0ZRWj0000006L1LOAU,01tWj00000C37mbIAB,0ZGam000000isBBGAY,2026-03-27T21:05:29.000+0000
0ZRWj0000006L4ZOAU,01tWj00000C37mbIAB,0ZGam000000itATGAY,2026-03-27T21:05:44.000+0000
0ZRWj0000006LBNOA2,01tWj00000C37mcIAB,0ZGam000000isBBGAY,2026-03-27T21:06:35.000+0000
0ZRWj0000006L89OAE,01tWj00000C37mcIAB,0ZGam000000itATGAY,2026-03-27T21:06:18.000+0000
0ZRWj0000006L8AOAU,01tWj00000C37mdIAB,0ZGam000000itATGAY,2026-03-27T21:06:18.000+0000
0ZRWj0000006LBOOA2,01tWj00000C37mdIAB,0ZGam000000isBBGAY,2026-03-27T21:06:35.000+0000
0ZRWj0000006NDZOA2,01tWj00000C37meIAB,0ZGam000000isBBGAY,2026-03-27T23:32:42.000+0000
0ZRWj0000006My2OAE,01tWj00000C37mfIAB,0ZGam000000isBBGAY,2026-03-27T23:32:23.000+0000
0ZRWj0000006NW5OAM,01tWj00000C37mgIAB,0ZGam000000isBBGAY,2026-03-27T23:33:01.000+0000
0ZRWj0000006NTKOA2,01tWj00000C37mhIAB,0ZGam000000isBBGAY,2026-03-27T23:32:57.000+0000
0ZRWj0000006MbBOAU,01tWj00000C37miIAB,0ZGam000000isBBGAY,2026-03-27T23:31:57.000+0000
0ZRWj0000006N8fOAE,01tWj00000C37mjIAB,0ZGam000000isBBGAY,2026-03-27T23:32:34.000+0000
0ZRWj0000006NY2OAM,01tWj00000C37mkIAB,0ZGam000000isBBGAY,2026-03-27T23:33:04.000+0000
0ZRWj0000006NOJOA2,01tWj00000C37mlIAB,0ZGam000000isBBGAY,2026-03-27T23:32:53.000+0000
0ZRWj0000006N4GOAU,01tWj00000C37mmIAB,0ZGam000000isBBGAY,2026-03-27T23:32:31.000+0000
0ZRWj0000006NqrOAE,01tWj00000C37mnIAB,0ZGam000000isBBGAY,2026-03-27T23:33:27.000+0000
0ZRWj0000006NaZOAU,01tWj00000C37moIAB,0ZGam000000isBBGAY,2026-03-27T23:33:08.000+0000
0ZRWj0000006NhoOAE,01tWj00000C37mpIAB,0ZGam000000isBBGAY,2026-03-27T23:33:16.000+0000
0ZRWj0000006MgsOAE,01tWj00000C37mqIAB,0ZGam000000isBBGAY,2026-03-27T23:32:01.000+0000
0ZRWj0000006NugOAE,01tWj00000C37mrIAB,0ZGam000000isBBGAY,2026-03-27T23:33:31.000+0000
0ZRWj0000006MyCOAU,01tWj00000C37msIAB,0ZGam000000isBBGAY,2026-03-27T23:32:23.000+0000
0ZRWj0000006MyJOAU,01tWj00000C37mtIAB,0ZGam000000isBBGAY,2026-03-27T23:32:23.000+0000
0ZRWj0000006NZxOAM,01tWj00000C37muIAB,0ZGam000000isBBGAY,2026-03-27T23:33:08.000+0000
0ZRWj0000006NsLOAU,01tWj00000C37mvIAB,0ZGam000000isBBGAY,2026-03-27T23:33:27.000+0000
0ZRWj0000006NeEOAU,01tWj00000C37mwIAB,0ZGam000000isBBGAY,2026-03-27T23:33:12.000+0000
0ZRWj0000006NQdOAM,01tWj00000C37mxIAB,0ZGam000000isBBGAY,2026-03-27T23:32:57.000+0000
0ZRWj0000006MzDOAU,01tWj00000C37myIAB,0ZGam000000isBBGAY,2026-03-27T23:32:23.000+0000
0ZRWj0000006NISOA2,01tWj00000C37mzIAB,0ZGam000000isBBGAY,2026-03-27T23:32:46.000+0000
0ZRWj0000006NlrOAE,01tWj00000C37n0IAB,0ZGam000000isBBGAY,2026-03-27T23:33:20.000+0000
0ZRWj0000006NhSOAU,01tWj00000C37n1IAB,0ZGam000000isBBGAY,2026-03-27T23:33:16.000+0000
0ZRWj0000006NQiOAM,01tWj00000C37n2IAB,0ZGam000000isBBGAY,2026-03-27T23:32:57.000+0000
0ZRWj0000006MreOAE,01tWj00000C37n3IAB,0ZGam000000isBBGAY,2026-03-27T23:32:15.000+0000
0ZRWj0000006NdJOAU,01tWj00000C37n4IAB,0ZGam000000isBBGAY,2026-03-27T23:33:12.000+0000
0ZRWj0000006MpCOAU,01tWj00000C37n5IAB,0ZGam000000isBBGAY,2026-03-27T23:32:12.000+0000
0ZRWj0000006NBOOA2,01tWj00000C37n6IAB,0ZGam000000isBBGAY,2026-03-27T23:32:38.000+0000
0ZRWj0000006MpJOAU,01tWj00000C37n7IAB,0ZGam000000isBBGAY,2026-03-27T23:32:12.000+0000
0ZRWj0000006MdlOAE,01tWj00000C37n8IAB,0ZGam000000isBBGAY,2026-03-27T23:32:01.000+0000
0ZRWj0000006N4gOAE,01tWj00000C37n9IAB,0ZGam000000isBBGAY,2026-03-27T23:32:31.000+0000
0ZRWj0000006NceOAE,01tWj00000C37nAIAR,0ZGam000000isBBGAY,2026-03-27T23:33:08.000+0000
0ZRWj0000006NlgOAE,01tWj00000C37nBIAR,0ZGam000000isBBGAY,2026-03-27T23:33:20.000+0000
0ZRWj0000006NDpOAM,01tWj00000C37nCIAR,0ZGam000000isBBGAY,2026-03-27T23:32:42.000+0000
0ZRWj0000006NjMOAU,01tWj00000C37nDIAR,0ZGam000000isBBGAY,2026-03-27T23:33:16.000+0000
0ZRWj0000006KfIOAU,01tWj00000C37nEIAR,0ZGam000000itATGAY,2026-03-27T20:41:20.000+0000
0ZRWj0000006Kc4OAE,01tWj00000C37nEIAR,0ZGam000000isBBGAY,2026-03-27T20:40:58.000+0000
0ZRWj0000006KfJOAU,01tWj00000C37nFIAR,0ZGam000000itATGAY,2026-03-27T20:41:20.000+0000
0ZRWj0000006Kc5OAE,01tWj00000C37nFIAR,0ZGam000000isBBGAY,2026-03-27T20:40:58.000+0000
0ZRWj0000006KfKOAU,01tWj00000C37nGIAR,0ZGam000000itATGAY,2026-03-27T20:41:20.000+0000
0ZRWj0000006Kc6OAE,01tWj00000C37nGIAR,0ZGam000000isBBGAY,2026-03-27T20:40:58.000+0000
0ZRWj0000006KlLOAU,01tWj00000C37nHIAR,0ZGam000000isBBGAY,2026-03-27T20:43:37.000+0000
0ZRWj0000006Ki7OAE,01tWj00000C37nHIAR,0ZGam000000itATGAY,2026-03-27T20:43:17.000+0000
0ZRWj0000006KlMOAU,01tWj00000C37nIIAR,0ZGam000000isBBGAY,2026-03-27T20:43:37.000+0000
0ZRWj0000006Ki8OAE,01tWj00000C37nIIAR,0ZGam000000itATGAY,2026-03-27T20:43:17.000+0000
0ZRWj0000006KonOAE,01tWj00000C37nJIAR,0ZGam000000itATGAY,2026-03-27T20:44:12.000+0000
0ZRWj0000006Ks1OAE,01tWj00000C37nJIAR,0ZGam000000isBBGAY,2026-03-27T20:44:27.000+0000
0ZRWj0000006KooOAE,01tWj00000C37nKIAR,0ZGam000000itATGAY,2026-03-27T20:44:12.000+0000
0ZRWj0000006Ks2OAE,01tWj00000C37nKIAR,0ZGam000000isBBGAY,2026-03-27T20:44:27.000+0000
0ZRWj0000006KvFOAU,01tWj00000C37nLIAR,0ZGam000000isBBGAY,2026-03-27T21:04:22.000+0000
0ZRWj0000006KyTOAU,01tWj00000C37nLIAR,0ZGam000000itATGAY,2026-03-27T21:04:37.000+0000
0ZRWj0000006KvGOAU,01tWj00000C37nMIAR,0ZGam000000isBBGAY,2026-03-27T21:04:22.000+0000
0ZRWj0000006KyUOAU,01tWj00000C37nMIAR,0ZGam000000itATGAY,2026-03-27T21:04:37.000+0000
0ZRWj0000006L4aOAE,01tWj00000C37nNIAR,0ZGam000000itATGAY,2026-03-27T21:05:44.000+0000
0ZRWj0000006L1MOAU,01tWj00000C37nNIAR,0ZGam000000isBBGAY,2026-03-27T21:05:29.000+0000
0ZRWj0000006L1NOAU,01tWj00000C37nOIAR,0ZGam000000isBBGAY,2026-03-27T21:05:29.000+0000
0ZRWj0000006L4bOAE,01tWj00000C37nOIAR,0ZGam000000itATGAY,2026-03-27T21:05:44.000+0000
0ZRWj0000006LBPOA2,01tWj00000C37nPIAR,0ZGam000000isBBGAY,2026-03-27T21:06:35.000+0000
0ZRWj0000006L8BOAU,01tWj00000C37nPIAR,0ZGam000000itATGAY,2026-03-27T21:06:18.000+0000
0ZRWj0000006LBQOA2,01tWj00000C37nQIAR,0ZGam000000isBBGAY,2026-03-27T21:06:35.000+0000
0ZRWj0000006L8COAU,01tWj00000C37nQIAR,0ZGam000000itATGAY,2026-03-27T21:06:18.000+0000
0ZRWj0000006NaMOAU,01tWj00000C37nRIAR,0ZGam000000isBBGAY,2026-03-27T23:33:08.000+0000
0ZRWj0000006NWgOAM,01tWj00000C37nSIAR,0ZGam000000isBBGAY,2026-03-27T23:33:04.000+0000
0ZRWj0000006MrEOAU,01tWj00000C37nTIAR,0ZGam000000isBBGAY,2026-03-27T23:32:15.000+0000
0ZRWj0000006N2uOAE,01tWj00000C37nUIAR,0ZGam000000isBBGAY,2026-03-27T23:32:27.000+0000
0ZRWj0000006MzIOAU,01tWj00000C37nVIAR,0ZGam000000isBBGAY,2026-03-27T23:32:23.000+0000
0ZRWj0000006MjIOAU,01tWj00000C37nWIAR,0ZGam000000isBBGAY,2026-03-27T23:32:04.000+0000
0ZRWj0000006MfwOAE,01tWj00000C37nXIAR,0ZGam000000isBBGAY,2026-03-27T23:32:01.000+0000
0ZRWj0000006N2KOAU,01tWj00000C37nYIAR,0ZGam000000isBBGAY,2026-03-27T23:32:27.000+0000
0ZRWj0000006MedOAE,01tWj00000C37nZIAR,0ZGam000000isBBGAY,2026-03-27T23:32:01.000+0000
0ZRWj0000006McJOAU,01tWj00000C37naIAB,0ZGam000000isBBGAY,2026-03-27T23:31:57.000+0000
0ZRWj0000006NkpOAE,01tWj00000C37nbIAB,0ZGam000000isBBGAY,2026-03-27T23:33:20.000+0000
0ZRWj0000006NQcOAM,01tWj00000C37ncIAB,0ZGam000000isBBGAY,2026-03-27T23:32:57.000+0000
0ZRWj0000006MtDOAU,01tWj00000C37ndIAB,0ZGam000000isBBGAY,2026-03-27T23:32:15.000+0000
0ZRWj0000006NCFOA2,01tWj00000C37neIAB,0ZGam000000isBBGAY,2026-03-27T23:32:38.000+0000
0ZRWj0000006MkaOAE,01tWj00000C37nfIAB,0ZGam000000isBBGAY,2026-03-27T23:32:08.000+0000
0ZRWj0000006NSGOA2,01tWj00000C37ngIAB,0ZGam000000isBBGAY,2026-03-27T23:32:57.000+0000
0ZRWj0000006NUlOAM,01tWj00000C37nhIAB,0ZGam000000isBBGAY,2026-03-27T23:33:01.000+0000
0ZRWj0000006Mr8OAE,01tWj00000C37niIAB,0ZGam000000isBBGAY,2026-03-27T23:32:15.000+0000
0ZRWj0000006NHuOAM,01tWj00000C37njIAB,0ZGam000000isBBGAY,2026-03-27T23:32:46.000+0000
0ZRWj0000006NaBOAU,01tWj00000C37nkIAB,0ZGam000000isBBGAY,2026-03-27T23:33:08.000+0000
0ZRWj0000006NNOOA2,01tWj00000C37nlIAB,0ZGam000000isBBGAY,2026-03-27T23:32:53.000+0000
0ZRWj0000006NVFOA2,01tWj00000C37nmIAB,0ZGam000000isBBGAY,2026-03-27T23:33:01.000+0000
0ZRWj0000006NULOA2,01tWj00000C37nnIAB,0ZGam000000isBBGAY,2026-03-27T23:33:01.000+0000
0ZRWj0000006NXFOA2,01tWj00000C37noIAB,0ZGam000000isBBGAY,2026-03-27T23:33:04.000+0000
0ZRWj0000006NWLOA2,01tWj00000C37npIAB,0ZGam000000isBBGAY,2026-03-27T23:33:01.000+0000
0ZRWj0000006MoXOAU,01tWj00000C37nqIAB,0ZGam000000isBBGAY,2026-03-27T23:32:12.000+0000
0ZRWj0000006MfdOAE,01tWj00000C37nrIAB,0ZGam000000isBBGAY,2026-03-27T23:32:01.000+0000
0ZRWj0000006MhSOAU,01tWj00000C37nsIAB,0ZGam000000isBBGAY,2026-03-27T23:32:04.000+0000
0ZRWj0000006NRtOAM,01tWj00000C37ntIAB,0ZGam000000isBBGAY,2026-03-27T23:32:57.000+0000
0ZRWj0000006NV3OAM,01tWj00000C37nuIAB,0ZGam000000isBBGAY,2026-03-27T23:33:01.000+0000
0ZRWj0000006NT9OAM,01tWj00000C37nvIAB,0ZGam000000isBBGAY,2026-03-27T23:32:57.000+0000
0ZRWj0000006N2EOAU,01tWj00000C37nwIAB,0ZGam000000isBBGAY,2026-03-27T23:32:27.000+0000
0ZRWj0000006N5TOAU,01tWj00000C37nxIAB,0ZGam000000isBBGAY,2026-03-27T23:32:31.000+0000
0ZRWj0000006MgGOAU,01tWj00000C37nyIAB,0ZGam000000isBBGAY,2026-03-27T23:32:01.000+0000
0ZRWj0000006NlzOAE,01tWj00000C37nzIAB,0ZGam000000isBBGAY,2026-03-27T23:33:20.000+0000
0ZRWj0000006MaaOAE,01tWj00000C37o0IAB,0ZGam000000isBBGAY,2026-03-27T23:31:57.000+0000
0ZRWj0000006KfLOAU,01tWj00000C37o1IAB,0ZGam000000itATGAY,2026-03-27T20:41:20.000+0000
0ZRWj0000006Kc7OAE,01tWj00000C37o1IAB,0ZGam000000isBBGAY,2026-03-27T20:40:58.000+0000
0ZRWj0000006KfMOAU,01tWj00000C37o2IAB,0ZGam000000itATGAY,2026-03-27T20:41:20.000+0000
0ZRWj0000006Kc8OAE,01tWj00000C37o2IAB,0ZGam000000isBBGAY,2026-03-27T20:40:58.000+0000
0ZRWj0000006KfNOAU,01tWj00000C37o3IAB,0ZGam000000itATGAY,2026-03-27T20:41:20.000+0000
0ZRWj0000006Kc9OAE,01tWj00000C37o3IAB,0ZGam000000isBBGAY,2026-03-27T20:40:58.000+0000
0ZRWj0000006KlNOAU,01tWj00000C37o4IAB,0ZGam000000isBBGAY,2026-03-27T20:43:37.000+0000
0ZRWj0000006Ki9OAE,01tWj00000C37o4IAB,0ZGam000000itATGAY,2026-03-27T20:43:17.000+0000
0ZRWj0000006KlOOAU,01tWj00000C37o5IAB,0ZGam000000isBBGAY,2026-03-27T20:43:37.000+0000
0ZRWj0000006KiAOAU,01tWj00000C37o5IAB,0ZGam000000itATGAY,2026-03-27T20:43:17.000+0000
0ZRWj0000006Ks3OAE,01tWj00000C37o6IAB,0ZGam000000isBBGAY,2026-03-27T20:44:27.000+0000
0ZRWj0000006KopOAE,01tWj00000C37o6IAB,0ZGam000000itATGAY,2026-03-27T20:44:12.000+0000
0ZRWj0000006KoqOAE,01tWj00000C37o7IAB,0ZGam000000itATGAY,2026-03-27T20:44:12.000+0000
0ZRWj0000006Ks4OAE,01tWj00000C37o7IAB,0ZGam000000isBBGAY,2026-03-27T20:44:27.000+0000
0ZRWj0000006KvHOAU,01tWj00000C37o8IAB,0ZGam000000isBBGAY,2026-03-27T21:04:22.000+0000
0ZRWj0000006KyVOAU,01tWj00000C37o8IAB,0ZGam000000itATGAY,2026-03-27T21:04:37.000+0000
0ZRWj0000006KyWOAU,01tWj00000C37o9IAB,0ZGam000000itATGAY,2026-03-27T21:04:37.000+0000
0ZRWj0000006KvIOAU,01tWj00000C37o9IAB,0ZGam000000isBBGAY,2026-03-27T21:04:22.000+0000
0ZRWj0000006L1OOAU,01tWj00000C37oAIAR,0ZGam000000isBBGAY,2026-03-27T21:05:29.000+0000
0ZRWj0000006L4cOAE,01tWj00000C37oAIAR,0ZGam000000itATGAY,2026-03-27T21:05:44.000+0000
0ZRWj0000006L1POAU,01tWj00000C37oBIAR,0ZGam000000isBBGAY,2026-03-27T21:05:29.000+0000
0ZRWj0000006L4dOAE,01tWj00000C37oBIAR,0ZGam000000itATGAY,2026-03-27T21:05:44.000+0000
0ZRWj0000006LBROA2,01tWj00000C37oCIAR,0ZGam000000isBBGAY,2026-03-27T21:06:35.000+0000
0ZRWj0000006L8DOAU,01tWj00000C37oCIAR,0ZGam000000itATGAY,2026-03-27T21:06:18.000+0000
0ZRWj0000006LBSOA2,01tWj00000C37oDIAR,0ZGam000000isBBGAY,2026-03-27T21:06:35.000+0000
0ZRWj0000006L8EOAU,01tWj00000C37oDIAR,0ZGam000000itATGAY,2026-03-27T21:06:18.000+0000
0ZRWj0000006NAGOA2,01tWj00000C37oEIAR,0ZGam000000isBBGAY,2026-03-27T23:32:38.000+0000
0ZRWj0000006NsqOAE,01tWj00000C37oFIAR,0ZGam000000isBBGAY,2026-03-27T23:33:27.000+0000
0ZRWj0000006NLGOA2,01tWj00000C37oGIAR,0ZGam000000isBBGAY,2026-03-27T23:32:50.000+0000
0ZRWj0000006NM5OAM,01tWj00000C37oHIAR,0ZGam000000isBBGAY,2026-03-27T23:32:50.000+0000
0ZRWj0000006NG5OAM,01tWj00000C37oIIAR,0ZGam000000isBBGAY,2026-03-27T23:32:42.000+0000
0ZRWj0000006Mr3OAE,01tWj00000C37oJIAR,0ZGam000000isBBGAY,2026-03-27T23:32:15.000+0000
0ZRWj0000006NkdOAE,01tWj00000C37oKIAR,0ZGam000000isBBGAY,2026-03-27T23:33:20.000+0000
0ZRWj0000006NePOAU,01tWj00000C37oLIAR,0ZGam000000isBBGAY,2026-03-27T23:33:12.000+0000
0ZRWj0000006Mg8OAE,01tWj00000C37oMIAR,0ZGam000000isBBGAY,2026-03-27T23:32:01.000+0000
0ZRWj0000006NXHOA2,01tWj00000C37oNIAR,0ZGam000000isBBGAY,2026-03-27T23:33:04.000+0000
0ZRWj0000006NGWOA2,01tWj00000C37oOIAR,0ZGam000000isBBGAY,2026-03-27T23:32:46.000+0000
0ZRWj0000006MxiOAE,01tWj00000C37oPIAR,0ZGam000000isBBGAY,2026-03-27T23:32:23.000+0000
0ZRWj0000006MdPOAU,01tWj00000C37oQIAR,0ZGam000000isBBGAY,2026-03-27T23:31:57.000+0000
0ZRWj0000006NApOAM,01tWj00000C37oRIAR,0ZGam000000isBBGAY,2026-03-27T23:32:38.000+0000
0ZRWj0000006NaiOAE,01tWj00000C37oSIAR,0ZGam000000isBBGAY,2026-03-27T23:33:08.000+0000
0ZRWj0000006NfwOAE,01tWj00000C37oTIAR,0ZGam000000isBBGAY,2026-03-27T23:33:12.000+0000
0ZRWj0000006NDAOA2,01tWj00000C37oUIAR,0ZGam000000isBBGAY,2026-03-27T23:32:38.000+0000
0ZRWj0000006MrHOAU,01tWj00000C37oVIAR,0ZGam000000isBBGAY,2026-03-27T23:32:15.000+0000
0ZRWj0000006NSdOAM,01tWj00000C37oWIAR,0ZGam000000isBBGAY,2026-03-27T23:32:57.000+0000
0ZRWj0000006Ms2OAE,01tWj00000C37oXIAR,0ZGam000000isBBGAY,2026-03-27T23:32:15.000+0000
0ZRWj0000006MrqOAE,01tWj00000C37oYIAR,0ZGam000000isBBGAY,2026-03-27T23:32:15.000+0000
0ZRWj0000006NB7OAM,01tWj00000C37oZIAR,0ZGam000000isBBGAY,2026-03-27T23:32:38.000+0000
0ZRWj0000006NM6OAM,01tWj00000C37oaIAB,0ZGam000000isBBGAY,2026-03-27T23:32:50.000+0000
0ZRWj0000006MjZOAU,01tWj00000C37obIAB,0ZGam000000isBBGAY,2026-03-27T23:32:04.000+0000
0ZRWj0000006MqQOAU,01tWj00000C37ocIAB,0ZGam000000isBBGAY,2026-03-27T23:32:12.000+0000
0ZRWj0000006NFxOAM,01tWj00000C37odIAB,0ZGam000000isBBGAY,2026-03-27T23:32:42.000+0000
0ZRWj0000006MsoOAE,01tWj00000C37oeIAB,0ZGam000000isBBGAY,2026-03-27T23:32:15.000+0000
0ZRWj0000006Nu1OAE,01tWj00000C37ofIAB,0ZGam000000isBBGAY,2026-03-27T23:33:31.000+0000
0ZRWj0000006N71OAE,01tWj00000C37ogIAB,0ZGam000000isBBGAY,2026-03-27T23:32:34.000+0000
0ZRWj0000006NPUOA2,01tWj00000C37ohIAB,0ZGam000000isBBGAY,2026-03-27T23:32:53.000+0000
0ZRWj0000006NknOAE,01tWj00000C37oiIAB,0ZGam000000isBBGAY,2026-03-27T23:33:20.000+0000
0ZRWj0000006MiVOAU,01tWj00000C37ojIAB,0ZGam000000isBBGAY,2026-03-27T23:32:04.000+0000
0ZRWj0000006NFwOAM,01tWj00000C37okIAB,0ZGam000000isBBGAY,2026-03-27T23:32:42.000+0000
0ZRWj0000006NjwOAE,01tWj00000C37olIAB,0ZGam000000isBBGAY,2026-03-27T23:33:20.000+0000
0ZRWj0000006N7HOAU,01tWj00000C37omIAB,0ZGam000000isBBGAY,2026-03-27T23:32:34.000+0000
0ZRWj0000006NgvOAE,01tWj00000C37onIAB,0ZGam000000isBBGAY,2026-03-27T23:33:16.000+0000
0ZRWj0000006KcAOAU,01tWj00000C37ooIAB,0ZGam000000isBBGAY,2026-03-27T20:40:58.000+0000
0ZRWj0000006KfOOAU,01tWj00000C37ooIAB,0ZGam000000itATGAY,2026-03-27T20:41:20.000+0000
0ZRWj0000006KfPOAU,01tWj00000C37opIAB,0ZGam000000itATGAY,2026-03-27T20:41:20.000+0000
0ZRWj0000006KcBOAU,01tWj00000C37opIAB,0ZGam000000isBBGAY,2026-03-27T20:40:58.000+0000
0ZRWj0000006KcCOAU,01tWj00000C37oqIAB,0ZGam000000isBBGAY,2026-03-27T20:40:58.000+0000
0ZRWj0000006KfQOAU,01tWj00000C37oqIAB,0ZGam000000itATGAY,2026-03-27T20:41:20.000+0000
0ZRWj0000006KlPOAU,01tWj00000C37orIAB,0ZGam000000isBBGAY,2026-03-27T20:43:37.000+0000
0ZRWj0000006KiBOAU,01tWj00000C37orIAB,0ZGam000000itATGAY,2026-03-27T20:43:17.000+0000
0ZRWj0000006KiCOAU,01tWj00000C37osIAB,0ZGam000000itATGAY,2026-03-27T20:43:17.000+0000
0ZRWj0000006KlQOAU,01tWj00000C37osIAB,0ZGam000000isBBGAY,2026-03-27T20:43:37.000+0000
0ZRWj0000006Ks5OAE,01tWj00000C37otIAB,0ZGam000000isBBGAY,2026-03-27T20:44:27.000+0000
0ZRWj0000006KorOAE,01tWj00000C37otIAB,0ZGam000000itATGAY,2026-03-27T20:44:12.000+0000
0ZRWj0000006Ks6OAE,01tWj00000C37ouIAB,0ZGam000000isBBGAY,2026-03-27T20:44:27.000+0000
0ZRWj0000006KosOAE,01tWj00000C37ouIAB,0ZGam000000itATGAY,2026-03-27T20:44:12.000+0000
0ZRWj0000006KyXOAU,01tWj00000C37ovIAB,0ZGam000000itATGAY,2026-03-27T21:04:37.000+0000
0ZRWj0000006KvJOAU,01tWj00000C37ovIAB,0ZGam000000isBBGAY,2026-03-27T21:04:22.000+0000
0ZRWj0000006KvKOAU,01tWj00000C37owIAB,0ZGam000000isBBGAY,2026-03-27T21:04:22.000+0000
0ZRWj0000006KyYOAU,01tWj00000C37owIAB,0ZGam000000itATGAY,2026-03-27T21:04:37.000+0000
0ZRWj0000006L4eOAE,01tWj00000C37oxIAB,0ZGam000000itATGAY,2026-03-27T21:05:44.000+0000
0ZRWj0000006L1QOAU,01tWj00000C37oxIAB,0ZGam000000isBBGAY,2026-03-27T21:05:29.000+0000
0ZRWj0000006L1ROAU,01tWj00000C37oyIAB,0ZGam000000isBBGAY,2026-03-27T21:05:29.000+0000
0ZRWj0000006L4fOAE,01tWj00000C37oyIAB,0ZGam000000itATGAY,2026-03-27T21:05:44.000+0000
0ZRWj0000006L8FOAU,01tWj00000C37ozIAB,0ZGam000000itATGAY,2026-03-27T21:06:18.000+0000
0ZRWj0000006LBTOA2,01tWj00000C37ozIAB,0ZGam000000isBBGAY,2026-03-27T21:06:35.000+0000
0ZRWj0000006LBUOA2,01tWj00000C37p0IAB,0ZGam000000isBBGAY,2026-03-27T21:06:35.000+0000
0ZRWj0000006L8GOAU,01tWj00000C37p0IAB,0ZGam000000itATGAY,2026-03-27T21:06:18.000+0000
0ZRWj0000006Ni8OAE,01tWj00000C37p1IAB,0ZGam000000isBBGAY,2026-03-27T23:33:16.000+0000
0ZRWj0000006NpfOAE,01tWj00000C37p2IAB,0ZGam000000isBBGAY,2026-03-27T23:33:23.000+0000
0ZRWj0000006NVuOAM,01tWj00000C37p3IAB,0ZGam000000isBBGAY,2026-03-27T23:33:01.000+0000
0ZRWj0000006Ml2OAE,01tWj00000C37p4IAB,0ZGam000000isBBGAY,2026-03-27T23:32:08.000+0000
0ZRWj0000006N2kOAE,01tWj00000C37p5IAB,0ZGam000000isBBGAY,2026-03-27T23:32:27.000+0000
0ZRWj0000006NLSOA2,01tWj00000C37p6IAB,0ZGam000000isBBGAY,2026-03-27T23:32:50.000+0000
0ZRWj0000006NcOOAU,01tWj00000C37p7IAB,0ZGam000000isBBGAY,2026-03-27T23:33:08.000+0000
0ZRWj0000006NFNOA2,01tWj00000C37p8IAB,0ZGam000000isBBGAY,2026-03-27T23:32:42.000+0000
0ZRWj0000006Ml8OAE,01tWj00000C37p9IAB,0ZGam000000isBBGAY,2026-03-27T23:32:08.000+0000
0ZRWj0000006NIAOA2,01tWj00000C37pAIAR,0ZGam000000isBBGAY,2026-03-27T23:32:46.000+0000
0ZRWj0000006NnyOAE,01tWj00000C37pBIAR,0ZGam000000isBBGAY,2026-03-27T23:33:23.000+0000
0ZRWj0000006NtGOAU,01tWj00000C37pCIAR,0ZGam000000isBBGAY,2026-03-27T23:33:31.000+0000
0ZRWj0000006MlcOAE,01tWj00000C37pDIAR,0ZGam000000isBBGAY,2026-03-27T23:32:08.000+0000
0ZRWj0000006NV2OAM,01tWj00000C37pEIAR,0ZGam000000isBBGAY,2026-03-27T23:33:01.000+0000
0ZRWj0000006NFPOA2,01tWj00000C37qrIAB,0ZGam000000isBBGAY,2026-03-27T23:32:42.000+0000
0ZRWj0000006N08OAE,01tWj00000C37qsIAB,0ZGam000000isBBGAY,2026-03-27T23:32:23.000+0000
0ZRWj0000006NkQOAU,01tWj00000C37qtIAB,0ZGam000000isBBGAY,2026-03-27T23:33:20.000+0000
0ZRWj0000006NcuOAE,01tWj00000C37quIAB,0ZGam000000isBBGAY,2026-03-27T23:33:08.000+0000
0ZRWj0000006N6rOAE,01tWj00000C37qvIAB,0ZGam000000isBBGAY,2026-03-27T23:32:34.000+0000
0ZRWj0000006NBkOAM,01tWj00000C37qwIAB,0ZGam000000isBBGAY,2026-03-27T23:32:38.000+0000
0ZRWj0000006NX4OAM,01tWj00000C37qxIAB,0ZGam000000isBBGAY,2026-03-27T23:33:04.000+0000
0ZRWj0000006N0WOAU,01tWj00000C37qyIAB,0ZGam000000isBBGAY,2026-03-27T23:32:27.000+0000
0ZRWj0000006KalOAE,01tWj00000C37qzIAB,0ZGam000000isBBGAY,2026-03-27T20:40:58.000+0000
0ZRWj0000006KdzOAE,01tWj00000C37qzIAB,0ZGam000000itATGAY,2026-03-27T20:41:20.000+0000
0ZRWj0000006KamOAE,01tWj00000C37r0IAB,0ZGam000000isBBGAY,2026-03-27T20:40:58.000+0000
0ZRWj0000006Ke0OAE,01tWj00000C37r0IAB,0ZGam000000itATGAY,2026-03-27T20:41:20.000+0000
0ZRWj0000006KkXOAU,01tWj00000C37r1IAB,0ZGam000000isBBGAY,2026-03-27T20:43:37.000+0000
0ZRWj0000006KhJOAU,01tWj00000C37r1IAB,0ZGam000000itATGAY,2026-03-27T20:43:17.000+0000
0ZRWj0000006KkYOAU,01tWj00000C37r2IAB,0ZGam000000isBBGAY,2026-03-27T20:43:37.000+0000
0ZRWj0000006KhKOAU,01tWj00000C37r2IAB,0ZGam000000itATGAY,2026-03-27T20:43:17.000+0000
0ZRWj0000006KnfOAE,01tWj00000C37r3IAB,0ZGam000000itATGAY,2026-03-27T20:44:12.000+0000
0ZRWj0000006KqtOAE,01tWj00000C37r3IAB,0ZGam000000isBBGAY,2026-03-27T20:44:27.000+0000
0ZRWj0000006KngOAE,01tWj00000C37r4IAB,0ZGam000000itATGAY,2026-03-27T20:44:12.000+0000
0ZRWj0000006KquOAE,01tWj00000C37r4IAB,0ZGam000000isBBGAY,2026-03-27T20:44:27.000+0000
0ZRWj0000006KxLOAU,01tWj00000C37r5IAB,0ZGam000000itATGAY,2026-03-27T21:04:37.000+0000
0ZRWj0000006Ku7OAE,01tWj00000C37r5IAB,0ZGam000000isBBGAY,2026-03-27T21:04:22.000+0000
0ZRWj0000006KxMOAU,01tWj00000C37r6IAB,0ZGam000000itATGAY,2026-03-27T21:04:37.000+0000
0ZRWj0000006Ku8OAE,01tWj00000C37r6IAB,0ZGam000000isBBGAY,2026-03-27T21:04:22.000+0000
0ZRWj0000006L0ZOAU,01tWj00000C37r7IAB,0ZGam000000isBBGAY,2026-03-27T21:05:29.000+0000
0ZRWj0000006L3nOAE,01tWj00000C37r7IAB,0ZGam000000itATGAY,2026-03-27T21:05:44.000+0000
0ZRWj0000006L3oOAE,01tWj00000C37r8IAB,0ZGam000000itATGAY,2026-03-27T21:05:44.000+0000
0ZRWj0000006L0aOAE,01tWj00000C37r8IAB,0ZGam000000isBBGAY,2026-03-27T21:05:29.000+0000
0ZRWj0000006L71OAE,01tWj00000C37r9IAB,0ZGam000000itATGAY,2026-03-27T21:06:18.000+0000
0ZRWj0000006LAFOA2,01tWj00000C37r9IAB,0ZGam000000isBBGAY,2026-03-27T21:06:35.000+0000
0ZRWj0000006LAGOA2,01tWj00000C37rAIAR,0ZGam000000isBBGAY,2026-03-27T21:06:35.000+0000
0ZRWj0000006L72OAE,01tWj00000C37rAIAR,0ZGam000000itATGAY,2026-03-27T21:06:18.000+0000
0ZRWj0000006NtTOAU,01tWj00000C37rBIAR,0ZGam000000isBBGAY,2026-03-27T23:33:31.000+0000
0ZRWj0000006NJOOA2,01tWj00000C37rCIAR,0ZGam000000isBBGAY,2026-03-27T23:32:46.000+0000
0ZRWj0000006NeoOAE,01tWj00000C37rDIAR,0ZGam000000isBBGAY,2026-03-27T23:33:12.000+0000
0ZRWj0000006NepOAE,01tWj00000C37rEIAR,0ZGam000000isBBGAY,2026-03-27T23:33:12.000+0000
0ZRWj0000006NeuOAE,01tWj00000C37rFIAR,0ZGam000000isBBGAY,2026-03-27T23:33:12.000+0000
0ZRWj0000006MiNOAU,01tWj00000C37rGIAR,0ZGam000000isBBGAY,2026-03-27T23:32:04.000+0000
0ZRWj0000006N32OAE,01tWj00000C37rHIAR,0ZGam000000isBBGAY,2026-03-27T23:32:27.000+0000
0ZRWj0000006NS0OAM,01tWj00000C37rIIAR,0ZGam000000isBBGAY,2026-03-27T23:32:57.000+0000
0ZRWj0000006NEHOA2,01tWj00000C37rJIAR,0ZGam000000isBBGAY,2026-03-27T23:32:42.000+0000
0ZRWj0000006Nw0OAE,01tWj00000C37rKIAR,0ZGam000000isBBGAY,2026-03-27T23:33:31.000+0000
0ZRWj0000006Ml5OAE,01tWj00000C37rLIAR,0ZGam000000isBBGAY,2026-03-27T23:32:08.000+0000
0ZRWj0000006MsEOAU,01tWj00000C37rMIAR,0ZGam000000isBBGAY,2026-03-27T23:32:15.000+0000
0ZRWj0000006NnDOAU,01tWj00000C37rNIAR,0ZGam000000isBBGAY,2026-03-27T23:33:23.000+0000
0ZRWj0000006NXoOAM,01tWj00000C37rOIAR,0ZGam000000isBBGAY,2026-03-27T23:33:04.000+0000
0ZRWj0000006NhjOAE,01tWj00000C37rPIAR,0ZGam000000isBBGAY,2026-03-27T23:33:16.000+0000
0ZRWj0000006N82OAE,01tWj00000C37rQIAR,0ZGam000000isBBGAY,2026-03-27T23:32:34.000+0000
0ZRWj0000006Ni4OAE,01tWj00000C37rRIAR,0ZGam000000isBBGAY,2026-03-27T23:33:16.000+0000
0ZRWj0000006Ms9OAE,01tWj00000C37rSIAR,0ZGam000000isBBGAY,2026-03-27T23:32:15.000+0000
0ZRWj0000006NRdOAM,01tWj00000C37rTIAR,0ZGam000000isBBGAY,2026-03-27T23:32:57.000+0000
0ZRWj0000006NG6OAM,01tWj00000C37rUIAR,0ZGam000000isBBGAY,2026-03-27T23:32:42.000+0000
0ZRWj0000006NDOOA2,01tWj00000C37rVIAR,0ZGam000000isBBGAY,2026-03-27T23:32:42.000+0000
0ZRWj0000006MuSOAU,01tWj00000C37rWIAR,0ZGam000000isBBGAY,2026-03-27T23:32:20.000+0000
0ZRWj0000006Nc0OAE,01tWj00000C37rXIAR,0ZGam000000isBBGAY,2026-03-27T23:33:08.000+0000
0ZRWj0000006NhsOAE,01tWj00000C37rYIAR,0ZGam000000isBBGAY,2026-03-27T23:33:16.000+0000
0ZRWj0000006N3POAU,01tWj00000C37rZIAR,0ZGam000000isBBGAY,2026-03-27T23:32:27.000+0000
0ZRWj0000006NwSOAU,01tWj00000C37raIAB,0ZGam000000isBBGAY,2026-03-27T23:33:32.000+0000
0ZRWj0000006NoUOAU,01tWj00000C37rbIAB,0ZGam000000isBBGAY,2026-03-27T23:33:23.000+0000
0ZRWj0000006NppOAE,01tWj00000C37rcIAB,0ZGam000000isBBGAY,2026-03-27T23:33:23.000+0000
0ZRWj0000006MmDOAU,01tWj00000C37rdIAB,0ZGam000000isBBGAY,2026-03-27T23:32:08.000+0000
0ZRWj0000006NUjOAM,01tWj00000C37reIAB,0ZGam000000isBBGAY,2026-03-27T23:33:01.000+0000
0ZRWj0000006NHPOA2,01tWj00000C37rfIAB,0ZGam000000isBBGAY,2026-03-27T23:32:46.000+0000
0ZRWj0000006MqROAU,01tWj00000C37rgIAB,0ZGam000000isBBGAY,2026-03-27T23:32:12.000+0000
0ZRWj0000006NnhOAE,01tWj00000C37rhIAB,0ZGam000000isBBGAY,2026-03-27T23:33:23.000+0000
0ZRWj0000006NwMOAU,01tWj00000C37riIAB,0ZGam000000isBBGAY,2026-03-27T23:33:31.000+0000
0ZRWj0000006NlEOAU,01tWj00000C37rjIAB,0ZGam000000isBBGAY,2026-03-27T23:33:20.000+0000
0ZRWj0000006MxOOAU,01tWj00000C37rkIAB,0ZGam000000isBBGAY,2026-03-27T23:32:23.000+0000
0ZRWj0000006N5QOAU,01tWj00000C37rlIAB,0ZGam000000isBBGAY,2026-03-27T23:32:31.000+0000
0ZRWj0000006Mg9OAE,01tWj00000C37rmIAB,0ZGam000000isBBGAY,2026-03-27T23:32:01.000+0000
0ZRWj0000006Ke1OAE,01tWj00000C37rnIAB,0ZGam000000itATGAY,2026-03-27T20:41:20.000+0000
0ZRWj0000006KanOAE,01tWj00000C37rnIAB,0ZGam000000isBBGAY,2026-03-27T20:40:58.000+0000
0ZRWj0000006KaoOAE,01tWj00000C37roIAB,0ZGam000000isBBGAY,2026-03-27T20:40:58.000+0000
0ZRWj0000006Ke2OAE,01tWj00000C37roIAB,0ZGam000000itATGAY,2026-03-27T20:41:20.000+0000
0ZRWj0000006KkZOAU,01tWj00000C37rpIAB,0ZGam000000isBBGAY,2026-03-27T20:43:37.000+0000
0ZRWj0000006KhLOAU,01tWj00000C37rpIAB,0ZGam000000itATGAY,2026-03-27T20:43:17.000+0000
0ZRWj0000006KkaOAE,01tWj00000C37rqIAB,0ZGam000000isBBGAY,2026-03-27T20:43:37.000+0000
0ZRWj0000006KhMOAU,01tWj00000C37rqIAB,0ZGam000000itATGAY,2026-03-27T20:43:17.000+0000
0ZRWj0000006KnhOAE,01tWj00000C37rrIAB,0ZGam000000itATGAY,2026-03-27T20:44:12.000+0000
0ZRWj0000006KqvOAE,01tWj00000C37rrIAB,0ZGam000000isBBGAY,2026-03-27T20:44:27.000+0000
0ZRWj0000006KniOAE,01tWj00000C37rsIAB,0ZGam000000itATGAY,2026-03-27T20:44:12.000+0000
0ZRWj0000006KqwOAE,01tWj00000C37rsIAB,0ZGam000000isBBGAY,2026-03-27T20:44:27.000+0000
0ZRWj0000006Ku9OAE,01tWj00000C37rtIAB,0ZGam000000isBBGAY,2026-03-27T21:04:22.000+0000
0ZRWj0000006KxNOAU,01tWj00000C37rtIAB,0ZGam000000itATGAY,2026-03-27T21:04:37.000+0000
0ZRWj0000006KuAOAU,01tWj00000C37ruIAB,0ZGam000000isBBGAY,2026-03-27T21:04:22.000+0000
0ZRWj0000006KxOOAU,01tWj00000C37ruIAB,0ZGam000000itATGAY,2026-03-27T21:04:37.000+0000
0ZRWj0000006L3pOAE,01tWj00000C37rvIAB,0ZGam000000itATGAY,2026-03-27T21:05:44.000+0000
0ZRWj0000006L0bOAE,01tWj00000C37rvIAB,0ZGam000000isBBGAY,2026-03-27T21:05:29.000+0000
0ZRWj0000006L3qOAE,01tWj00000C37rwIAB,0ZGam000000itATGAY,2026-03-27T21:05:44.000+0000
0ZRWj0000006L0cOAE,01tWj00000C37rwIAB,0ZGam000000isBBGAY,2026-03-27T21:05:29.000+0000
0ZRWj0000006LAHOA2,01tWj00000C37rxIAB,0ZGam000000isBBGAY,2026-03-27T21:06:35.000+0000
0ZRWj0000006L73OAE,01tWj00000C37rxIAB,0ZGam000000itATGAY,2026-03-27T21:06:18.000+0000
0ZRWj0000006LAIOA2,01tWj00000C37ryIAB,0ZGam000000isBBGAY,2026-03-27T21:06:35.000+0000
0ZRWj0000006L74OAE,01tWj00000C37ryIAB,0ZGam000000itATGAY,2026-03-27T21:06:18.000+0000
0ZRWj0000006MpyOAE,01tWj00000C37rzIAB,0ZGam000000isBBGAY,2026-03-27T23:32:12.000+0000
0ZRWj0000006NFCOA2,01tWj00000C37s0IAB,0ZGam000000isBBGAY,2026-03-27T23:32:42.000+0000
0ZRWj0000006NKuOAM,01tWj00000C37s1IAB,0ZGam000000isBBGAY,2026-03-27T23:32:50.000+0000
0ZRWj0000006MgWOAU,01tWj00000C37s2IAB,0ZGam000000isBBGAY,2026-03-27T23:32:01.000+0000
0ZRWj0000006NuwOAE,01tWj00000C37s3IAB,0ZGam000000isBBGAY,2026-03-27T23:33:31.000+0000
0ZRWj0000006MeIOAU,01tWj00000C37s4IAB,0ZGam000000isBBGAY,2026-03-27T23:32:01.000+0000
0ZRWj0000006NLDOA2,01tWj00000C37s5IAB,0ZGam000000isBBGAY,2026-03-27T23:32:50.000+0000
0ZRWj0000006NWBOA2,01tWj00000C37s6IAB,0ZGam000000isBBGAY,2026-03-27T23:33:01.000+0000
0ZRWj0000006MuPOAU,01tWj00000C37s7IAB,0ZGam000000isBBGAY,2026-03-27T23:32:20.000+0000
0ZRWj0000006NrtOAE,01tWj00000C37s8IAB,0ZGam000000isBBGAY,2026-03-27T23:33:27.000+0000
0ZRWj0000006MiPOAU,01tWj00000C37s9IAB,0ZGam000000isBBGAY,2026-03-27T23:32:04.000+0000
0ZRWj0000006NU6OAM,01tWj00000C37sAIAR,0ZGam000000isBBGAY,2026-03-27T23:33:01.000+0000
0ZRWj0000006NOBOA2,01tWj00000C37sBIAR,0ZGam000000isBBGAY,2026-03-27T23:32:53.000+0000
0ZRWj0000006NoJOAU,01tWj00000C37sCIAR,0ZGam000000isBBGAY,2026-03-27T23:33:23.000+0000
0ZRWj0000006Nl4OAE,01tWj00000C37sDIAR,0ZGam000000isBBGAY,2026-03-27T23:33:20.000+0000
0ZRWj0000006NQuOAM,01tWj00000C37sEIAR,0ZGam000000isBBGAY,2026-03-27T23:32:57.000+0000
0ZRWj0000006N31OAE,01tWj00000C37sFIAR,0ZGam000000isBBGAY,2026-03-27T23:32:27.000+0000
0ZRWj0000006NtZOAU,01tWj00000C37sGIAR,0ZGam000000isBBGAY,2026-03-27T23:33:31.000+0000
0ZRWj0000006NRzOAM,01tWj00000C37sHIAR,0ZGam000000isBBGAY,2026-03-27T23:32:57.000+0000
0ZRWj0000006NQXOA2,01tWj00000C37sIIAR,0ZGam000000isBBGAY,2026-03-27T23:32:57.000+0000
0ZRWj0000006Nw2OAE,01tWj00000C37sJIAR,0ZGam000000isBBGAY,2026-03-27T23:33:31.000+0000
0ZRWj0000006N5COAU,01tWj00000C37sKIAR,0ZGam000000isBBGAY,2026-03-27T23:32:31.000+0000
0ZRWj0000006MhsOAE,01tWj00000C37sLIAR,0ZGam000000isBBGAY,2026-03-27T23:32:04.000+0000
0ZRWj0000006NQ7OAM,01tWj00000C37sMIAR,0ZGam000000isBBGAY,2026-03-27T23:32:53.000+0000
0ZRWj0000006NjTOAU,01tWj00000C37sNIAR,0ZGam000000isBBGAY,2026-03-27T23:33:16.000+0000
0ZRWj0000006MxxOAE,01tWj00000C37sOIAR,0ZGam000000isBBGAY,2026-03-27T23:32:23.000+0000
0ZRWj0000006MrzOAE,01tWj00000C37sPIAR,0ZGam000000isBBGAY,2026-03-27T23:32:15.000+0000
0ZRWj0000006MldOAE,01tWj00000C37sQIAR,0ZGam000000isBBGAY,2026-03-27T23:32:08.000+0000
0ZRWj0000006NCWOA2,01tWj00000C37sRIAR,0ZGam000000isBBGAY,2026-03-27T23:32:38.000+0000
0ZRWj0000006MxTOAU,01tWj00000C37sSIAR,0ZGam000000isBBGAY,2026-03-27T23:32:23.000+0000
0ZRWj0000006NGoOAM,01tWj00000C37sTIAR,0ZGam000000isBBGAY,2026-03-27T23:32:46.000+0000
0ZRWj0000006NJYOA2,01tWj00000C37sUIAR,0ZGam000000isBBGAY,2026-03-27T23:32:46.000+0000
0ZRWj0000006NtMOAU,01tWj00000C37sVIAR,0ZGam000000isBBGAY,2026-03-27T23:33:31.000+0000
0ZRWj0000006N0OOAU,01tWj00000C37sWIAR,0ZGam000000isBBGAY,2026-03-27T23:32:27.000+0000
0ZRWj0000006N1FOAU,01tWj00000C37sXIAR,0ZGam000000isBBGAY,2026-03-27T23:32:27.000+0000
0ZRWj0000006MzLOAU,01tWj00000C37sYIAR,0ZGam000000isBBGAY,2026-03-27T23:32:23.000+0000
0ZRWj0000006MvgOAE,01tWj00000C37sZIAR,0ZGam000000isBBGAY,2026-03-27T23:32:20.000+0000
0ZRWj0000006NJHOA2,01tWj00000C37saIAB,0ZGam000000isBBGAY,2026-03-27T23:32:46.000+0000
0ZRWj0000006NdSOAU,01tWj00000C37sbIAB,0ZGam000000isEPGAY,2026-03-27T23:33:12.000+0000
0ZRWj0000006NXaOAM,01tWj00000C37scIAB,0ZGam000000isEPGAY,2026-03-27T23:33:04.000+0000
0ZRWj0000006N9GOAU,01tWj00000C37sdIAB,0ZGam000000isEPGAY,2026-03-27T23:32:34.000+0000
0ZRWj0000006Mh9OAE,01tWj00000C37seIAB,0ZGam000000isEPGAY,2026-03-27T23:32:04.000+0000
0ZRWj0000006MqLOAU,01tWj00000C37sfIAB,0ZGam000000isEPGAY,2026-03-27T23:32:12.000+0000
0ZRWj0000006NHAOA2,01tWj00000C37sgIAB,0ZGam000000isEPGAY,2026-03-27T23:32:46.000+0000
0ZRWj0000006N7ZOAU,01tWj00000C37shIAB,0ZGam000000isEPGAY,2026-03-27T23:32:34.000+0000
0ZRWj0000006NYdOAM,01tWj00000C37siIAB,0ZGam000000isEPGAY,2026-03-27T23:33:04.000+0000
0ZRWj0000006NcPOAU,01tWj00000C37sjIAB,0ZGam000000isEPGAY,2026-03-27T23:33:08.000+0000
0ZRWj0000006NqcOAE,01tWj00000C37skIAB,0ZGam000000isEPGAY,2026-03-27T23:33:27.000+0000
0ZRWj0000006NIgOAM,01tWj00000C37slIAB,0ZGam000000isEPGAY,2026-03-27T23:32:46.000+0000
0ZRWj0000006NMCOA2,01tWj00000C37smIAB,0ZGam000000isEPGAY,2026-03-27T23:32:50.000+0000
0ZRWj0000006MyIOAU,01tWj00000C37snIAB,0ZGam000000isEPGAY,2026-03-27T23:32:23.000+0000
0ZRWj0000006My6OAE,01tWj00000C37soIAB,0ZGam000000isEPGAY,2026-03-27T23:32:23.000+0000
0ZRWj0000006NVmOAM,01tWj00000C37spIAB,0ZGam000000isEPGAY,2026-03-27T23:33:01.000+0000
0ZRWj0000006N88OAE,01tWj00000C37sqIAB,0ZGam000000isEPGAY,2026-03-27T23:32:34.000+0000
0ZRWj0000006NoaOAE,01tWj00000C37srIAB,0ZGam000000isEPGAY,2026-03-27T23:33:23.000+0000
0ZRWj0000006NVBOA2,01tWj00000C37ssIAB,0ZGam000000isEPGAY,2026-03-27T23:33:01.000+0000
0ZRWj0000006NolOAE,01tWj00000C37stIAB,0ZGam000000isEPGAY,2026-03-27T23:33:23.000+0000
0ZRWj0000006NmGOAU,01tWj00000C37suIAB,0ZGam000000isEPGAY,2026-03-27T23:33:20.000+0000
0ZRWj0000006MvbOAE,01tWj00000C37svIAB,0ZGam000000isEPGAY,2026-03-27T23:32:20.000+0000
0ZRWj0000006NimOAE,01tWj00000C37swIAB,0ZGam000000isEPGAY,2026-03-27T23:33:16.000+0000
0ZRWj0000006MovOAE,01tWj00000C37sxIAB,0ZGam000000isEPGAY,2026-03-27T23:32:12.000+0000
0ZRWj0000006MteOAE,01tWj00000C37syIAB,0ZGam000000isEPGAY,2026-03-27T23:32:15.000+0000
0ZRWj0000006Mk5OAE,01tWj00000C37szIAB,0ZGam000000isEPGAY,2026-03-27T23:32:04.000+0000
0ZRWj0000006NlYOAU,01tWj00000C37t0IAB,0ZGam000000isEPGAY,2026-03-27T23:33:20.000+0000
0ZRWj0000006NikOAE,01tWj00000C37t1IAB,0ZGam000000isEPGAY,2026-03-27T23:33:16.000+0000
0ZRWj0000006Mq0OAE,01tWj00000C37t2IAB,0ZGam000000isEPGAY,2026-03-27T23:32:12.000+0000
0ZRWj0000006Nk6OAE,01tWj00000C37t3IAB,0ZGam000000isEPGAY,2026-03-27T23:33:20.000+0000
0ZRWj0000006Nl5OAE,01tWj00000C37t4IAB,0ZGam000000isEPGAY,2026-03-27T23:33:20.000+0000
0ZRWj0000006NrrOAE,01tWj00000C37t5IAB,0ZGam000000isEPGAY,2026-03-27T23:33:27.000+0000
0ZRWj0000006MifOAE,01tWj00000C37t6IAB,0ZGam000000isEPGAY,2026-03-27T23:32:04.000+0000
0ZRWj0000006NiNOAU,01tWj00000C37t7IAB,0ZGam000000isEPGAY,2026-03-27T23:33:16.000+0000
0ZRWj0000006Mg7OAE,01tWj00000C37t8IAB,0ZGam000000isEPGAY,2026-03-27T23:32:01.000+0000
0ZRWj0000006NjROAU,01tWj00000C37t9IAB,0ZGam000000isEPGAY,2026-03-27T23:33:16.000+0000
0ZRWj0000006NqOOAU,01tWj00000C37tAIAR,0ZGam000000isEPGAY,2026-03-27T23:33:27.000+0000
0ZRWj0000006NMpOAM,01tWj00000C37tBIAR,0ZGam000000isEPGAY,2026-03-27T23:32:50.000+0000
0ZRWj0000006N7UOAU,01tWj00000C37tCIAR,0ZGam000000isEPGAY,2026-03-27T23:32:34.000+0000
0ZRWj0000006MegOAE,01tWj00000C37tDIAR,0ZGam000000isEPGAY,2026-03-27T23:32:01.000+0000
0ZRWj0000006NV5OAM,01tWj00000C37tEIAR,0ZGam000000isEPGAY,2026-03-27T23:33:01.000+0000
0ZRWj0000006Nu8OAE,01tWj00000C37tFIAR,0ZGam000000isEPGAY,2026-03-27T23:33:31.000+0000
0ZRWj0000006NvKOAU,01tWj00000C37tGIAR,0ZGam000000isEPGAY,2026-03-27T23:33:31.000+0000
0ZRWj0000006MbFOAU,01tWj00000C37tHIAR,0ZGam000000isEPGAY,2026-03-27T23:31:57.000+0000
0ZRWj0000006MubOAE,01tWj00000C37tIIAR,0ZGam000000isEPGAY,2026-03-27T23:32:20.000+0000
0ZRWj0000006NuTOAU,01tWj00000C37tJIAR,0ZGam000000isEPGAY,2026-03-27T23:33:31.000+0000
0ZRWj0000006N97OAE,01tWj00000C37tKIAR,0ZGam000000isEPGAY,2026-03-27T23:32:34.000+0000
0ZRWj0000006NbLOAU,01tWj00000C37tLIAR,0ZGam000000isEPGAY,2026-03-27T23:33:08.000+0000
0ZRWj0000006NTaOAM,01tWj00000C37tMIAR,0ZGam000000isEPGAY,2026-03-27T23:33:01.000+0000
0ZRWj0000006MhWOAU,01tWj00000C37tNIAR,0ZGam000000isEPGAY,2026-03-27T23:32:04.000+0000
0ZRWj0000006MzcOAE,01tWj00000C37tOIAR,0ZGam000000isEPGAY,2026-03-27T23:32:23.000+0000
0ZRWj0000006NQzOAM,01tWj00000C37tPIAR,0ZGam000000isEPGAY,2026-03-27T23:32:57.000+0000
0ZRWj0000006MeuOAE,01tWj00000C37tQIAR,0ZGam000000isEPGAY,2026-03-27T23:32:01.000+0000
0ZRWj0000006MeEOAU,01tWj00000C37tRIAR,0ZGam000000isEPGAY,2026-03-27T23:32:01.000+0000
0ZRWj0000006NCZOA2,01tWj00000C37tSIAR,0ZGam000000isEPGAY,2026-03-27T23:32:38.000+0000
0ZRWj0000006Ni7OAE,01tWj00000C37tTIAR,0ZGam000000isEPGAY,2026-03-27T23:33:16.000+0000
0ZRWj0000006MyYOAU,01tWj00000C37tUIAR,0ZGam000000isEPGAY,2026-03-27T23:32:23.000+0000
0ZRWj0000006NYcOAM,01tWj00000C37tVIAR,0ZGam000000isEPGAY,2026-03-27T23:33:04.000+0000
0ZRWj0000006NgXOAU,01tWj00000C37tWIAR,0ZGam000000isEPGAY,2026-03-27T23:33:16.000+0000
0ZRWj0000006NQkOAM,01tWj00000C37tXIAR,0ZGam000000isEPGAY,2026-03-27T23:32:57.000+0000
0ZRWj0000006Nd1OAE,01tWj00000C37tYIAR,0ZGam000000isEPGAY,2026-03-27T23:33:08.000+0000
0ZRWj0000006NjqOAE,01tWj00000C37tZIAR,0ZGam000000isEPGAY,2026-03-27T23:33:20.000+0000
0ZRWj0000006NatOAE,01tWj00000C37taIAB,0ZGam000000isEPGAY,2026-03-27T23:33:08.000+0000
0ZRWj0000006NUoOAM,01tWj00000C37tbIAB,0ZGam000000isEPGAY,2026-03-27T23:33:01.000+0000
0ZRWj0000006NXvOAM,01tWj00000C37tcIAB,0ZGam000000isEPGAY,2026-03-27T23:33:04.000+0000
0ZRWj0000006N7lOAE,01tWj00000C37tdIAB,0ZGam000000isEPGAY,2026-03-27T23:32:34.000+0000
0ZRWj0000006NlFOAU,01tWj00000C37teIAB,0ZGam000000isEPGAY,2026-03-27T23:33:20.000+0000
0ZRWj0000006MvYOAU,01tWj00000C37tfIAB,0ZGam000000isEPGAY,2026-03-27T23:32:20.000+0000
0ZRWj0000006N4nOAE,01tWj00000C37tgIAB,0ZGam000000isEPGAY,2026-03-27T23:32:31.000+0000
0ZRWj0000006NBgOAM,01tWj00000C37thIAB,0ZGam000000isEPGAY,2026-03-27T23:32:38.000+0000
0ZRWj0000006NJKOA2,01tWj00000C37tiIAB,0ZGam000000isEPGAY,2026-03-27T23:32:46.000+0000
0ZRWj0000006NsPOAU,01tWj00000C37tjIAB,0ZGam000000isEPGAY,2026-03-27T23:33:27.000+0000
0ZRWj0000006NniOAE,01tWj00000C37tkIAB,0ZGam000000isEPGAY,2026-03-27T23:33:23.000+0000
0ZRWj0000006N66OAE,01tWj00000C37tlIAB,0ZGam000000isEPGAY,2026-03-27T23:32:31.000+0000
0ZRWj0000006NNXOA2,01tWj00000C37tmIAB,0ZGam000000isEPGAY,2026-03-27T23:32:53.000+0000
0ZRWj0000006NEzOAM,01tWj00000C37tnIAB,0ZGam000000isEPGAY,2026-03-27T23:32:42.000+0000
0ZRWj0000006NT3OAM,01tWj00000C37toIAB,0ZGam000000isEPGAY,2026-03-27T23:32:57.000+0000
0ZRWj0000006NjnOAE,01tWj00000C37tpIAB,0ZGam000000isEPGAY,2026-03-27T23:33:20.000+0000
0ZRWj0000006NFgOAM,01tWj00000C37tqIAB,0ZGam000000isEPGAY,2026-03-27T23:32:42.000+0000
0ZRWj0000006NAjOAM,01tWj00000C37trIAB,0ZGam000000isEPGAY,2026-03-27T23:32:38.000+0000
0ZRWj0000006NC3OAM,01tWj00000C37tsIAB,0ZGam000000isEPGAY,2026-03-27T23:32:38.000+0000
0ZRWj0000006MsrOAE,01tWj00000C37ttIAB,0ZGam000000isEPGAY,2026-03-27T23:32:15.000+0000
0ZRWj0000006NZqOAM,01tWj00000C37tuIAB,0ZGam000000isEPGAY,2026-03-27T23:33:08.000+0000
0ZRWj0000006N6uOAE,01tWj00000C37tvIAB,0ZGam000000isEPGAY,2026-03-27T23:32:34.000+0000
0ZRWj0000006MnJOAU,01tWj00000C37twIAB,0ZGam000000isEPGAY,2026-03-27T23:32:08.000+0000
0ZRWj0000006N2oOAE,01tWj00000C37txIAB,0ZGam000000isEPGAY,2026-03-27T23:32:27.000+0000
0ZRWj0000006MzOOAU,01tWj00000C37tyIAB,0ZGam000000isEPGAY,2026-03-27T23:32:23.000+0000
0ZRWj0000006NGnOAM,01tWj00000C37tzIAB,0ZGam000000isEPGAY,2026-03-27T23:32:46.000+0000
0ZRWj0000006NBHOA2,01tWj00000C37u0IAB,0ZGam000000isEPGAY,2026-03-27T23:32:38.000+0000
0ZRWj0000006MyLOAU,01tWj00000C37u1IAB,0ZGam000000isEPGAY,2026-03-27T23:32:23.000+0000
0ZRWj0000006Ne0OAE,01tWj00000C37u2IAB,0ZGam000000isEPGAY,2026-03-27T23:33:12.000+0000
0ZRWj0000006NQjOAM,01tWj00000C37u3IAB,0ZGam000000isEPGAY,2026-03-27T23:32:57.000+0000
0ZRWj0000006NcYOAU,01tWj00000C37u4IAB,0ZGam000000isEPGAY,2026-03-27T23:33:08.000+0000
0ZRWj0000006N10OAE,01tWj00000C383lIAB,0ZGam000000isBBGAY,2026-03-27T23:32:27.000+0000
0ZRWj0000006NvAOAU,01tWj00000C383mIAB,0ZGam000000isBBGAY,2026-03-27T23:33:31.000+0000
0ZRWj0000006Mc7OAE,01tWj00000C383nIAB,0ZGam000000isBBGAY,2026-03-27T23:31:57.000+0000
0ZRWj0000006N3GOAU,01tWj00000C383oIAB,0ZGam000000isBBGAY,2026-03-27T23:32:27.000+0000
0ZRWj0000006NGPOA2,01tWj00000C383pIAB,0ZGam000000isBBGAY,2026-03-27T23:32:42.000+0000
0ZRWj0000006MjPOAU,01tWj00000C383qIAB,0ZGam000000isBBGAY,2026-03-27T23:32:04.000+0000
0ZRWj0000006N7tOAE,01tWj00000C383rIAB,0ZGam000000isBBGAY,2026-03-27T23:32:34.000+0000
0ZRWj0000006NvhOAE,01tWj00000C383sIAB,0ZGam000000isBBGAY,2026-03-27T23:33:31.000+0000
0ZRWj0000006NMeOAM,01tWj00000C383tIAB,0ZGam000000isBBGAY,2026-03-27T23:32:50.000+0000
0ZRWj0000006MxJOAU,01tWj00000C383uIAB,0ZGam000000isBBGAY,2026-03-27T23:32:23.000+0000
0ZRWj0000006MjiOAE,01tWj00000C383vIAB,0ZGam000000isBBGAY,2026-03-27T23:32:04.000+0000
0ZRWj0000006Nv4OAE,01tWj00000C383wIAB,0ZGam000000isBBGAY,2026-03-27T23:33:31.000+0000
0ZRWj0000006N7EOAU,01tWj00000C383xIAB,0ZGam000000isBBGAY,2026-03-27T23:32:34.000+0000
0ZRWj0000006NtgOAE,01tWj00000C383yIAB,0ZGam000000isBBGAY,2026-03-27T23:33:31.000+0000
0ZRWj0000006NO8OAM,01tWj00000C383zIAB,0ZGam000000isBBGAY,2026-03-27T23:32:53.000+0000
0ZRWj0000006K98OAE,01tWj00000C3840IAB,0ZGam000000isCnGAI,2026-03-27T20:30:25.000+0000
0ZRWj0000006K99OAE,01tWj00000C3841IAB,0ZGam000000isCnGAI,2026-03-27T20:30:25.000+0000
0ZRWj0000006KAuOAM,01tWj00000C3842IAB,0ZGam000000isCnGAI,2026-03-27T20:31:01.000+0000
0ZRWj0000006KCTOA2,01tWj00000C3843IAB,0ZGam000000isCnGAI,2026-03-27T20:31:31.000+0000
0ZRWj0000006KCUOA2,01tWj00000C3844IAB,0ZGam000000isCnGAI,2026-03-27T20:31:31.000+0000
0ZRWj0000006KE5OAM,01tWj00000C3845IAB,0ZGam000000isCnGAI,2026-03-27T20:32:06.000+0000
0ZRWj0000006KE6OAM,01tWj00000C3846IAB,0ZGam000000isCnGAI,2026-03-27T20:32:06.000+0000
0ZRWj0000006KFeOAM,01tWj00000C3847IAB,0ZGam000000isCnGAI,2026-03-27T20:32:31.000+0000
0ZRWj0000006KHTOA2,01tWj00000C3848IAB,0ZGam000000isCnGAI,2026-03-27T20:33:12.000+0000
0ZRWj0000006KHUOA2,01tWj00000C3849IAB,0ZGam000000isCnGAI,2026-03-27T20:33:12.000+0000
0ZRWj0000006KHVOA2,01tWj00000C384AIAR,0ZGam000000isCnGAI,2026-03-27T20:33:12.000+0000
0ZRWj0000006KJ5OAM,01tWj00000C384BIAR,0ZGam000000isCnGAI,2026-03-27T20:33:49.000+0000
0ZRWj0000006KJ6OAM,01tWj00000C384CIAR,0ZGam000000isCnGAI,2026-03-27T20:33:49.000+0000
0ZRWj0000006KJ7OAM,01tWj00000C384DIAR,0ZGam000000isCnGAI,2026-03-27T20:33:49.000+0000
0ZRWj0000006KKXOA2,01tWj00000C384EIAR,0ZGam000000isCnGAI,2026-03-27T20:34:33.000+0000
0ZRWj0000006KMJOA2,01tWj00000C384FIAR,0ZGam000000isCnGAI,2026-03-27T20:35:28.000+0000
0ZRWj0000006KMKOA2,01tWj00000C384GIAR,0ZGam000000isCnGAI,2026-03-27T20:35:28.000+0000
0ZRWj0000006KMLOA2,01tWj00000C384HIAR,0ZGam000000isCnGAI,2026-03-27T20:35:28.000+0000
0ZRWj0000006KO5OAM,01tWj00000C384IIAR,0ZGam000000isCnGAI,2026-03-27T20:36:16.000+0000
0ZRWj0000006KO6OAM,01tWj00000C384JIAR,0ZGam000000isCnGAI,2026-03-27T20:36:16.000+0000
0ZRWj0000006KO7OAM,01tWj00000C384KIAR,0ZGam000000isCnGAI,2026-03-27T20:36:16.000+0000
0ZRWj0000006KO8OAM,01tWj00000C384LIAR,0ZGam000000isCnGAI,2026-03-27T20:36:16.000+0000
0ZRWj0000006KRROA2,01tWj00000C384MIAR,0ZGam000000isCnGAI,2026-03-27T20:37:06.000+0000
0ZRWj0000006KRSOA2,01tWj00000C384NIAR,0ZGam000000isCnGAI,2026-03-27T20:37:06.000+0000
0ZRWj0000006KRTOA2,01tWj00000C384OIAR,0ZGam000000isCnGAI,2026-03-27T20:37:06.000+0000
0ZRWj0000006KRUOA2,01tWj00000C384PIAR,0ZGam000000isCnGAI,2026-03-27T20:37:06.000+0000
0ZRWj0000006KUUOA2,01tWj00000C384QIAR,0ZGam000000isCnGAI,2026-03-27T20:37:59.000+0000
0ZRWj0000006KUVOA2,01tWj00000C384RIAR,0ZGam000000isCnGAI,2026-03-27T20:37:59.000+0000
0ZRWj0000006KUWOA2,01tWj00000C384SIAR,0ZGam000000isCnGAI,2026-03-27T20:37:59.000+0000
0ZRWj0000006KXYOA2,01tWj00000C384TIAR,0ZGam000000isCnGAI,2026-03-27T20:38:39.000+0000
0ZRWj0000006KXZOA2,01tWj00000C384UIAR,0ZGam000000isCnGAI,2026-03-27T20:38:39.000+0000
0ZRWj0000006KZ3OAM,01tWj00000C384VIAR,0ZGam000000isCnGAI,2026-03-27T20:39:10.000+0000
0ZRWj0000006KZ4OAM,01tWj00000C384WIAR,0ZGam000000isCnGAI,2026-03-27T20:39:10.000+0000
0ZRWj0000006NE9OAM,01tWj00000C384XIAR,0ZGam000000isCnGAI,2026-03-27T23:32:42.000+0000
0ZRWj0000006NWhOAM,01tWj00000C384YIAR,0ZGam000000isCnGAI,2026-03-27T23:33:04.000+0000
0ZRWj0000006MrZOAU,01tWj00000C384ZIAR,0ZGam000000isCnGAI,2026-03-27T23:32:15.000+0000
0ZRWj0000006NnfOAE,01tWj00000C384aIAB,0ZGam000000isCnGAI,2026-03-27T23:33:23.000+0000
0ZRWj0000006MwROAU,01tWj00000C384bIAB,0ZGam000000isCnGAI,2026-03-27T23:32:20.000+0000
0ZRWj0000006NvOOAU,01tWj00000C384cIAB,0ZGam000000isCnGAI,2026-03-27T23:33:31.000+0000
0ZRWj0000006Mh5OAE,01tWj00000C384dIAB,0ZGam000000isCnGAI,2026-03-27T23:32:04.000+0000
0ZRWj0000006NlhOAE,01tWj00000C384eIAB,0ZGam000000isCnGAI,2026-03-27T23:33:20.000+0000
0ZRWj0000006N6kOAE,01tWj00000C384fIAB,0ZGam000000isCnGAI,2026-03-27T23:32:31.000+0000
0ZRWj0000006KavOAE,01tWj00000C384gIAB,0ZGam000000isBBGAY,2026-03-27T20:40:58.000+0000
0ZRWj0000006Ke9OAE,01tWj00000C384gIAB,0ZGam000000itATGAY,2026-03-27T20:41:20.000+0000
0ZRWj0000006KawOAE,01tWj00000C384hIAB,0ZGam000000isBBGAY,2026-03-27T20:40:58.000+0000
0ZRWj0000006KeAOAU,01tWj00000C384hIAB,0ZGam000000itATGAY,2026-03-27T20:41:20.000+0000
0ZRWj0000006KkeOAE,01tWj00000C384iIAB,0ZGam000000isBBGAY,2026-03-27T20:43:37.000+0000
0ZRWj0000006KhQOAU,01tWj00000C384iIAB,0ZGam000000itATGAY,2026-03-27T20:43:17.000+0000
0ZRWj0000006Kr3OAE,01tWj00000C384jIAB,0ZGam000000isBBGAY,2026-03-27T20:44:27.000+0000
0ZRWj0000006KnpOAE,01tWj00000C384jIAB,0ZGam000000itATGAY,2026-03-27T20:44:12.000+0000
0ZRWj0000006Kr4OAE,01tWj00000C384kIAB,0ZGam000000isBBGAY,2026-03-27T20:44:27.000+0000
0ZRWj0000006KnqOAE,01tWj00000C384kIAB,0ZGam000000itATGAY,2026-03-27T20:44:12.000+0000
0ZRWj0000006KuHOAU,01tWj00000C384lIAB,0ZGam000000isBBGAY,2026-03-27T21:04:22.000+0000
0ZRWj0000006KxVOAU,01tWj00000C384lIAB,0ZGam000000itATGAY,2026-03-27T21:04:37.000+0000
0ZRWj0000006KxWOAU,01tWj00000C384mIAB,0ZGam000000itATGAY,2026-03-27T21:04:37.000+0000
0ZRWj0000006KuIOAU,01tWj00000C384mIAB,0ZGam000000isBBGAY,2026-03-27T21:04:22.000+0000
0ZRWj0000006L3uOAE,01tWj00000C384nIAB,0ZGam000000itATGAY,2026-03-27T21:05:44.000+0000
0ZRWj0000006L0gOAE,01tWj00000C384nIAB,0ZGam000000isBBGAY,2026-03-27T21:05:29.000+0000
0ZRWj0000006LAPOA2,01tWj00000C384oIAB,0ZGam000000isBBGAY,2026-03-27T21:06:35.000+0000
0ZRWj0000006L7BOAU,01tWj00000C384oIAB,0ZGam000000itATGAY,2026-03-27T21:06:18.000+0000
0ZRWj0000006L7COAU,01tWj00000C384pIAB,0ZGam000000itATGAY,2026-03-27T21:06:18.000+0000
0ZRWj0000006LAQOA2,01tWj00000C384pIAB,0ZGam000000isBBGAY,2026-03-27T21:06:35.000+0000
0ZRWj0000006Nw1OAE,01tWj00000C384qIAB,0ZGam000000isBBGAY,2026-03-27T23:33:31.000+0000
0ZRWj0000006NBqOAM,01tWj00000C384rIAB,0ZGam000000isBBGAY,2026-03-27T23:32:38.000+0000
0ZRWj0000006McROAU,01tWj00000C384sIAB,0ZGam000000isBBGAY,2026-03-27T23:31:57.000+0000
0ZRWj0000006NJCOA2,01tWj00000C384tIAB,0ZGam000000isBBGAY,2026-03-27T23:32:46.000+0000
0ZRWj0000006NB2OAM,01tWj00000C384uIAB,0ZGam000000isBBGAY,2026-03-27T23:32:38.000+0000
0ZRWj0000006NuFOAU,01tWj00000C384vIAB,0ZGam000000isBBGAY,2026-03-27T23:33:31.000+0000
0ZRWj0000006MgFOAU,01tWj00000C384wIAB,0ZGam000000isBBGAY,2026-03-27T23:32:01.000+0000
0ZRWj0000006NYHOA2,01tWj00000C384xIAB,0ZGam000000isBBGAY,2026-03-27T23:33:04.000+0000
0ZRWj0000006MlBOAU,01tWj00000C384yIAB,0ZGam000000isBBGAY,2026-03-27T23:32:08.000+0000
0ZRWj0000006MnyOAE,01tWj00000C384zIAB,0ZGam000000isBBGAY,2026-03-27T23:32:12.000+0000
0ZRWj0000006Mx9OAE,01tWj00000C3850IAB,0ZGam000000isBBGAY,2026-03-27T23:32:23.000+0000
0ZRWj0000006Nb7OAE,01tWj00000C3851IAB,0ZGam000000isBBGAY,2026-03-27T23:33:08.000+0000
0ZRWj0000006NPrOAM,01tWj00000C3852IAB,0ZGam000000isBBGAY,2026-03-27T23:32:53.000+0000
0ZRWj0000006NCwOAM,01tWj00000C3853IAB,0ZGam000000isBBGAY,2026-03-27T23:32:38.000+0000
0ZRWj0000006MdGOAU,01tWj00000C3854IAB,0ZGam000000isBBGAY,2026-03-27T23:31:57.000+0000
0ZRWj0000006MbPOAU,01tWj00000C3855IAB,0ZGam000000isBBGAY,2026-03-27T23:31:57.000+0000
0ZRWj0000006NbwOAE,01tWj00000C3856IAB,0ZGam000000isBBGAY,2026-03-27T23:33:08.000+0000
0ZRWj0000006NMzOAM,01tWj00000C3857IAB,0ZGam000000isBBGAY,2026-03-27T23:32:53.000+0000
0ZRWj0000006NK3OAM,01tWj00000C3858IAB,0ZGam000000isBBGAY,2026-03-27T23:32:50.000+0000
0ZRWj0000006Nf6OAE,01tWj00000C3859IAB,0ZGam000000isBBGAY,2026-03-27T23:33:12.000+0000
0ZRWj0000006NIWOA2,01tWj00000C385AIAR,0ZGam000000isBBGAY,2026-03-27T23:32:46.000+0000
0ZRWj0000006McvOAE,01tWj00000C385BIAR,0ZGam000000isBBGAY,2026-03-27T23:31:57.000+0000
0ZRWj0000006NvHOAU,01tWj00000C385CIAR,0ZGam000000isBBGAY,2026-03-27T23:33:31.000+0000
0ZRWj0000006NsJOAU,01tWj00000C385DIAR,0ZGam000000isBBGAY,2026-03-27T23:33:27.000+0000
0ZRWj0000006N4DOAU,01tWj00000C385EIAR,0ZGam000000isBBGAY,2026-03-27T23:32:31.000+0000
0ZRWj0000006MvPOAU,01tWj00000C385FIAR,0ZGam000000isBBGAY,2026-03-27T23:32:20.000+0000
0ZRWj0000006McIOAU,01tWj00000C385GIAR,0ZGam000000isBBGAY,2026-03-27T23:31:57.000+0000
0ZRWj0000006NJ0OAM,01tWj00000C385HIAR,0ZGam000000isBBGAY,2026-03-27T23:32:46.000+0000
0ZRWj0000006N4lOAE,01tWj00000C385IIAR,0ZGam000000isBBGAY,2026-03-27T23:32:31.000+0000
0ZRWj0000006MdrOAE,01tWj00000C385JIAR,0ZGam000000isBBGAY,2026-03-27T23:32:01.000+0000
0ZRWj0000006MdoOAE,01tWj00000C385KIAR,0ZGam000000isBBGAY,2026-03-27T23:32:01.000+0000
0ZRWj0000006N8lOAE,01tWj00000C385LIAR,0ZGam000000isBBGAY,2026-03-27T23:32:34.000+0000
0ZRWj0000006K9AOAU,01tWj00000C385MIAR,0ZGam000000isCnGAI,2026-03-27T20:30:25.000+0000
0ZRWj0000006K9BOAU,01tWj00000C385NIAR,0ZGam000000isCnGAI,2026-03-27T20:30:25.000+0000
0ZRWj0000006KAvOAM,01tWj00000C385OIAR,0ZGam000000isCnGAI,2026-03-27T20:31:01.000+0000
0ZRWj0000006KCVOA2,01tWj00000C385PIAR,0ZGam000000isCnGAI,2026-03-27T20:31:31.000+0000
0ZRWj0000006KCWOA2,01tWj00000C385QIAR,0ZGam000000isCnGAI,2026-03-27T20:31:31.000+0000
0ZRWj0000006KE7OAM,01tWj00000C385RIAR,0ZGam000000isCnGAI,2026-03-27T20:32:06.000+0000
0ZRWj0000006KE8OAM,01tWj00000C385SIAR,0ZGam000000isCnGAI,2026-03-27T20:32:06.000+0000
0ZRWj0000006KFfOAM,01tWj00000C385TIAR,0ZGam000000isCnGAI,2026-03-27T20:32:31.000+0000
0ZRWj0000006KHWOA2,01tWj00000C385UIAR,0ZGam000000isCnGAI,2026-03-27T20:33:12.000+0000
0ZRWj0000006KHXOA2,01tWj00000C385VIAR,0ZGam000000isCnGAI,2026-03-27T20:33:12.000+0000
0ZRWj0000006KHYOA2,01tWj00000C385WIAR,0ZGam000000isCnGAI,2026-03-27T20:33:12.000+0000
0ZRWj0000006KJ8OAM,01tWj00000C385XIAR,0ZGam000000isCnGAI,2026-03-27T20:33:49.000+0000
0ZRWj0000006KJ9OAM,01tWj00000C385YIAR,0ZGam000000isCnGAI,2026-03-27T20:33:49.000+0000
0ZRWj0000006KJAOA2,01tWj00000C385ZIAR,0ZGam000000isCnGAI,2026-03-27T20:33:49.000+0000
0ZRWj0000006KKYOA2,01tWj00000C385aIAB,0ZGam000000isCnGAI,2026-03-27T20:34:33.000+0000
0ZRWj0000006KMMOA2,01tWj00000C385bIAB,0ZGam000000isCnGAI,2026-03-27T20:35:28.000+0000
0ZRWj0000006KMNOA2,01tWj00000C385cIAB,0ZGam000000isCnGAI,2026-03-27T20:35:28.000+0000
0ZRWj0000006KMOOA2,01tWj00000C385dIAB,0ZGam000000isCnGAI,2026-03-27T20:35:28.000+0000
0ZRWj0000006KO9OAM,01tWj00000C385eIAB,0ZGam000000isCnGAI,2026-03-27T20:36:16.000+0000
0ZRWj0000006KOAOA2,01tWj00000C385fIAB,0ZGam000000isCnGAI,2026-03-27T20:36:16.000+0000
0ZRWj0000006KOBOA2,01tWj00000C385gIAB,0ZGam000000isCnGAI,2026-03-27T20:36:16.000+0000
0ZRWj0000006KOCOA2,01tWj00000C385hIAB,0ZGam000000isCnGAI,2026-03-27T20:36:16.000+0000
0ZRWj0000006KRVOA2,01tWj00000C385iIAB,0ZGam000000isCnGAI,2026-03-27T20:37:06.000+0000
0ZRWj0000006KRWOA2,01tWj00000C385jIAB,0ZGam000000isCnGAI,2026-03-27T20:37:06.000+0000
0ZRWj0000006KRXOA2,01tWj00000C385kIAB,0ZGam000000isCnGAI,2026-03-27T20:37:06.000+0000
0ZRWj0000006KRYOA2,01tWj00000C385lIAB,0ZGam000000isCnGAI,2026-03-27T20:37:06.000+0000
0ZRWj0000006KUXOA2,01tWj00000C385mIAB,0ZGam000000isCnGAI,2026-03-27T20:37:59.000+0000
0ZRWj0000006KUYOA2,01tWj00000C385nIAB,0ZGam000000isCnGAI,2026-03-27T20:37:59.000+0000
0ZRWj0000006KUZOA2,01tWj00000C385oIAB,0ZGam000000isCnGAI,2026-03-27T20:37:59.000+0000
0ZRWj0000006KXaOAM,01tWj00000C385pIAB,0ZGam000000isCnGAI,2026-03-27T20:38:39.000+0000
0ZRWj0000006KXbOAM,01tWj00000C385qIAB,0ZGam000000isCnGAI,2026-03-27T20:38:39.000+0000
0ZRWj0000006KZ5OAM,01tWj00000C385rIAB,0ZGam000000isCnGAI,2026-03-27T20:39:10.000+0000
0ZRWj0000006KZ6OAM,01tWj00000C385sIAB,0ZGam000000isCnGAI,2026-03-27T20:39:10.000+0000
0ZRWj0000006MjwOAE,01tWj00000C385tIAB,0ZGam000000isCnGAI,2026-03-27T23:32:04.000+0000
0ZRWj0000006NSiOAM,01tWj00000C385uIAB,0ZGam000000isCnGAI,2026-03-27T23:32:57.000+0000
0ZRWj0000006NcQOAU,01tWj00000C385vIAB,0ZGam000000isCnGAI,2026-03-27T23:33:08.000+0000
0ZRWj0000006NFIOA2,01tWj00000C385wIAB,0ZGam000000isCnGAI,2026-03-27T23:32:42.000+0000
0ZRWj0000006MocOAE,01tWj00000C385xIAB,0ZGam000000isCnGAI,2026-03-27T23:32:12.000+0000
0ZRWj0000006NPjOAM,01tWj00000C385yIAB,0ZGam000000isCnGAI,2026-03-27T23:32:53.000+0000
0ZRWj0000006NU5OAM,01tWj00000C385zIAB,0ZGam000000isCnGAI,2026-03-27T23:33:01.000+0000
0ZRWj0000006NkEOAU,01tWj00000C3860IAB,0ZGam000000isCnGAI,2026-03-27T23:33:20.000+0000
0ZRWj0000006NOAOA2,01tWj00000C3861IAB,0ZGam000000isCnGAI,2026-03-27T23:32:53.000+0000
0ZRWj0000006KeBOAU,01tWj00000C3862IAB,0ZGam000000itATGAY,2026-03-27T20:41:20.000+0000
0ZRWj0000006KaxOAE,01tWj00000C3862IAB,0ZGam000000isBBGAY,2026-03-27T20:40:58.000+0000
0ZRWj0000006KayOAE,01tWj00000C3863IAB,0ZGam000000isBBGAY,2026-03-27T20:40:58.000+0000
0ZRWj0000006KeCOAU,01tWj00000C3863IAB,0ZGam000000itATGAY,2026-03-27T20:41:20.000+0000
0ZRWj0000006KkfOAE,01tWj00000C3864IAB,0ZGam000000isBBGAY,2026-03-27T20:43:37.000+0000
0ZRWj0000006KhROAU,01tWj00000C3864IAB,0ZGam000000itATGAY,2026-03-27T20:43:17.000+0000
0ZRWj0000006Kr5OAE,01tWj00000C3865IAB,0ZGam000000isBBGAY,2026-03-27T20:44:27.000+0000
0ZRWj0000006KnrOAE,01tWj00000C3865IAB,0ZGam000000itATGAY,2026-03-27T20:44:12.000+0000
0ZRWj0000006KnsOAE,01tWj00000C3866IAB,0ZGam000000itATGAY,2026-03-27T20:44:12.000+0000
0ZRWj0000006Kr6OAE,01tWj00000C3866IAB,0ZGam000000isBBGAY,2026-03-27T20:44:27.000+0000
0ZRWj0000006KuJOAU,01tWj00000C3867IAB,0ZGam000000isBBGAY,2026-03-27T21:04:22.000+0000
0ZRWj0000006KxXOAU,01tWj00000C3867IAB,0ZGam000000itATGAY,2026-03-27T21:04:37.000+0000
0ZRWj0000006KxYOAU,01tWj00000C3868IAB,0ZGam000000itATGAY,2026-03-27T21:04:37.000+0000
0ZRWj0000006KuKOAU,01tWj00000C3868IAB,0ZGam000000isBBGAY,2026-03-27T21:04:22.000+0000
0ZRWj0000006L0hOAE,01tWj00000C3869IAB,0ZGam000000isBBGAY,2026-03-27T21:05:29.000+0000
0ZRWj0000006L3vOAE,01tWj00000C3869IAB,0ZGam000000itATGAY,2026-03-27T21:05:44.000+0000
0ZRWj0000006L7DOAU,01tWj00000C386AIAR,0ZGam000000itATGAY,2026-03-27T21:06:18.000+0000
0ZRWj0000006LAROA2,01tWj00000C386AIAR,0ZGam000000isBBGAY,2026-03-27T21:06:35.000+0000
0ZRWj0000006L7EOAU,01tWj00000C386BIAR,0ZGam000000itATGAY,2026-03-27T21:06:18.000+0000
0ZRWj0000006LASOA2,01tWj00000C386BIAR,0ZGam000000isBBGAY,2026-03-27T21:06:35.000+0000
0ZRWj0000006NoIOAU,01tWj00000C386CIAR,0ZGam000000isBBGAY,2026-03-27T23:33:23.000+0000
0ZRWj0000006NsVOAU,01tWj00000C386DIAR,0ZGam000000isBBGAY,2026-03-27T23:33:27.000+0000
0ZRWj0000006N0QOAU,01tWj00000C386EIAR,0ZGam000000isBBGAY,2026-03-27T23:32:27.000+0000
0ZRWj0000006MclOAE,01tWj00000C386FIAR,0ZGam000000isBBGAY,2026-03-27T23:31:57.000+0000
0ZRWj0000006MiHOAU,01tWj00000C386GIAR,0ZGam000000isBBGAY,2026-03-27T23:32:04.000+0000
0ZRWj0000006MkwOAE,01tWj00000C386HIAR,0ZGam000000isBBGAY,2026-03-27T23:32:08.000+0000
0ZRWj0000006MxbOAE,01tWj00000C386IIAR,0ZGam000000isBBGAY,2026-03-27T23:32:23.000+0000
0ZRWj0000006NvyOAE,01tWj00000C386JIAR,0ZGam000000isBBGAY,2026-03-27T23:33:31.000+0000
0ZRWj0000006MpbOAE,01tWj00000C386KIAR,0ZGam000000isBBGAY,2026-03-27T23:32:12.000+0000
0ZRWj0000006NKkOAM,01tWj00000C386LIAR,0ZGam000000isBBGAY,2026-03-27T23:32:50.000+0000
0ZRWj0000006NOMOA2,01tWj00000C386MIAR,0ZGam000000isBBGAY,2026-03-27T23:32:53.000+0000
0ZRWj0000006NT2OAM,01tWj00000C386NIAR,0ZGam000000isBBGAY,2026-03-27T23:32:57.000+0000
0ZRWj0000006NSeOAM,01tWj00000C386OIAR,0ZGam000000isBBGAY,2026-03-27T23:32:57.000+0000
0ZRWj0000006NTnOAM,01tWj00000C386PIAR,0ZGam000000isBBGAY,2026-03-27T23:33:01.000+0000
0ZRWj0000006NjiOAE,01tWj00000C386QIAR,0ZGam000000isBBGAY,2026-03-27T23:33:20.000+0000
0ZRWj0000006MupOAE,01tWj00000C386RIAR,0ZGam000000isBBGAY,2026-03-27T23:32:20.000+0000
0ZRWj0000006NKAOA2,01tWj00000C386SIAR,0ZGam000000isBBGAY,2026-03-27T23:32:50.000+0000
0ZRWj0000006MtZOAU,01tWj00000C386TIAR,0ZGam000000isBBGAY,2026-03-27T23:32:15.000+0000
0ZRWj0000006N6OOAU,01tWj00000C386UIAR,0ZGam000000isBBGAY,2026-03-27T23:32:31.000+0000
0ZRWj0000006NMaOAM,01tWj00000C386VIAR,0ZGam000000isBBGAY,2026-03-27T23:32:50.000+0000
0ZRWj0000006N39OAE,01tWj00000C386WIAR,0ZGam000000isBBGAY,2026-03-27T23:32:27.000+0000
0ZRWj0000006NsmOAE,01tWj00000C386XIAR,0ZGam000000isBBGAY,2026-03-27T23:33:27.000+0000
0ZRWj0000006NBTOA2,01tWj00000C386YIAR,0ZGam000000isBBGAY,2026-03-27T23:32:38.000+0000
0ZRWj0000006NCROA2,01tWj00000C386ZIAR,0ZGam000000isBBGAY,2026-03-27T23:32:38.000+0000
0ZRWj0000006NnNOAU,01tWj00000C386aIAB,0ZGam000000isBBGAY,2026-03-27T23:33:23.000+0000
0ZRWj0000006NfIOAU,01tWj00000C386bIAB,0ZGam000000isBBGAY,2026-03-27T23:33:12.000+0000
0ZRWj0000006NbCOAU,01tWj00000C386cIAB,0ZGam000000isBBGAY,2026-03-27T23:33:08.000+0000
0ZRWj0000006MimOAE,01tWj00000C386dIAB,0ZGam000000isBBGAY,2026-03-27T23:32:04.000+0000
0ZRWj0000006NN6OAM,01tWj00000C386eIAB,0ZGam000000isBBGAY,2026-03-27T23:32:53.000+0000
0ZRWj0000006MzNOAU,01tWj00000C386fIAB,0ZGam000000isBBGAY,2026-03-27T23:32:23.000+0000
0ZRWj0000006NesOAE,01tWj00000C386gIAB,0ZGam000000isBBGAY,2026-03-27T23:33:12.000+0000
0ZRWj0000006McxOAE,01tWj00000C386hIAB,0ZGam000000isBBGAY,2026-03-27T23:31:57.000+0000
0ZRWj0000006K9COAU,01tWj00000C386iIAB,0ZGam000000isCnGAI,2026-03-27T20:30:25.000+0000
0ZRWj0000006K9DOAU,01tWj00000C386jIAB,0ZGam000000isCnGAI,2026-03-27T20:30:25.000+0000
0ZRWj0000006KAwOAM,01tWj00000C386kIAB,0ZGam000000isCnGAI,2026-03-27T20:31:01.000+0000
0ZRWj0000006KCXOA2,01tWj00000C386lIAB,0ZGam000000isCnGAI,2026-03-27T20:31:31.000+0000
0ZRWj0000006KCYOA2,01tWj00000C386mIAB,0ZGam000000isCnGAI,2026-03-27T20:31:31.000+0000
0ZRWj0000006KE9OAM,01tWj00000C386nIAB,0ZGam000000isCnGAI,2026-03-27T20:32:06.000+0000
0ZRWj0000006KEAOA2,01tWj00000C386oIAB,0ZGam000000isCnGAI,2026-03-27T20:32:06.000+0000
0ZRWj0000006KFgOAM,01tWj00000C386pIAB,0ZGam000000isCnGAI,2026-03-27T20:32:31.000+0000
0ZRWj0000006KHZOA2,01tWj00000C386qIAB,0ZGam000000isCnGAI,2026-03-27T20:33:12.000+0000
0ZRWj0000006KHaOAM,01tWj00000C386rIAB,0ZGam000000isCnGAI,2026-03-27T20:33:12.000+0000
0ZRWj0000006KHbOAM,01tWj00000C386sIAB,0ZGam000000isCnGAI,2026-03-27T20:33:12.000+0000
0ZRWj0000006KJBOA2,01tWj00000C386tIAB,0ZGam000000isCnGAI,2026-03-27T20:33:49.000+0000
0ZRWj0000006KJCOA2,01tWj00000C386uIAB,0ZGam000000isCnGAI,2026-03-27T20:33:49.000+0000
0ZRWj0000006KJDOA2,01tWj00000C386vIAB,0ZGam000000isCnGAI,2026-03-27T20:33:49.000+0000
0ZRWj0000006KKZOA2,01tWj00000C386wIAB,0ZGam000000isCnGAI,2026-03-27T20:34:33.000+0000
0ZRWj0000006KMPOA2,01tWj00000C386xIAB,0ZGam000000isCnGAI,2026-03-27T20:35:28.000+0000
0ZRWj0000006KMQOA2,01tWj00000C386yIAB,0ZGam000000isCnGAI,2026-03-27T20:35:28.000+0000
0ZRWj0000006KFhOAM,01tWj00000C38BpIAJ,0ZGam000000isCnGAI,2026-03-27T20:32:31.000+0000
0ZRWj0000006KHcOAM,01tWj00000C38BqIAJ,0ZGam000000isCnGAI,2026-03-27T20:33:12.000+0000
0ZRWj0000006KHdOAM,01tWj00000C38BrIAJ,0ZGam000000isCnGAI,2026-03-27T20:33:12.000+0000
0ZRWj0000006KHeOAM,01tWj00000C38BsIAJ,0ZGam000000isCnGAI,2026-03-27T20:33:12.000+0000
0ZRWj0000006KJEOA2,01tWj00000C38BtIAJ,0ZGam000000isCnGAI,2026-03-27T20:33:49.000+0000
0ZRWj0000006KJFOA2,01tWj00000C38BuIAJ,0ZGam000000isCnGAI,2026-03-27T20:33:49.000+0000
0ZRWj0000006KJGOA2,01tWj00000C38BvIAJ,0ZGam000000isCnGAI,2026-03-27T20:33:49.000+0000
0ZRWj0000006KKaOAM,01tWj00000C38BwIAJ,0ZGam000000isCnGAI,2026-03-27T20:34:33.000+0000
0ZRWj0000006KMSOA2,01tWj00000C38BxIAJ,0ZGam000000isCnGAI,2026-03-27T20:35:28.000+0000
0ZRWj0000006KMTOA2,01tWj00000C38ByIAJ,0ZGam000000isCnGAI,2026-03-27T20:35:28.000+0000
0ZRWj0000006KMUOA2,01tWj00000C38BzIAJ,0ZGam000000isCnGAI,2026-03-27T20:35:28.000+0000
0ZRWj0000006KOHOA2,01tWj00000C38C0IAJ,0ZGam000000isCnGAI,2026-03-27T20:36:16.000+0000
0ZRWj0000006KOIOA2,01tWj00000C38C1IAJ,0ZGam000000isCnGAI,2026-03-27T20:36:16.000+0000
0ZRWj0000006KOJOA2,01tWj00000C38C2IAJ,0ZGam000000isCnGAI,2026-03-27T20:36:16.000+0000
0ZRWj0000006KOKOA2,01tWj00000C38C3IAJ,0ZGam000000isCnGAI,2026-03-27T20:36:16.000+0000
0ZRWj0000006KRdOAM,01tWj00000C38C4IAJ,0ZGam000000isCnGAI,2026-03-27T20:37:06.000+0000
0ZRWj0000006KReOAM,01tWj00000C38C5IAJ,0ZGam000000isCnGAI,2026-03-27T20:37:06.000+0000
0ZRWj0000006KRfOAM,01tWj00000C38C6IAJ,0ZGam000000isCnGAI,2026-03-27T20:37:06.000+0000
0ZRWj0000006KRgOAM,01tWj00000C38C7IAJ,0ZGam000000isCnGAI,2026-03-27T20:37:06.000+0000
0ZRWj0000006KUdOAM,01tWj00000C38C8IAJ,0ZGam000000isCnGAI,2026-03-27T20:37:59.000+0000
0ZRWj0000006KUeOAM,01tWj00000C38C9IAJ,0ZGam000000isCnGAI,2026-03-27T20:37:59.000+0000
0ZRWj0000006KUfOAM,01tWj00000C38CAIAZ,0ZGam000000isCnGAI,2026-03-27T20:37:59.000+0000
0ZRWj0000006KXeOAM,01tWj00000C38CBIAZ,0ZGam000000isCnGAI,2026-03-27T20:38:39.000+0000
0ZRWj0000006KXfOAM,01tWj00000C38CCIAZ,0ZGam000000isCnGAI,2026-03-27T20:38:39.000+0000
0ZRWj0000006KZ9OAM,01tWj00000C38CDIAZ,0ZGam000000isCnGAI,2026-03-27T20:39:10.000+0000
0ZRWj0000006KZAOA2,01tWj00000C38CEIAZ,0ZGam000000isCnGAI,2026-03-27T20:39:10.000+0000
0ZRWj0000006MkcOAE,01tWj00000C38CFIAZ,0ZGam000000isCnGAI,2026-03-27T23:32:08.000+0000
0ZRWj0000006NFZOA2,01tWj00000C38CGIAZ,0ZGam000000isCnGAI,2026-03-27T23:32:42.000+0000
0ZRWj0000006Nm0OAE,01tWj00000C38CHIAZ,0ZGam000000isCnGAI,2026-03-27T23:33:20.000+0000
0ZRWj0000006NElOAM,01tWj00000C38CIIAZ,0ZGam000000isCnGAI,2026-03-27T23:32:42.000+0000
0ZRWj0000006MmkOAE,01tWj00000C38CJIAZ,0ZGam000000isCnGAI,2026-03-27T23:32:08.000+0000
0ZRWj0000006NAuOAM,01tWj00000C38CKIAZ,0ZGam000000isCnGAI,2026-03-27T23:32:38.000+0000
0ZRWj0000006MhVOAU,01tWj00000C38CLIAZ,0ZGam000000isCnGAI,2026-03-27T23:32:04.000+0000
0ZRWj0000006NErOAM,01tWj00000C38CMIAZ,0ZGam000000isCnGAI,2026-03-27T23:32:42.000+0000
0ZRWj0000006NMXOA2,01tWj00000C38CNIAZ,0ZGam000000isCnGAI,2026-03-27T23:32:50.000+0000
0ZRWj0000006KEVOA2,01tWj00000C38COIAZ,0ZGam000000isCnGAI,2026-03-27T20:32:06.000+0000
0ZRWj0000006KvfOAE,01tWj00000C38CPIAZ,0ZGam000000isBBGAY,2026-03-27T21:04:22.000+0000
0ZRWj0000006KytOAE,01tWj00000C38CPIAZ,0ZGam000000itATGAY,2026-03-27T21:04:37.000+0000
0ZRWj0000006KEROA2,01tWj00000C38CQIAZ,0ZGam000000isCnGAI,2026-03-27T20:32:06.000+0000
0ZRWj0000006KvgOAE,01tWj00000C38CRIAZ,0ZGam000000isBBGAY,2026-03-27T21:04:22.000+0000
0ZRWj0000006KyuOAE,01tWj00000C38CRIAZ,0ZGam000000itATGAY,2026-03-27T21:04:37.000+0000
0ZRWj0000006KESOA2,01tWj00000C38CSIAZ,0ZGam000000isCnGAI,2026-03-27T20:32:06.000+0000
0ZRWj0000006KyvOAE,01tWj00000C38CTIAZ,0ZGam000000itATGAY,2026-03-27T21:04:37.000+0000
0ZRWj0000006KvhOAE,01tWj00000C38CTIAZ,0ZGam000000isBBGAY,2026-03-27T21:04:22.000+0000
0ZRWj0000006KEWOA2,01tWj00000C38CUIAZ,0ZGam000000isCnGAI,2026-03-27T20:32:06.000+0000
0ZRWj0000006KviOAE,01tWj00000C38CVIAZ,0ZGam000000isBBGAY,2026-03-27T21:04:22.000+0000
0ZRWj0000006KywOAE,01tWj00000C38CVIAZ,0ZGam000000itATGAY,2026-03-27T21:04:37.000+0000
0ZRWj0000006KETOA2,01tWj00000C38CWIAZ,0ZGam000000isCnGAI,2026-03-27T20:32:06.000+0000
0ZRWj0000006KyxOAE,01tWj00000C38CXIAZ,0ZGam000000itATGAY,2026-03-27T21:04:37.000+0000
0ZRWj0000006KvjOAE,01tWj00000C38CXIAZ,0ZGam000000isBBGAY,2026-03-27T21:04:22.000+0000
0ZRWj0000006KEUOA2,01tWj00000C38CYIAZ,0ZGam000000isCnGAI,2026-03-27T20:32:06.000+0000
0ZRWj0000006KyyOAE,01tWj00000C38CZIAZ,0ZGam000000itATGAY,2026-03-27T21:04:37.000+0000
0ZRWj0000006KvkOAE,01tWj00000C38CZIAZ,0ZGam000000isBBGAY,2026-03-27T21:04:22.000+0000
0ZRWj0000006NcdOAE,01tWj00000C38CaIAJ,0ZGam000000isG1GAI,2026-03-27T23:33:08.000+0000
0ZRWj0000006NTGOA2,01tWj00000C38CbIAJ,0ZGam000000isG1GAI,2026-03-27T23:32:57.000+0000
0ZRWj0000006MyoOAE,01tWj00000C38CcIAJ,0ZGam000000isG1GAI,2026-03-27T23:32:23.000+0000
0ZRWj0000006N8ZOAU,01tWj00000C38CdIAJ,0ZGam000000isG1GAI,2026-03-27T23:32:34.000+0000
0ZRWj0000006N3qOAE,01tWj00000C38CeIAJ,0ZGam000000isG1GAI,2026-03-27T23:32:31.000+0000
0ZRWj0000006N3ZOAU,01tWj00000C38CfIAJ,0ZGam000000isG1GAI,2026-03-27T23:32:31.000+0000
0ZRWj0000006N2qOAE,01tWj00000C38CgIAJ,0ZGam000000isG1GAI,2026-03-27T23:32:27.000+0000
0ZRWj0000006MczOAE,01tWj00000C38ChIAJ,0ZGam000000isG1GAI,2026-03-27T23:31:57.000+0000
0ZRWj0000006NNyOAM,01tWj00000C38CiIAJ,0ZGam000000isG1GAI,2026-03-27T23:32:53.000+0000
0ZRWj0000006NEdOAM,01tWj00000C38CjIAJ,0ZGam000000isG1GAI,2026-03-27T23:32:42.000+0000
0ZRWj0000006N8pOAE,01tWj00000C38CkIAJ,0ZGam000000isG1GAI,2026-03-27T23:32:34.000+0000
0ZRWj0000006NICOA2,01tWj00000C38ClIAJ,0ZGam000000isG1GAI,2026-03-27T23:32:46.000+0000
0ZRWj0000006NGcOAM,01tWj00000C38CmIAJ,0ZGam000000isG1GAI,2026-03-27T23:32:46.000+0000
0ZRWj0000006NUAOA2,01tWj00000C38CnIAJ,0ZGam000000isG1GAI,2026-03-27T23:33:01.000+0000
0ZRWj0000006MuJOAU,01tWj00000C38CoIAJ,0ZGam000000isG1GAI,2026-03-27T23:32:20.000+0000
0ZRWj0000006NLqOAM,01tWj00000C38CpIAJ,0ZGam000000isG1GAI,2026-03-27T23:32:50.000+0000
0ZRWj0000006Mc8OAE,01tWj00000C38CqIAJ,0ZGam000000isG1GAI,2026-03-27T23:31:57.000+0000
0ZRWj0000006NDLOA2,01tWj00000C38CrIAJ,0ZGam000000isG1GAI,2026-03-27T23:32:42.000+0000
0ZRWj0000006NupOAE,01tWj00000C38CsIAJ,0ZGam000000isG1GAI,2026-03-27T23:33:31.000+0000
0ZRWj0000006NYaOAM,01tWj00000C38CtIAJ,0ZGam000000isG1GAI,2026-03-27T23:33:04.000+0000
0ZRWj0000006Mf1OAE,01tWj00000C38CuIAJ,0ZGam000000isG1GAI,2026-03-27T23:32:01.000+0000
0ZRWj0000006MkTOAU,01tWj00000C38CvIAJ,0ZGam000000isG1GAI,2026-03-27T23:32:08.000+0000
0ZRWj0000006Mn5OAE,01tWj00000C38CwIAJ,0ZGam000000isG1GAI,2026-03-27T23:32:08.000+0000
0ZRWj0000006NCgOAM,01tWj00000C38CxIAJ,0ZGam000000isG1GAI,2026-03-27T23:32:38.000+0000
0ZRWj0000006NGuOAM,01tWj00000C38CyIAJ,0ZGam000000isG1GAI,2026-03-27T23:32:46.000+0000
0ZRWj0000006MzgOAE,01tWj00000C38CzIAJ,0ZGam000000isG1GAI,2026-03-27T23:32:23.000+0000
0ZRWj0000006NkcOAE,01tWj00000C38D0IAJ,0ZGam000000isG1GAI,2026-03-27T23:33:20.000+0000
0ZRWj0000006MnfOAE,01tWj00000C38D1IAJ,0ZGam000000isG1GAI,2026-03-27T23:32:12.000+0000
0ZRWj0000006NstOAE,01tWj00000C38D2IAJ,0ZGam000000isG1GAI,2026-03-27T23:33:27.000+0000
0ZRWj0000006N5yOAE,01tWj00000C38D3IAJ,0ZGam000000isG1GAI,2026-03-27T23:32:31.000+0000
0ZRWj0000006MxFOAU,01tWj00000C38D4IAJ,0ZGam000000isG1GAI,2026-03-27T23:32:23.000+0000
0ZRWj0000006N6KOAU,01tWj00000C38D5IAJ,0ZGam000000isG1GAI,2026-03-27T23:32:31.000+0000
0ZRWj0000006NUFOA2,01tWj00000C38D6IAJ,0ZGam000000isG1GAI,2026-03-27T23:33:01.000+0000
0ZRWj0000006NIKOA2,01tWj00000C38D7IAJ,0ZGam000000isG1GAI,2026-03-27T23:32:46.000+0000
0ZRWj0000006NgIOAU,01tWj00000C38D8IAJ,0ZGam000000isG1GAI,2026-03-27T23:33:16.000+0000
0ZRWj0000006MmlOAE,01tWj00000C38D9IAJ,0ZGam000000isG1GAI,2026-03-27T23:32:08.000+0000
0ZRWj0000006Md5OAE,01tWj00000C38DAIAZ,0ZGam000000isG1GAI,2026-03-27T23:31:57.000+0000
0ZRWj0000006NFEOA2,01tWj00000C38DBIAZ,0ZGam000000isG1GAI,2026-03-27T23:32:42.000+0000
0ZRWj0000006N6cOAE,01tWj00000C38DCIAZ,0ZGam000000isG1GAI,2026-03-27T23:32:31.000+0000
0ZRWj0000006NkfOAE,01tWj00000C38DDIAZ,0ZGam000000isG1GAI,2026-03-27T23:33:20.000+0000
0ZRWj0000006Mk3OAE,01tWj00000C38DEIAZ,0ZGam000000isG1GAI,2026-03-27T23:32:04.000+0000
0ZRWj0000006N4mOAE,01tWj00000C38DFIAZ,0ZGam000000isG1GAI,2026-03-27T23:32:31.000+0000
0ZRWj0000006N7fOAE,01tWj00000C38DGIAZ,0ZGam000000isG1GAI,2026-03-27T23:32:34.000+0000
0ZRWj0000006Mr1OAE,01tWj00000C38DHIAZ,0ZGam000000isG1GAI,2026-03-27T23:32:15.000+0000
0ZRWj0000006NFqOAM,01tWj00000C38DIIAZ,0ZGam000000isG1GAI,2026-03-27T23:32:42.000+0000
0ZRWj0000006Mr4OAE,01tWj00000C38DJIAZ,0ZGam000000isG1GAI,2026-03-27T23:32:15.000+0000
0ZRWj0000006NYJOA2,01tWj00000C38DKIAZ,0ZGam000000isG1GAI,2026-03-27T23:33:04.000+0000
0ZRWj0000006MooOAE,01tWj00000C38DLIAZ,0ZGam000000isG1GAI,2026-03-27T23:32:12.000+0000
0ZRWj0000006MhzOAE,01tWj00000C38DMIAZ,0ZGam000000isG1GAI,2026-03-27T23:32:04.000+0000
0ZRWj0000006NABOA2,01tWj00000C38DNIAZ,0ZGam000000isG1GAI,2026-03-27T23:32:38.000+0000
0ZRWj0000006NUBOA2,01tWj00000C38DOIAZ,0ZGam000000isG1GAI,2026-03-27T23:33:01.000+0000
0ZRWj0000006N6wOAE,01tWj00000C38DPIAZ,0ZGam000000isG1GAI,2026-03-27T23:32:34.000+0000
0ZRWj0000006NdOOAU,01tWj00000C38DQIAZ,0ZGam000000isG1GAI,2026-03-27T23:33:12.000+0000
0ZRWj0000006NthOAE,01tWj00000C38DRIAZ,0ZGam000000isG1GAI,2026-03-27T23:33:31.000+0000
0ZRWj0000006Nc7OAE,01tWj00000C38DSIAZ,0ZGam000000isG1GAI,2026-03-27T23:33:08.000+0000
0ZRWj0000006NGMOA2,01tWj00000C38DTIAZ,0ZGam000000isG1GAI,2026-03-27T23:32:42.000+0000
0ZRWj0000006NQ1OAM,01tWj00000C38DUIAZ,0ZGam000000isG1GAI,2026-03-27T23:32:53.000+0000
0ZRWj0000006NYlOAM,01tWj00000C38DVIAZ,0ZGam000000isG1GAI,2026-03-27T23:33:04.000+0000
0ZRWj0000006NkhOAE,01tWj00000C38DWIAZ,0ZGam000000isG1GAI,2026-03-27T23:33:20.000+0000
0ZRWj0000006NdcOAE,01tWj00000C38DXIAZ,0ZGam000000isG1GAI,2026-03-27T23:33:12.000+0000
0ZRWj0000006NnJOAU,01tWj00000C38DYIAZ,0ZGam000000isG1GAI,2026-03-27T23:33:23.000+0000
0ZRWj0000006MbaOAE,01tWj00000C38DZIAZ,0ZGam000000isG1GAI,2026-03-27T23:31:57.000+0000
0ZRWj0000006McHOAU,01tWj00000C38DaIAJ,0ZGam000000isG1GAI,2026-03-27T23:31:57.000+0000
0ZRWj0000006NCrOAM,01tWj00000C38DbIAJ,0ZGam000000isG1GAI,2026-03-27T23:32:38.000+0000
0ZRWj0000006NAfOAM,01tWj00000C38DcIAJ,0ZGam000000isG1GAI,2026-03-27T23:32:38.000+0000
0ZRWj0000006NPZOA2,01tWj00000C38DdIAJ,0ZGam000000isG1GAI,2026-03-27T23:32:53.000+0000
0ZRWj0000006N51OAE,01tWj00000C38DeIAJ,0ZGam000000isG1GAI,2026-03-27T23:32:31.000+0000
0ZRWj0000006MumOAE,01tWj00000C38DfIAJ,0ZGam000000isG1GAI,2026-03-27T23:32:20.000+0000
0ZRWj0000006MrROAU,01tWj00000C38DgIAJ,0ZGam000000isG1GAI,2026-03-27T23:32:15.000+0000
0ZRWj0000006NPBOA2,01tWj00000C38DhIAJ,0ZGam000000isG1GAI,2026-03-27T23:32:53.000+0000
0ZRWj0000006NviOAE,01tWj00000C38DiIAJ,0ZGam000000isG1GAI,2026-03-27T23:33:31.000+0000
0ZRWj0000006NVlOAM,01tWj00000C38DjIAJ,0ZGam000000isG1GAI,2026-03-27T23:33:01.000+0000
0ZRWj0000006MjKOAU,01tWj00000C38DkIAJ,0ZGam000000isG1GAI,2026-03-27T23:32:04.000+0000
0ZRWj0000006NWOOA2,01tWj00000C38DlIAJ,0ZGam000000isG1GAI,2026-03-27T23:33:01.000+0000
0ZRWj0000006NTCOA2,01tWj00000C38DmIAJ,0ZGam000000isG1GAI,2026-03-27T23:32:57.000+0000
0ZRWj0000006NWKOA2,01tWj00000C38DnIAJ,0ZGam000000isG1GAI,2026-03-27T23:33:01.000+0000
0ZRWj0000006MlYOAU,01tWj00000C38DoIAJ,0ZGam000000isG1GAI,2026-03-27T23:32:08.000+0000
0ZRWj0000006NjvOAE,01tWj00000C38DpIAJ,0ZGam000000isG1GAI,2026-03-27T23:33:20.000+0000
0ZRWj0000006NCfOAM,01tWj00000C38DqIAJ,0ZGam000000isG1GAI,2026-03-27T23:32:38.000+0000
0ZRWj0000006NglOAE,01tWj00000C38DrIAJ,0ZGam000000isG1GAI,2026-03-27T23:33:16.000+0000
0ZRWj0000006NBNOA2,01tWj00000C38DsIAJ,0ZGam000000isG1GAI,2026-03-27T23:32:38.000+0000
0ZRWj0000006NjkOAE,01tWj00000C38DtIAJ,0ZGam000000isG1GAI,2026-03-27T23:33:20.000+0000
0ZRWj0000006NnMOAU,01tWj00000C38DuIAJ,0ZGam000000isG1GAI,2026-03-27T23:33:23.000+0000
0ZRWj0000006MdvOAE,01tWj00000C38DvIAJ,0ZGam000000isG1GAI,2026-03-27T23:32:01.000+0000
0ZRWj0000006NgzOAE,01tWj00000C38DwIAJ,0ZGam000000isG1GAI,2026-03-27T23:33:16.000+0000
0ZRWj0000006MdEOAU,01tWj00000C38DxIAJ,0ZGam000000isG1GAI,2026-03-27T23:31:57.000+0000
0ZRWj0000006MnDOAU,01tWj00000C38DyIAJ,0ZGam000000isG1GAI,2026-03-27T23:32:08.000+0000
0ZRWj0000006NDnOAM,01tWj00000C38DzIAJ,0ZGam000000isG1GAI,2026-03-27T23:32:42.000+0000
0ZRWj0000006NtSOAU,01tWj00000C38E0IAJ,0ZGam000000isG1GAI,2026-03-27T23:33:31.000+0000
0ZRWj0000006NuOOAU,01tWj00000C38E1IAJ,0ZGam000000isG1GAI,2026-03-27T23:33:31.000+0000
0ZRWj0000006NBEOA2,01tWj00000C38E2IAJ,0ZGam000000isG1GAI,2026-03-27T23:32:38.000+0000
0ZRWj0000006NvGOAU,01tWj00000C38E3IAJ,0ZGam000000isG1GAI,2026-03-27T23:33:31.000+0000
0ZRWj0000006NEgOAM,01tWj00000C38E4IAJ,0ZGam000000isG1GAI,2026-03-27T23:32:42.000+0000
0ZRWj0000006Mk1OAE,01tWj00000C38E5IAJ,0ZGam000000isG1GAI,2026-03-27T23:32:04.000+0000
0ZRWj0000006NTLOA2,01tWj00000C38E6IAJ,0ZGam000000isG1GAI,2026-03-27T23:32:57.000+0000
0ZRWj0000006MsNOAU,01tWj00000C38E7IAJ,0ZGam000000isG1GAI,2026-03-27T23:32:15.000+0000
0ZRWj0000006NFQOA2,01tWj00000C38E8IAJ,0ZGam000000isG1GAI,2026-03-27T23:32:42.000+0000
0ZRWj0000006N96OAE,01tWj00000C38E9IAJ,0ZGam000000isG1GAI,2026-03-27T23:32:34.000+0000
0ZRWj0000006MtdOAE,01tWj00000C38EAIAZ,0ZGam000000isG1GAI,2026-03-27T23:32:15.000+0000
0ZRWj0000006Mx3OAE,01tWj00000C38EBIAZ,0ZGam000000isG1GAI,2026-03-27T23:32:20.000+0000
0ZRWj0000006MmzOAE,01tWj00000C38ECIAZ,0ZGam000000isG1GAI,2026-03-27T23:32:08.000+0000
0ZRWj0000006NuVOAU,01tWj00000C38EDIAZ,0ZGam000000isG1GAI,2026-03-27T23:33:31.000+0000
0ZRWj0000006MsFOAU,01tWj00000C38EEIAZ,0ZGam000000isG1GAI,2026-03-27T23:32:15.000+0000
0ZRWj0000006Nq2OAE,01tWj00000C38EFIAZ,0ZGam000000isG1GAI,2026-03-27T23:33:27.000+0000
0ZRWj0000006NqfOAE,01tWj00000C38EGIAZ,0ZGam000000isG1GAI,2026-03-27T23:33:27.000+0000
0ZRWj0000006NFHOA2,01tWj00000C38EHIAZ,0ZGam000000isG1GAI,2026-03-27T23:32:42.000+0000
0ZRWj0000006NkbOAE,01tWj00000C38EIIAZ,0ZGam000000isG1GAI,2026-03-27T23:33:20.000+0000
0ZRWj0000006MhZOAU,01tWj00000C38EJIAZ,0ZGam000000isG1GAI,2026-03-27T23:32:04.000+0000
0ZRWj0000006N2LOAU,01tWj00000C38EKIAZ,0ZGam000000isG1GAI,2026-03-27T23:32:27.000+0000
0ZRWj0000006NuhOAE,01tWj00000C38ELIAZ,0ZGam000000isG1GAI,2026-03-27T23:33:31.000+0000
0ZRWj0000006MpjOAE,01tWj00000C38EMIAZ,0ZGam000000isG1GAI,2026-03-27T23:32:12.000+0000
0ZRWj0000006McDOAU,01tWj00000C38ENIAZ,0ZGam000000isG1GAI,2026-03-27T23:31:57.000+0000
0ZRWj0000006Mq3OAE,01tWj00000C38EOIAZ,0ZGam000000isG1GAI,2026-03-27T23:32:12.000+0000
0ZRWj0000006NhlOAE,01tWj00000C38EPIAZ,0ZGam000000isG1GAI,2026-03-27T23:33:16.000+0000
0ZRWj0000006N6POAU,01tWj00000C38EQIAZ,0ZGam000000isG1GAI,2026-03-27T23:32:31.000+0000
0ZRWj0000006NWPOA2,01tWj00000C38ERIAZ,0ZGam000000isG1GAI,2026-03-27T23:33:01.000+0000
0ZRWj0000006NCHOA2,01tWj00000C38ESIAZ,0ZGam000000isG1GAI,2026-03-27T23:32:38.000+0000
0ZRWj0000006MsSOAU,01tWj00000C38ETIAZ,0ZGam000000isG1GAI,2026-03-27T23:32:15.000+0000
0ZRWj0000006NhgOAE,01tWj00000C38EUIAZ,0ZGam000000isG1GAI,2026-03-27T23:33:16.000+0000
0ZRWj0000006MvvOAE,01tWj00000C38EVIAZ,0ZGam000000isG1GAI,2026-03-27T23:32:20.000+0000
0ZRWj0000006NFKOA2,01tWj00000C38EWIAZ,0ZGam000000isG1GAI,2026-03-27T23:32:42.000+0000
0ZRWj0000006MwdOAE,01tWj00000C38EXIAZ,0ZGam000000isG1GAI,2026-03-27T23:32:20.000+0000
0ZRWj0000006NmyOAE,01tWj00000C38EYIAZ,0ZGam000000isG1GAI,2026-03-27T23:33:23.000+0000
0ZRWj0000006NL1OAM,01tWj00000C38EZIAZ,0ZGam000000isG1GAI,2026-03-27T23:32:50.000+0000
0ZRWj0000006NK0OAM,01tWj00000C38EaIAJ,0ZGam000000isG1GAI,2026-03-27T23:32:50.000+0000
0ZRWj0000006NF9OAM,01tWj00000C38EbIAJ,0ZGam000000isG1GAI,2026-03-27T23:32:42.000+0000
0ZRWj0000006MesOAE,01tWj00000C38EcIAJ,0ZGam000000isG1GAI,2026-03-27T23:32:01.000+0000
0ZRWj0000006MqIOAU,01tWj00000C38EdIAJ,0ZGam000000isG1GAI,2026-03-27T23:32:12.000+0000
0ZRWj0000006N9dOAE,01tWj00000C38EeIAJ,0ZGam000000isG1GAI,2026-03-27T23:32:34.000+0000
0ZRWj0000006NFAOA2,01tWj00000C38EfIAJ,0ZGam000000isG1GAI,2026-03-27T23:32:42.000+0000
0ZRWj0000006MeHOAU,01tWj00000C38EgIAJ,0ZGam000000isG1GAI,2026-03-27T23:32:01.000+0000
0ZRWj0000006MxlOAE,01tWj00000C38EhIAJ,0ZGam000000isG1GAI,2026-03-27T23:32:23.000+0000
0ZRWj0000006NajOAE,01tWj00000C38EiIAJ,0ZGam000000isG1GAI,2026-03-27T23:33:08.000+0000
0ZRWj0000006NA9OAM,01tWj00000C38EjIAJ,0ZGam000000isG1GAI,2026-03-27T23:32:38.000+0000
0ZRWj0000006NgdOAE,01tWj00000C38EkIAJ,0ZGam000000isG1GAI,2026-03-27T23:33:16.000+0000
0ZRWj0000006NBCOA2,01tWj00000C38ElIAJ,0ZGam000000isG1GAI,2026-03-27T23:32:38.000+0000
0ZRWj0000006NZEOA2,01tWj00000C38EmIAJ,0ZGam000000isG1GAI,2026-03-27T23:33:04.000+0000
0ZRWj0000006NfuOAE,01tWj00000C38EnIAJ,0ZGam000000isG1GAI,2026-03-27T23:33:12.000+0000
0ZRWj0000006MfqOAE,01tWj00000C38EoIAJ,0ZGam000000isG1GAI,2026-03-27T23:32:01.000+0000
0ZRWj0000006NDNOA2,01tWj00000C38EpIAJ,0ZGam000000isG1GAI,2026-03-27T23:32:42.000+0000
0ZRWj0000006NvZOAU,01tWj00000C38EqIAJ,0ZGam000000isG1GAI,2026-03-27T23:33:31.000+0000
0ZRWj0000006MiCOAU,01tWj00000C38ErIAJ,0ZGam000000isG1GAI,2026-03-27T23:32:04.000+0000
0ZRWj0000006MuvOAE,01tWj00000C38EsIAJ,0ZGam000000isG1GAI,2026-03-27T23:32:20.000+0000
0ZRWj0000006NanOAE,01tWj00000C38EtIAJ,0ZGam000000isG1GAI,2026-03-27T23:33:08.000+0000
0ZRWj0000006NLbOAM,01tWj00000C38EuIAJ,0ZGam000000isG1GAI,2026-03-27T23:32:50.000+0000
0ZRWj0000006MmCOAU,01tWj00000C38EvIAJ,0ZGam000000isG1GAI,2026-03-27T23:32:08.000+0000
0ZRWj0000006N4oOAE,01tWj00000C38EwIAJ,0ZGam000000isG1GAI,2026-03-27T23:32:31.000+0000
0ZRWj0000006NpPOAU,01tWj00000C38ExIAJ,0ZGam000000isG1GAI,2026-03-27T23:33:23.000+0000
0ZRWj0000006NRpOAM,01tWj00000C38EyIAJ,0ZGam000000isG1GAI,2026-03-27T23:32:57.000+0000
0ZRWj0000006NulOAE,01tWj00000C38EzIAJ,0ZGam000000isG1GAI,2026-03-27T23:33:31.000+0000
0ZRWj0000006NMrOAM,01tWj00000C38F0IAJ,0ZGam000000isG1GAI,2026-03-27T23:32:50.000+0000
0ZRWj0000006NLiOAM,01tWj00000C38F1IAJ,0ZGam000000isG1GAI,2026-03-27T23:32:50.000+0000
0ZRWj0000006NjLOAU,01tWj00000C38F2IAJ,0ZGam000000isG1GAI,2026-03-27T23:33:16.000+0000
0ZRWj0000006KQrOAM,01tWj00000C38F3IAJ,0ZGam000000isCnGAI,2026-03-27T20:37:06.000+0000
0ZRWj0000006KQsOAM,01tWj00000C38F4IAJ,0ZGam000000isCnGAI,2026-03-27T20:37:06.000+0000
0ZRWj0000006KQtOAM,01tWj00000C38F5IAJ,0ZGam000000isCnGAI,2026-03-27T20:37:06.000+0000
0ZRWj0000006KQuOAM,01tWj00000C38F6IAJ,0ZGam000000isCnGAI,2026-03-27T20:37:06.000+0000
0ZRWj0000006KU5OAM,01tWj00000C38F7IAJ,0ZGam000000isCnGAI,2026-03-27T20:37:59.000+0000
0ZRWj0000006KU6OAM,01tWj00000C38F8IAJ,0ZGam000000isCnGAI,2026-03-27T20:37:59.000+0000
0ZRWj0000006KU7OAM,01tWj00000C38F9IAJ,0ZGam000000isCnGAI,2026-03-27T20:37:59.000+0000
0ZRWj0000006KU8OAM,01tWj00000C38FAIAZ,0ZGam000000isCnGAI,2026-03-27T20:37:59.000+0000
0ZRWj0000006KXGOA2,01tWj00000C38FBIAZ,0ZGam000000isCnGAI,2026-03-27T20:38:39.000+0000
0ZRWj0000006KXHOA2,01tWj00000C38FCIAZ,0ZGam000000isCnGAI,2026-03-27T20:38:39.000+0000
0ZRWj0000006KXIOA2,01tWj00000C38FDIAZ,0ZGam000000isCnGAI,2026-03-27T20:38:39.000+0000
0ZRWj0000006KYpOAM,01tWj00000C38FEIAZ,0ZGam000000isCnGAI,2026-03-27T20:39:10.000+0000
0ZRWj0000006KYqOAM,01tWj00000C38FFIAZ,0ZGam000000isCnGAI,2026-03-27T20:39:10.000+0000
0ZRWj0000006NUbOAM,01tWj00000C38FGIAZ,0ZGam000000isCnGAI,2026-03-27T23:33:01.000+0000
0ZRWj0000006MiiOAE,01tWj00000C38FHIAZ,0ZGam000000isCnGAI,2026-03-27T23:32:04.000+0000
0ZRWj0000006NvMOAU,01tWj00000C38FIIAZ,0ZGam000000isCnGAI,2026-03-27T23:33:31.000+0000
0ZRWj0000006ManOAE,01tWj00000C38FJIAZ,0ZGam000000isCnGAI,2026-03-27T23:31:57.000+0000
0ZRWj0000006MtmOAE,01tWj00000C38FKIAZ,0ZGam000000isCnGAI,2026-03-27T23:32:15.000+0000
0ZRWj0000006MeAOAU,01tWj00000C38FLIAZ,0ZGam000000isCnGAI,2026-03-27T23:32:01.000+0000
0ZRWj0000006NhyOAE,01tWj00000C38FMIAZ,0ZGam000000isCnGAI,2026-03-27T23:33:16.000+0000
0ZRWj0000006MylOAE,01tWj00000C38FNIAZ,0ZGam000000isCnGAI,2026-03-27T23:32:23.000+0000
0ZRWj0000006NitOAE,01tWj00000C38FOIAZ,0ZGam000000isCnGAI,2026-03-27T23:33:16.000+0000
0ZRWj0000006NlKOAU,01tWj00000C38FPIAZ,0ZGam000000isCnGAI,2026-03-27T23:33:20.000+0000
0ZRWj0000006K7YOAU,01tWj00000C38FQIAZ,0ZGam000000isCnGAI,2026-03-27T20:29:48.000+0000
0ZRWj0000006K9UOAU,01tWj00000C38FRIAZ,0ZGam000000isCnGAI,2026-03-27T20:30:25.000+0000
0ZRWj0000006KBFOA2,01tWj00000C38FSIAZ,0ZGam000000isCnGAI,2026-03-27T20:31:01.000+0000
0ZRWj0000006KBGOA2,01tWj00000C38FTIAZ,0ZGam000000isCnGAI,2026-03-27T20:31:01.000+0000
0ZRWj0000006KD1OAM,01tWj00000C38FUIAZ,0ZGam000000isCnGAI,2026-03-27T20:31:31.000+0000
0ZRWj0000006KD2OAM,01tWj00000C38FVIAZ,0ZGam000000isCnGAI,2026-03-27T20:31:31.000+0000
0ZRWj0000006KEkOAM,01tWj00000C38FWIAZ,0ZGam000000isCnGAI,2026-03-27T20:32:06.000+0000
0ZRWj0000006KElOAM,01tWj00000C38FXIAZ,0ZGam000000isCnGAI,2026-03-27T20:32:06.000+0000
0ZRWj0000006KG1OAM,01tWj00000C38FYIAZ,0ZGam000000isCnGAI,2026-03-27T20:32:31.000+0000
0ZRWj0000006KG2OAM,01tWj00000C38FZIAZ,0ZGam000000isCnGAI,2026-03-27T20:32:31.000+0000
0ZRWj0000006KIOOA2,01tWj00000C38FaIAJ,0ZGam000000isCnGAI,2026-03-27T20:33:12.000+0000
0ZRWj0000006KIPOA2,01tWj00000C38FbIAJ,0ZGam000000isCnGAI,2026-03-27T20:33:12.000+0000
0ZRWj0000006KIQOA2,01tWj00000C38FcIAJ,0ZGam000000isCnGAI,2026-03-27T20:33:12.000+0000
0ZRWj0000006KJoOAM,01tWj00000C38FdIAJ,0ZGam000000isCnGAI,2026-03-27T20:33:49.000+0000
0ZRWj0000006KJpOAM,01tWj00000C38FeIAJ,0ZGam000000isCnGAI,2026-03-27T20:33:49.000+0000
0ZRWj0000006KJqOAM,01tWj00000C38FfIAJ,0ZGam000000isCnGAI,2026-03-27T20:33:49.000+0000
0ZRWj0000006KKuOAM,01tWj00000C38FgIAJ,0ZGam000000isCnGAI,2026-03-27T20:34:33.000+0000
0ZRWj0000006KKvOAM,01tWj00000C38FhIAJ,0ZGam000000isCnGAI,2026-03-27T20:34:33.000+0000
0ZRWj0000006KN2OAM,01tWj00000C38FiIAJ,0ZGam000000isCnGAI,2026-03-27T20:35:28.000+0000
0ZRWj0000006KN3OAM,01tWj00000C38FjIAJ,0ZGam000000isCnGAI,2026-03-27T20:35:28.000+0000
0ZRWj0000006KN4OAM,01tWj00000C38FkIAJ,0ZGam000000isCnGAI,2026-03-27T20:35:28.000+0000
0ZRWj0000006KP3OAM,01tWj00000C38FlIAJ,0ZGam000000isCnGAI,2026-03-27T20:36:16.000+0000
0ZRWj0000006KP4OAM,01tWj00000C38FmIAJ,0ZGam000000isCnGAI,2026-03-27T20:36:16.000+0000
0ZRWj0000006KP5OAM,01tWj00000C38FnIAJ,0ZGam000000isCnGAI,2026-03-27T20:36:16.000+0000
0ZRWj0000006KP6OAM,01tWj00000C38FoIAJ,0ZGam000000isCnGAI,2026-03-27T20:36:16.000+0000
0ZRWj0000006KSPOA2,01tWj00000C38FpIAJ,0ZGam000000isCnGAI,2026-03-27T20:37:06.000+0000
0ZRWj0000006KSQOA2,01tWj00000C38FqIAJ,0ZGam000000isCnGAI,2026-03-27T20:37:06.000+0000
0ZRWj0000006KSROA2,01tWj00000C38FrIAJ,0ZGam000000isCnGAI,2026-03-27T20:37:06.000+0000
0ZRWj0000006KSSOA2,01tWj00000C38FsIAJ,0ZGam000000isCnGAI,2026-03-27T20:37:06.000+0000
0ZRWj0000006KVPOA2,01tWj00000C38FtIAJ,0ZGam000000isCnGAI,2026-03-27T20:37:59.000+0000
0ZRWj0000006KVQOA2,01tWj00000C38FuIAJ,0ZGam000000isCnGAI,2026-03-27T20:37:59.000+0000
0ZRWj0000006KVROA2,01tWj00000C38FvIAJ,0ZGam000000isCnGAI,2026-03-27T20:37:59.000+0000
0ZRWj0000006KVSOA2,01tWj00000C38FwIAJ,0ZGam000000isCnGAI,2026-03-27T20:37:59.000+0000
0ZRWj0000006KYGOA2,01tWj00000C38FxIAJ,0ZGam000000isCnGAI,2026-03-27T20:38:39.000+0000
0ZRWj0000006KYHOA2,01tWj00000C38FyIAJ,0ZGam000000isCnGAI,2026-03-27T20:38:39.000+0000
0ZRWj0000006KYIOA2,01tWj00000C38FzIAJ,0ZGam000000isCnGAI,2026-03-27T20:38:39.000+0000
0ZRWj0000006KZXOA2,01tWj00000C38G0IAJ,0ZGam000000isCnGAI,2026-03-27T20:39:10.000+0000
0ZRWj0000006KZYOA2,01tWj00000C38G1IAJ,0ZGam000000isCnGAI,2026-03-27T20:39:10.000+0000
0ZRWj0000006MieOAE,01tWj00000C38G2IAJ,0ZGam000000isCnGAI,2026-03-27T23:32:04.000+0000
0ZRWj0000006NTFOA2,01tWj00000C38G3IAJ,0ZGam000000isCnGAI,2026-03-27T23:32:57.000+0000
0ZRWj0000006MblOAE,01tWj00000C38G4IAJ,0ZGam000000isCnGAI,2026-03-27T23:31:57.000+0000
0ZRWj0000006N0DOAU,01tWj00000C38G5IAJ,0ZGam000000isCnGAI,2026-03-27T23:32:23.000+0000
0ZRWj0000006MyvOAE,01tWj00000C38G6IAJ,0ZGam000000isCnGAI,2026-03-27T23:32:23.000+0000
0ZRWj0000006NTwOAM,01tWj00000C38G7IAJ,0ZGam000000isCnGAI,2026-03-27T23:33:01.000+0000
0ZRWj0000006NeTOAU,01tWj00000C38G8IAJ,0ZGam000000isCnGAI,2026-03-27T23:33:12.000+0000
0ZRWj0000006NY0OAM,01tWj00000C38G9IAJ,0ZGam000000isCnGAI,2026-03-27T23:33:04.000+0000
0ZRWj0000006NvLOAU,01tWj00000C38GAIAZ,0ZGam000000isCnGAI,2026-03-27T23:33:31.000+0000
0ZRWj0000006NuROAU,01tWj00000C38GBIAZ,0ZGam000000isCnGAI,2026-03-27T23:33:31.000+0000
0ZRWj0000006N8POAU,01tWj00000C38GCIAZ,0ZGam000000isCnGAI,2026-03-27T23:32:34.000+0000
0ZRWj0000006KczOAE,01tWj00000C38GDIAZ,0ZGam000000isBBGAY,2026-03-27T20:40:58.000+0000
0ZRWj0000006KgDOAU,01tWj00000C38GDIAZ,0ZGam000000itATGAY,2026-03-27T20:41:20.000+0000
0ZRWj0000006KgEOAU,01tWj00000C38GEIAZ,0ZGam000000itATGAY,2026-03-27T20:41:20.000+0000
0ZRWj0000006Kd0OAE,01tWj00000C38GEIAZ,0ZGam000000isBBGAY,2026-03-27T20:40:58.000+0000
0ZRWj0000006KipOAE,01tWj00000C38GFIAZ,0ZGam000000itATGAY,2026-03-27T20:43:17.000+0000
0ZRWj0000006Km3OAE,01tWj00000C38GFIAZ,0ZGam000000isBBGAY,2026-03-27T20:43:37.000+0000
0ZRWj0000006Km4OAE,01tWj00000C38GGIAZ,0ZGam000000isBBGAY,2026-03-27T20:43:37.000+0000
0ZRWj0000006KiqOAE,01tWj00000C38GGIAZ,0ZGam000000itATGAY,2026-03-27T20:43:17.000+0000
0ZRWj0000006KpZOAU,01tWj00000C38GHIAZ,0ZGam000000itATGAY,2026-03-27T20:44:12.000+0000
0ZRWj0000006KsnOAE,01tWj00000C38GHIAZ,0ZGam000000isBBGAY,2026-03-27T20:44:27.000+0000
0ZRWj0000006KsoOAE,01tWj00000C38GIIAZ,0ZGam000000isBBGAY,2026-03-27T20:44:27.000+0000
0ZRWj0000006KpaOAE,01tWj00000C38GIIAZ,0ZGam000000itATGAY,2026-03-27T20:44:12.000+0000
0ZRWj0000006Kw7OAE,01tWj00000C38GJIAZ,0ZGam000000isBBGAY,2026-03-27T21:04:22.000+0000
0ZRWj0000006KzLOAU,01tWj00000C38GJIAZ,0ZGam000000itATGAY,2026-03-27T21:04:37.000+0000
0ZRWj0000006Kw8OAE,01tWj00000C38GKIAZ,0ZGam000000isBBGAY,2026-03-27T21:04:22.000+0000
0ZRWj0000006KzMOAU,01tWj00000C38GKIAZ,0ZGam000000itATGAY,2026-03-27T21:04:37.000+0000
0ZRWj0000006L5TOAU,01tWj00000C38GLIAZ,0ZGam000000itATGAY,2026-03-27T21:05:44.000+0000
0ZRWj0000006L2FOAU,01tWj00000C38GLIAZ,0ZGam000000isBBGAY,2026-03-27T21:05:29.000+0000
0ZRWj0000006L2GOAU,01tWj00000C38GMIAZ,0ZGam000000isBBGAY,2026-03-27T21:05:29.000+0000
0ZRWj0000006L5UOAU,01tWj00000C38GMIAZ,0ZGam000000itATGAY,2026-03-27T21:05:44.000+0000
0ZRWj0000006L91OAE,01tWj00000C38GNIAZ,0ZGam000000itATGAY,2026-03-27T21:06:18.000+0000
0ZRWj0000006LCFOA2,01tWj00000C38GNIAZ,0ZGam000000isBBGAY,2026-03-27T21:06:35.000+0000
0ZRWj0000006LCGOA2,01tWj00000C38GOIAZ,0ZGam000000isBBGAY,2026-03-27T21:06:35.000+0000
0ZRWj0000006L92OAE,01tWj00000C38GOIAZ,0ZGam000000itATGAY,2026-03-27T21:06:18.000+0000
0ZRWj0000006N3yOAE,01tWj00000C38GPIAZ,0ZGam000000isBBGAY,2026-03-27T23:32:31.000+0000
0ZRWj0000006NM2OAM,01tWj00000C38GQIAZ,0ZGam000000isBBGAY,2026-03-27T23:32:50.000+0000
0ZRWj0000006NbkOAE,01tWj00000C38GRIAZ,0ZGam000000isBBGAY,2026-03-27T23:33:08.000+0000
0ZRWj0000006MyBOAU,01tWj00000C38GSIAZ,0ZGam000000isBBGAY,2026-03-27T23:32:23.000+0000
0ZRWj0000006NRoOAM,01tWj00000C38GTIAZ,0ZGam000000isBBGAY,2026-03-27T23:32:57.000+0000
0ZRWj0000006Nm6OAE,01tWj00000C38GUIAZ,0ZGam000000isBBGAY,2026-03-27T23:33:20.000+0000
0ZRWj0000006MaxOAE,01tWj00000C38GVIAZ,0ZGam000000isBBGAY,2026-03-27T23:31:57.000+0000
0ZRWj0000006NLtOAM,01tWj00000C38GWIAZ,0ZGam000000isBBGAY,2026-03-27T23:32:50.000+0000
0ZRWj0000006MgrOAE,01tWj00000C38GXIAZ,0ZGam000000isBBGAY,2026-03-27T23:32:01.000+0000
0ZRWj0000006NFiOAM,01tWj00000C38GYIAZ,0ZGam000000isBBGAY,2026-03-27T23:32:42.000+0000
0ZRWj0000006NRsOAM,01tWj00000C38GZIAZ,0ZGam000000isBBGAY,2026-03-27T23:32:57.000+0000
0ZRWj0000006MfPOAU,01tWj00000C38GaIAJ,0ZGam000000isBBGAY,2026-03-27T23:32:01.000+0000
0ZRWj0000006NubOAE,01tWj00000C38GbIAJ,0ZGam000000isBBGAY,2026-03-27T23:33:31.000+0000
0ZRWj0000006NR7OAM,01tWj00000C38GcIAJ,0ZGam000000isBBGAY,2026-03-27T23:32:57.000+0000
0ZRWj0000006NvgOAE,01tWj00000C38GdIAJ,0ZGam000000isBBGAY,2026-03-27T23:33:31.000+0000
0ZRWj0000006NguOAE,01tWj00000C38GeIAJ,0ZGam000000isBBGAY,2026-03-27T23:33:16.000+0000
0ZRWj0000006NNqOAM,01tWj00000C38GfIAJ,0ZGam000000isBBGAY,2026-03-27T23:32:53.000+0000
0ZRWj0000006NNgOAM,01tWj00000C38GgIAJ,0ZGam000000isBBGAY,2026-03-27T23:32:53.000+0000
0ZRWj0000006NBzOAM,01tWj00000C38GhIAJ,0ZGam000000isBBGAY,2026-03-27T23:32:38.000+0000
0ZRWj0000006MlGOAU,01tWj00000C38GiIAJ,0ZGam000000isBBGAY,2026-03-27T23:32:08.000+0000
0ZRWj0000006NpEOAU,01tWj00000C38GjIAJ,0ZGam000000isBBGAY,2026-03-27T23:33:23.000+0000
0ZRWj0000006NC9OAM,01tWj00000C38GkIAJ,0ZGam000000isBBGAY,2026-03-27T23:32:38.000+0000
0ZRWj0000006NUXOA2,01tWj00000C38GlIAJ,0ZGam000000isBBGAY,2026-03-27T23:33:01.000+0000
0ZRWj0000006NmbOAE,01tWj00000C38GmIAJ,0ZGam000000isBBGAY,2026-03-27T23:33:20.000+0000
0ZRWj0000006NkGOAU,01tWj00000C38GnIAJ,0ZGam000000isBBGAY,2026-03-27T23:33:20.000+0000
0ZRWj0000006MrfOAE,01tWj00000C38GoIAJ,0ZGam000000isBBGAY,2026-03-27T23:32:15.000+0000
0ZRWj0000006MdKOAU,01tWj00000C38GpIAJ,0ZGam000000isBBGAY,2026-03-27T23:31:57.000+0000
0ZRWj0000006NaoOAE,01tWj00000C38GqIAJ,0ZGam000000isBBGAY,2026-03-27T23:33:08.000+0000
0ZRWj0000006NEaOAM,01tWj00000C38GrIAJ,0ZGam000000isBBGAY,2026-03-27T23:32:42.000+0000
0ZRWj0000006NpsOAE,01tWj00000C38GsIAJ,0ZGam000000isBBGAY,2026-03-27T23:33:23.000+0000
0ZRWj0000006NGCOA2,01tWj00000C38GtIAJ,0ZGam000000isBBGAY,2026-03-27T23:32:42.000+0000
0ZRWj0000006NotOAE,01tWj00000C38GuIAJ,0ZGam000000isBBGAY,2026-03-27T23:33:23.000+0000
0ZRWj0000006NPaOAM,01tWj00000C38GvIAJ,0ZGam000000isBBGAY,2026-03-27T23:32:53.000+0000
0ZRWj0000006NjWOAU,01tWj00000C38GwIAJ,0ZGam000000isBBGAY,2026-03-27T23:33:20.000+0000
0ZRWj0000006Ne4OAE,01tWj00000C38GxIAJ,0ZGam000000isBBGAY,2026-03-27T23:33:12.000+0000
0ZRWj0000006NZTOA2,01tWj00000C38GyIAJ,0ZGam000000isBBGAY,2026-03-27T23:33:04.000+0000
0ZRWj0000006NpYOAU,01tWj00000C38GzIAJ,0ZGam000000isBBGAY,2026-03-27T23:33:23.000+0000
0ZRWj0000006K7ZOAU,01tWj00000C38H0IAJ,0ZGam000000isCnGAI,2026-03-27T20:29:48.000+0000
0ZRWj0000006K9VOAU,01tWj00000C38H1IAJ,0ZGam000000isCnGAI,2026-03-27T20:30:25.000+0000
0ZRWj0000006KBHOA2,01tWj00000C38H2IAJ,0ZGam000000isCnGAI,2026-03-27T20:31:01.000+0000
0ZRWj0000006KBIOA2,01tWj00000C38H3IAJ,0ZGam000000isCnGAI,2026-03-27T20:31:01.000+0000
0ZRWj0000006KD3OAM,01tWj00000C38H4IAJ,0ZGam000000isCnGAI,2026-03-27T20:31:31.000+0000
0ZRWj0000006KD4OAM,01tWj00000C38H5IAJ,0ZGam000000isCnGAI,2026-03-27T20:31:31.000+0000
0ZRWj0000006KEmOAM,01tWj00000C38H6IAJ,0ZGam000000isCnGAI,2026-03-27T20:32:06.000+0000
0ZRWj0000006KEnOAM,01tWj00000C38H7IAJ,0ZGam000000isCnGAI,2026-03-27T20:32:06.000+0000
0ZRWj0000006KG3OAM,01tWj00000C38H8IAJ,0ZGam000000isCnGAI,2026-03-27T20:32:31.000+0000
0ZRWj0000006KG4OAM,01tWj00000C38H9IAJ,0ZGam000000isCnGAI,2026-03-27T20:32:31.000+0000
0ZRWj0000006KIROA2,01tWj00000C38HAIAZ,0ZGam000000isCnGAI,2026-03-27T20:33:12.000+0000
0ZRWj0000006KISOA2,01tWj00000C38HBIAZ,0ZGam000000isCnGAI,2026-03-27T20:33:12.000+0000
0ZRWj0000006KITOA2,01tWj00000C38HCIAZ,0ZGam000000isCnGAI,2026-03-27T20:33:12.000+0000
0ZRWj0000006KJrOAM,01tWj00000C38HDIAZ,0ZGam000000isCnGAI,2026-03-27T20:33:49.000+0000
0ZRWj0000006KJsOAM,01tWj00000C38HEIAZ,0ZGam000000isCnGAI,2026-03-27T20:33:49.000+0000
0ZRWj0000006KJtOAM,01tWj00000C38HFIAZ,0ZGam000000isCnGAI,2026-03-27T20:33:49.000+0000
0ZRWj0000006KKwOAM,01tWj00000C38HGIAZ,0ZGam000000isCnGAI,2026-03-27T20:34:33.000+0000
0ZRWj0000006KKxOAM,01tWj00000C38HHIAZ,0ZGam000000isCnGAI,2026-03-27T20:34:33.000+0000
0ZRWj0000006KN5OAM,01tWj00000C38HIIAZ,0ZGam000000isCnGAI,2026-03-27T20:35:28.000+0000
0ZRWj0000006KN6OAM,01tWj00000C38HJIAZ,0ZGam000000isCnGAI,2026-03-27T20:35:28.000+0000
0ZRWj0000006KN7OAM,01tWj00000C38HKIAZ,0ZGam000000isCnGAI,2026-03-27T20:35:28.000+0000
0ZRWj0000006KP7OAM,01tWj00000C38HLIAZ,0ZGam000000isCnGAI,2026-03-27T20:36:16.000+0000
0ZRWj0000006KP8OAM,01tWj00000C38HMIAZ,0ZGam000000isCnGAI,2026-03-27T20:36:16.000+0000
0ZRWj0000006KP9OAM,01tWj00000C38HNIAZ,0ZGam000000isCnGAI,2026-03-27T20:36:16.000+0000
0ZRWj0000006KPAOA2,01tWj00000C38HOIAZ,0ZGam000000isCnGAI,2026-03-27T20:36:16.000+0000
0ZRWj0000006KSTOA2,01tWj00000C38HPIAZ,0ZGam000000isCnGAI,2026-03-27T20:37:06.000+0000
0ZRWj0000006KSUOA2,01tWj00000C38HQIAZ,0ZGam000000isCnGAI,2026-03-27T20:37:06.000+0000
0ZRWj0000006KSVOA2,01tWj00000C38HRIAZ,0ZGam000000isCnGAI,2026-03-27T20:37:06.000+0000
0ZRWj0000006KSWOA2,01tWj00000C38HSIAZ,0ZGam000000isCnGAI,2026-03-27T20:37:06.000+0000
0ZRWj0000006KVTOA2,01tWj00000C38HTIAZ,0ZGam000000isCnGAI,2026-03-27T20:37:59.000+0000
0ZRWj0000006KVUOA2,01tWj00000C38HUIAZ,0ZGam000000isCnGAI,2026-03-27T20:37:59.000+0000
0ZRWj0000006KVVOA2,01tWj00000C38HVIAZ,0ZGam000000isCnGAI,2026-03-27T20:37:59.000+0000
0ZRWj0000006KVWOA2,01tWj00000C38HWIAZ,0ZGam000000isCnGAI,2026-03-27T20:37:59.000+0000
0ZRWj0000006KYJOA2,01tWj00000C38HXIAZ,0ZGam000000isCnGAI,2026-03-27T20:38:39.000+0000
0ZRWj0000006KYKOA2,01tWj00000C38HYIAZ,0ZGam000000isCnGAI,2026-03-27T20:38:39.000+0000
0ZRWj0000006KYLOA2,01tWj00000C38HZIAZ,0ZGam000000isCnGAI,2026-03-27T20:38:39.000+0000
0ZRWj0000006KZZOA2,01tWj00000C38HaIAJ,0ZGam000000isCnGAI,2026-03-27T20:39:10.000+0000
0ZRWj0000006KZaOAM,01tWj00000C38HbIAJ,0ZGam000000isCnGAI,2026-03-27T20:39:10.000+0000
0ZRWj0000006NqZOAU,01tWj00000C38HcIAJ,0ZGam000000isCnGAI,2026-03-27T23:33:27.000+0000
0ZRWj0000006Nn2OAE,01tWj00000C38HdIAJ,0ZGam000000isCnGAI,2026-03-27T23:33:23.000+0000
0ZRWj0000006NHXOA2,01tWj00000C38HeIAJ,0ZGam000000isCnGAI,2026-03-27T23:32:46.000+0000
0ZRWj0000006NCnOAM,01tWj00000C38HfIAJ,0ZGam000000isCnGAI,2026-03-27T23:32:38.000+0000
0ZRWj0000006NqNOAU,01tWj00000C38HgIAJ,0ZGam000000isCnGAI,2026-03-27T23:33:27.000+0000
0ZRWj0000006MbQOAU,01tWj00000C38HhIAJ,0ZGam000000isCnGAI,2026-03-27T23:31:57.000+0000
0ZRWj0000006MqdOAE,01tWj00000C38HiIAJ,0ZGam000000isCnGAI,2026-03-27T23:32:12.000+0000
0ZRWj0000006NqxOAE,01tWj00000C38HjIAJ,0ZGam000000isCnGAI,2026-03-27T23:33:27.000+0000
0ZRWj0000006NByOAM,01tWj00000C38HkIAJ,0ZGam000000isCnGAI,2026-03-27T23:32:38.000+0000
0ZRWj0000006NabOAE,01tWj00000C38HlIAJ,0ZGam000000isCnGAI,2026-03-27T23:33:08.000+0000
0ZRWj0000006KgFOAU,01tWj00000C38HmIAJ,0ZGam000000itATGAY,2026-03-27T20:41:20.000+0000
0ZRWj0000006Kd1OAE,01tWj00000C38HmIAJ,0ZGam000000isBBGAY,2026-03-27T20:40:58.000+0000
0ZRWj0000006Kd2OAE,01tWj00000C38HnIAJ,0ZGam000000isBBGAY,2026-03-27T20:40:58.000+0000
0ZRWj0000006KgGOAU,01tWj00000C38HnIAJ,0ZGam000000itATGAY,2026-03-27T20:41:20.000+0000
0ZRWj0000006KirOAE,01tWj00000C38HoIAJ,0ZGam000000itATGAY,2026-03-27T20:43:17.000+0000
0ZRWj0000006Km5OAE,01tWj00000C38HoIAJ,0ZGam000000isBBGAY,2026-03-27T20:43:37.000+0000
0ZRWj0000006KisOAE,01tWj00000C38HpIAJ,0ZGam000000itATGAY,2026-03-27T20:43:17.000+0000
0ZRWj0000006Km6OAE,01tWj00000C38HpIAJ,0ZGam000000isBBGAY,2026-03-27T20:43:37.000+0000
0ZRWj0000006KspOAE,01tWj00000C38HqIAJ,0ZGam000000isBBGAY,2026-03-27T20:44:27.000+0000
0ZRWj0000006KpbOAE,01tWj00000C38HqIAJ,0ZGam000000itATGAY,2026-03-27T20:44:12.000+0000
0ZRWj0000006KsqOAE,01tWj00000C38HrIAJ,0ZGam000000isBBGAY,2026-03-27T20:44:27.000+0000
0ZRWj0000006KpcOAE,01tWj00000C38HrIAJ,0ZGam000000itATGAY,2026-03-27T20:44:12.000+0000
0ZRWj0000006Kw9OAE,01tWj00000C38HsIAJ,0ZGam000000isBBGAY,2026-03-27T21:04:22.000+0000
0ZRWj0000006KzNOAU,01tWj00000C38HsIAJ,0ZGam000000itATGAY,2026-03-27T21:04:37.000+0000
0ZRWj0000006KwAOAU,01tWj00000C38HtIAJ,0ZGam000000isBBGAY,2026-03-27T21:04:22.000+0000
0ZRWj0000006KzOOAU,01tWj00000C38HtIAJ,0ZGam000000itATGAY,2026-03-27T21:04:37.000+0000
0ZRWj0000006L5VOAU,01tWj00000C38HuIAJ,0ZGam000000itATGAY,2026-03-27T21:05:44.000+0000
0ZRWj0000006L2HOAU,01tWj00000C38HuIAJ,0ZGam000000isBBGAY,2026-03-27T21:05:29.000+0000
0ZRWj0000006L2IOAU,01tWj00000C38HvIAJ,0ZGam000000isBBGAY,2026-03-27T21:05:29.000+0000
0ZRWj0000006L5WOAU,01tWj00000C38HvIAJ,0ZGam000000itATGAY,2026-03-27T21:05:44.000+0000
0ZRWj0000006L93OAE,01tWj00000C38HwIAJ,0ZGam000000itATGAY,2026-03-27T21:06:18.000+0000
0ZRWj0000006LCHOA2,01tWj00000C38HwIAJ,0ZGam000000isBBGAY,2026-03-27T21:06:35.000+0000
0ZRWj0000006LCIOA2,01tWj00000C38HxIAJ,0ZGam000000isBBGAY,2026-03-27T21:06:35.000+0000
0ZRWj0000006L94OAE,01tWj00000C38HxIAJ,0ZGam000000itATGAY,2026-03-27T21:06:18.000+0000
0ZRWj0000006Mm7OAE,01tWj00000C38HyIAJ,0ZGam000000isBBGAY,2026-03-27T23:32:08.000+0000
0ZRWj0000006MpLOAU,01tWj00000C38HzIAJ,0ZGam000000isBBGAY,2026-03-27T23:32:12.000+0000
0ZRWj0000006NHEOA2,01tWj00000C38I0IAJ,0ZGam000000isBBGAY,2026-03-27T23:32:46.000+0000
0ZRWj0000006MzfOAE,01tWj00000C38I1IAJ,0ZGam000000isBBGAY,2026-03-27T23:32:23.000+0000
0ZRWj0000006NJ4OAM,01tWj00000C38I2IAJ,0ZGam000000isBBGAY,2026-03-27T23:32:46.000+0000
0ZRWj0000006NksOAE,01tWj00000C38I3IAJ,0ZGam000000isBBGAY,2026-03-27T23:33:20.000+0000
0ZRWj0000006MgZOAU,01tWj00000C38I4IAJ,0ZGam000000isBBGAY,2026-03-27T23:32:01.000+0000
0ZRWj0000006NOXOA2,01tWj00000C38I5IAJ,0ZGam000000isBBGAY,2026-03-27T23:32:53.000+0000
0ZRWj0000006NfbOAE,01tWj00000C38I6IAJ,0ZGam000000isBBGAY,2026-03-27T23:33:12.000+0000
0ZRWj0000006NDdOAM,01tWj00000C38I7IAJ,0ZGam000000isBBGAY,2026-03-27T23:32:42.000+0000
0ZRWj0000006N8gOAE,01tWj00000C38I8IAJ,0ZGam000000isBBGAY,2026-03-27T23:32:34.000+0000
0ZRWj0000006NM0OAM,01tWj00000C38I9IAJ,0ZGam000000isBBGAY,2026-03-27T23:32:50.000+0000
0ZRWj0000006NYSOA2,01tWj00000C38IAIAZ,0ZGam000000isBBGAY,2026-03-27T23:33:04.000+0000
0ZRWj0000006NDwOAM,01tWj00000C38IBIAZ,0ZGam000000isBBGAY,2026-03-27T23:32:42.000+0000
0ZRWj0000006NN7OAM,01tWj00000C38ICIAZ,0ZGam000000isBBGAY,2026-03-27T23:32:53.000+0000
0ZRWj0000006MfYOAU,01tWj00000C38IDIAZ,0ZGam000000isBBGAY,2026-03-27T23:32:01.000+0000
0ZRWj0000006MzROAU,01tWj00000C38IEIAZ,0ZGam000000isBBGAY,2026-03-27T23:32:23.000+0000
0ZRWj0000006NVcOAM,01tWj00000C38IFIAZ,0ZGam000000isBBGAY,2026-03-27T23:33:01.000+0000
0ZRWj0000006MwJOAU,01tWj00000C38IGIAZ,0ZGam000000isBBGAY,2026-03-27T23:32:20.000+0000
0ZRWj0000006NLWOA2,01tWj00000C38RxIAJ,0ZGam000000isHdGAI,2026-03-27T23:32:50.000+0000
0ZRWj0000006Nn4OAE,01tWj00000C38RyIAJ,0ZGam000000isHdGAI,2026-03-27T23:33:23.000+0000
0ZRWj0000006NnQOAU,01tWj00000C38RzIAJ,0ZGam000000isHdGAI,2026-03-27T23:33:23.000+0000
0ZRWj0000006NhOOAU,01tWj00000C38S0IAJ,0ZGam000000isHdGAI,2026-03-27T23:33:16.000+0000
0ZRWj0000006MquOAE,01tWj00000C38S1IAJ,0ZGam000000isHdGAI,2026-03-27T23:32:15.000+0000
0ZRWj0000006NbuOAE,01tWj00000C38S2IAJ,0ZGam000000isHdGAI,2026-03-27T23:33:08.000+0000
0ZRWj0000006NIZOA2,01tWj00000C38S3IAJ,0ZGam000000isHdGAI,2026-03-27T23:32:46.000+0000
0ZRWj0000006MfOOAU,01tWj00000C38S4IAJ,0ZGam000000isHdGAI,2026-03-27T23:32:01.000+0000
0ZRWj0000006MpEOAU,01tWj00000C38S5IAJ,0ZGam000000isHdGAI,2026-03-27T23:32:12.000+0000
0ZRWj0000006N6NOAU,01tWj00000C38S6IAJ,0ZGam000000isHdGAI,2026-03-27T23:32:31.000+0000
0ZRWj0000006NT5OAM,01tWj00000C38S7IAJ,0ZGam000000isHdGAI,2026-03-27T23:32:57.000+0000
0ZRWj0000006MjHOAU,01tWj00000C38S8IAJ,0ZGam000000isHdGAI,2026-03-27T23:32:04.000+0000
0ZRWj0000006NHoOAM,01tWj00000C38S9IAJ,0ZGam000000isHdGAI,2026-03-27T23:32:46.000+0000
0ZRWj0000006NdXOAU,01tWj00000C38SAIAZ,0ZGam000000isHdGAI,2026-03-27T23:33:12.000+0000
0ZRWj0000006NnzOAE,01tWj00000C38SBIAZ,0ZGam000000isHdGAI,2026-03-27T23:33:23.000+0000
0ZRWj0000006Mq4OAE,01tWj00000C38SCIAZ,0ZGam000000isHdGAI,2026-03-27T23:32:12.000+0000
0ZRWj0000006NrDOAU,01tWj00000C38SDIAZ,0ZGam000000isHdGAI,2026-03-27T23:33:27.000+0000
0ZRWj0000006Na5OAE,01tWj00000C38SEIAZ,0ZGam000000isHdGAI,2026-03-27T23:33:08.000+0000
0ZRWj0000006NHOOA2,01tWj00000C38SFIAZ,0ZGam000000isHdGAI,2026-03-27T23:32:46.000+0000
0ZRWj0000006MknOAE,01tWj00000C38SGIAZ,0ZGam000000isHdGAI,2026-03-27T23:32:08.000+0000
0ZRWj0000006NjHOAU,01tWj00000C38SHIAZ,0ZGam000000isHdGAI,2026-03-27T23:33:16.000+0000
0ZRWj0000006NlnOAE,01tWj00000C38SIIAZ,0ZGam000000isHdGAI,2026-03-27T23:33:20.000+0000
0ZRWj0000006N5HOAU,01tWj00000C38SJIAZ,0ZGam000000isHdGAI,2026-03-27T23:32:31.000+0000
0ZRWj0000006MvMOAU,01tWj00000C38SKIAZ,0ZGam000000isHdGAI,2026-03-27T23:32:20.000+0000
0ZRWj0000006Nb0OAE,01tWj00000C38SLIAZ,0ZGam000000isHdGAI,2026-03-27T23:33:08.000+0000
0ZRWj0000006NcHOAU,01tWj00000C38SMIAZ,0ZGam000000isHdGAI,2026-03-27T23:33:08.000+0000
0ZRWj0000006NpOOAU,01tWj00000C38SNIAZ,0ZGam000000isHdGAI,2026-03-27T23:33:23.000+0000
0ZRWj0000006MkMOAU,01tWj00000C38SOIAZ,0ZGam000000isHdGAI,2026-03-27T23:32:08.000+0000
0ZRWj0000006MxCOAU,01tWj00000C38SPIAZ,0ZGam000000isHdGAI,2026-03-27T23:32:23.000+0000
0ZRWj0000006Mv5OAE,01tWj00000C38SQIAZ,0ZGam000000isHdGAI,2026-03-27T23:32:20.000+0000
0ZRWj0000006NDgOAM,01tWj00000C38SRIAZ,0ZGam000000isHdGAI,2026-03-27T23:32:42.000+0000
0ZRWj0000006NquOAE,01tWj00000C38SSIAZ,0ZGam000000isHdGAI,2026-03-27T23:33:27.000+0000
0ZRWj0000006MjoOAE,01tWj00000C38STIAZ,0ZGam000000isHdGAI,2026-03-27T23:32:04.000+0000
0ZRWj0000006N1ROAU,01tWj00000C38SUIAZ,0ZGam000000isHdGAI,2026-03-27T23:32:27.000+0000
0ZRWj0000006MvuOAE,01tWj00000C38SVIAZ,0ZGam000000isHdGAI,2026-03-27T23:32:20.000+0000
0ZRWj0000006NuxOAE,01tWj00000C38SWIAZ,0ZGam000000isHdGAI,2026-03-27T23:33:31.000+0000
0ZRWj0000006NZlOAM,01tWj00000C38SXIAZ,0ZGam000000isHdGAI,2026-03-27T23:33:04.000+0000
0ZRWj0000006NdNOAU,01tWj00000C38SYIAZ,0ZGam000000isHdGAI,2026-03-27T23:33:12.000+0000
0ZRWj0000006NktOAE,01tWj00000C38SZIAZ,0ZGam000000isHdGAI,2026-03-27T23:33:20.000+0000
0ZRWj0000006Mt9OAE,01tWj00000C38SaIAJ,0ZGam000000isHdGAI,2026-03-27T23:32:15.000+0000
0ZRWj0000006MdTOAU,01tWj00000C38SbIAJ,0ZGam000000isHdGAI,2026-03-27T23:31:57.000+0000
0ZRWj0000006MjSOAU,01tWj00000C38ScIAJ,0ZGam000000isHdGAI,2026-03-27T23:32:04.000+0000
0ZRWj0000006MttOAE,01tWj00000C38SdIAJ,0ZGam000000isHdGAI,2026-03-27T23:32:20.000+0000
0ZRWj0000006N8KOAU,01tWj00000C38SeIAJ,0ZGam000000isHdGAI,2026-03-27T23:32:34.000+0000
0ZRWj0000006N3EOAU,01tWj00000C38SfIAJ,0ZGam000000isHdGAI,2026-03-27T23:32:27.000+0000
0ZRWj0000006NbpOAE,01tWj00000C38SgIAJ,0ZGam000000isHdGAI,2026-03-27T23:33:08.000+0000
0ZRWj0000006MhBOAU,01tWj00000C38ShIAJ,0ZGam000000isHdGAI,2026-03-27T23:32:04.000+0000
0ZRWj0000006NKbOAM,01tWj00000C38SiIAJ,0ZGam000000isHdGAI,2026-03-27T23:32:50.000+0000
0ZRWj0000006NiEOAU,01tWj00000C38SjIAJ,0ZGam000000isHdGAI,2026-03-27T23:33:16.000+0000
0ZRWj0000006NAqOAM,01tWj00000C38SkIAJ,0ZGam000000isHdGAI,2026-03-27T23:32:38.000+0000
0ZRWj0000006NmKOAU,01tWj00000C38SlIAJ,0ZGam000000isHdGAI,2026-03-27T23:33:20.000+0000
0ZRWj0000006NRIOA2,01tWj00000C38SmIAJ,0ZGam000000isHdGAI,2026-03-27T23:32:57.000+0000
0ZRWj0000006NjIOAU,01tWj00000C38SnIAJ,0ZGam000000isHdGAI,2026-03-27T23:33:16.000+0000
0ZRWj0000006NK8OAM,01tWj00000C38SoIAJ,0ZGam000000isHdGAI,2026-03-27T23:32:50.000+0000
0ZRWj0000006McoOAE,01tWj00000C38SpIAJ,0ZGam000000isHdGAI,2026-03-27T23:31:57.000+0000
0ZRWj0000006MxuOAE,01tWj00000C38SqIAJ,0ZGam000000isHdGAI,2026-03-27T23:32:23.000+0000
0ZRWj0000006MbhOAE,01tWj00000C38SrIAJ,0ZGam000000isHdGAI,2026-03-27T23:31:57.000+0000
0ZRWj0000006MnVOAU,01tWj00000C38SsIAJ,0ZGam000000isHdGAI,2026-03-27T23:32:12.000+0000
0ZRWj0000006NnuOAE,01tWj00000C38StIAJ,0ZGam000000isHdGAI,2026-03-27T23:33:23.000+0000
0ZRWj0000006MnaOAE,01tWj00000C38SuIAJ,0ZGam000000isHdGAI,2026-03-27T23:32:12.000+0000
0ZRWj0000006NVtOAM,01tWj00000C38SvIAJ,0ZGam000000isHdGAI,2026-03-27T23:33:01.000+0000
0ZRWj0000006NgeOAE,01tWj00000C38SwIAJ,0ZGam000000isHdGAI,2026-03-27T23:33:16.000+0000
0ZRWj0000006N6vOAE,01tWj00000C38SxIAJ,0ZGam000000isHdGAI,2026-03-27T23:32:34.000+0000
0ZRWj0000006MkJOAU,01tWj00000C38SyIAJ,0ZGam000000isHdGAI,2026-03-27T23:32:08.000+0000
0ZRWj0000006NVHOA2,01tWj00000C38SzIAJ,0ZGam000000isHdGAI,2026-03-27T23:33:01.000+0000
0ZRWj0000006NbsOAE,01tWj00000C38T0IAJ,0ZGam000000isHdGAI,2026-03-27T23:33:08.000+0000
0ZRWj0000006NKpOAM,01tWj00000C38T1IAJ,0ZGam000000isHdGAI,2026-03-27T23:32:50.000+0000
0ZRWj0000006No2OAE,01tWj00000C38T2IAJ,0ZGam000000isHdGAI,2026-03-27T23:33:23.000+0000
0ZRWj0000006NUnOAM,01tWj00000C38T3IAJ,0ZGam000000isHdGAI,2026-03-27T23:33:01.000+0000
0ZRWj0000006NG2OAM,01tWj00000C38T4IAJ,0ZGam000000isHdGAI,2026-03-27T23:32:42.000+0000
0ZRWj0000006NTqOAM,01tWj00000C38T5IAJ,0ZGam000000isHdGAI,2026-03-27T23:33:01.000+0000
0ZRWj0000006NbJOAU,01tWj00000C38T6IAJ,0ZGam000000isHdGAI,2026-03-27T23:33:08.000+0000
0ZRWj0000006NBpOAM,01tWj00000C38T7IAJ,0ZGam000000isHdGAI,2026-03-27T23:32:38.000+0000
0ZRWj0000006N93OAE,01tWj00000C38T8IAJ,0ZGam000000isHdGAI,2026-03-27T23:32:34.000+0000
0ZRWj0000006NJqOAM,01tWj00000C38T9IAJ,0ZGam000000isHdGAI,2026-03-27T23:32:50.000+0000
0ZRWj0000006MqPOAU,01tWj00000C38TAIAZ,0ZGam000000isHdGAI,2026-03-27T23:32:12.000+0000
0ZRWj0000006NsxOAE,01tWj00000C38TBIAZ,0ZGam000000isHdGAI,2026-03-27T23:33:27.000+0000
0ZRWj0000006MstOAE,01tWj00000C38TCIAZ,0ZGam000000isHdGAI,2026-03-27T23:32:15.000+0000
0ZRWj0000006MzlOAE,01tWj00000C38TDIAZ,0ZGam000000isHdGAI,2026-03-27T23:32:23.000+0000
0ZRWj0000006McMOAU,01tWj00000C38TEIAZ,0ZGam000000isHdGAI,2026-03-27T23:31:57.000+0000
0ZRWj0000006N9WOAU,01tWj00000C38TFIAZ,0ZGam000000isHdGAI,2026-03-27T23:32:34.000+0000
0ZRWj0000006NqbOAE,01tWj00000C38TGIAZ,0ZGam000000isHdGAI,2026-03-27T23:33:27.000+0000
0ZRWj0000006MsBOAU,01tWj00000C38THIAZ,0ZGam000000isHdGAI,2026-03-27T23:32:15.000+0000
0ZRWj0000006MuEOAU,01tWj00000C38TIIAZ,0ZGam000000isHdGAI,2026-03-27T23:32:20.000+0000
0ZRWj0000006NhkOAE,01tWj00000C38TJIAZ,0ZGam000000isHdGAI,2026-03-27T23:33:16.000+0000
0ZRWj0000006MaiOAE,01tWj00000C38TKIAZ,0ZGam000000isHdGAI,2026-03-27T23:31:57.000+0000
0ZRWj0000006Nv2OAE,01tWj00000C38TLIAZ,0ZGam000000isHdGAI,2026-03-27T23:33:31.000+0000
0ZRWj0000006NuBOAU,01tWj00000C38TMIAZ,0ZGam000000isHdGAI,2026-03-27T23:33:31.000+0000
0ZRWj0000006NO7OAM,01tWj00000C38TNIAZ,0ZGam000000isHdGAI,2026-03-27T23:32:53.000+0000
0ZRWj0000006Mh8OAE,01tWj00000C38TOIAZ,0ZGam000000isHdGAI,2026-03-27T23:32:04.000+0000
0ZRWj0000006MajOAE,01tWj00000C38TPIAZ,0ZGam000000isHdGAI,2026-03-27T23:31:57.000+0000
0ZRWj0000006NMMOA2,01tWj00000C38TQIAZ,0ZGam000000isHdGAI,2026-03-27T23:32:50.000+0000
0ZRWj0000006MrdOAE,01tWj00000C38TRIAZ,0ZGam000000isHdGAI,2026-03-27T23:32:15.000+0000
0ZRWj0000006N0xOAE,01tWj00000C38TSIAZ,0ZGam000000isHdGAI,2026-03-27T23:32:27.000+0000
0ZRWj0000006Nw6OAE,01tWj00000C38TTIAZ,0ZGam000000isHdGAI,2026-03-27T23:33:31.000+0000
0ZRWj0000006MenOAE,01tWj00000C38TUIAZ,0ZGam000000isHdGAI,2026-03-27T23:32:01.000+0000
0ZRWj0000006Nf2OAE,01tWj00000C38TVIAZ,0ZGam000000isHdGAI,2026-03-27T23:33:12.000+0000
0ZRWj0000006NS4OAM,01tWj00000C38TWIAZ,0ZGam000000isHdGAI,2026-03-27T23:32:57.000+0000
0ZRWj0000006NU2OAM,01tWj00000C38TXIAZ,0ZGam000000isHdGAI,2026-03-27T23:33:01.000+0000
0ZRWj0000006NaYOAU,01tWj00000C38TYIAZ,0ZGam000000isHdGAI,2026-03-27T23:33:08.000+0000
0ZRWj0000006MllOAE,01tWj00000C38TZIAZ,0ZGam000000isHdGAI,2026-03-27T23:32:08.000+0000
0ZRWj0000006MkkOAE,01tWj00000C38TaIAJ,0ZGam000000isHdGAI,2026-03-27T23:32:08.000+0000
0ZRWj0000006MvpOAE,01tWj00000C38TbIAJ,0ZGam000000isHdGAI,2026-03-27T23:32:20.000+0000
0ZRWj0000006NoHOAU,01tWj00000C38TcIAJ,0ZGam000000isHdGAI,2026-03-27T23:33:23.000+0000
0ZRWj0000006MtlOAE,01tWj00000C38TdIAJ,0ZGam000000isHdGAI,2026-03-27T23:32:15.000+0000
0ZRWj0000006NUsOAM,01tWj00000C38TeIAJ,0ZGam000000isHdGAI,2026-03-27T23:33:01.000+0000
0ZRWj0000006NbrOAE,01tWj00000C38TfIAJ,0ZGam000000isHdGAI,2026-03-27T23:33:08.000+0000
0ZRWj0000006MbeOAE,01tWj00000C38TgIAJ,0ZGam000000isHdGAI,2026-03-27T23:31:57.000+0000
0ZRWj0000006MzdOAE,01tWj00000C38ThIAJ,0ZGam000000isHdGAI,2026-03-27T23:32:23.000+0000
0ZRWj0000006NenOAE,01tWj00000C38TiIAJ,0ZGam000000isHdGAI,2026-03-27T23:33:12.000+0000
0ZRWj0000006NjeOAE,01tWj00000C38TjIAJ,0ZGam000000isHdGAI,2026-03-27T23:33:20.000+0000
0ZRWj0000006MsMOAU,01tWj00000C38TkIAJ,0ZGam000000isHdGAI,2026-03-27T23:32:15.000+0000
0ZRWj0000006NwGOAU,01tWj00000C38TlIAJ,0ZGam000000isHdGAI,2026-03-27T23:33:31.000+0000
0ZRWj0000006NDKOA2,01tWj00000C38TmIAJ,0ZGam000000isHdGAI,2026-03-27T23:32:42.000+0000
0ZRWj0000006NiKOAU,01tWj00000C38TnIAJ,0ZGam000000isHdGAI,2026-03-27T23:33:16.000+0000
0ZRWj0000006NI6OAM,01tWj00000C38ToIAJ,0ZGam000000isHdGAI,2026-03-27T23:32:46.000+0000
0ZRWj0000006NcIOAU,01tWj00000C38TpIAJ,0ZGam000000isHdGAI,2026-03-27T23:33:08.000+0000
0ZRWj0000006MzKOAU,01tWj00000C38TqIAJ,0ZGam000000isHdGAI,2026-03-27T23:32:23.000+0000
0ZRWj0000006Mz8OAE,01tWj00000C38TrIAJ,0ZGam000000isHdGAI,2026-03-27T23:32:23.000+0000
0ZRWj0000006ND1OAM,01tWj00000C38TsIAJ,0ZGam000000isHdGAI,2026-03-27T23:32:38.000+0000
0ZRWj0000006NuZOAU,01tWj00000C38TtIAJ,0ZGam000000isHdGAI,2026-03-27T23:33:31.000+0000
0ZRWj0000006NZUOA2,01tWj00000C38TuIAJ,0ZGam000000isHdGAI,2026-03-27T23:33:04.000+0000
0ZRWj0000006NIROA2,01tWj00000C38TvIAJ,0ZGam000000isHdGAI,2026-03-27T23:32:46.000+0000
0ZRWj0000006NWEOA2,01tWj00000C38TwIAJ,0ZGam000000isHdGAI,2026-03-27T23:33:01.000+0000
0ZRWj0000006NJkOAM,01tWj00000C38TxIAJ,0ZGam000000isHdGAI,2026-03-27T23:32:50.000+0000
0ZRWj0000006MgiOAE,01tWj00000C38TyIAJ,0ZGam000000isHdGAI,2026-03-27T23:32:01.000+0000
0ZRWj0000006NWWOA2,01tWj00000C38TzIAJ,0ZGam000000isHdGAI,2026-03-27T23:33:01.000+0000
0ZRWj0000006MlCOAU,01tWj00000C38U0IAJ,0ZGam000000isHdGAI,2026-03-27T23:32:08.000+0000
0ZRWj0000006MlIOAU,01tWj00000C38U1IAJ,0ZGam000000isHdGAI,2026-03-27T23:32:08.000+0000
0ZRWj0000006NSVOA2,01tWj00000C38U2IAJ,0ZGam000000isHdGAI,2026-03-27T23:32:57.000+0000
0ZRWj0000006NJoOAM,01tWj00000C38U3IAJ,0ZGam000000isHdGAI,2026-03-27T23:32:50.000+0000
0ZRWj0000006NgGOAU,01tWj00000C38U4IAJ,0ZGam000000isHdGAI,2026-03-27T23:33:12.000+0000
0ZRWj0000006N0YOAU,01tWj00000C38U5IAJ,0ZGam000000isHdGAI,2026-03-27T23:32:27.000+0000
0ZRWj0000006NgcOAE,01tWj00000C38U6IAJ,0ZGam000000isHdGAI,2026-03-27T23:33:16.000+0000
0ZRWj0000006NNbOAM,01tWj00000C38U7IAJ,0ZGam000000isHdGAI,2026-03-27T23:32:53.000+0000
0ZRWj0000006NRbOAM,01tWj00000C38U8IAJ,0ZGam000000isHdGAI,2026-03-27T23:32:57.000+0000
0ZRWj0000006MhoOAE,01tWj00000C38U9IAJ,0ZGam000000isHdGAI,2026-03-27T23:32:04.000+0000
0ZRWj0000006NUEOA2,01tWj00000C38UAIAZ,0ZGam000000isHdGAI,2026-03-27T23:33:01.000+0000
0ZRWj0000006NuCOAU,01tWj00000C38UBIAZ,0ZGam000000isHdGAI,2026-03-27T23:33:31.000+0000
0ZRWj0000006Ml4OAE,01tWj00000C38UCIAZ,0ZGam000000isHdGAI,2026-03-27T23:32:08.000+0000
0ZRWj0000006NmUOAU,01tWj00000C38UDIAZ,0ZGam000000isHdGAI,2026-03-27T23:33:20.000+0000
0ZRWj0000006NXMOA2,01tWj00000C38UEIAZ,0ZGam000000isHdGAI,2026-03-27T23:33:04.000+0000
0ZRWj0000006MnQOAU,01tWj00000C38UFIAZ,0ZGam000000isHdGAI,2026-03-27T23:32:08.000+0000
0ZRWj0000006NmLOAU,01tWj00000C38UGIAZ,0ZGam000000isHdGAI,2026-03-27T23:33:20.000+0000
0ZRWj0000006NclOAE,01tWj00000C38UHIAZ,0ZGam000000isHdGAI,2026-03-27T23:33:08.000+0000
0ZRWj0000006NleOAE,01tWj00000C38UIIAZ,0ZGam000000isHdGAI,2026-03-27T23:33:20.000+0000
0ZRWj0000006N13OAE,01tWj00000C38UJIAZ,0ZGam000000isHdGAI,2026-03-27T23:32:27.000+0000
0ZRWj0000006MbYOAU,01tWj00000C38UKIAZ,0ZGam000000isHdGAI,2026-03-27T23:31:57.000+0000
0ZRWj0000006NnBOAU,01tWj00000C38ULIAZ,0ZGam000000isHdGAI,2026-03-27T23:33:23.000+0000
0ZRWj0000006Mu5OAE,01tWj00000C38UMIAZ,0ZGam000000isHdGAI,2026-03-27T23:32:20.000+0000
0ZRWj0000006NlQOAU,01tWj00000C38UNIAZ,0ZGam000000isHdGAI,2026-03-27T23:33:20.000+0000
0ZRWj0000006NHZOA2,01tWj00000C38UOIAZ,0ZGam000000isHdGAI,2026-03-27T23:32:46.000+0000
0ZRWj0000006NgmOAE,01tWj00000C38UPIAZ,0ZGam000000isHdGAI,2026-03-27T23:33:16.000+0000
0ZRWj0000006MbROAU,01tWj00000C38UQIAZ,0ZGam000000isHdGAI,2026-03-27T23:31:57.000+0000
0ZRWj0000006NgUOAU,01tWj00000C38URIAZ,0ZGam000000isHdGAI,2026-03-27T23:33:16.000+0000
0ZRWj0000006McbOAE,01tWj00000C38USIAZ,0ZGam000000isHdGAI,2026-03-27T23:31:57.000+0000
0ZRWj0000006NhpOAE,01tWj00000C38UTIAZ,0ZGam000000isHdGAI,2026-03-27T23:33:16.000+0000
0ZRWj0000006NMWOA2,01tWj00000C38UUIAZ,0ZGam000000isHdGAI,2026-03-27T23:32:50.000+0000
0ZRWj0000006NJROA2,01tWj00000C38UVIAZ,0ZGam000000isHdGAI,2026-03-27T23:32:46.000+0000
0ZRWj0000006MvsOAE,01tWj00000C38UWIAZ,0ZGam000000isHdGAI,2026-03-27T23:32:20.000+0000
0ZRWj0000006NHfOAM,01tWj00000C38UXIAZ,0ZGam000000isHdGAI,2026-03-27T23:32:46.000+0000
0ZRWj0000006NGKOA2,01tWj00000C38UYIAZ,0ZGam000000isHdGAI,2026-03-27T23:32:42.000+0000
0ZRWj0000006MsLOAU,01tWj00000C38UZIAZ,0ZGam000000isHdGAI,2026-03-27T23:32:15.000+0000
0ZRWj0000006NuoOAE,01tWj00000C38UaIAJ,0ZGam000000isHdGAI,2026-03-27T23:33:31.000+0000
0ZRWj0000006NPXOA2,01tWj00000C38UbIAJ,0ZGam000000isHdGAI,2026-03-27T23:32:53.000+0000
0ZRWj0000006NV8OAM,01tWj00000C38UcIAJ,0ZGam000000isHdGAI,2026-03-27T23:33:01.000+0000
0ZRWj0000006MqZOAU,01tWj00000C38UdIAJ,0ZGam000000isHdGAI,2026-03-27T23:32:12.000+0000
0ZRWj0000006NkiOAE,01tWj00000C38UeIAJ,0ZGam000000isHdGAI,2026-03-27T23:33:20.000+0000
0ZRWj0000006MlFOAU,01tWj00000C38UfIAJ,0ZGam000000isHdGAI,2026-03-27T23:32:08.000+0000
0ZRWj0000006NdFOAU,01tWj00000C38UgIAJ,0ZGam000000isHdGAI,2026-03-27T23:33:12.000+0000
0ZRWj0000006N6JOAU,01tWj00000C38UhIAJ,0ZGam000000isHdGAI,2026-03-27T23:32:31.000+0000
0ZRWj0000006NCcOAM,01tWj00000C38UiIAJ,0ZGam000000isHdGAI,2026-03-27T23:32:38.000+0000
0ZRWj0000006NoEOAU,01tWj00000C38UjIAJ,0ZGam000000isHdGAI,2026-03-27T23:33:23.000+0000
0ZRWj0000006NXwOAM,01tWj00000C38UkIAJ,0ZGam000000isHdGAI,2026-03-27T23:33:04.000+0000
0ZRWj0000006NF6OAM,01tWj00000C38UlIAJ,0ZGam000000isHdGAI,2026-03-27T23:32:42.000+0000
0ZRWj0000006NNoOAM,01tWj00000C38UmIAJ,0ZGam000000isHdGAI,2026-03-27T23:32:53.000+0000
0ZRWj0000006N0mOAE,01tWj00000C38UnIAJ,0ZGam000000isHdGAI,2026-03-27T23:32:27.000+0000
0ZRWj0000006NjsOAE,01tWj00000C38UoIAJ,0ZGam000000isHdGAI,2026-03-27T23:33:20.000+0000
0ZRWj0000006NBsOAM,01tWj00000C38UpIAJ,0ZGam000000isHdGAI,2026-03-27T23:32:38.000+0000
0ZRWj0000006Mz1OAE,01tWj00000C38UqIAJ,0ZGam000000isHdGAI,2026-03-27T23:32:23.000+0000
0ZRWj0000006NuDOAU,01tWj00000C38UrIAJ,0ZGam000000isHdGAI,2026-03-27T23:33:31.000+0000
0ZRWj0000006Mp4OAE,01tWj00000C38UsIAJ,0ZGam000000isHdGAI,2026-03-27T23:32:12.000+0000
0ZRWj0000006NeeOAE,01tWj00000C38UtIAJ,0ZGam000000isHdGAI,2026-03-27T23:33:12.000+0000
0ZRWj0000006NFUOA2,01tWj00000C38UuIAJ,0ZGam000000isHdGAI,2026-03-27T23:32:42.000+0000
0ZRWj0000006MnZOAU,01tWj00000C38UvIAJ,0ZGam000000isHdGAI,2026-03-27T23:32:12.000+0000
0ZRWj0000006MxcOAE,01tWj00000C38UwIAJ,0ZGam000000isHdGAI,2026-03-27T23:32:23.000+0000
0ZRWj0000006N5YOAU,01tWj00000C38UxIAJ,0ZGam000000isHdGAI,2026-03-27T23:32:31.000+0000
0ZRWj0000006NQnOAM,01tWj00000C38UyIAJ,0ZGam000000isHdGAI,2026-03-27T23:32:57.000+0000
0ZRWj0000006NDXOA2,01tWj00000C38UzIAJ,0ZGam000000isHdGAI,2026-03-27T23:32:42.000+0000
0ZRWj0000006NXQOA2,01tWj00000C38V0IAJ,0ZGam000000isHdGAI,2026-03-27T23:33:04.000+0000
0ZRWj0000006Mt2OAE,01tWj00000C38V1IAJ,0ZGam000000isHdGAI,2026-03-27T23:32:15.000+0000
0ZRWj0000006MkXOAU,01tWj00000C38V2IAJ,0ZGam000000isHdGAI,2026-03-27T23:32:08.000+0000
0ZRWj0000006NKHOA2,01tWj00000C38V3IAJ,0ZGam000000isHdGAI,2026-03-27T23:32:50.000+0000
0ZRWj0000006NwVOAU,01tWj00000C38V4IAJ,0ZGam000000isHdGAI,2026-03-27T23:33:32.000+0000
0ZRWj0000006MbfOAE,01tWj00000C38V5IAJ,0ZGam000000isHdGAI,2026-03-27T23:31:57.000+0000
0ZRWj0000006NhWOAU,01tWj00000C38V6IAJ,0ZGam000000isHdGAI,2026-03-27T23:33:16.000+0000
0ZRWj0000006NVkOAM,01tWj00000C38V7IAJ,0ZGam000000isHdGAI,2026-03-27T23:33:01.000+0000
0ZRWj0000006MrVOAU,01tWj00000C38V8IAJ,0ZGam000000isHdGAI,2026-03-27T23:32:15.000+0000
0ZRWj0000006Nu3OAE,01tWj00000C38V9IAJ,0ZGam000000isHdGAI,2026-03-27T23:33:31.000+0000
0ZRWj0000006NeDOAU,01tWj00000C38VAIAZ,0ZGam000000isHdGAI,2026-03-27T23:33:12.000+0000
0ZRWj0000006NvcOAE,01tWj00000C38a1IAB,0ZGam000000isHdGAI,2026-03-27T23:33:31.000+0000
0ZRWj0000006NpWOAU,01tWj00000C38a2IAB,0ZGam000000isHdGAI,2026-03-27T23:33:23.000+0000
0ZRWj0000006MseOAE,01tWj00000C38a3IAB,0ZGam000000isHdGAI,2026-03-27T23:32:15.000+0000
0ZRWj0000006N40OAE,01tWj00000C38a4IAB,0ZGam000000isHdGAI,2026-03-27T23:32:31.000+0000
0ZRWj0000006Nl2OAE,01tWj00000C38a5IAB,0ZGam000000isHdGAI,2026-03-27T23:33:20.000+0000
0ZRWj0000006NBVOA2,01tWj00000C38a6IAB,0ZGam000000isHdGAI,2026-03-27T23:32:38.000+0000
0ZRWj0000006Me3OAE,01tWj00000C38a7IAB,0ZGam000000isHdGAI,2026-03-27T23:32:01.000+0000
0ZRWj0000006MemOAE,01tWj00000C38a8IAB,0ZGam000000isHdGAI,2026-03-27T23:32:01.000+0000
0ZRWj0000006NsHOAU,01tWj00000C38a9IAB,0ZGam000000isHdGAI,2026-03-27T23:33:27.000+0000
0ZRWj0000006Mk6OAE,01tWj00000C38aAIAR,0ZGam000000isHdGAI,2026-03-27T23:32:04.000+0000
0ZRWj0000006NQCOA2,01tWj00000C38aBIAR,0ZGam000000isHdGAI,2026-03-27T23:32:57.000+0000
0ZRWj0000006NSgOAM,01tWj00000C38aCIAR,0ZGam000000isHdGAI,2026-03-27T23:32:57.000+0000
0ZRWj0000006MtROAU,01tWj00000C38aDIAR,0ZGam000000isHdGAI,2026-03-27T23:32:15.000+0000
0ZRWj0000006Mm3OAE,01tWj00000C38aEIAR,0ZGam000000isHdGAI,2026-03-27T23:32:08.000+0000
0ZRWj0000006NcBOAU,01tWj00000C38aFIAR,0ZGam000000isHdGAI,2026-03-27T23:33:08.000+0000
0ZRWj0000006N5BOAU,01tWj00000C38aGIAR,0ZGam000000isHdGAI,2026-03-27T23:32:31.000+0000
0ZRWj0000006Mf0OAE,01tWj00000C38aHIAR,0ZGam000000isHdGAI,2026-03-27T23:32:01.000+0000
0ZRWj0000006MjqOAE,01tWj00000C38aIIAR,0ZGam000000isHdGAI,2026-03-27T23:32:04.000+0000
0ZRWj0000006KR7OAM,01tWj00000C38aJIAR,0ZGam000000isCnGAI,2026-03-27T20:37:06.000+0000
0ZRWj0000006KR8OAM,01tWj00000C38aKIAR,0ZGam000000isCnGAI,2026-03-27T20:37:06.000+0000
0ZRWj0000006KR9OAM,01tWj00000C38aLIAR,0ZGam000000isCnGAI,2026-03-27T20:37:06.000+0000
0ZRWj0000006KRAOA2,01tWj00000C38aMIAR,0ZGam000000isCnGAI,2026-03-27T20:37:06.000+0000
0ZRWj0000006KRBOA2,01tWj00000C38aNIAR,0ZGam000000isCnGAI,2026-03-27T20:37:06.000+0000
0ZRWj0000006KRCOA2,01tWj00000C38aOIAR,0ZGam000000isCnGAI,2026-03-27T20:37:06.000+0000
0ZRWj0000006KRDOA2,01tWj00000C38aPIAR,0ZGam000000isCnGAI,2026-03-27T20:37:06.000+0000
0ZRWj0000006KREOA2,01tWj00000C38aQIAR,0ZGam000000isCnGAI,2026-03-27T20:37:06.000+0000
0ZRWj0000006K46OAE,01tWj00000C38aRIAR,0ZGam000000isCnGAI,2026-03-27T20:04:11.000+0000
0ZRWj0000006NCCOA2,01tWj00000C38aSIAR,0ZGam000000isBBGAY,2026-03-27T23:32:38.000+0000
0ZRWj0000006K47OAE,01tWj00000C38aTIAR,0ZGam000000isCnGAI,2026-03-27T20:04:11.000+0000
0ZRWj0000006MlnOAE,01tWj00000C38aUIAR,0ZGam000000isBBGAY,2026-03-27T23:32:08.000+0000
0ZRWj0000006K48OAE,01tWj00000C38aVIAR,0ZGam000000isCnGAI,2026-03-27T20:04:11.000+0000
0ZRWj0000006N7MOAU,01tWj00000C38aWIAR,0ZGam000000isBBGAY,2026-03-27T23:32:34.000+0000
0ZRWj0000006K49OAE,01tWj00000C38aXIAR,0ZGam000000isCnGAI,2026-03-27T20:04:11.000+0000
0ZRWj0000006MjgOAE,01tWj00000C38aYIAR,0ZGam000000isBBGAY,2026-03-27T23:32:04.000+0000
0ZRWj0000006K4AOAU,01tWj00000C38aZIAR,0ZGam000000isCnGAI,2026-03-27T20:04:11.000+0000
0ZRWj0000006MxZOAU,01tWj00000C38aaIAB,0ZGam000000isBBGAY,2026-03-27T23:32:23.000+0000
0ZRWj0000006K4BOAU,01tWj00000C38abIAB,0ZGam000000isCnGAI,2026-03-27T20:04:11.000+0000
0ZRWj0000006Nm4OAE,01tWj00000C38acIAB,0ZGam000000isBBGAY,2026-03-27T23:33:20.000+0000
0ZRWj0000006NIQOA2,01tWj00000C38adIAB,0ZGam000000isBBGAY,2026-03-27T23:32:46.000+0000
0ZRWj0000006MwrOAE,01tWj00000C38aeIAB,0ZGam000000isBBGAY,2026-03-27T23:32:20.000+0000
0ZRWj0000006NdhOAE,01tWj00000C38afIAB,0ZGam000000isBBGAY,2026-03-27T23:33:12.000+0000
0ZRWj0000006NpDOAU,01tWj00000C38agIAB,0ZGam000000isBBGAY,2026-03-27T23:33:23.000+0000
0ZRWj0000006NMyOAM,01tWj00000C38ahIAB,0ZGam000000isBBGAY,2026-03-27T23:32:53.000+0000
0ZRWj0000006NaeOAE,01tWj00000C38aiIAB,0ZGam000000isBBGAY,2026-03-27T23:33:08.000+0000
0ZRWj0000006NKLOA2,01tWj00000C38ajIAB,0ZGam000000isBBGAY,2026-03-27T23:32:50.000+0000
0ZRWj0000006N14OAE,01tWj00000C38akIAB,0ZGam000000isBBGAY,2026-03-27T23:32:27.000+0000
0ZRWj0000006KVLOA2,01tWj00000C38alIAB,0ZGam000000isCnGAI,2026-03-27T20:37:59.000+0000
0ZRWj0000006KVMOA2,01tWj00000C38amIAB,0ZGam000000isCnGAI,2026-03-27T20:37:59.000+0000
0ZRWj0000006KVNOA2,01tWj00000C38anIAB,0ZGam000000isCnGAI,2026-03-27T20:37:59.000+0000
0ZRWj0000006KVOOA2,01tWj00000C38aoIAB,0ZGam000000isCnGAI,2026-03-27T20:37:59.000+0000
0ZRWj0000006NbOOAU,01tWj00000C38apIAB,0ZGam000000isG1GAI,2026-03-27T23:33:08.000+0000
0ZRWj0000006NMHOA2,01tWj00000C38aqIAB,0ZGam000000isG1GAI,2026-03-27T23:32:50.000+0000
0ZRWj0000006N0tOAE,01tWj00000C38arIAB,0ZGam000000isG1GAI,2026-03-27T23:32:27.000+0000
0ZRWj0000006KCkOAM,01tWj00000C38asIAB,0ZGam000000isCnGAI,2026-03-27T20:31:31.000+0000
0ZRWj0000006KEMOA2,01tWj00000C38atIAB,0ZGam000000isCnGAI,2026-03-27T20:32:06.000+0000
0ZRWj0000006KHtOAM,01tWj00000C38auIAB,0ZGam000000isCnGAI,2026-03-27T20:33:12.000+0000
0ZRWj0000006KHuOAM,01tWj00000C38avIAB,0ZGam000000isCnGAI,2026-03-27T20:33:12.000+0000
0ZRWj0000006KXqOAM,01tWj00000C38awIAB,0ZGam000000isCnGAI,2026-03-27T20:38:39.000+0000
0ZRWj0000006NWVOA2,01tWj00000C38axIAB,0ZGam000000isCnGAI,2026-03-27T23:33:01.000+0000
0ZRWj0000006KClOAM,01tWj00000C38ayIAB,0ZGam000000isCnGAI,2026-03-27T20:31:31.000+0000
0ZRWj0000006KENOA2,01tWj00000C38azIAB,0ZGam000000isCnGAI,2026-03-27T20:32:06.000+0000
0ZRWj0000006KHvOAM,01tWj00000C38b0IAB,0ZGam000000isCnGAI,2026-03-27T20:33:12.000+0000
0ZRWj0000006KHwOAM,01tWj00000C38b1IAB,0ZGam000000isCnGAI,2026-03-27T20:33:12.000+0000
0ZRWj0000006KXrOAM,01tWj00000C38b2IAB,0ZGam000000isCnGAI,2026-03-27T20:38:39.000+0000
0ZRWj0000006NbhOAE,01tWj00000C38b3IAB,0ZGam000000isCnGAI,2026-03-27T23:33:08.000+0000
0ZRWj0000006KCmOAM,01tWj00000C38b4IAB,0ZGam000000isCnGAI,2026-03-27T20:31:31.000+0000
0ZRWj0000006KEOOA2,01tWj00000C38b5IAB,0ZGam000000isCnGAI,2026-03-27T20:32:06.000+0000
0ZRWj0000006KHxOAM,01tWj00000C38b6IAB,0ZGam000000isCnGAI,2026-03-27T20:33:12.000+0000
0ZRWj0000006KHyOAM,01tWj00000C38b7IAB,0ZGam000000isCnGAI,2026-03-27T20:33:12.000+0000
0ZRWj0000006KXsOAM,01tWj00000C38b8IAB,0ZGam000000isCnGAI,2026-03-27T20:38:39.000+0000
0ZRWj0000006MfFOAU,01tWj00000C38b9IAB,0ZGam000000isCnGAI,2026-03-27T23:32:01.000+0000
0ZRWj0000006KChOAM,01tWj00000C38bAIAR,0ZGam000000isCnGAI,2026-03-27T20:31:31.000+0000
0ZRWj0000006KEJOA2,01tWj00000C38bBIAR,0ZGam000000isCnGAI,2026-03-27T20:32:06.000+0000
0ZRWj0000006KHoOAM,01tWj00000C38bCIAR,0ZGam000000isCnGAI,2026-03-27T20:33:12.000+0000
0ZRWj0000006KHpOAM,01tWj00000C38bDIAR,0ZGam000000isCnGAI,2026-03-27T20:33:12.000+0000
0ZRWj0000006KXmOAM,01tWj00000C38bEIAR,0ZGam000000isCnGAI,2026-03-27T20:38:39.000+0000
0ZRWj0000006MnWOAU,01tWj00000C38bFIAR,0ZGam000000isCnGAI,2026-03-27T23:32:12.000+0000
0ZRWj0000006KCnOAM,01tWj00000C38bGIAR,0ZGam000000isCnGAI,2026-03-27T20:31:31.000+0000
0ZRWj0000006KEPOA2,01tWj00000C38bHIAR,0ZGam000000isCnGAI,2026-03-27T20:32:06.000+0000
0ZRWj0000006KHzOAM,01tWj00000C38bIIAR,0ZGam000000isCnGAI,2026-03-27T20:33:12.000+0000
0ZRWj0000006KI0OAM,01tWj00000C38bJIAR,0ZGam000000isCnGAI,2026-03-27T20:33:12.000+0000
0ZRWj0000006KXtOAM,01tWj00000C38bKIAR,0ZGam000000isCnGAI,2026-03-27T20:38:39.000+0000
0ZRWj0000006MwzOAE,01tWj00000C38bLIAR,0ZGam000000isCnGAI,2026-03-27T23:32:20.000+0000
0ZRWj0000006KCoOAM,01tWj00000C38bMIAR,0ZGam000000isCnGAI,2026-03-27T20:31:31.000+0000
0ZRWj0000006KEQOA2,01tWj00000C38bNIAR,0ZGam000000isCnGAI,2026-03-27T20:32:06.000+0000
0ZRWj0000006KI1OAM,01tWj00000C38bOIAR,0ZGam000000isCnGAI,2026-03-27T20:33:12.000+0000
0ZRWj0000006KI2OAM,01tWj00000C38bPIAR,0ZGam000000isCnGAI,2026-03-27T20:33:12.000+0000
0ZRWj0000006KXuOAM,01tWj00000C38bQIAR,0ZGam000000isCnGAI,2026-03-27T20:38:39.000+0000
0ZRWj0000006NehOAE,01tWj00000C38bRIAR,0ZGam000000isCnGAI,2026-03-27T23:33:12.000+0000
0ZRWj0000006KsNOAU,01tWj00000C38bSIAR,0ZGam000000isBBGAY,2026-03-27T20:44:27.000+0000
0ZRWj0000006Kp9OAE,01tWj00000C38bSIAR,0ZGam000000itATGAY,2026-03-27T20:44:12.000+0000
0ZRWj0000006KypOAE,01tWj00000C38bTIAR,0ZGam000000itATGAY,2026-03-27T21:04:37.000+0000
0ZRWj0000006KvbOAE,01tWj00000C38bTIAR,0ZGam000000isBBGAY,2026-03-27T21:04:22.000+0000
0ZRWj0000006LBlOAM,01tWj00000C38bUIAR,0ZGam000000isBBGAY,2026-03-27T21:06:35.000+0000
0ZRWj0000006L8XOAU,01tWj00000C38bUIAR,0ZGam000000itATGAY,2026-03-27T21:06:18.000+0000
0ZRWj0000006L8YOAU,01tWj00000C38bVIAR,0ZGam000000itATGAY,2026-03-27T21:06:18.000+0000
0ZRWj0000006LBmOAM,01tWj00000C38bVIAR,0ZGam000000isBBGAY,2026-03-27T21:06:35.000+0000
0ZRWj0000006NSrOAM,01tWj00000C38bWIAR,0ZGam000000isBBGAY,2026-03-27T23:32:57.000+0000
0ZRWj0000006MyaOAE,01tWj00000C38bXIAR,0ZGam000000isBBGAY,2026-03-27T23:32:23.000+0000
0ZRWj0000006KpAOAU,01tWj00000C38bYIAR,0ZGam000000itATGAY,2026-03-27T20:44:12.000+0000
0ZRWj0000006KsOOAU,01tWj00000C38bYIAR,0ZGam000000isBBGAY,2026-03-27T20:44:27.000+0000
0ZRWj0000006KyqOAE,01tWj00000C38bZIAR,0ZGam000000itATGAY,2026-03-27T21:04:37.000+0000
0ZRWj0000006KvcOAE,01tWj00000C38bZIAR,0ZGam000000isBBGAY,2026-03-27T21:04:22.000+0000
0ZRWj0000006LBnOAM,01tWj00000C38baIAB,0ZGam000000isBBGAY,2026-03-27T21:06:35.000+0000
0ZRWj0000006L8ZOAU,01tWj00000C38baIAB,0ZGam000000itATGAY,2026-03-27T21:06:18.000+0000
0ZRWj0000006L8aOAE,01tWj00000C38bbIAB,0ZGam000000itATGAY,2026-03-27T21:06:18.000+0000
0ZRWj0000006LBoOAM,01tWj00000C38bbIAB,0ZGam000000isBBGAY,2026-03-27T21:06:35.000+0000
0ZRWj0000006MfbOAE,01tWj00000C38bcIAB,0ZGam000000isBBGAY,2026-03-27T23:32:01.000+0000
0ZRWj0000006NBKOA2,01tWj00000C38bdIAB,0ZGam000000isBBGAY,2026-03-27T23:32:38.000+0000
0ZRWj0000006KoMOAU,01tWj00000C38beIAB,0ZGam000000itATGAY,2026-03-27T20:44:12.000+0000
0ZRWj0000006KraOAE,01tWj00000C38beIAB,0ZGam000000isBBGAY,2026-03-27T20:44:27.000+0000
0ZRWj0000006KuoOAE,01tWj00000C38bfIAB,0ZGam000000isBBGAY,2026-03-27T21:04:22.000+0000
0ZRWj0000006Ky2OAE,01tWj00000C38bfIAB,0ZGam000000itATGAY,2026-03-27T21:04:37.000+0000
0ZRWj0000006L7jOAE,01tWj00000C38bgIAB,0ZGam000000itATGAY,2026-03-27T21:06:18.000+0000
0ZRWj0000006LAxOAM,01tWj00000C38bgIAB,0ZGam000000isBBGAY,2026-03-27T21:06:35.000+0000
0ZRWj0000006LAyOAM,01tWj00000C38bhIAB,0ZGam000000isBBGAY,2026-03-27T21:06:35.000+0000
0ZRWj0000006L7kOAE,01tWj00000C38bhIAB,0ZGam000000itATGAY,2026-03-27T21:06:18.000+0000
0ZRWj0000006NtLOAU,01tWj00000C38biIAB,0ZGam000000isBBGAY,2026-03-27T23:33:31.000+0000
0ZRWj0000006NHrOAM,01tWj00000C38bjIAB,0ZGam000000isBBGAY,2026-03-27T23:32:46.000+0000
0ZRWj0000006KrZOAU,01tWj00000C38bkIAB,0ZGam000000isBBGAY,2026-03-27T20:44:27.000+0000
0ZRWj0000006KoLOAU,01tWj00000C38bkIAB,0ZGam000000itATGAY,2026-03-27T20:44:12.000+0000
0ZRWj0000006KunOAE,01tWj00000C38blIAB,0ZGam000000isBBGAY,2026-03-27T21:04:22.000+0000
0ZRWj0000006Ky1OAE,01tWj00000C38blIAB,0ZGam000000itATGAY,2026-03-27T21:04:37.000+0000
0ZRWj0000006LAvOAM,01tWj00000C38bmIAB,0ZGam000000isBBGAY,2026-03-27T21:06:35.000+0000
0ZRWj0000006L7hOAE,01tWj00000C38bmIAB,0ZGam000000itATGAY,2026-03-27T21:06:18.000+0000
0ZRWj0000006LAwOAM,01tWj00000C38bnIAB,0ZGam000000isBBGAY,2026-03-27T21:06:35.000+0000
0ZRWj0000006L7iOAE,01tWj00000C38bnIAB,0ZGam000000itATGAY,2026-03-27T21:06:18.000+0000
0ZRWj0000006MopOAE,01tWj00000C38boIAB,0ZGam000000isBBGAY,2026-03-27T23:32:12.000+0000
0ZRWj0000006MhUOAU,01tWj00000C38bpIAB,0ZGam000000isBBGAY,2026-03-27T23:32:04.000+0000
0ZRWj0000006KsPOAU,01tWj00000C38bqIAB,0ZGam000000isBBGAY,2026-03-27T20:44:27.000+0000
0ZRWj0000006KpBOAU,01tWj00000C38bqIAB,0ZGam000000itATGAY,2026-03-27T20:44:12.000+0000
0ZRWj0000006KvdOAE,01tWj00000C38brIAB,0ZGam000000isBBGAY,2026-03-27T21:04:22.000+0000
0ZRWj0000006KyrOAE,01tWj00000C38brIAB,0ZGam000000itATGAY,2026-03-27T21:04:37.000+0000
0ZRWj0000006LBpOAM,01tWj00000C38bsIAB,0ZGam000000isBBGAY,2026-03-27T21:06:35.000+0000
0ZRWj0000006L8bOAE,01tWj00000C38bsIAB,0ZGam000000itATGAY,2026-03-27T21:06:18.000+0000
0ZRWj0000006L8cOAE,01tWj00000C38btIAB,0ZGam000000itATGAY,2026-03-27T21:06:18.000+0000
0ZRWj0000006LBqOAM,01tWj00000C38btIAB,0ZGam000000isBBGAY,2026-03-27T21:06:35.000+0000
0ZRWj0000006NerOAE,01tWj00000C38buIAB,0ZGam000000isBBGAY,2026-03-27T23:33:12.000+0000
0ZRWj0000006Nk2OAE,01tWj00000C38bvIAB,0ZGam000000isBBGAY,2026-03-27T23:33:20.000+0000
0ZRWj0000006KpCOAU,01tWj00000C38bwIAB,0ZGam000000itATGAY,2026-03-27T20:44:12.000+0000
0ZRWj0000006KsQOAU,01tWj00000C38bwIAB,0ZGam000000isBBGAY,2026-03-27T20:44:27.000+0000
0ZRWj0000006KveOAE,01tWj00000C38bxIAB,0ZGam000000isBBGAY,2026-03-27T21:04:22.000+0000
0ZRWj0000006KysOAE,01tWj00000C38bxIAB,0ZGam000000itATGAY,2026-03-27T21:04:37.000+0000
0ZRWj0000006L8dOAE,01tWj00000C38byIAB,0ZGam000000itATGAY,2026-03-27T21:06:18.000+0000
0ZRWj0000006LBrOAM,01tWj00000C38byIAB,0ZGam000000isBBGAY,2026-03-27T21:06:35.000+0000
0ZRWj0000006L8eOAE,01tWj00000C38bzIAB,0ZGam000000itATGAY,2026-03-27T21:06:18.000+0000
0ZRWj0000006LBsOAM,01tWj00000C38bzIAB,0ZGam000000isBBGAY,2026-03-27T21:06:35.000+0000
0ZRWj0000006NOyOAM,01tWj00000C38c0IAB,0ZGam000000isBBGAY,2026-03-27T23:32:53.000+0000
0ZRWj0000006MofOAE,01tWj00000C38c1IAB,0ZGam000000isBBGAY,2026-03-27T23:32:12.000+0000
0ZRWj0000006N7LOAU,01tWj00000C38c2IAB,0ZGam000000isCnGAI,2026-03-27T23:32:34.000+0000
0ZRWj0000006NPVOA2,01tWj00000C38c3IAB,0ZGam000000isBBGAY,2026-03-27T23:32:53.000+0000
0ZRWj0000006NThOAM,01tWj00000C38c4IAB,0ZGam000000isCnGAI,2026-03-27T23:33:01.000+0000
0ZRWj0000006MqbOAE,01tWj00000C38c5IAB,0ZGam000000isBBGAY,2026-03-27T23:32:12.000+0000
0ZRWj0000006NFjOAM,01tWj00000C38c6IAB,0ZGam000000isG1GAI,2026-03-27T23:32:42.000+0000
0ZRWj0000006NFROA2,01tWj00000C38c7IAB,0ZGam000000isG1GAI,2026-03-27T23:32:42.000+0000
0ZRWj0000006NcTOAU,01tWj00000C38c8IAB,0ZGam000000isG1GAI,2026-03-27T23:33:08.000+0000
0ZRWj0000006NO0OAM,01tWj00000C38c9IAB,0ZGam000000isG1GAI,2026-03-27T23:32:53.000+0000
0ZRWj0000006NSvOAM,01tWj00000C38cAIAR,0ZGam000000isG1GAI,2026-03-27T23:32:57.000+0000
0ZRWj0000006N6XOAU,01tWj00000C38cBIAR,0ZGam000000isBBGAY,2026-03-27T23:32:31.000+0000
0ZRWj0000006NcUOAU,01tWj00000C38cCIAR,0ZGam000000isBBGAY,2026-03-27T23:33:08.000+0000
0ZRWj0000006NqlOAE,01tWj00000C38cDIAR,0ZGam000000isBBGAY,2026-03-27T23:33:27.000+0000
0ZRWj0000006NUyOAM,01tWj00000C38cEIAR,0ZGam000000isBBGAY,2026-03-27T23:33:01.000+0000
0ZRWj0000006NLJOA2,01tWj00000C38cFIAR,0ZGam000000isG1GAI,2026-03-27T23:32:50.000+0000
0ZRWj0000006N0qOAE,01tWj00000C38cGIAR,0ZGam000000isG1GAI,2026-03-27T23:32:27.000+0000
0ZRWj0000006MdCOAU,01tWj00000C38cHIAR,0ZGam000000isG1GAI,2026-03-27T23:31:57.000+0000
0ZRWj0000006NLHOA2,01tWj00000C38cIIAR,0ZGam000000isG1GAI,2026-03-27T23:32:50.000+0000
0ZRWj0000006Mb3OAE,01tWj00000C38cJIAR,0ZGam000000isG1GAI,2026-03-27T23:31:57.000+0000
0ZRWj0000006NImOAM,01tWj00000C38cKIAR,0ZGam000000isG1GAI,2026-03-27T23:32:46.000+0000
0ZRWj0000006N9zOAE,01tWj00000C38cLIAR,0ZGam000000isG1GAI,2026-03-27T23:32:34.000+0000
0ZRWj0000006Nu4OAE,01tWj00000C38cMIAR,0ZGam000000isG1GAI,2026-03-27T23:33:31.000+0000
0ZRWj0000006NkmOAE,01tWj00000C38cNIAR,0ZGam000000isG1GAI,2026-03-27T23:33:20.000+0000
0ZRWj0000006MgjOAE,01tWj00000C38cOIAR,0ZGam000000isG1GAI,2026-03-27T23:32:01.000+0000
0ZRWj0000006NlJOAU,01tWj00000C38cPIAR,0ZGam000000isG1GAI,2026-03-27T23:33:20.000+0000
0ZRWj0000006MfhOAE,01tWj00000C38cQIAR,0ZGam000000isG1GAI,2026-03-27T23:32:01.000+0000
0ZRWj0000006MlzOAE,01tWj00000C38cRIAR,0ZGam000000isG1GAI,2026-03-27T23:32:08.000+0000
0ZRWj0000006MbbOAE,01tWj00000C38cSIAR,0ZGam000000isG1GAI,2026-03-27T23:31:57.000+0000
0ZRWj0000006MvyOAE,01tWj00000C38cTIAR,0ZGam000000isG1GAI,2026-03-27T23:32:20.000+0000
0ZRWj0000006NuEOAU,01tWj00000C38cUIAR,0ZGam000000isG1GAI,2026-03-27T23:33:31.000+0000
0ZRWj0000006MnIOAU,01tWj00000C38cVIAR,0ZGam000000isG1GAI,2026-03-27T23:32:08.000+0000
0ZRWj0000006Mt1OAE,01tWj00000C38cWIAR,0ZGam000000isG1GAI,2026-03-27T23:32:15.000+0000
0ZRWj0000006N4HOAU,01tWj00000C38cXIAR,0ZGam000000isG1GAI,2026-03-27T23:32:31.000+0000
0ZRWj0000006NnbOAE,01tWj00000C38cYIAR,0ZGam000000isG1GAI,2026-03-27T23:33:23.000+0000
0ZRWj0000006NDbOAM,01tWj00000C38cZIAR,0ZGam000000isG1GAI,2026-03-27T23:32:42.000+0000
0ZRWj0000006NWIOA2,01tWj00000C38caIAB,0ZGam000000isG1GAI,2026-03-27T23:33:01.000+0000
0ZRWj0000006Mk2OAE,01tWj00000C38cbIAB,0ZGam000000isG1GAI,2026-03-27T23:32:04.000+0000
0ZRWj0000006NoOOAU,01tWj00000C38ccIAB,0ZGam000000isG1GAI,2026-03-27T23:33:23.000+0000
0ZRWj0000006NE2OAM,01tWj00000C38cdIAB,0ZGam000000isG1GAI,2026-03-27T23:32:42.000+0000
0ZRWj0000006Na4OAE,01tWj00000C38ceIAB,0ZGam000000isG1GAI,2026-03-27T23:33:08.000+0000
0ZRWj0000006NdnOAE,01tWj00000C38cfIAB,0ZGam000000isG1GAI,2026-03-27T23:33:12.000+0000
0ZRWj0000006Nh7OAE,01tWj00000C38cgIAB,0ZGam000000isG1GAI,2026-03-27T23:33:16.000+0000
0ZRWj0000006NYxOAM,01tWj00000C38chIAB,0ZGam000000isG1GAI,2026-03-27T23:33:04.000+0000
0ZRWj0000006Mu1OAE,01tWj00000C38ciIAB,0ZGam000000isG1GAI,2026-03-27T23:32:20.000+0000
0ZRWj0000006NPyOAM,01tWj00000C38cjIAB,0ZGam000000isG1GAI,2026-03-27T23:32:53.000+0000
0ZRWj0000006NjxOAE,01tWj00000C38ckIAB,0ZGam000000isG1GAI,2026-03-27T23:33:20.000+0000
0ZRWj0000006MnROAU,01tWj00000C38clIAB,0ZGam000000isG1GAI,2026-03-27T23:32:12.000+0000
0ZRWj0000006NRcOAM,01tWj00000C38cmIAB,0ZGam000000isG1GAI,2026-03-27T23:32:57.000+0000
0ZRWj0000006NKJOA2,01tWj00000C38cnIAB,0ZGam000000isG1GAI,2026-03-27T23:32:50.000+0000
0ZRWj0000006NdkOAE,01tWj00000C38coIAB,0ZGam000000isG1GAI,2026-03-27T23:33:12.000+0000
0ZRWj0000006Mz5OAE,01tWj00000C38cpIAB,0ZGam000000isG1GAI,2026-03-27T23:32:23.000+0000
0ZRWj0000006NP6OAM,01tWj00000C38cqIAB,0ZGam000000isG1GAI,2026-03-27T23:32:53.000+0000
0ZRWj0000006Mq5OAE,01tWj00000C38crIAB,0ZGam000000isG1GAI,2026-03-27T23:32:12.000+0000
0ZRWj0000006MnKOAU,01tWj00000C38csIAB,0ZGam000000isG1GAI,2026-03-27T23:32:08.000+0000
0ZRWj0000006NJAOA2,01tWj00000C38ctIAB,0ZGam000000isG1GAI,2026-03-27T23:32:46.000+0000
0ZRWj0000006MyFOAU,01tWj00000C38cuIAB,0ZGam000000isG1GAI,2026-03-27T23:32:23.000+0000
0ZRWj0000006NgSOAU,01tWj00000C38cvIAB,0ZGam000000isG1GAI,2026-03-27T23:33:16.000+0000
0ZRWj0000006NWQOA2,01tWj00000C38cwIAB,0ZGam000000isG1GAI,2026-03-27T23:33:01.000+0000
0ZRWj0000006NhCOAU,01tWj00000C38cxIAB,0ZGam000000isG1GAI,2026-03-27T23:33:16.000+0000
0ZRWj0000006NwaOAE,01tWj00000C38cyIAB,0ZGam000000isG1GAI,2026-03-27T23:33:32.000+0000
0ZRWj0000006NqEOAU,01tWj00000C38czIAB,0ZGam000000isG1GAI,2026-03-27T23:33:27.000+0000
0ZRWj0000006NOpOAM,01tWj00000C38d0IAB,0ZGam000000isG1GAI,2026-03-27T23:32:53.000+0000
0ZRWj0000006MbgOAE,01tWj00000C38d1IAB,0ZGam000000isG1GAI,2026-03-27T23:31:57.000+0000
0ZRWj0000006MhvOAE,01tWj00000C38d2IAB,0ZGam000000isG1GAI,2026-03-27T23:32:04.000+0000
0ZRWj0000006MprOAE,01tWj00000C38d3IAB,0ZGam000000isG1GAI,2026-03-27T23:32:12.000+0000
0ZRWj0000006NowOAE,01tWj00000C38d4IAB,0ZGam000000isG1GAI,2026-03-27T23:33:23.000+0000
0ZRWj0000006NpVOAU,01tWj00000C38d5IAB,0ZGam000000isG1GAI,2026-03-27T23:33:23.000+0000
0ZRWj0000006NFdOAM,01tWj00000C38d6IAB,0ZGam000000isG1GAI,2026-03-27T23:32:42.000+0000
0ZRWj0000006NfeOAE,01tWj00000C38d7IAB,0ZGam000000isG1GAI,2026-03-27T23:33:12.000+0000
0ZRWj0000006NUNOA2,01tWj00000C38d8IAB,0ZGam000000isG1GAI,2026-03-27T23:33:01.000+0000
0ZRWj0000006NbHOAU,01tWj00000C38d9IAB,0ZGam000000isG1GAI,2026-03-27T23:33:08.000+0000
0ZRWj0000006MnFOAU,01tWj00000C38dAIAR,0ZGam000000isG1GAI,2026-03-27T23:32:08.000+0000
0ZRWj0000006NIiOAM,01tWj00000C38dBIAR,0ZGam000000isG1GAI,2026-03-27T23:32:46.000+0000
0ZRWj0000006My1OAE,01tWj00000C38dCIAR,0ZGam000000isG1GAI,2026-03-27T23:32:23.000+0000
0ZRWj0000006MqvOAE,01tWj00000C38dDIAR,0ZGam000000isG1GAI,2026-03-27T23:32:15.000+0000
0ZRWj0000006N0kOAE,01tWj00000C38dEIAR,0ZGam000000isG1GAI,2026-03-27T23:32:27.000+0000
0ZRWj0000006NSXOA2,01tWj00000C38lJIAR,0ZGam000000isEPGAY,2026-03-27T23:32:57.000+0000
0ZRWj0000006MzyOAE,01tWj00000C38lKIAR,0ZGam000000isEPGAY,2026-03-27T23:32:23.000+0000
0ZRWj0000006NMtOAM,01tWj00000C38lLIAR,0ZGam000000isEPGAY,2026-03-27T23:32:50.000+0000
0ZRWj0000006N6SOAU,01tWj00000C38lMIAR,0ZGam000000isEPGAY,2026-03-27T23:32:31.000+0000
0ZRWj0000006NWbOAM,01tWj00000C38lNIAR,0ZGam000000isEPGAY,2026-03-27T23:33:04.000+0000
0ZRWj0000006NeBOAU,01tWj00000C38lOIAR,0ZGam000000isEPGAY,2026-03-27T23:33:12.000+0000
0ZRWj0000006MrPOAU,01tWj00000C38lPIAR,0ZGam000000isEPGAY,2026-03-27T23:32:15.000+0000
0ZRWj0000006MmHOAU,01tWj00000C38lQIAR,0ZGam000000isEPGAY,2026-03-27T23:32:08.000+0000
0ZRWj0000006MqrOAE,01tWj00000C38lRIAR,0ZGam000000isEPGAY,2026-03-27T23:32:15.000+0000
0ZRWj0000006N0IOAU,01tWj00000C38lSIAR,0ZGam000000isEPGAY,2026-03-27T23:32:23.000+0000
0ZRWj0000006NY3OAM,01tWj00000C38lTIAR,0ZGam000000isEPGAY,2026-03-27T23:33:04.000+0000
0ZRWj0000006MaXOAU,01tWj00000C38lUIAR,0ZGam000000isEPGAY,2026-03-27T23:31:57.000+0000
0ZRWj0000006McSOAU,01tWj00000C38lVIAR,0ZGam000000isEPGAY,2026-03-27T23:31:57.000+0000
0ZRWj0000006N2SOAU,01tWj00000C38lWIAR,0ZGam000000isEPGAY,2026-03-27T23:32:27.000+0000
0ZRWj0000006MigOAE,01tWj00000C38lXIAR,0ZGam000000isEPGAY,2026-03-27T23:32:04.000+0000
0ZRWj0000006N9rOAE,01tWj00000C38lYIAR,0ZGam000000isEPGAY,2026-03-27T23:32:34.000+0000
0ZRWj0000006MhJOAU,01tWj00000C38lZIAR,0ZGam000000isEPGAY,2026-03-27T23:32:04.000+0000
0ZRWj0000006NbZOAU,01tWj00000C38laIAB,0ZGam000000isEPGAY,2026-03-27T23:33:08.000+0000
0ZRWj0000006MkmOAE,01tWj00000C38lbIAB,0ZGam000000isEPGAY,2026-03-27T23:32:08.000+0000
0ZRWj0000006MuCOAU,01tWj00000C38lcIAB,0ZGam000000isEPGAY,2026-03-27T23:32:20.000+0000
0ZRWj0000006MdMOAU,01tWj00000C38ldIAB,0ZGam000000isEPGAY,2026-03-27T23:31:57.000+0000
0ZRWj0000006NPpOAM,01tWj00000C38leIAB,0ZGam000000isEPGAY,2026-03-27T23:32:53.000+0000
0ZRWj0000006NhVOAU,01tWj00000C38lfIAB,0ZGam000000isEPGAY,2026-03-27T23:33:16.000+0000
0ZRWj0000006N7pOAE,01tWj00000C38lgIAB,0ZGam000000isEPGAY,2026-03-27T23:32:34.000+0000
0ZRWj0000006NjZOAU,01tWj00000C38lhIAB,0ZGam000000isEPGAY,2026-03-27T23:33:20.000+0000
0ZRWj0000006NpCOAU,01tWj00000C38liIAB,0ZGam000000isEPGAY,2026-03-27T23:33:23.000+0000
0ZRWj0000006MrrOAE,01tWj00000C38ljIAB,0ZGam000000isEPGAY,2026-03-27T23:32:15.000+0000
0ZRWj0000006NI9OAM,01tWj00000C38lkIAB,0ZGam000000isEPGAY,2026-03-27T23:32:46.000+0000
0ZRWj0000006NEkOAM,01tWj00000C38llIAB,0ZGam000000isEPGAY,2026-03-27T23:32:42.000+0000
0ZRWj0000006NYzOAM,01tWj00000C38lmIAB,0ZGam000000isEPGAY,2026-03-27T23:33:04.000+0000
0ZRWj0000006Nu6OAE,01tWj00000C38lnIAB,0ZGam000000isEPGAY,2026-03-27T23:33:31.000+0000
0ZRWj0000006NRxOAM,01tWj00000C38loIAB,0ZGam000000isEPGAY,2026-03-27T23:32:57.000+0000
0ZRWj0000006Na0OAE,01tWj00000C38lpIAB,0ZGam000000isEPGAY,2026-03-27T23:33:08.000+0000
0ZRWj0000006NBXOA2,01tWj00000C38lqIAB,0ZGam000000isEPGAY,2026-03-27T23:32:38.000+0000
0ZRWj0000006N0NOAU,01tWj00000C38lrIAB,0ZGam000000isEPGAY,2026-03-27T23:32:27.000+0000
0ZRWj0000006MuROAU,01tWj00000C38lsIAB,0ZGam000000isEPGAY,2026-03-27T23:32:20.000+0000
0ZRWj0000006NUmOAM,01tWj00000C38ltIAB,0ZGam000000isEPGAY,2026-03-27T23:33:01.000+0000
0ZRWj0000006MvBOAU,01tWj00000C38luIAB,0ZGam000000isEPGAY,2026-03-27T23:32:20.000+0000
0ZRWj0000006MyGOAU,01tWj00000C38lvIAB,0ZGam000000isEPGAY,2026-03-27T23:32:23.000+0000
0ZRWj0000006N67OAE,01tWj00000C38lwIAB,0ZGam000000isEPGAY,2026-03-27T23:32:31.000+0000
0ZRWj0000006NAOOA2,01tWj00000C38lxIAB,0ZGam000000isEPGAY,2026-03-27T23:32:38.000+0000
0ZRWj0000006MqqOAE,01tWj00000C38lyIAB,0ZGam000000isEPGAY,2026-03-27T23:32:15.000+0000
0ZRWj0000006N4kOAE,01tWj00000C38lzIAB,0ZGam000000isEPGAY,2026-03-27T23:32:31.000+0000
0ZRWj0000006Nw8OAE,01tWj00000C38m0IAB,0ZGam000000isEPGAY,2026-03-27T23:33:31.000+0000
0ZRWj0000006NOrOAM,01tWj00000C38m1IAB,0ZGam000000isEPGAY,2026-03-27T23:32:53.000+0000
0ZRWj0000006NHnOAM,01tWj00000C38m2IAB,0ZGam000000isEPGAY,2026-03-27T23:32:46.000+0000
0ZRWj0000006N7FOAU,01tWj00000C38m3IAB,0ZGam000000isEPGAY,2026-03-27T23:32:34.000+0000
0ZRWj0000006NRAOA2,01tWj00000C38m4IAB,0ZGam000000isEPGAY,2026-03-27T23:32:57.000+0000
0ZRWj0000006N2aOAE,01tWj00000C38m5IAB,0ZGam000000isEPGAY,2026-03-27T23:32:27.000+0000
0ZRWj0000006MgmOAE,01tWj00000C38m6IAB,0ZGam000000isEPGAY,2026-03-27T23:32:01.000+0000
0ZRWj0000006NZjOAM,01tWj00000C38m7IAB,0ZGam000000isEPGAY,2026-03-27T23:33:04.000+0000
0ZRWj0000006NH3OAM,01tWj00000C38m8IAB,0ZGam000000isEPGAY,2026-03-27T23:32:46.000+0000
0ZRWj0000006NuIOAU,01tWj00000C38m9IAB,0ZGam000000isEPGAY,2026-03-27T23:33:31.000+0000
0ZRWj0000006NS2OAM,01tWj00000C38mAIAR,0ZGam000000isEPGAY,2026-03-27T23:32:57.000+0000
0ZRWj0000006Nq4OAE,01tWj00000C38mBIAR,0ZGam000000isEPGAY,2026-03-27T23:33:27.000+0000
0ZRWj0000006NZwOAM,01tWj00000C38mCIAR,0ZGam000000isEPGAY,2026-03-27T23:33:08.000+0000
0ZRWj0000006NAeOAM,01tWj00000C38mDIAR,0ZGam000000isEPGAY,2026-03-27T23:32:38.000+0000
0ZRWj0000006NHMOA2,01tWj00000C38mEIAR,0ZGam000000isEPGAY,2026-03-27T23:32:46.000+0000
0ZRWj0000006NPYOA2,01tWj00000C38mFIAR,0ZGam000000isJFGAY,2026-03-27T23:32:53.000+0000
0ZRWj0000006N2yOAE,01tWj00000C38mGIAR,0ZGam000000isJFGAY,2026-03-27T23:32:27.000+0000
0ZRWj0000006Mv4OAE,01tWj00000C38mHIAR,0ZGam000000isJFGAY,2026-03-27T23:32:20.000+0000
0ZRWj0000006NSwOAM,01tWj00000C38mIIAR,0ZGam000000isJFGAY,2026-03-27T23:32:57.000+0000
0ZRWj0000006NTdOAM,01tWj00000C38mJIAR,0ZGam000000isJFGAY,2026-03-27T23:33:01.000+0000
0ZRWj0000006NvzOAE,01tWj00000C38mKIAR,0ZGam000000isJFGAY,2026-03-27T23:33:31.000+0000
0ZRWj0000006NGROA2,01tWj00000C38mLIAR,0ZGam000000isJFGAY,2026-03-27T23:32:42.000+0000
0ZRWj0000006NEQOA2,01tWj00000C38mMIAR,0ZGam000000isJFGAY,2026-03-27T23:32:42.000+0000
0ZRWj0000006NJpOAM,01tWj00000C38mNIAR,0ZGam000000isJFGAY,2026-03-27T23:32:50.000+0000
0ZRWj0000006NOgOAM,01tWj00000C38mOIAR,0ZGam000000isJFGAY,2026-03-27T23:32:53.000+0000
0ZRWj0000006NiQOAU,01tWj00000C38mPIAR,0ZGam000000isJFGAY,2026-03-27T23:33:16.000+0000
0ZRWj0000006MuYOAU,01tWj00000C38mQIAR,0ZGam000000isJFGAY,2026-03-27T23:32:20.000+0000
0ZRWj0000006N9DOAU,01tWj00000C38mRIAR,0ZGam000000isJFGAY,2026-03-27T23:32:34.000+0000
0ZRWj0000006Mz6OAE,01tWj00000C38mSIAR,0ZGam000000isJFGAY,2026-03-27T23:32:23.000+0000
0ZRWj0000006MySOAU,01tWj00000C38mTIAR,0ZGam000000isJFGAY,2026-03-27T23:32:23.000+0000
0ZRWj0000006NJPOA2,01tWj00000C38mUIAR,0ZGam000000isJFGAY,2026-03-27T23:32:46.000+0000
0ZRWj0000006N1OOAU,01tWj00000C38mVIAR,0ZGam000000isJFGAY,2026-03-27T23:32:27.000+0000
0ZRWj0000006MbsOAE,01tWj00000C38mWIAR,0ZGam000000isJFGAY,2026-03-27T23:31:57.000+0000
0ZRWj0000006MfUOAU,01tWj00000C38mXIAR,0ZGam000000isJFGAY,2026-03-27T23:32:01.000+0000
0ZRWj0000006NNZOA2,01tWj00000C38mYIAR,0ZGam000000isJFGAY,2026-03-27T23:32:53.000+0000
0ZRWj0000006Nu5OAE,01tWj00000C38mZIAR,0ZGam000000isJFGAY,2026-03-27T23:33:31.000+0000
0ZRWj0000006MqMOAU,01tWj00000C38maIAB,0ZGam000000isJFGAY,2026-03-27T23:32:12.000+0000
0ZRWj0000006MoQOAU,01tWj00000C38mbIAB,0ZGam000000isJFGAY,2026-03-27T23:32:12.000+0000
0ZRWj0000006NpZOAU,01tWj00000C38mcIAB,0ZGam000000isJFGAY,2026-03-27T23:33:23.000+0000
0ZRWj0000006NOTOA2,01tWj00000C38mdIAB,0ZGam000000isJFGAY,2026-03-27T23:32:53.000+0000
0ZRWj0000006MjQOAU,01tWj00000C38meIAB,0ZGam000000isJFGAY,2026-03-27T23:32:04.000+0000
0ZRWj0000006N4BOAU,01tWj00000C38mfIAB,0ZGam000000isJFGAY,2026-03-27T23:32:31.000+0000
0ZRWj0000006N7hOAE,01tWj00000C38mgIAB,0ZGam000000isJFGAY,2026-03-27T23:32:34.000+0000
0ZRWj0000006MiqOAE,01tWj00000C38mhIAB,0ZGam000000isJFGAY,2026-03-27T23:32:04.000+0000
0ZRWj0000006MpROAU,01tWj00000C38miIAB,0ZGam000000isJFGAY,2026-03-27T23:32:12.000+0000
0ZRWj0000006MnxOAE,01tWj00000C38mjIAB,0ZGam000000isJFGAY,2026-03-27T23:32:12.000+0000
0ZRWj0000006Nq0OAE,01tWj00000C38mkIAB,0ZGam000000isJFGAY,2026-03-27T23:33:27.000+0000
0ZRWj0000006NONOA2,01tWj00000C38mlIAB,0ZGam000000isJFGAY,2026-03-27T23:32:53.000+0000
0ZRWj0000006Nq3OAE,01tWj00000C38mmIAB,0ZGam000000isJFGAY,2026-03-27T23:33:27.000+0000
0ZRWj0000006NXXOA2,01tWj00000C38mnIAB,0ZGam000000isJFGAY,2026-03-27T23:33:04.000+0000
0ZRWj0000006MqmOAE,01tWj00000C38moIAB,0ZGam000000isJFGAY,2026-03-27T23:32:15.000+0000
0ZRWj0000006NQJOA2,01tWj00000C38mpIAB,0ZGam000000isJFGAY,2026-03-27T23:32:57.000+0000
0ZRWj0000006MycOAE,01tWj00000C38mqIAB,0ZGam000000isJFGAY,2026-03-27T23:32:23.000+0000
0ZRWj0000006NlSOAU,01tWj00000C38mrIAB,0ZGam000000isJFGAY,2026-03-27T23:33:20.000+0000
0ZRWj0000006MgpOAE,01tWj00000C38msIAB,0ZGam000000isJFGAY,2026-03-27T23:32:01.000+0000
0ZRWj0000006NLKOA2,01tWj00000C38mtIAB,0ZGam000000isJFGAY,2026-03-27T23:32:50.000+0000
0ZRWj0000006NbjOAE,01tWj00000C38muIAB,0ZGam000000isJFGAY,2026-03-27T23:33:08.000+0000
0ZRWj0000006NAWOA2,01tWj00000C38mvIAB,0ZGam000000isJFGAY,2026-03-27T23:32:38.000+0000
0ZRWj0000006NqGOAU,01tWj00000C38mwIAB,0ZGam000000isJFGAY,2026-03-27T23:33:27.000+0000
0ZRWj0000006N81OAE,01tWj00000C38mxIAB,0ZGam000000isJFGAY,2026-03-27T23:32:34.000+0000
0ZRWj0000006NpBOAU,01tWj00000C38myIAB,0ZGam000000isJFGAY,2026-03-27T23:33:23.000+0000
0ZRWj0000006NgHOAU,01tWj00000C38mzIAB,0ZGam000000isJFGAY,2026-03-27T23:33:16.000+0000
0ZRWj0000006MvmOAE,01tWj00000C38n0IAB,0ZGam000000isJFGAY,2026-03-27T23:32:20.000+0000
0ZRWj0000006MluOAE,01tWj00000C38n1IAB,0ZGam000000isJFGAY,2026-03-27T23:32:08.000+0000
0ZRWj0000006NZhOAM,01tWj00000C38n2IAB,0ZGam000000isJFGAY,2026-03-27T23:33:04.000+0000
0ZRWj0000006NDyOAM,01tWj00000C38n3IAB,0ZGam000000isJFGAY,2026-03-27T23:32:42.000+0000
0ZRWj0000006MxUOAU,01tWj00000C38n4IAB,0ZGam000000isJFGAY,2026-03-27T23:32:23.000+0000
0ZRWj0000006ModOAE,01tWj00000C38n5IAB,0ZGam000000isJFGAY,2026-03-27T23:32:12.000+0000
0ZRWj0000006MjOOAU,01tWj00000C38n6IAB,0ZGam000000isJFGAY,2026-03-27T23:32:04.000+0000
0ZRWj0000006No9OAE,01tWj00000C38n7IAB,0ZGam000000isJFGAY,2026-03-27T23:33:23.000+0000
0ZRWj0000006NHROA2,01tWj00000C38n8IAB,0ZGam000000isJFGAY,2026-03-27T23:32:46.000+0000
0ZRWj0000006NYLOA2,01tWj00000C38n9IAB,0ZGam000000isJFGAY,2026-03-27T23:33:04.000+0000
0ZRWj0000006MboOAE,01tWj00000C38nAIAR,0ZGam000000isJFGAY,2026-03-27T23:31:57.000+0000
0ZRWj0000006Nf4OAE,01tWj00000C38nBIAR,0ZGam000000isJFGAY,2026-03-27T23:33:12.000+0000
0ZRWj0000006NgsOAE,01tWj00000C38nCIAR,0ZGam000000isJFGAY,2026-03-27T23:33:16.000+0000
0ZRWj0000006NSzOAM,01tWj00000C38nDIAR,0ZGam000000isJFGAY,2026-03-27T23:32:57.000+0000
0ZRWj0000006MrCOAU,01tWj00000C38nEIAR,0ZGam000000isJFGAY,2026-03-27T23:32:15.000+0000
0ZRWj0000006MzrOAE,01tWj00000C38nFIAR,0ZGam000000isJFGAY,2026-03-27T23:32:23.000+0000
0ZRWj0000006MuDOAU,01tWj00000C38nGIAR,0ZGam000000isJFGAY,2026-03-27T23:32:20.000+0000
0ZRWj0000006MmfOAE,01tWj00000C38nHIAR,0ZGam000000isJFGAY,2026-03-27T23:32:08.000+0000
0ZRWj0000006My4OAE,01tWj00000C38nIIAR,0ZGam000000isJFGAY,2026-03-27T23:32:23.000+0000
0ZRWj0000006NioOAE,01tWj00000C38nJIAR,0ZGam000000isJFGAY,2026-03-27T23:33:16.000+0000
0ZRWj0000006NsQOAU,01tWj00000C38nKIAR,0ZGam000000isJFGAY,2026-03-27T23:33:27.000+0000
0ZRWj0000006NjhOAE,01tWj00000C38nLIAR,0ZGam000000isJFGAY,2026-03-27T23:33:20.000+0000
0ZRWj0000006NlLOAU,01tWj00000C38nMIAR,0ZGam000000isJFGAY,2026-03-27T23:33:20.000+0000
0ZRWj0000006NMUOA2,01tWj00000C38nNIAR,0ZGam000000isJFGAY,2026-03-27T23:32:50.000+0000
0ZRWj0000006NQlOAM,01tWj00000C38nOIAR,0ZGam000000isJFGAY,2026-03-27T23:32:57.000+0000
0ZRWj0000006NViOAM,01tWj00000C38nPIAR,0ZGam000000isJFGAY,2026-03-27T23:33:01.000+0000
0ZRWj0000006NilOAE,01tWj00000C38nQIAR,0ZGam000000isJFGAY,2026-03-27T23:33:16.000+0000
0ZRWj0000006NWFOA2,01tWj00000C38nRIAR,0ZGam000000isJFGAY,2026-03-27T23:33:01.000+0000
0ZRWj0000006MwFOAU,01tWj00000C38nSIAR,0ZGam000000isJFGAY,2026-03-27T23:32:20.000+0000
0ZRWj0000006MoHOAU,01tWj00000C38nTIAR,0ZGam000000isJFGAY,2026-03-27T23:32:12.000+0000
0ZRWj0000006MmxOAE,01tWj00000C38nUIAR,0ZGam000000isJFGAY,2026-03-27T23:32:08.000+0000
0ZRWj0000006MlOOAU,01tWj00000C38nVIAR,0ZGam000000isJFGAY,2026-03-27T23:32:08.000+0000
0ZRWj0000006MjNOAU,01tWj00000C38nWIAR,0ZGam000000isJFGAY,2026-03-27T23:32:04.000+0000
0ZRWj0000006NkTOAU,01tWj00000C38nXIAR,0ZGam000000isJFGAY,2026-03-27T23:33:20.000+0000
0ZRWj0000006MhLOAU,01tWj00000C38nYIAR,0ZGam000000isJFGAY,2026-03-27T23:32:04.000+0000
0ZRWj0000006MmXOAU,01tWj00000C38nZIAR,0ZGam000000isJFGAY,2026-03-27T23:32:08.000+0000
0ZRWj0000006MokOAE,01tWj00000C38naIAB,0ZGam000000isJFGAY,2026-03-27T23:32:12.000+0000
0ZRWj0000006NrdOAE,01tWj00000C38nbIAB,0ZGam000000isJFGAY,2026-03-27T23:33:27.000+0000
0ZRWj0000006MsIOAU,01tWj00000C38ncIAB,0ZGam000000isJFGAY,2026-03-27T23:32:15.000+0000
0ZRWj0000006N4TOAU,01tWj00000C38ndIAB,0ZGam000000isJFGAY,2026-03-27T23:32:31.000+0000
0ZRWj0000006MtSOAU,01tWj00000C38neIAB,0ZGam000000isJFGAY,2026-03-27T23:32:15.000+0000
0ZRWj0000006NEqOAM,01tWj00000C38nfIAB,0ZGam000000isJFGAY,2026-03-27T23:32:42.000+0000
0ZRWj0000006NnjOAE,01tWj00000C38ngIAB,0ZGam000000isJFGAY,2026-03-27T23:33:23.000+0000
0ZRWj0000006MomOAE,01tWj00000C38nhIAB,0ZGam000000isJFGAY,2026-03-27T23:32:12.000+0000
0ZRWj0000006NboOAE,01tWj00000C38niIAB,0ZGam000000isJFGAY,2026-03-27T23:33:08.000+0000
0ZRWj0000006MdBOAU,01tWj00000C38njIAB,0ZGam000000isJFGAY,2026-03-27T23:31:57.000+0000
0ZRWj0000006Nj0OAE,01tWj00000C38nkIAB,0ZGam000000isJFGAY,2026-03-27T23:33:16.000+0000
0ZRWj0000006MoEOAU,01tWj00000C38nlIAB,0ZGam000000isJFGAY,2026-03-27T23:32:12.000+0000
0ZRWj0000006NBhOAM,01tWj00000C38nmIAB,0ZGam000000isJFGAY,2026-03-27T23:32:38.000+0000
0ZRWj0000006NisOAE,01tWj00000C38nnIAB,0ZGam000000isJFGAY,2026-03-27T23:33:16.000+0000
0ZRWj0000006NMOOA2,01tWj00000C38noIAB,0ZGam000000isJFGAY,2026-03-27T23:32:50.000+0000
0ZRWj0000006NWlOAM,01tWj00000C38npIAB,0ZGam000000isJFGAY,2026-03-27T23:33:04.000+0000
0ZRWj0000006N3DOAU,01tWj00000C38nqIAB,0ZGam000000isJFGAY,2026-03-27T23:32:27.000+0000
0ZRWj0000006NIzOAM,01tWj00000C38nrIAB,0ZGam000000isJFGAY,2026-03-27T23:32:46.000+0000
0ZRWj0000006NGeOAM,01tWj00000C38nsIAB,0ZGam000000isJFGAY,2026-03-27T23:32:46.000+0000
0ZRWj0000006NO6OAM,01tWj00000C38ntIAB,0ZGam000000isJFGAY,2026-03-27T23:32:53.000+0000
0ZRWj0000006N18OAE,01tWj00000C38nuIAB,0ZGam000000isJFGAY,2026-03-27T23:32:27.000+0000
0ZRWj0000006NBUOA2,01tWj00000C38nvIAB,0ZGam000000isJFGAY,2026-03-27T23:32:38.000+0000
0ZRWj0000006MsOOAU,01tWj00000C38nwIAB,0ZGam000000isJFGAY,2026-03-27T23:32:15.000+0000
0ZRWj0000006MlvOAE,01tWj00000C38nxIAB,0ZGam000000isJFGAY,2026-03-27T23:32:08.000+0000
0ZRWj0000006NpgOAE,01tWj00000C38nyIAB,0ZGam000000isJFGAY,2026-03-27T23:33:23.000+0000
0ZRWj0000006NoLOAU,01tWj00000C38nzIAB,0ZGam000000isJFGAY,2026-03-27T23:33:23.000+0000
0ZRWj0000006NnFOAU,01tWj00000C38o0IAB,0ZGam000000isJFGAY,2026-03-27T23:33:23.000+0000
0ZRWj0000006NSxOAM,01tWj00000C38o1IAB,0ZGam000000isJFGAY,2026-03-27T23:32:57.000+0000
0ZRWj0000006NPNOA2,01tWj00000C38o2IAB,0ZGam000000isJFGAY,2026-03-27T23:32:53.000+0000
0ZRWj0000006MbuOAE,01tWj00000C38o3IAB,0ZGam000000isJFGAY,2026-03-27T23:31:57.000+0000
0ZRWj0000006NCOOA2,01tWj00000C38o4IAB,0ZGam000000isJFGAY,2026-03-27T23:32:38.000+0000
0ZRWj0000006NYnOAM,01tWj00000C38o5IAB,0ZGam000000isJFGAY,2026-03-27T23:33:04.000+0000
0ZRWj0000006NqkOAE,01tWj00000C38o6IAB,0ZGam000000isJFGAY,2026-03-27T23:33:27.000+0000
0ZRWj0000006NKYOA2,01tWj00000C38o7IAB,0ZGam000000isJFGAY,2026-03-27T23:32:50.000+0000
0ZRWj0000006NAPOA2,01tWj00000C38o8IAB,0ZGam000000isJFGAY,2026-03-27T23:32:38.000+0000
0ZRWj0000006N41OAE,01tWj00000C38o9IAB,0ZGam000000isJFGAY,2026-03-27T23:32:31.000+0000
0ZRWj0000006NHIOA2,01tWj00000C38oAIAR,0ZGam000000isJFGAY,2026-03-27T23:32:46.000+0000
0ZRWj0000006NLFOA2,01tWj00000C38oBIAR,0ZGam000000isJFGAY,2026-03-27T23:32:50.000+0000
0ZRWj0000006NaROAU,01tWj00000C38oCIAR,0ZGam000000isJFGAY,2026-03-27T23:33:08.000+0000
0ZRWj0000006NSnOAM,01tWj00000C38oDIAR,0ZGam000000isJFGAY,2026-03-27T23:32:57.000+0000
0ZRWj0000006NtQOAU,01tWj00000C38oEIAR,0ZGam000000isJFGAY,2026-03-27T23:33:31.000+0000
0ZRWj0000006N70OAE,01tWj00000C38oFIAR,0ZGam000000isJFGAY,2026-03-27T23:32:34.000+0000
0ZRWj0000006N01OAE,01tWj00000C38oGIAR,0ZGam000000isJFGAY,2026-03-27T23:32:23.000+0000
0ZRWj0000006NBBOA2,01tWj00000C38oHIAR,0ZGam000000isJFGAY,2026-03-27T23:32:38.000+0000
0ZRWj0000006Me1OAE,01tWj00000C38oIIAR,0ZGam000000isJFGAY,2026-03-27T23:32:01.000+0000
0ZRWj0000006McYOAU,01tWj00000C38oJIAR,0ZGam000000isJFGAY,2026-03-27T23:31:57.000+0000
0ZRWj0000006NHaOAM,01tWj00000C38oKIAR,0ZGam000000isJFGAY,2026-03-27T23:32:46.000+0000
0ZRWj0000006MdcOAE,01tWj00000C38oLIAR,0ZGam000000isJFGAY,2026-03-27T23:31:57.000+0000
0ZRWj0000006Nh4OAE,01tWj00000C38oMIAR,0ZGam000000isJFGAY,2026-03-27T23:33:16.000+0000
0ZRWj0000006NurOAE,01tWj00000C38oNIAR,0ZGam000000isJFGAY,2026-03-27T23:33:31.000+0000
0ZRWj0000006MryOAE,01tWj00000C38oOIAR,0ZGam000000isJFGAY,2026-03-27T23:32:15.000+0000
0ZRWj0000006NejOAE,01tWj00000C38oPIAR,0ZGam000000isJFGAY,2026-03-27T23:33:12.000+0000
0ZRWj0000006NZrOAM,01tWj00000C38oQIAR,0ZGam000000isJFGAY,2026-03-27T23:33:08.000+0000
0ZRWj0000006Ng1OAE,01tWj00000C38oRIAR,0ZGam000000isJFGAY,2026-03-27T23:33:12.000+0000
0ZRWj0000006NlWOAU,01tWj00000C38oSIAR,0ZGam000000isJFGAY,2026-03-27T23:33:20.000+0000
0ZRWj0000006NR2OAM,01tWj00000C38oTIAR,0ZGam000000isJFGAY,2026-03-27T23:32:57.000+0000
0ZRWj0000006MoKOAU,01tWj00000C38oUIAR,0ZGam000000isJFGAY,2026-03-27T23:32:12.000+0000
0ZRWj0000006N6TOAU,01tWj00000C38oVIAR,0ZGam000000isJFGAY,2026-03-27T23:32:31.000+0000
0ZRWj0000006MjROAU,01tWj00000C38oWIAR,0ZGam000000isJFGAY,2026-03-27T23:32:04.000+0000
0ZRWj0000006MnXOAU,01tWj00000C38oXIAR,0ZGam000000isJFGAY,2026-03-27T23:32:12.000+0000
0ZRWj0000006Nn7OAE,01tWj00000C38oYIAR,0ZGam000000isJFGAY,2026-03-27T23:33:23.000+0000
0ZRWj0000006MkyOAE,01tWj00000C38oZIAR,0ZGam000000isJFGAY,2026-03-27T23:32:08.000+0000
0ZRWj0000006MpiOAE,01tWj00000C38oaIAB,0ZGam000000isJFGAY,2026-03-27T23:32:12.000+0000
0ZRWj0000006MqNOAU,01tWj00000C38obIAB,0ZGam000000isJFGAY,2026-03-27T23:32:12.000+0000
0ZRWj0000006N5jOAE,01tWj00000C38ocIAB,0ZGam000000isJFGAY,2026-03-27T23:32:31.000+0000
0ZRWj0000006MuUOAU,01tWj00000C38odIAB,0ZGam000000isJFGAY,2026-03-27T23:32:20.000+0000
0ZRWj0000006MlHOAU,01tWj00000C38oeIAB,0ZGam000000isJFGAY,2026-03-27T23:32:08.000+0000
0ZRWj0000006NwLOAU,01tWj00000C38ofIAB,0ZGam000000isHdGAI,2026-03-27T23:33:31.000+0000
0ZRWj0000006N5cOAE,01tWj00000C38ogIAB,0ZGam000000isHdGAI,2026-03-27T23:32:31.000+0000
0ZRWj0000006NhAOAU,01tWj00000C38ohIAB,0ZGam000000isHdGAI,2026-03-27T23:33:16.000+0000
0ZRWj0000006NLOOA2,01tWj00000C38oiIAB,0ZGam000000isHdGAI,2026-03-27T23:32:50.000+0000
0ZRWj0000006NjGOAU,01tWj00000C38ojIAB,0ZGam000000isHdGAI,2026-03-27T23:33:16.000+0000
0ZRWj0000006N7gOAE,01tWj00000C38okIAB,0ZGam000000isHdGAI,2026-03-27T23:32:34.000+0000
0ZRWj0000006MpcOAE,01tWj00000C38olIAB,0ZGam000000isHdGAI,2026-03-27T23:32:12.000+0000
0ZRWj0000006NRJOA2,01tWj00000C38omIAB,0ZGam000000isHdGAI,2026-03-27T23:32:57.000+0000
0ZRWj0000006MynOAE,01tWj00000C38onIAB,0ZGam000000isHdGAI,2026-03-27T23:32:23.000+0000
0ZRWj0000006NQ4OAM,01tWj00000C38ooIAB,0ZGam000000isHdGAI,2026-03-27T23:32:53.000+0000
0ZRWj0000006NZ8OAM,01tWj00000C38opIAB,0ZGam000000isHdGAI,2026-03-27T23:33:04.000+0000
0ZRWj0000006NnAOAU,01tWj00000C38oqIAB,0ZGam000000isHdGAI,2026-03-27T23:33:23.000+0000
0ZRWj0000006MoLOAU,01tWj00000C38orIAB,0ZGam000000isHdGAI,2026-03-27T23:32:12.000+0000
0ZRWj0000006MtvOAE,01tWj00000C38osIAB,0ZGam000000isHdGAI,2026-03-27T23:32:20.000+0000
0ZRWj0000006NnxOAE,01tWj00000C38otIAB,0ZGam000000isHdGAI,2026-03-27T23:33:23.000+0000
0ZRWj0000006NrbOAE,01tWj00000C38ouIAB,0ZGam000000isHdGAI,2026-03-27T23:33:27.000+0000
0ZRWj0000006NLhOAM,01tWj00000C38ovIAB,0ZGam000000isHdGAI,2026-03-27T23:32:50.000+0000
0ZRWj0000006N3NOAU,01tWj00000C38owIAB,0ZGam000000isHdGAI,2026-03-27T23:32:27.000+0000
0ZRWj0000006MlgOAE,01tWj00000C38oxIAB,0ZGam000000isHdGAI,2026-03-27T23:32:08.000+0000
0ZRWj0000006MlhOAE,01tWj00000C38oyIAB,0ZGam000000isHdGAI,2026-03-27T23:32:08.000+0000
0ZRWj0000006MxGOAU,01tWj00000C38ozIAB,0ZGam000000isHdGAI,2026-03-27T23:32:23.000+0000
0ZRWj0000006NgAOAU,01tWj00000C38p0IAB,0ZGam000000isHdGAI,2026-03-27T23:33:12.000+0000
0ZRWj0000006NBfOAM,01tWj00000C38p1IAB,0ZGam000000isHdGAI,2026-03-27T23:32:38.000+0000
0ZRWj0000006N9oOAE,01tWj00000C38p2IAB,0ZGam000000isHdGAI,2026-03-27T23:32:34.000+0000
0ZRWj0000006MpQOAU,01tWj00000C38p3IAB,0ZGam000000isHdGAI,2026-03-27T23:32:12.000+0000
0ZRWj0000006NkgOAE,01tWj00000C38p4IAB,0ZGam000000isHdGAI,2026-03-27T23:33:20.000+0000
0ZRWj0000006Mn4OAE,01tWj00000C38p5IAB,0ZGam000000isHdGAI,2026-03-27T23:32:08.000+0000
0ZRWj0000006MiLOAU,01tWj00000C38p6IAB,0ZGam000000isHdGAI,2026-03-27T23:32:04.000+0000
0ZRWj0000006MivOAE,01tWj00000C38p7IAB,0ZGam000000isHdGAI,2026-03-27T23:32:04.000+0000
0ZRWj0000006N50OAE,01tWj00000C38p8IAB,0ZGam000000isHdGAI,2026-03-27T23:32:31.000+0000
0ZRWj0000006NTmOAM,01tWj00000C38p9IAB,0ZGam000000isHdGAI,2026-03-27T23:33:01.000+0000
0ZRWj0000006Mo3OAE,01tWj00000C38pAIAR,0ZGam000000isHdGAI,2026-03-27T23:32:12.000+0000
0ZRWj0000006NhqOAE,01tWj00000C38pBIAR,0ZGam000000isHdGAI,2026-03-27T23:33:16.000+0000
0ZRWj0000006NlNOAU,01tWj00000C38pCIAR,0ZGam000000isHdGAI,2026-03-27T23:33:20.000+0000
0ZRWj0000006McCOAU,01tWj00000C38pDIAR,0ZGam000000isHdGAI,2026-03-27T23:31:57.000+0000
0ZRWj0000006NnLOAU,01tWj00000C38pEIAR,0ZGam000000isHdGAI,2026-03-27T23:33:23.000+0000
0ZRWj0000006MhPOAU,01tWj00000C38pFIAR,0ZGam000000isHdGAI,2026-03-27T23:32:04.000+0000
0ZRWj0000006MgROAU,01tWj00000C38pGIAR,0ZGam000000isHdGAI,2026-03-27T23:32:01.000+0000
0ZRWj0000006NFpOAM,01tWj00000C38pHIAR,0ZGam000000isHdGAI,2026-03-27T23:32:42.000+0000
0ZRWj0000006NSOOA2,01tWj00000C38pIIAR,0ZGam000000isHdGAI,2026-03-27T23:32:57.000+0000
0ZRWj0000006MbDOAU,01tWj00000C38pJIAR,0ZGam000000isHdGAI,2026-03-27T23:31:57.000+0000
0ZRWj0000006NQvOAM,01tWj00000C38pKIAR,0ZGam000000isHdGAI,2026-03-27T23:32:57.000+0000
0ZRWj0000006N0HOAU,01tWj00000C38pLIAR,0ZGam000000isHdGAI,2026-03-27T23:32:23.000+0000
0ZRWj0000006MlLOAU,01tWj00000C38pMIAR,0ZGam000000isHdGAI,2026-03-27T23:32:08.000+0000
0ZRWj0000006NipOAE,01tWj00000C38pNIAR,0ZGam000000isHdGAI,2026-03-27T23:33:16.000+0000
0ZRWj0000006Me5OAE,01tWj00000C38pOIAR,0ZGam000000isHdGAI,2026-03-27T23:32:01.000+0000
0ZRWj0000006MtEOAU,01tWj00000C38pPIAR,0ZGam000000isHdGAI,2026-03-27T23:32:15.000+0000
0ZRWj0000006MdwOAE,01tWj00000C38pQIAR,0ZGam000000isHdGAI,2026-03-27T23:32:01.000+0000
0ZRWj0000006NKSOA2,01tWj00000C38pRIAR,0ZGam000000isHdGAI,2026-03-27T23:32:50.000+0000
0ZRWj0000006N3lOAE,01tWj00000C38pSIAR,0ZGam000000isHdGAI,2026-03-27T23:32:31.000+0000
0ZRWj0000006NIbOAM,01tWj00000C38pTIAR,0ZGam000000isHdGAI,2026-03-27T23:32:46.000+0000
0ZRWj0000006NHcOAM,01tWj00000C38pUIAR,0ZGam000000isHdGAI,2026-03-27T23:32:46.000+0000
0ZRWj0000006NpHOAU,01tWj00000C38pVIAR,0ZGam000000isHdGAI,2026-03-27T23:33:23.000+0000
0ZRWj0000006NH8OAM,01tWj00000C38pWIAR,0ZGam000000isHdGAI,2026-03-27T23:32:46.000+0000
0ZRWj0000006MhxOAE,01tWj00000C38pXIAR,0ZGam000000isHdGAI,2026-03-27T23:32:04.000+0000
0ZRWj0000006MmMOAU,01tWj00000C38pYIAR,0ZGam000000isHdGAI,2026-03-27T23:32:08.000+0000
0ZRWj0000006NpMOAU,01tWj00000C38pZIAR,0ZGam000000isHdGAI,2026-03-27T23:33:23.000+0000
0ZRWj0000006MmrOAE,01tWj00000C38paIAB,0ZGam000000isHdGAI,2026-03-27T23:32:08.000+0000
0ZRWj0000006NFyOAM,01tWj00000C38pbIAB,0ZGam000000isHdGAI,2026-03-27T23:32:42.000+0000
0ZRWj0000006MzFOAU,01tWj00000C38pcIAB,0ZGam000000isHdGAI,2026-03-27T23:32:23.000+0000
0ZRWj0000006MtCOAU,01tWj00000C38pdIAB,0ZGam000000isHdGAI,2026-03-27T23:32:15.000+0000
0ZRWj0000006MamOAE,01tWj00000C38peIAB,0ZGam000000isHdGAI,2026-03-27T23:31:57.000+0000
0ZRWj0000006MjGOAU,01tWj00000C38pfIAB,0ZGam000000isHdGAI,2026-03-27T23:32:04.000+0000
0ZRWj0000006MzuOAE,01tWj00000C38pgIAB,0ZGam000000isHdGAI,2026-03-27T23:32:23.000+0000
0ZRWj0000006MtBOAU,01tWj00000C38phIAB,0ZGam000000isHdGAI,2026-03-27T23:32:15.000+0000
0ZRWj0000006NoYOAU,01tWj00000C38piIAB,0ZGam000000isHdGAI,2026-03-27T23:33:23.000+0000
0ZRWj0000006MxSOAU,01tWj00000C38pjIAB,0ZGam000000isHdGAI,2026-03-27T23:32:23.000+0000
0ZRWj0000006NJ1OAM,01tWj00000C38pkIAB,0ZGam000000isHdGAI,2026-03-27T23:32:46.000+0000
0ZRWj0000006NaHOAU,01tWj00000C38plIAB,0ZGam000000isHdGAI,2026-03-27T23:33:08.000+0000
0ZRWj0000006NHKOA2,01tWj00000C38pmIAB,0ZGam000000isHdGAI,2026-03-27T23:32:46.000+0000
0ZRWj0000006NwdOAE,01tWj00000C38pnIAB,0ZGam000000isHdGAI,2026-03-27T23:33:32.000+0000
0ZRWj0000006Mb6OAE,01tWj00000C38poIAB,0ZGam000000isHdGAI,2026-03-27T23:31:57.000+0000
0ZRWj0000006MjfOAE,01tWj00000C38ppIAB,0ZGam000000isHdGAI,2026-03-27T23:32:04.000+0000
0ZRWj0000006NYEOA2,01tWj00000C38pqIAB,0ZGam000000isHdGAI,2026-03-27T23:33:04.000+0000
0ZRWj0000006MgnOAE,01tWj00000C38prIAB,0ZGam000000isHdGAI,2026-03-27T23:32:01.000+0000
0ZRWj0000006MdROAU,01tWj00000C38psIAB,0ZGam000000isHdGAI,2026-03-27T23:31:57.000+0000
0ZRWj0000006MjsOAE,01tWj00000C38ptIAB,0ZGam000000isHdGAI,2026-03-27T23:32:04.000+0000
0ZRWj0000006NAnOAM,01tWj00000C38puIAB,0ZGam000000isHdGAI,2026-03-27T23:32:38.000+0000
0ZRWj0000006MdmOAE,01tWj00000C38pvIAB,0ZGam000000isHdGAI,2026-03-27T23:32:01.000+0000
0ZRWj0000006NwWOAU,01tWj00000C38pwIAB,0ZGam000000isHdGAI,2026-03-27T23:33:32.000+0000
0ZRWj0000006N76OAE,01tWj00000C38pxIAB,0ZGam000000isHdGAI,2026-03-27T23:32:34.000+0000
0ZRWj0000006NH2OAM,01tWj00000C38pyIAB,0ZGam000000isHdGAI,2026-03-27T23:32:46.000+0000
0ZRWj0000006My7OAE,01tWj00000C38pzIAB,0ZGam000000isHdGAI,2026-03-27T23:32:23.000+0000
0ZRWj0000006Nb4OAE,01tWj00000C38q0IAB,0ZGam000000isHdGAI,2026-03-27T23:33:08.000+0000
0ZRWj0000006Nh5OAE,01tWj00000C38q1IAB,0ZGam000000isHdGAI,2026-03-27T23:33:16.000+0000
0ZRWj0000006MzpOAE,01tWj00000C38q2IAB,0ZGam000000isHdGAI,2026-03-27T23:32:23.000+0000
0ZRWj0000006NoMOAU,01tWj00000C38q3IAB,0ZGam000000isHdGAI,2026-03-27T23:33:23.000+0000
0ZRWj0000006NV6OAM,01tWj00000C38q4IAB,0ZGam000000isHdGAI,2026-03-27T23:33:01.000+0000
0ZRWj0000006NR0OAM,01tWj00000C38q5IAB,0ZGam000000isHdGAI,2026-03-27T23:32:57.000+0000
0ZRWj0000006Nf3OAE,01tWj00000C38q6IAB,0ZGam000000isHdGAI,2026-03-27T23:33:12.000+0000
0ZRWj0000006MsmOAE,01tWj00000C38q7IAB,0ZGam000000isHdGAI,2026-03-27T23:32:15.000+0000
0ZRWj0000006NH6OAM,01tWj00000C38q8IAB,0ZGam000000isHdGAI,2026-03-27T23:32:46.000+0000
0ZRWj0000006N2tOAE,01tWj00000C38q9IAB,0ZGam000000isHdGAI,2026-03-27T23:32:27.000+0000
0ZRWj0000006NnrOAE,01tWj00000C38qAIAR,0ZGam000000isHdGAI,2026-03-27T23:33:23.000+0000
0ZRWj0000006MxpOAE,01tWj00000C38qBIAR,0ZGam000000isHdGAI,2026-03-27T23:32:23.000+0000
0ZRWj0000006Ni0OAE,01tWj00000C38qCIAR,0ZGam000000isHdGAI,2026-03-27T23:33:16.000+0000
0ZRWj0000006NRWOA2,01tWj00000C38qDIAR,0ZGam000000isHdGAI,2026-03-27T23:32:57.000+0000
0ZRWj0000006MhXOAU,01tWj00000C38qEIAR,0ZGam000000isHdGAI,2026-03-27T23:32:04.000+0000
0ZRWj0000006MgfOAE,01tWj00000C38qFIAR,0ZGam000000isHdGAI,2026-03-27T23:32:01.000+0000
0ZRWj0000006N4OOAU,01tWj00000C38qGIAR,0ZGam000000isHdGAI,2026-03-27T23:32:31.000+0000
0ZRWj0000006NuLOAU,01tWj00000C38qHIAR,0ZGam000000isHdGAI,2026-03-27T23:33:31.000+0000
0ZRWj0000006NIJOA2,01tWj00000C38qIIAR,0ZGam000000isHdGAI,2026-03-27T23:32:46.000+0000
0ZRWj0000006NSyOAM,01tWj00000C38qJIAR,0ZGam000000isHdGAI,2026-03-27T23:32:57.000+0000
0ZRWj0000006Mz3OAE,01tWj00000C38qKIAR,0ZGam000000isHdGAI,2026-03-27T23:32:23.000+0000
0ZRWj0000006Nl7OAE,01tWj00000C38qLIAR,0ZGam000000isHdGAI,2026-03-27T23:33:20.000+0000
0ZRWj0000006NPeOAM,01tWj00000C38qMIAR,0ZGam000000isHdGAI,2026-03-27T23:32:53.000+0000
0ZRWj0000006NVhOAM,01tWj00000C38qNIAR,0ZGam000000isHdGAI,2026-03-27T23:33:01.000+0000
0ZRWj0000006N0eOAE,01tWj00000C38qOIAR,0ZGam000000isHdGAI,2026-03-27T23:32:27.000+0000
0ZRWj0000006NAgOAM,01tWj00000C38qPIAR,0ZGam000000isHdGAI,2026-03-27T23:32:38.000+0000
0ZRWj0000006MikOAE,01tWj00000C38qQIAR,0ZGam000000isHdGAI,2026-03-27T23:32:04.000+0000
0ZRWj0000006N1HOAU,01tWj00000C38qRIAR,0ZGam000000isHdGAI,2026-03-27T23:32:27.000+0000
0ZRWj0000006Mp9OAE,01tWj00000C38qSIAR,0ZGam000000isHdGAI,2026-03-27T23:32:12.000+0000
0ZRWj0000006NUHOA2,01tWj00000C38qTIAR,0ZGam000000isHdGAI,2026-03-27T23:33:01.000+0000
0ZRWj0000006NghOAE,01tWj00000C38qUIAR,0ZGam000000isHdGAI,2026-03-27T23:33:16.000+0000
0ZRWj0000006NgqOAE,01tWj00000C38qVIAR,0ZGam000000isHdGAI,2026-03-27T23:33:16.000+0000
0ZRWj0000006NXbOAM,01tWj00000C38qWIAR,0ZGam000000isHdGAI,2026-03-27T23:33:04.000+0000
0ZRWj0000006MlNOAU,01tWj00000C38qXIAR,0ZGam000000isHdGAI,2026-03-27T23:32:08.000+0000
0ZRWj0000006MfeOAE,01tWj00000C38qYIAR,0ZGam000000isHdGAI,2026-03-27T23:32:01.000+0000
0ZRWj0000006N1zOAE,01tWj00000C38qZIAR,0ZGam000000isHdGAI,2026-03-27T23:32:27.000+0000
0ZRWj0000006NgTOAU,01tWj00000C38qaIAB,0ZGam000000isHdGAI,2026-03-27T23:33:16.000+0000
0ZRWj0000006NZ4OAM,01tWj00000C38qbIAB,0ZGam000000isHdGAI,2026-03-27T23:33:04.000+0000
0ZRWj0000006NkCOAU,01tWj00000C38qcIAB,0ZGam000000isHdGAI,2026-03-27T23:33:20.000+0000
0ZRWj0000006NIvOAM,01tWj00000C38qdIAB,0ZGam000000isHdGAI,2026-03-27T23:32:46.000+0000
0ZRWj0000006Nq1OAE,01tWj00000C38qeIAB,0ZGam000000isHdGAI,2026-03-27T23:33:27.000+0000
0ZRWj0000006NbWOAU,01tWj00000C38qfIAB,0ZGam000000isHdGAI,2026-03-27T23:33:08.000+0000
0ZRWj0000006NRnOAM,01tWj00000C38qgIAB,0ZGam000000isHdGAI,2026-03-27T23:32:57.000+0000
0ZRWj0000006N0bOAE,01tWj00000C38qhIAB,0ZGam000000isHdGAI,2026-03-27T23:32:27.000+0000
0ZRWj0000006Nb6OAE,01tWj00000C38qiIAB,0ZGam000000isHdGAI,2026-03-27T23:33:08.000+0000
0ZRWj0000006NeQOAU,01tWj00000C38qjIAB,0ZGam000000isHdGAI,2026-03-27T23:33:12.000+0000
0ZRWj0000006MnpOAE,01tWj00000C38qkIAB,0ZGam000000isHdGAI,2026-03-27T23:32:12.000+0000
0ZRWj0000006N5sOAE,01tWj00000C38qlIAB,0ZGam000000isHdGAI,2026-03-27T23:32:31.000+0000
0ZRWj0000006NMoOAM,01tWj00000C38qmIAB,0ZGam000000isHdGAI,2026-03-27T23:32:50.000+0000
0ZRWj0000006NaxOAE,01tWj00000C38qnIAB,0ZGam000000isHdGAI,2026-03-27T23:33:08.000+0000
0ZRWj0000006NLvOAM,01tWj00000C38qoIAB,0ZGam000000isHdGAI,2026-03-27T23:32:50.000+0000
0ZRWj0000006MciOAE,01tWj00000C38qpIAB,0ZGam000000isHdGAI,2026-03-27T23:31:57.000+0000
0ZRWj0000006NtPOAU,01tWj00000C38qqIAB,0ZGam000000isHdGAI,2026-03-27T23:33:31.000+0000
0ZRWj0000006NCLOA2,01tWj00000C38qrIAB,0ZGam000000isHdGAI,2026-03-27T23:32:38.000+0000
0ZRWj0000006MizOAE,01tWj00000C38qsIAB,0ZGam000000isHdGAI,2026-03-27T23:32:04.000+0000
0ZRWj0000006NoZOAU,01tWj00000C38qtIAB,0ZGam000000isHdGAI,2026-03-27T23:33:23.000+0000
0ZRWj0000006NI1OAM,01tWj00000C38quIAB,0ZGam000000isHdGAI,2026-03-27T23:32:46.000+0000
0ZRWj0000006NaNOAU,01tWj00000C38qvIAB,0ZGam000000isHdGAI,2026-03-27T23:33:08.000+0000
0ZRWj0000006NGZOA2,01tWj00000C38qwIAB,0ZGam000000isHdGAI,2026-03-27T23:32:46.000+0000
0ZRWj0000006MfpOAE,01tWj00000C38qxIAB,0ZGam000000isHdGAI,2026-03-27T23:32:01.000+0000
0ZRWj0000006NZZOA2,01tWj00000C38qyIAB,0ZGam000000isHdGAI,2026-03-27T23:33:04.000+0000
0ZRWj0000006N5ROAU,01tWj00000C38qzIAB,0ZGam000000isHdGAI,2026-03-27T23:32:31.000+0000
0ZRWj0000006N61OAE,01tWj00000C38r0IAB,0ZGam000000isHdGAI,2026-03-27T23:32:31.000+0000
0ZRWj0000006MpNOAU,01tWj00000C38r1IAB,0ZGam000000isHdGAI,2026-03-27T23:32:12.000+0000
0ZRWj0000006NXsOAM,01tWj00000C38r2IAB,0ZGam000000isHdGAI,2026-03-27T23:33:04.000+0000
0ZRWj0000006N1qOAE,01tWj00000C38r3IAB,0ZGam000000isHdGAI,2026-03-27T23:32:27.000+0000
0ZRWj0000006NKQOA2,01tWj00000C38r4IAB,0ZGam000000isHdGAI,2026-03-27T23:32:50.000+0000
0ZRWj0000006NWJOA2,01tWj00000C38r5IAB,0ZGam000000isHdGAI,2026-03-27T23:33:01.000+0000
0ZRWj0000006NYyOAM,01tWj00000C38r6IAB,0ZGam000000isHdGAI,2026-03-27T23:33:04.000+0000
0ZRWj0000006NfSOAU,01tWj00000C38r7IAB,0ZGam000000isHdGAI,2026-03-27T23:33:12.000+0000
0ZRWj0000006MjBOAU,01tWj00000C38r8IAB,0ZGam000000isHdGAI,2026-03-27T23:32:04.000+0000
0ZRWj0000006MpgOAE,01tWj00000C38r9IAB,0ZGam000000isHdGAI,2026-03-27T23:32:12.000+0000
0ZRWj0000006NiuOAE,01tWj00000C38rAIAR,0ZGam000000isHdGAI,2026-03-27T23:33:16.000+0000
0ZRWj0000006MntOAE,01tWj00000C38rBIAR,0ZGam000000isHdGAI,2026-03-27T23:32:12.000+0000
0ZRWj0000006NfPOAU,01tWj00000C38rCIAR,0ZGam000000isHdGAI,2026-03-27T23:33:12.000+0000
0ZRWj0000006NP8OAM,01tWj00000C38rDIAR,0ZGam000000isHdGAI,2026-03-27T23:32:53.000+0000
0ZRWj0000006NkzOAE,01tWj00000C38rEIAR,0ZGam000000isHdGAI,2026-03-27T23:33:20.000+0000
0ZRWj0000006NRhOAM,01tWj00000C38rFIAR,0ZGam000000isHdGAI,2026-03-27T23:32:57.000+0000
0ZRWj0000006NJDOA2,01tWj00000C38rGIAR,0ZGam000000isHdGAI,2026-03-27T23:32:46.000+0000
0ZRWj0000006MgbOAE,01tWj00000C38rHIAR,0ZGam000000isHdGAI,2026-03-27T23:32:01.000+0000
0ZRWj0000006Mx0OAE,01tWj00000C38rIIAR,0ZGam000000isHdGAI,2026-03-27T23:32:20.000+0000
0ZRWj0000006NHhOAM,01tWj00000C38rJIAR,0ZGam000000isHdGAI,2026-03-27T23:32:46.000+0000
0ZRWj0000006NrGOAU,01tWj00000C38rKIAR,0ZGam000000isHdGAI,2026-03-27T23:33:27.000+0000
0ZRWj0000006MjFOAU,01tWj00000C38rLIAR,0ZGam000000isHdGAI,2026-03-27T23:32:04.000+0000
0ZRWj0000006MzXOAU,01tWj00000C38rMIAR,0ZGam000000isHdGAI,2026-03-27T23:32:23.000+0000
0ZRWj0000006NfBOAU,01tWj00000C38rNIAR,0ZGam000000isHdGAI,2026-03-27T23:33:12.000+0000
0ZRWj0000006NdxOAE,01tWj00000C38rOIAR,0ZGam000000isHdGAI,2026-03-27T23:33:12.000+0000
0ZRWj0000006NeIOAU,01tWj00000C38rPIAR,0ZGam000000isHdGAI,2026-03-27T23:33:12.000+0000
0ZRWj0000006MjbOAE,01tWj00000C38rQIAR,0ZGam000000isHdGAI,2026-03-27T23:32:04.000+0000
0ZRWj0000006NQOOA2,01tWj00000C38rRIAR,0ZGam000000isHdGAI,2026-03-27T23:32:57.000+0000
0ZRWj0000006NYROA2,01tWj00000C38rSIAR,0ZGam000000isHdGAI,2026-03-27T23:33:04.000+0000
0ZRWj0000006Md9OAE,01tWj00000C38rTIAR,0ZGam000000isHdGAI,2026-03-27T23:31:57.000+0000
0ZRWj0000006MwvOAE,01tWj00000C38rUIAR,0ZGam000000isHdGAI,2026-03-27T23:32:20.000+0000
0ZRWj0000006NjYOAU,01tWj00000C38rVIAR,0ZGam000000isHdGAI,2026-03-27T23:33:20.000+0000
0ZRWj0000006MqgOAE,01tWj00000C38rWIAR,0ZGam000000isHdGAI,2026-03-27T23:32:15.000+0000
0ZRWj0000006MoWOAU,01tWj00000C38rXIAR,0ZGam000000isHdGAI,2026-03-27T23:32:12.000+0000
0ZRWj0000006N1xOAE,01tWj00000C38rYIAR,0ZGam000000isHdGAI,2026-03-27T23:32:27.000+0000
0ZRWj0000006N4jOAE,01tWj00000C38rZIAR,0ZGam000000isHdGAI,2026-03-27T23:32:31.000+0000
0ZRWj0000006NckOAE,01tWj00000C38raIAB,0ZGam000000isHdGAI,2026-03-27T23:33:08.000+0000
0ZRWj0000006NfmOAE,01tWj00000C38rbIAB,0ZGam000000isHdGAI,2026-03-27T23:33:12.000+0000
0ZRWj0000006N5xOAE,01tWj00000C38rcIAB,0ZGam000000isHdGAI,2026-03-27T23:32:31.000+0000
0ZRWj0000006MdaOAE,01tWj00000C38rdIAB,0ZGam000000isHdGAI,2026-03-27T23:31:57.000+0000
0ZRWj0000006MloOAE,01tWj00000C38reIAB,0ZGam000000isHdGAI,2026-03-27T23:32:08.000+0000
0ZRWj0000006MkzOAE,01tWj00000C38rfIAB,0ZGam000000isHdGAI,2026-03-27T23:32:08.000+0000
0ZRWj0000006N25OAE,01tWj00000C38rgIAB,0ZGam000000isHdGAI,2026-03-27T23:32:27.000+0000
0ZRWj0000006NZ3OAM,01tWj00000C38rhIAB,0ZGam000000isHdGAI,2026-03-27T23:33:04.000+0000
0ZRWj0000006NCpOAM,01tWj00000C38riIAB,0ZGam000000isHdGAI,2026-03-27T23:32:38.000+0000
0ZRWj0000006NdZOAU,01tWj00000C38rjIAB,0ZGam000000isHdGAI,2026-03-27T23:33:12.000+0000
0ZRWj0000006Mj0OAE,01tWj00000C38rkIAB,0ZGam000000isHdGAI,2026-03-27T23:32:04.000+0000
0ZRWj0000006KrROAU,01tWj00000C38rlIAB,0ZGam000000isBBGAY,2026-03-27T20:44:27.000+0000
0ZRWj0000006KoDOAU,01tWj00000C38rlIAB,0ZGam000000itATGAY,2026-03-27T20:44:12.000+0000
0ZRWj0000006KoEOAU,01tWj00000C38rmIAB,0ZGam000000itATGAY,2026-03-27T20:44:12.000+0000
0ZRWj0000006KrSOAU,01tWj00000C38rmIAB,0ZGam000000isBBGAY,2026-03-27T20:44:27.000+0000
0ZRWj0000006KxtOAE,01tWj00000C38rnIAB,0ZGam000000itATGAY,2026-03-27T21:04:37.000+0000
0ZRWj0000006KufOAE,01tWj00000C38rnIAB,0ZGam000000isBBGAY,2026-03-27T21:04:22.000+0000
0ZRWj0000006KugOAE,01tWj00000C38roIAB,0ZGam000000isBBGAY,2026-03-27T21:04:22.000+0000
0ZRWj0000006KxuOAE,01tWj00000C38roIAB,0ZGam000000itATGAY,2026-03-27T21:04:37.000+0000
0ZRWj0000006L0sOAE,01tWj00000C38rpIAB,0ZGam000000isBBGAY,2026-03-27T21:05:29.000+0000
0ZRWj0000006L46OAE,01tWj00000C38rpIAB,0ZGam000000itATGAY,2026-03-27T21:05:44.000+0000
0ZRWj0000006LAnOAM,01tWj00000C38rqIAB,0ZGam000000isBBGAY,2026-03-27T21:06:35.000+0000
0ZRWj0000006L7ZOAU,01tWj00000C38rqIAB,0ZGam000000itATGAY,2026-03-27T21:06:18.000+0000
0ZRWj0000006L7aOAE,01tWj00000C38rrIAB,0ZGam000000itATGAY,2026-03-27T21:06:18.000+0000
0ZRWj0000006LAoOAM,01tWj00000C38rrIAB,0ZGam000000isBBGAY,2026-03-27T21:06:35.000+0000
0ZRWj0000006N7eOAE,01tWj00000C38rsIAB,0ZGam000000isBBGAY,2026-03-27T23:32:34.000+0000
0ZRWj0000006NL9OAM,01tWj00000C38rtIAB,0ZGam000000isBBGAY,2026-03-27T23:32:50.000+0000
0ZRWj0000006NtoOAE,01tWj00000C38ruIAB,0ZGam000000isBBGAY,2026-03-27T23:33:31.000+0000
0ZRWj0000006NoROAU,01tWj00000C38rvIAB,0ZGam000000isBBGAY,2026-03-27T23:33:23.000+0000
0ZRWj0000006NiqOAE,01tWj00000C38rwIAB,0ZGam000000isBBGAY,2026-03-27T23:33:16.000+0000
0ZRWj0000006MmPOAU,01tWj00000C38rxIAB,0ZGam000000isBBGAY,2026-03-27T23:32:08.000+0000
0ZRWj0000006MhgOAE,01tWj00000C38ryIAB,0ZGam000000isBBGAY,2026-03-27T23:32:04.000+0000
0ZRWj0000006NJIOA2,01tWj00000C38rzIAB,0ZGam000000isBBGAY,2026-03-27T23:32:46.000+0000
0ZRWj0000006NJJOA2,01tWj00000C38s0IAB,0ZGam000000isBBGAY,2026-03-27T23:32:46.000+0000
0ZRWj0000006Mq8OAE,01tWj00000C38s1IAB,0ZGam000000isBBGAY,2026-03-27T23:32:12.000+0000
0ZRWj0000006NqLOAU,01tWj00000C38s2IAB,0ZGam000000isBBGAY,2026-03-27T23:33:27.000+0000
0ZRWj0000006NoAOAU,01tWj00000C38s3IAB,0ZGam000000isBBGAY,2026-03-27T23:33:23.000+0000
0ZRWj0000006NO5OAM,01tWj00000C38s4IAB,0ZGam000000isBBGAY,2026-03-27T23:32:53.000+0000
0ZRWj0000006N1UOAU,01tWj00000C38s5IAB,0ZGam000000isBBGAY,2026-03-27T23:32:27.000+0000
0ZRWj0000006NfzOAE,01tWj00000C38s6IAB,0ZGam000000isBBGAY,2026-03-27T23:33:12.000+0000
0ZRWj0000006NoNOAU,01tWj00000C38s7IAB,0ZGam000000isBBGAY,2026-03-27T23:33:23.000+0000
0ZRWj0000006NL3OAM,01tWj00000C38s8IAB,0ZGam000000isBBGAY,2026-03-27T23:32:50.000+0000
0ZRWj0000006MxhOAE,01tWj00000C38s9IAB,0ZGam000000isBBGAY,2026-03-27T23:32:23.000+0000
0ZRWj0000006NicOAE,01tWj00000C38sAIAR,0ZGam000000isBBGAY,2026-03-27T23:33:16.000+0000
0ZRWj0000006NQoOAM,01tWj00000C38sBIAR,0ZGam000000isBBGAY,2026-03-27T23:32:57.000+0000
0ZRWj0000006MyVOAU,01tWj00000C38sCIAR,0ZGam000000isBBGAY,2026-03-27T23:32:23.000+0000
0ZRWj0000006Nf5OAE,01tWj00000C38sDIAR,0ZGam000000isBBGAY,2026-03-27T23:33:12.000+0000
0ZRWj0000006NL5OAM,01tWj00000C38sEIAR,0ZGam000000isBBGAY,2026-03-27T23:32:50.000+0000
0ZRWj0000006MwsOAE,01tWj00000C38sFIAR,0ZGam000000isBBGAY,2026-03-27T23:32:20.000+0000
0ZRWj0000006McTOAU,01tWj00000C38sGIAR,0ZGam000000isBBGAY,2026-03-27T23:31:57.000+0000
0ZRWj0000006N9cOAE,01tWj00000C38sHIAR,0ZGam000000isBBGAY,2026-03-27T23:32:34.000+0000
0ZRWj0000006MnzOAE,01tWj00000C38sIIAR,0ZGam000000isBBGAY,2026-03-27T23:32:12.000+0000
0ZRWj0000006N3AOAU,01tWj00000C38sJIAR,0ZGam000000isBBGAY,2026-03-27T23:32:27.000+0000
0ZRWj0000006MlaOAE,01tWj00000C38sKIAR,0ZGam000000isBBGAY,2026-03-27T23:32:08.000+0000
0ZRWj0000006Np1OAE,01tWj00000C38sLIAR,0ZGam000000isBBGAY,2026-03-27T23:33:23.000+0000
0ZRWj0000006NkwOAE,01tWj00000C38sMIAR,0ZGam000000isBBGAY,2026-03-27T23:33:20.000+0000
0ZRWj0000006KbLOAU,01tWj00000C38sNIAR,0ZGam000000isBBGAY,2026-03-27T20:40:58.000+0000
0ZRWj0000006KeZOAU,01tWj00000C38sNIAR,0ZGam000000itATGAY,2026-03-27T20:41:20.000+0000
0ZRWj0000006KeaOAE,01tWj00000C38sOIAR,0ZGam000000itATGAY,2026-03-27T20:41:20.000+0000
0ZRWj0000006KbMOAU,01tWj00000C38sOIAR,0ZGam000000isBBGAY,2026-03-27T20:40:58.000+0000
0ZRWj0000006KkrOAE,01tWj00000C38sPIAR,0ZGam000000isBBGAY,2026-03-27T20:43:37.000+0000
0ZRWj0000006KhdOAE,01tWj00000C38sPIAR,0ZGam000000itATGAY,2026-03-27T20:43:17.000+0000
0ZRWj0000006KoFOAU,01tWj00000C38sQIAR,0ZGam000000itATGAY,2026-03-27T20:44:12.000+0000
0ZRWj0000006KrTOAU,01tWj00000C38sQIAR,0ZGam000000isBBGAY,2026-03-27T20:44:27.000+0000
0ZRWj0000006KoGOAU,01tWj00000C38sRIAR,0ZGam000000itATGAY,2026-03-27T20:44:12.000+0000
0ZRWj0000006KrUOAU,01tWj00000C38sRIAR,0ZGam000000isBBGAY,2026-03-27T20:44:27.000+0000
0ZRWj0000006KxvOAE,01tWj00000C38sSIAR,0ZGam000000itATGAY,2026-03-27T21:04:37.000+0000
0ZRWj0000006KuhOAE,01tWj00000C38sSIAR,0ZGam000000isBBGAY,2026-03-27T21:04:22.000+0000
0ZRWj0000006KxwOAE,01tWj00000C38sTIAR,0ZGam000000itATGAY,2026-03-27T21:04:37.000+0000
0ZRWj0000006KuiOAE,01tWj00000C38sTIAR,0ZGam000000isBBGAY,2026-03-27T21:04:22.000+0000
0ZRWj0000006L0tOAE,01tWj00000C38sUIAR,0ZGam000000isBBGAY,2026-03-27T21:05:29.000+0000
0ZRWj0000006L47OAE,01tWj00000C38sUIAR,0ZGam000000itATGAY,2026-03-27T21:05:44.000+0000
0ZRWj0000006LApOAM,01tWj00000C38sVIAR,0ZGam000000isBBGAY,2026-03-27T21:06:35.000+0000
0ZRWj0000006L7bOAE,01tWj00000C38sVIAR,0ZGam000000itATGAY,2026-03-27T21:06:18.000+0000
0ZRWj0000006L7cOAE,01tWj00000C38sWIAR,0ZGam000000itATGAY,2026-03-27T21:06:18.000+0000
0ZRWj0000006LAqOAM,01tWj00000C38sWIAR,0ZGam000000isBBGAY,2026-03-27T21:06:35.000+0000
0ZRWj0000006Mr7OAE,01tWj00000C38sXIAR,0ZGam000000isBBGAY,2026-03-27T23:32:15.000+0000
0ZRWj0000006Mc3OAE,01tWj00000C38sYIAR,0ZGam000000isBBGAY,2026-03-27T23:31:57.000+0000
0ZRWj0000006NNPOA2,01tWj00000C38sZIAR,0ZGam000000isBBGAY,2026-03-27T23:32:53.000+0000
0ZRWj0000006NTBOA2,01tWj00000C38saIAB,0ZGam000000isBBGAY,2026-03-27T23:32:57.000+0000
0ZRWj0000006NRgOAM,01tWj00000C38sbIAB,0ZGam000000isBBGAY,2026-03-27T23:32:57.000+0000
0ZRWj0000006NSUOA2,01tWj00000C38scIAB,0ZGam000000isBBGAY,2026-03-27T23:32:57.000+0000
0ZRWj0000006N9qOAE,01tWj00000C38sdIAB,0ZGam000000isBBGAY,2026-03-27T23:32:34.000+0000
0ZRWj0000006NaqOAE,01tWj00000C38seIAB,0ZGam000000isBBGAY,2026-03-27T23:33:08.000+0000
0ZRWj0000006NXZOA2,01tWj00000C38sfIAB,0ZGam000000isBBGAY,2026-03-27T23:33:04.000+0000
0ZRWj0000006MzTOAU,01tWj00000C38sgIAB,0ZGam000000isBBGAY,2026-03-27T23:32:23.000+0000
0ZRWj0000006NCjOAM,01tWj00000C38shIAB,0ZGam000000isBBGAY,2026-03-27T23:32:38.000+0000
0ZRWj0000006NFDOA2,01tWj00000C38siIAB,0ZGam000000isBBGAY,2026-03-27T23:32:42.000+0000
0ZRWj0000006NY1OAM,01tWj00000C38sjIAB,0ZGam000000isBBGAY,2026-03-27T23:33:04.000+0000
0ZRWj0000006NfROAU,01tWj00000C38skIAB,0ZGam000000isBBGAY,2026-03-27T23:33:12.000+0000
0ZRWj0000006NivOAE,01tWj00000C38slIAB,0ZGam000000isBBGAY,2026-03-27T23:33:16.000+0000
0ZRWj0000006NSTOA2,01tWj00000C38smIAB,0ZGam000000isBBGAY,2026-03-27T23:32:57.000+0000
0ZRWj0000006NaVOAU,01tWj00000C38snIAB,0ZGam000000isBBGAY,2026-03-27T23:33:08.000+0000
0ZRWj0000006NqjOAE,01tWj00000C38soIAB,0ZGam000000isBBGAY,2026-03-27T23:33:27.000+0000
0ZRWj0000006NDeOAM,01tWj00000C38spIAB,0ZGam000000isBBGAY,2026-03-27T23:32:42.000+0000
0ZRWj0000006MgwOAE,01tWj00000C38sqIAB,0ZGam000000isBBGAY,2026-03-27T23:32:01.000+0000
0ZRWj0000006NPdOAM,01tWj00000C38srIAB,0ZGam000000isBBGAY,2026-03-27T23:32:53.000+0000
0ZRWj0000006N4tOAE,01tWj00000C38ssIAB,0ZGam000000isBBGAY,2026-03-27T23:32:31.000+0000
0ZRWj0000006N0jOAE,01tWj00000C38stIAB,0ZGam000000isBBGAY,2026-03-27T23:32:27.000+0000
0ZRWj0000006NVXOA2,01tWj00000C38suIAB,0ZGam000000isBBGAY,2026-03-27T23:33:01.000+0000
0ZRWj0000006NJvOAM,01tWj00000C38svIAB,0ZGam000000isBBGAY,2026-03-27T23:32:50.000+0000
0ZRWj0000006NRMOA2,01tWj00000C38swIAB,0ZGam000000isBBGAY,2026-03-27T23:32:57.000+0000
0ZRWj0000006MwiOAE,01tWj00000C38sxIAB,0ZGam000000isBBGAY,2026-03-27T23:32:20.000+0000
0ZRWj0000006N0ROAU,01tWj00000C38syIAB,0ZGam000000isBBGAY,2026-03-27T23:32:27.000+0000
0ZRWj0000006MiMOAU,01tWj00000C38szIAB,0ZGam000000isBBGAY,2026-03-27T23:32:04.000+0000
0ZRWj0000006N65OAE,01tWj00000C38t0IAB,0ZGam000000isBBGAY,2026-03-27T23:32:31.000+0000
0ZRWj0000006N6xOAE,01tWj00000C38t1IAB,0ZGam000000isBBGAY,2026-03-27T23:32:34.000+0000
0ZRWj0000006KbNOAU,01tWj00000C38t2IAB,0ZGam000000isBBGAY,2026-03-27T20:40:58.000+0000
0ZRWj0000006KebOAE,01tWj00000C38t2IAB,0ZGam000000itATGAY,2026-03-27T20:41:20.000+0000
0ZRWj0000006KecOAE,01tWj00000C38t3IAB,0ZGam000000itATGAY,2026-03-27T20:41:20.000+0000
0ZRWj0000006KbOOAU,01tWj00000C38t3IAB,0ZGam000000isBBGAY,2026-03-27T20:40:58.000+0000
0ZRWj0000006KksOAE,01tWj00000C38t4IAB,0ZGam000000isBBGAY,2026-03-27T20:43:37.000+0000
0ZRWj0000006KheOAE,01tWj00000C38t4IAB,0ZGam000000itATGAY,2026-03-27T20:43:17.000+0000
0ZRWj0000006KrVOAU,01tWj00000C38t5IAB,0ZGam000000isBBGAY,2026-03-27T20:44:27.000+0000
0ZRWj0000006KoHOAU,01tWj00000C38t5IAB,0ZGam000000itATGAY,2026-03-27T20:44:12.000+0000
0ZRWj0000006KrWOAU,01tWj00000C38t6IAB,0ZGam000000isBBGAY,2026-03-27T20:44:27.000+0000
0ZRWj0000006KoIOAU,01tWj00000C38t6IAB,0ZGam000000itATGAY,2026-03-27T20:44:12.000+0000
0ZRWj0000006KxxOAE,01tWj00000C38t7IAB,0ZGam000000itATGAY,2026-03-27T21:04:37.000+0000
0ZRWj0000006KujOAE,01tWj00000C38t7IAB,0ZGam000000isBBGAY,2026-03-27T21:04:22.000+0000
0ZRWj0000006KukOAE,01tWj00000C38t8IAB,0ZGam000000isBBGAY,2026-03-27T21:04:22.000+0000
0ZRWj0000006KxyOAE,01tWj00000C38t8IAB,0ZGam000000itATGAY,2026-03-27T21:04:37.000+0000
0ZRWj0000006L0uOAE,01tWj00000C38t9IAB,0ZGam000000isBBGAY,2026-03-27T21:05:29.000+0000
0ZRWj0000006L48OAE,01tWj00000C38t9IAB,0ZGam000000itATGAY,2026-03-27T21:05:44.000+0000
0ZRWj0000006L7dOAE,01tWj00000C38tAIAR,0ZGam000000itATGAY,2026-03-27T21:06:18.000+0000
0ZRWj0000006LArOAM,01tWj00000C38tAIAR,0ZGam000000isBBGAY,2026-03-27T21:06:35.000+0000
0ZRWj0000006L7eOAE,01tWj00000C38tBIAR,0ZGam000000itATGAY,2026-03-27T21:06:18.000+0000
0ZRWj0000006LAsOAM,01tWj00000C38tBIAR,0ZGam000000isBBGAY,2026-03-27T21:06:35.000+0000
0ZRWj0000006NeWOAU,01tWj00000C38tCIAR,0ZGam000000isBBGAY,2026-03-27T23:33:12.000+0000
0ZRWj0000006MiUOAU,01tWj00000C38tDIAR,0ZGam000000isBBGAY,2026-03-27T23:32:04.000+0000
0ZRWj0000006NpLOAU,01tWj00000C38tEIAR,0ZGam000000isBBGAY,2026-03-27T23:33:23.000+0000
0ZRWj0000006NfLOAU,01tWj00000C38tFIAR,0ZGam000000isBBGAY,2026-03-27T23:33:12.000+0000
0ZRWj0000006NomOAE,01tWj00000C38tGIAR,0ZGam000000isBBGAY,2026-03-27T23:33:23.000+0000
0ZRWj0000006NhrOAE,01tWj00000C38tHIAR,0ZGam000000isBBGAY,2026-03-27T23:33:16.000+0000
0ZRWj0000006Ne7OAE,01tWj00000C38tIIAR,0ZGam000000isBBGAY,2026-03-27T23:33:12.000+0000
0ZRWj0000006Mi9OAE,01tWj00000C38tJIAR,0ZGam000000isBBGAY,2026-03-27T23:32:04.000+0000
0ZRWj0000006N2HOAU,01tWj00000C38tKIAR,0ZGam000000isBBGAY,2026-03-27T23:32:27.000+0000
0ZRWj0000006NV1OAM,01tWj00000C38tLIAR,0ZGam000000isBBGAY,2026-03-27T23:33:01.000+0000
0ZRWj0000006NvTOAU,01tWj00000C38tMIAR,0ZGam000000isBBGAY,2026-03-27T23:33:31.000+0000
0ZRWj0000006NAhOAM,01tWj00000C38tNIAR,0ZGam000000isBBGAY,2026-03-27T23:32:38.000+0000
0ZRWj0000006NadOAE,01tWj00000C38tOIAR,0ZGam000000isBBGAY,2026-03-27T23:33:08.000+0000
0ZRWj0000006Mt6OAE,01tWj00000C38tPIAR,0ZGam000000isBBGAY,2026-03-27T23:32:15.000+0000
0ZRWj0000006NgFOAU,01tWj00000C38tQIAR,0ZGam000000isBBGAY,2026-03-27T23:33:12.000+0000
0ZRWj0000006NF5OAM,01tWj00000C38tRIAR,0ZGam000000isBBGAY,2026-03-27T23:32:42.000+0000
0ZRWj0000006MhFOAU,01tWj00000C38tSIAR,0ZGam000000isBBGAY,2026-03-27T23:32:04.000+0000
0ZRWj0000006NIuOAM,01tWj00000C38tTIAR,0ZGam000000isBBGAY,2026-03-27T23:32:46.000+0000
0ZRWj0000006NiyOAE,01tWj00000C38tUIAR,0ZGam000000isBBGAY,2026-03-27T23:33:16.000+0000
0ZRWj0000006Nc9OAE,01tWj00000C38tVIAR,0ZGam000000isBBGAY,2026-03-27T23:33:08.000+0000
0ZRWj0000006McwOAE,01tWj00000C38tWIAR,0ZGam000000isBBGAY,2026-03-27T23:31:57.000+0000
0ZRWj0000006Nn6OAE,01tWj00000C38tXIAR,0ZGam000000isBBGAY,2026-03-27T23:33:23.000+0000
0ZRWj0000006NYkOAM,01tWj00000C38tYIAR,0ZGam000000isBBGAY,2026-03-27T23:33:04.000+0000
0ZRWj0000006MwpOAE,01tWj00000C38tZIAR,0ZGam000000isBBGAY,2026-03-27T23:32:20.000+0000
0ZRWj0000006NhPOAU,01tWj00000C38taIAB,0ZGam000000isBBGAY,2026-03-27T23:33:16.000+0000
0ZRWj0000006NLyOAM,01tWj00000C38tbIAB,0ZGam000000isBBGAY,2026-03-27T23:32:50.000+0000
0ZRWj0000006MorOAE,01tWj00000C38tcIAB,0ZGam000000isBBGAY,2026-03-27T23:32:12.000+0000
0ZRWj0000006NfOOAU,01tWj00000C38tdIAB,0ZGam000000isBBGAY,2026-03-27T23:33:12.000+0000
0ZRWj0000006MmjOAE,01tWj00000C38teIAB,0ZGam000000isBBGAY,2026-03-27T23:32:08.000+0000
0ZRWj0000006NWGOA2,01tWj00000C38tfIAB,0ZGam000000isBBGAY,2026-03-27T23:33:01.000+0000
0ZRWj0000006NFmOAM,01tWj00000C38tgIAB,0ZGam000000isBBGAY,2026-03-27T23:32:42.000+0000
0ZRWj0000006KedOAE,01tWj00000C38thIAB,0ZGam000000itATGAY,2026-03-27T20:41:20.000+0000
0ZRWj0000006KbPOAU,01tWj00000C38thIAB,0ZGam000000isBBGAY,2026-03-27T20:40:58.000+0000
0ZRWj0000006KbQOAU,01tWj00000C38tiIAB,0ZGam000000isBBGAY,2026-03-27T20:40:58.000+0000
0ZRWj0000006KeeOAE,01tWj00000C38tiIAB,0ZGam000000itATGAY,2026-03-27T20:41:20.000+0000
0ZRWj0000006KktOAE,01tWj00000C38tjIAB,0ZGam000000isBBGAY,2026-03-27T20:43:37.000+0000
0ZRWj0000006KhfOAE,01tWj00000C38tjIAB,0ZGam000000itATGAY,2026-03-27T20:43:17.000+0000
0ZRWj0000006KkuOAE,01tWj00000C38tkIAB,0ZGam000000isBBGAY,2026-03-27T20:43:37.000+0000
0ZRWj0000006KhgOAE,01tWj00000C38tkIAB,0ZGam000000itATGAY,2026-03-27T20:43:17.000+0000
0ZRWj0000006KoJOAU,01tWj00000C38tlIAB,0ZGam000000itATGAY,2026-03-27T20:44:12.000+0000
0ZRWj0000006KrXOAU,01tWj00000C38tlIAB,0ZGam000000isBBGAY,2026-03-27T20:44:27.000+0000
0ZRWj0000006KoKOAU,01tWj00000C38tmIAB,0ZGam000000itATGAY,2026-03-27T20:44:12.000+0000
0ZRWj0000006KrYOAU,01tWj00000C38tmIAB,0ZGam000000isBBGAY,2026-03-27T20:44:27.000+0000
0ZRWj0000006KxzOAE,01tWj00000C38tnIAB,0ZGam000000itATGAY,2026-03-27T21:04:37.000+0000
0ZRWj0000006KulOAE,01tWj00000C38tnIAB,0ZGam000000isBBGAY,2026-03-27T21:04:22.000+0000
0ZRWj0000006Ky0OAE,01tWj00000C38toIAB,0ZGam000000itATGAY,2026-03-27T21:04:37.000+0000
0ZRWj0000006KumOAE,01tWj00000C38toIAB,0ZGam000000isBBGAY,2026-03-27T21:04:22.000+0000
0ZRWj0000006L49OAE,01tWj00000C38tpIAB,0ZGam000000itATGAY,2026-03-27T21:05:44.000+0000
0ZRWj0000006L0vOAE,01tWj00000C38tpIAB,0ZGam000000isBBGAY,2026-03-27T21:05:29.000+0000
0ZRWj0000006LAtOAM,01tWj00000C38tqIAB,0ZGam000000isBBGAY,2026-03-27T21:06:35.000+0000
0ZRWj0000006L7fOAE,01tWj00000C38tqIAB,0ZGam000000itATGAY,2026-03-27T21:06:18.000+0000
0ZRWj0000006LAuOAM,01tWj00000C38trIAB,0ZGam000000isBBGAY,2026-03-27T21:06:35.000+0000
0ZRWj0000006L7gOAE,01tWj00000C38trIAB,0ZGam000000itATGAY,2026-03-27T21:06:18.000+0000
0ZRWj0000006MksOAE,01tWj00000C38tsIAB,0ZGam000000isBBGAY,2026-03-27T23:32:08.000+0000
0ZRWj0000006NWfOAM,01tWj00000C38ttIAB,0ZGam000000isBBGAY,2026-03-27T23:33:04.000+0000
0ZRWj0000006NKWOA2,01tWj00000C38tuIAB,0ZGam000000isBBGAY,2026-03-27T23:32:50.000+0000
0ZRWj0000006MkPOAU,01tWj00000C38tvIAB,0ZGam000000isBBGAY,2026-03-27T23:32:08.000+0000
0ZRWj0000006NsfOAE,01tWj00000C38twIAB,0ZGam000000isBBGAY,2026-03-27T23:33:27.000+0000
0ZRWj0000006N5SOAU,01tWj00000C38txIAB,0ZGam000000isBBGAY,2026-03-27T23:32:31.000+0000
0ZRWj0000006NJjOAM,01tWj00000C38tyIAB,0ZGam000000isBBGAY,2026-03-27T23:32:50.000+0000
0ZRWj0000006MppOAE,01tWj00000C38tzIAB,0ZGam000000isBBGAY,2026-03-27T23:32:12.000+0000
0ZRWj0000006MhCOAU,01tWj00000C38u0IAB,0ZGam000000isBBGAY,2026-03-27T23:32:04.000+0000
0ZRWj0000006Ni1OAE,01tWj00000C38u1IAB,0ZGam000000isBBGAY,2026-03-27T23:33:16.000+0000
0ZRWj0000006N3jOAE,01tWj00000C38u2IAB,0ZGam000000isBBGAY,2026-03-27T23:32:31.000+0000
0ZRWj0000006MlJOAU,01tWj00000C38u3IAB,0ZGam000000isBBGAY,2026-03-27T23:32:08.000+0000
0ZRWj0000006MgkOAE,01tWj00000C38u4IAB,0ZGam000000isBBGAY,2026-03-27T23:32:01.000+0000
0ZRWj0000006NibOAE,01tWj00000C38u5IAB,0ZGam000000isBBGAY,2026-03-27T23:33:16.000+0000
0ZRWj0000006MwOOAU,01tWj00000C38u6IAB,0ZGam000000isBBGAY,2026-03-27T23:32:20.000+0000
0ZRWj0000006NndOAE,01tWj00000C38u7IAB,0ZGam000000isBBGAY,2026-03-27T23:33:23.000+0000
0ZRWj0000006NunOAE,01tWj00000C38u8IAB,0ZGam000000isBBGAY,2026-03-27T23:33:31.000+0000
0ZRWj0000006MdFOAU,01tWj00000C38u9IAB,0ZGam000000isBBGAY,2026-03-27T23:31:57.000+0000
0ZRWj0000006Mg6OAE,01tWj00000C38uAIAR,0ZGam000000isBBGAY,2026-03-27T23:32:01.000+0000
0ZRWj0000006NUIOA2,01tWj00000C38uBIAR,0ZGam000000isBBGAY,2026-03-27T23:33:01.000+0000
0ZRWj0000006NjzOAE,01tWj00000C38uCIAR,0ZGam000000isBBGAY,2026-03-27T23:33:20.000+0000
0ZRWj0000006NacOAE,01tWj00000C38uDIAR,0ZGam000000isBBGAY,2026-03-27T23:33:08.000+0000
0ZRWj0000006MixOAE,01tWj00000C38uEIAR,0ZGam000000isBBGAY,2026-03-27T23:32:04.000+0000
0ZRWj0000006NVbOAM,01tWj00000C38uFIAR,0ZGam000000isBBGAY,2026-03-27T23:33:01.000+0000
0ZRWj0000006NYrOAM,01tWj00000C38uGIAR,0ZGam000000isBBGAY,2026-03-27T23:33:04.000+0000
0ZRWj0000006NCqOAM,01tWj00000C38uHIAR,0ZGam000000isBBGAY,2026-03-27T23:32:38.000+0000
0ZRWj0000006N9tOAE,01tWj00000C38uIIAR,0ZGam000000isBBGAY,2026-03-27T23:32:34.000+0000
0ZRWj0000006N4ROAU,01tWj00000C38uJIAR,0ZGam000000isBBGAY,2026-03-27T23:32:31.000+0000
0ZRWj0000006NZbOAM,01tWj00000C38uKIAR,0ZGam000000isBBGAY,2026-03-27T23:33:04.000+0000
0ZRWj0000006N0FOAU,01tWj00000C38uLIAR,0ZGam000000isBBGAY,2026-03-27T23:32:23.000+0000
0ZRWj0000006MakOAE,01tWj00000C38uMIAR,0ZGam000000isBBGAY,2026-03-27T23:31:57.000+0000
0ZRWj0000006NRwOAM,01tWj00000C38uNIAR,0ZGam000000isBBGAY,2026-03-27T23:32:57.000+0000
0ZRWj0000006K92OAE,01tWj00000C38uOIAR,0ZGam000000isCnGAI,2026-03-27T20:30:25.000+0000
0ZRWj0000006K93OAE,01tWj00000C38uPIAR,0ZGam000000isCnGAI,2026-03-27T20:30:25.000+0000
0ZRWj0000006KArOAM,01tWj00000C38uQIAR,0ZGam000000isCnGAI,2026-03-27T20:31:01.000+0000
0ZRWj0000006KCNOA2,01tWj00000C38uRIAR,0ZGam000000isCnGAI,2026-03-27T20:31:31.000+0000
0ZRWj0000006KCOOA2,01tWj00000C38uSIAR,0ZGam000000isCnGAI,2026-03-27T20:31:31.000+0000
0ZRWj0000006KDzOAM,01tWj00000C38uTIAR,0ZGam000000isCnGAI,2026-03-27T20:32:06.000+0000
0ZRWj0000006KE0OAM,01tWj00000C38uUIAR,0ZGam000000isCnGAI,2026-03-27T20:32:06.000+0000
0ZRWj0000006KFbOAM,01tWj00000C38uVIAR,0ZGam000000isCnGAI,2026-03-27T20:32:31.000+0000
0ZRWj0000006KHKOA2,01tWj00000C38uWIAR,0ZGam000000isCnGAI,2026-03-27T20:33:12.000+0000
0ZRWj0000006KHLOA2,01tWj00000C38uXIAR,0ZGam000000isCnGAI,2026-03-27T20:33:12.000+0000
0ZRWj0000006KHMOA2,01tWj00000C38uYIAR,0ZGam000000isCnGAI,2026-03-27T20:33:12.000+0000
0ZRWj0000006KIwOAM,01tWj00000C38uZIAR,0ZGam000000isCnGAI,2026-03-27T20:33:49.000+0000
0ZRWj0000006KIxOAM,01tWj00000C38uaIAB,0ZGam000000isCnGAI,2026-03-27T20:33:49.000+0000
0ZRWj0000006KIyOAM,01tWj00000C38ubIAB,0ZGam000000isCnGAI,2026-03-27T20:33:49.000+0000
0ZRWj0000006KKUOA2,01tWj00000C38ucIAB,0ZGam000000isCnGAI,2026-03-27T20:34:33.000+0000
0ZRWj0000006KMAOA2,01tWj00000C38udIAB,0ZGam000000isCnGAI,2026-03-27T20:35:28.000+0000
0ZRWj0000006KMBOA2,01tWj00000C38ueIAB,0ZGam000000isCnGAI,2026-03-27T20:35:28.000+0000
0ZRWj0000006KMCOA2,01tWj00000C38ufIAB,0ZGam000000isCnGAI,2026-03-27T20:35:28.000+0000
0ZRWj0000006KNtOAM,01tWj00000C38ugIAB,0ZGam000000isCnGAI,2026-03-27T20:36:16.000+0000
0ZRWj0000006KNuOAM,01tWj00000C38uhIAB,0ZGam000000isCnGAI,2026-03-27T20:36:16.000+0000
0ZRWj0000006KNvOAM,01tWj00000C38uiIAB,0ZGam000000isCnGAI,2026-03-27T20:36:16.000+0000
0ZRWj0000006KNwOAM,01tWj00000C38ujIAB,0ZGam000000isCnGAI,2026-03-27T20:36:16.000+0000
0ZRWj0000006KRFOA2,01tWj00000C38ukIAB,0ZGam000000isCnGAI,2026-03-27T20:37:06.000+0000
0ZRWj0000006KRGOA2,01tWj00000C38ulIAB,0ZGam000000isCnGAI,2026-03-27T20:37:06.000+0000
0ZRWj0000006KRHOA2,01tWj00000C38umIAB,0ZGam000000isCnGAI,2026-03-27T20:37:06.000+0000
0ZRWj0000006KRIOA2,01tWj00000C38unIAB,0ZGam000000isCnGAI,2026-03-27T20:37:06.000+0000
0ZRWj0000006KULOA2,01tWj00000C38uoIAB,0ZGam000000isCnGAI,2026-03-27T20:37:59.000+0000
0ZRWj0000006KUMOA2,01tWj00000C38upIAB,0ZGam000000isCnGAI,2026-03-27T20:37:59.000+0000
0ZRWj0000006KUNOA2,01tWj00000C38uqIAB,0ZGam000000isCnGAI,2026-03-27T20:37:59.000+0000
0ZRWj0000006KXSOA2,01tWj00000C38urIAB,0ZGam000000isCnGAI,2026-03-27T20:38:39.000+0000
0ZRWj0000006KXTOA2,01tWj00000C38usIAB,0ZGam000000isCnGAI,2026-03-27T20:38:39.000+0000
0ZRWj0000006KYxOAM,01tWj00000C38utIAB,0ZGam000000isCnGAI,2026-03-27T20:39:10.000+0000
0ZRWj0000006KYyOAM,01tWj00000C38uuIAB,0ZGam000000isCnGAI,2026-03-27T20:39:10.000+0000
0ZRWj0000006N2nOAE,01tWj00000C38uvIAB,0ZGam000000isCnGAI,2026-03-27T23:32:27.000+0000
0ZRWj0000006MrMOAU,01tWj00000C38uwIAB,0ZGam000000isCnGAI,2026-03-27T23:32:15.000+0000
0ZRWj0000006Mf3OAE,01tWj00000C38uxIAB,0ZGam000000isCnGAI,2026-03-27T23:32:01.000+0000
0ZRWj0000006N4bOAE,01tWj00000C38uyIAB,0ZGam000000isCnGAI,2026-03-27T23:32:31.000+0000
0ZRWj0000006MqYOAU,01tWj00000C391RIAR,0ZGam000000isBBGAY,2026-03-27T23:32:12.000+0000
0ZRWj0000006NM9OAM,01tWj00000C391SIAR,0ZGam000000isBBGAY,2026-03-27T23:32:50.000+0000
0ZRWj0000006NqDOAU,01tWj00000C391TIAR,0ZGam000000isBBGAY,2026-03-27T23:33:27.000+0000
0ZRWj0000006MjLOAU,01tWj00000C391UIAR,0ZGam000000isBBGAY,2026-03-27T23:32:04.000+0000
0ZRWj0000006NwROAU,01tWj00000C391VIAR,0ZGam000000isBBGAY,2026-03-27T23:33:32.000+0000
0ZRWj0000006Nr5OAE,01tWj00000C391WIAR,0ZGam000000isBBGAY,2026-03-27T23:33:27.000+0000
0ZRWj0000006N7NOAU,01tWj00000C391XIAR,0ZGam000000isBBGAY,2026-03-27T23:32:34.000+0000
0ZRWj0000006NOaOAM,01tWj00000C391YIAR,0ZGam000000isBBGAY,2026-03-27T23:32:53.000+0000
0ZRWj0000006NRUOA2,01tWj00000C391ZIAR,0ZGam000000isBBGAY,2026-03-27T23:32:57.000+0000
0ZRWj0000006K7TOAU,01tWj00000C391aIAB,0ZGam000000isCnGAI,2026-03-27T20:29:48.000+0000
0ZRWj0000006K9OOAU,01tWj00000C391bIAB,0ZGam000000isCnGAI,2026-03-27T20:30:25.000+0000
0ZRWj0000006KB7OAM,01tWj00000C391cIAB,0ZGam000000isCnGAI,2026-03-27T20:31:01.000+0000
0ZRWj0000006KB8OAM,01tWj00000C391dIAB,0ZGam000000isCnGAI,2026-03-27T20:31:01.000+0000
0ZRWj0000006KCtOAM,01tWj00000C391eIAB,0ZGam000000isCnGAI,2026-03-27T20:31:31.000+0000
0ZRWj0000006KCuOAM,01tWj00000C391fIAB,0ZGam000000isCnGAI,2026-03-27T20:31:31.000+0000
0ZRWj0000006KEbOAM,01tWj00000C391gIAB,0ZGam000000isCnGAI,2026-03-27T20:32:06.000+0000
0ZRWj0000006KEcOAM,01tWj00000C391hIAB,0ZGam000000isCnGAI,2026-03-27T20:32:06.000+0000
0ZRWj0000006KFrOAM,01tWj00000C391iIAB,0ZGam000000isCnGAI,2026-03-27T20:32:31.000+0000
0ZRWj0000006KFsOAM,01tWj00000C391jIAB,0ZGam000000isCnGAI,2026-03-27T20:32:31.000+0000
0ZRWj0000006KI9OAM,01tWj00000C391kIAB,0ZGam000000isCnGAI,2026-03-27T20:33:12.000+0000
0ZRWj0000006KIAOA2,01tWj00000C391lIAB,0ZGam000000isCnGAI,2026-03-27T20:33:12.000+0000
0ZRWj0000006KIBOA2,01tWj00000C391mIAB,0ZGam000000isCnGAI,2026-03-27T20:33:12.000+0000
0ZRWj0000006KJZOA2,01tWj00000C391nIAB,0ZGam000000isCnGAI,2026-03-27T20:33:49.000+0000
0ZRWj0000006KJaOAM,01tWj00000C391oIAB,0ZGam000000isCnGAI,2026-03-27T20:33:49.000+0000
0ZRWj0000006KJbOAM,01tWj00000C391pIAB,0ZGam000000isCnGAI,2026-03-27T20:33:49.000+0000
0ZRWj0000006KKkOAM,01tWj00000C391qIAB,0ZGam000000isCnGAI,2026-03-27T20:34:33.000+0000
0ZRWj0000006KKlOAM,01tWj00000C391rIAB,0ZGam000000isCnGAI,2026-03-27T20:34:33.000+0000
0ZRWj0000006KMnOAM,01tWj00000C391sIAB,0ZGam000000isCnGAI,2026-03-27T20:35:28.000+0000
0ZRWj0000006KMoOAM,01tWj00000C391tIAB,0ZGam000000isCnGAI,2026-03-27T20:35:28.000+0000
0ZRWj0000006KMpOAM,01tWj00000C391uIAB,0ZGam000000isCnGAI,2026-03-27T20:35:28.000+0000
0ZRWj0000006KOjOAM,01tWj00000C391vIAB,0ZGam000000isCnGAI,2026-03-27T20:36:16.000+0000
0ZRWj0000006KOkOAM,01tWj00000C391wIAB,0ZGam000000isCnGAI,2026-03-27T20:36:16.000+0000
0ZRWj0000006KOlOAM,01tWj00000C391xIAB,0ZGam000000isCnGAI,2026-03-27T20:36:16.000+0000
0ZRWj0000006KOmOAM,01tWj00000C391yIAB,0ZGam000000isCnGAI,2026-03-27T20:36:16.000+0000
0ZRWj0000006KS5OAM,01tWj00000C391zIAB,0ZGam000000isCnGAI,2026-03-27T20:37:06.000+0000
0ZRWj0000006KS6OAM,01tWj00000C3920IAB,0ZGam000000isCnGAI,2026-03-27T20:37:06.000+0000
0ZRWj0000006KS7OAM,01tWj00000C3921IAB,0ZGam000000isCnGAI,2026-03-27T20:37:06.000+0000
0ZRWj0000006KS8OAM,01tWj00000C3922IAB,0ZGam000000isCnGAI,2026-03-27T20:37:06.000+0000
0ZRWj0000006KV1OAM,01tWj00000C3923IAB,0ZGam000000isCnGAI,2026-03-27T20:37:59.000+0000
0ZRWj0000006KV2OAM,01tWj00000C3924IAB,0ZGam000000isCnGAI,2026-03-27T20:37:59.000+0000
0ZRWj0000006KV3OAM,01tWj00000C3925IAB,0ZGam000000isCnGAI,2026-03-27T20:37:59.000+0000
0ZRWj0000006KV4OAM,01tWj00000C3926IAB,0ZGam000000isCnGAI,2026-03-27T20:37:59.000+0000
0ZRWj0000006KY1OAM,01tWj00000C3927IAB,0ZGam000000isCnGAI,2026-03-27T20:38:39.000+0000
0ZRWj0000006KY2OAM,01tWj00000C3928IAB,0ZGam000000isCnGAI,2026-03-27T20:38:39.000+0000
0ZRWj0000006KY3OAM,01tWj00000C3929IAB,0ZGam000000isCnGAI,2026-03-27T20:38:39.000+0000
0ZRWj0000006KZNOA2,01tWj00000C392AIAR,0ZGam000000isCnGAI,2026-03-27T20:39:10.000+0000
0ZRWj0000006KZOOA2,01tWj00000C392BIAR,0ZGam000000isCnGAI,2026-03-27T20:39:10.000+0000
0ZRWj0000006MnlOAE,01tWj00000C392CIAR,0ZGam000000isCnGAI,2026-03-27T23:32:12.000+0000
0ZRWj0000006Mb2OAE,01tWj00000C392DIAR,0ZGam000000isCnGAI,2026-03-27T23:31:57.000+0000
0ZRWj0000006NBbOAM,01tWj00000C392EIAR,0ZGam000000isCnGAI,2026-03-27T23:32:38.000+0000
0ZRWj0000006MeeOAE,01tWj00000C392FIAR,0ZGam000000isCnGAI,2026-03-27T23:32:01.000+0000
0ZRWj0000006NZpOAM,01tWj00000C392GIAR,0ZGam000000isCnGAI,2026-03-27T23:33:08.000+0000
0ZRWj0000006NNEOA2,01tWj00000C392HIAR,0ZGam000000isCnGAI,2026-03-27T23:32:53.000+0000
0ZRWj0000006NMnOAM,01tWj00000C392IIAR,0ZGam000000isCnGAI,2026-03-27T23:32:50.000+0000
0ZRWj0000006NJWOA2,01tWj00000C392JIAR,0ZGam000000isCnGAI,2026-03-27T23:32:46.000+0000
0ZRWj0000006NZ0OAM,01tWj00000C392KIAR,0ZGam000000isCnGAI,2026-03-27T23:33:04.000+0000
0ZRWj0000006N2xOAE,01tWj00000C392LIAR,0ZGam000000isCnGAI,2026-03-27T23:32:27.000+0000
0ZRWj0000006KfwOAE,01tWj00000C392MIAR,0ZGam000000itATGAY,2026-03-27T20:41:20.000+0000
0ZRWj0000006KciOAE,01tWj00000C392MIAR,0ZGam000000isBBGAY,2026-03-27T20:40:58.000+0000
0ZRWj0000006KcjOAE,01tWj00000C392NIAR,0ZGam000000isBBGAY,2026-03-27T20:40:58.000+0000
0ZRWj0000006KfxOAE,01tWj00000C392NIAR,0ZGam000000itATGAY,2026-03-27T20:41:20.000+0000
0ZRWj0000006KlnOAE,01tWj00000C392OIAR,0ZGam000000isBBGAY,2026-03-27T20:43:37.000+0000
0ZRWj0000006KiZOAU,01tWj00000C392OIAR,0ZGam000000itATGAY,2026-03-27T20:43:17.000+0000
0ZRWj0000006KloOAE,01tWj00000C392PIAR,0ZGam000000isBBGAY,2026-03-27T20:43:37.000+0000
0ZRWj0000006KiaOAE,01tWj00000C392PIAR,0ZGam000000itATGAY,2026-03-27T20:43:17.000+0000
0ZRWj0000006KpJOAU,01tWj00000C392QIAR,0ZGam000000itATGAY,2026-03-27T20:44:12.000+0000
0ZRWj0000006KsXOAU,01tWj00000C392QIAR,0ZGam000000isBBGAY,2026-03-27T20:44:27.000+0000
0ZRWj0000006KpKOAU,01tWj00000C392RIAR,0ZGam000000itATGAY,2026-03-27T20:44:12.000+0000
0ZRWj0000006KsYOAU,01tWj00000C392RIAR,0ZGam000000isBBGAY,2026-03-27T20:44:27.000+0000
0ZRWj0000006KvrOAE,01tWj00000C392SIAR,0ZGam000000isBBGAY,2026-03-27T21:04:22.000+0000
0ZRWj0000006Kz5OAE,01tWj00000C392SIAR,0ZGam000000itATGAY,2026-03-27T21:04:37.000+0000
0ZRWj0000006KvsOAE,01tWj00000C392TIAR,0ZGam000000isBBGAY,2026-03-27T21:04:22.000+0000
0ZRWj0000006Kz6OAE,01tWj00000C392TIAR,0ZGam000000itATGAY,2026-03-27T21:04:37.000+0000
0ZRWj0000006L5DOAU,01tWj00000C392UIAR,0ZGam000000itATGAY,2026-03-27T21:05:44.000+0000
0ZRWj0000006L1zOAE,01tWj00000C392UIAR,0ZGam000000isBBGAY,2026-03-27T21:05:29.000+0000
0ZRWj0000006L5EOAU,01tWj00000C392VIAR,0ZGam000000itATGAY,2026-03-27T21:05:44.000+0000
0ZRWj0000006L20OAE,01tWj00000C392VIAR,0ZGam000000isBBGAY,2026-03-27T21:05:29.000+0000
0ZRWj0000006L8lOAE,01tWj00000C392WIAR,0ZGam000000itATGAY,2026-03-27T21:06:18.000+0000
0ZRWj0000006LBzOAM,01tWj00000C392WIAR,0ZGam000000isBBGAY,2026-03-27T21:06:35.000+0000
0ZRWj0000006LC0OAM,01tWj00000C392XIAR,0ZGam000000isBBGAY,2026-03-27T21:06:35.000+0000
0ZRWj0000006L8mOAE,01tWj00000C392XIAR,0ZGam000000itATGAY,2026-03-27T21:06:18.000+0000
0ZRWj0000006N7sOAE,01tWj00000C392YIAR,0ZGam000000isBBGAY,2026-03-27T23:32:34.000+0000
0ZRWj0000006Nk1OAE,01tWj00000C392ZIAR,0ZGam000000isBBGAY,2026-03-27T23:33:20.000+0000
0ZRWj0000006NWHOA2,01tWj00000C392aIAB,0ZGam000000isBBGAY,2026-03-27T23:33:01.000+0000
0ZRWj0000006NCBOA2,01tWj00000C392bIAB,0ZGam000000isBBGAY,2026-03-27T23:32:38.000+0000
0ZRWj0000006NU4OAM,01tWj00000C392cIAB,0ZGam000000isBBGAY,2026-03-27T23:33:01.000+0000
0ZRWj0000006Md0OAE,01tWj00000C392dIAB,0ZGam000000isBBGAY,2026-03-27T23:31:57.000+0000
0ZRWj0000006Ns3OAE,01tWj00000C392eIAB,0ZGam000000isBBGAY,2026-03-27T23:33:27.000+0000
0ZRWj0000006NIXOA2,01tWj00000C392fIAB,0ZGam000000isBBGAY,2026-03-27T23:32:46.000+0000
0ZRWj0000006NeKOAU,01tWj00000C392gIAB,0ZGam000000isBBGAY,2026-03-27T23:33:12.000+0000
0ZRWj0000006NNWOA2,01tWj00000C392hIAB,0ZGam000000isBBGAY,2026-03-27T23:32:53.000+0000
0ZRWj0000006NT1OAM,01tWj00000C392iIAB,0ZGam000000isBBGAY,2026-03-27T23:32:57.000+0000
0ZRWj0000006MwcOAE,01tWj00000C392jIAB,0ZGam000000isBBGAY,2026-03-27T23:32:20.000+0000
0ZRWj0000006NQ3OAM,01tWj00000C392kIAB,0ZGam000000isBBGAY,2026-03-27T23:32:53.000+0000
0ZRWj0000006MwZOAU,01tWj00000C392lIAB,0ZGam000000isBBGAY,2026-03-27T23:32:20.000+0000
0ZRWj0000006N1IOAU,01tWj00000C392mIAB,0ZGam000000isBBGAY,2026-03-27T23:32:27.000+0000
0ZRWj0000006NVsOAM,01tWj00000C392nIAB,0ZGam000000isBBGAY,2026-03-27T23:33:01.000+0000
0ZRWj0000006NM4OAM,01tWj00000C392oIAB,0ZGam000000isBBGAY,2026-03-27T23:32:50.000+0000
0ZRWj0000006NlxOAE,01tWj00000C392pIAB,0ZGam000000isBBGAY,2026-03-27T23:33:20.000+0000
0ZRWj0000006NayOAE,01tWj00000C392qIAB,0ZGam000000isBBGAY,2026-03-27T23:33:08.000+0000
0ZRWj0000006NtzOAE,01tWj00000C392rIAB,0ZGam000000isBBGAY,2026-03-27T23:33:31.000+0000
0ZRWj0000006NheOAE,01tWj00000C392sIAB,0ZGam000000isBBGAY,2026-03-27T23:33:16.000+0000
0ZRWj0000006N8VOAU,01tWj00000C392tIAB,0ZGam000000isBBGAY,2026-03-27T23:32:34.000+0000
0ZRWj0000006MbMOAU,01tWj00000C392uIAB,0ZGam000000isBBGAY,2026-03-27T23:31:57.000+0000
0ZRWj0000006NlbOAE,01tWj00000C392vIAB,0ZGam000000isBBGAY,2026-03-27T23:33:20.000+0000
0ZRWj0000006NA5OAM,01tWj00000C392wIAB,0ZGam000000isBBGAY,2026-03-27T23:32:38.000+0000
0ZRWj0000006NSCOA2,01tWj00000C392xIAB,0ZGam000000isBBGAY,2026-03-27T23:32:57.000+0000
0ZRWj0000006NEtOAM,01tWj00000C392yIAB,0ZGam000000isBBGAY,2026-03-27T23:32:42.000+0000
0ZRWj0000006NaOOAU,01tWj00000C392zIAB,0ZGam000000isBBGAY,2026-03-27T23:33:08.000+0000
0ZRWj0000006N9nOAE,01tWj00000C3930IAB,0ZGam000000isBBGAY,2026-03-27T23:32:34.000+0000
0ZRWj0000006NqCOAU,01tWj00000C3931IAB,0ZGam000000isBBGAY,2026-03-27T23:33:27.000+0000
0ZRWj0000006Np4OAE,01tWj00000C3932IAB,0ZGam000000isBBGAY,2026-03-27T23:33:23.000+0000
0ZRWj0000006NYtOAM,01tWj00000C3933IAB,0ZGam000000isBBGAY,2026-03-27T23:33:04.000+0000
0ZRWj0000006NwgOAE,01tWj00000C3934IAB,0ZGam000000isBBGAY,2026-03-27T23:33:32.000+0000
0ZRWj0000006NDlOAM,01tWj00000C3935IAB,0ZGam000000isBBGAY,2026-03-27T23:32:42.000+0000
0ZRWj0000006MvFOAU,01tWj00000C3936IAB,0ZGam000000isBBGAY,2026-03-27T23:32:20.000+0000
0ZRWj0000006NvmOAE,01tWj00000C3937IAB,0ZGam000000isBBGAY,2026-03-27T23:33:31.000+0000
0ZRWj0000006K7UOAU,01tWj00000C3938IAB,0ZGam000000isCnGAI,2026-03-27T20:29:48.000+0000
0ZRWj0000006K9POAU,01tWj00000C3939IAB,0ZGam000000isCnGAI,2026-03-27T20:30:25.000+0000
0ZRWj0000006KB9OAM,01tWj00000C393AIAR,0ZGam000000isCnGAI,2026-03-27T20:31:01.000+0000
0ZRWj0000006KBAOA2,01tWj00000C393BIAR,0ZGam000000isCnGAI,2026-03-27T20:31:01.000+0000
0ZRWj0000006KCvOAM,01tWj00000C393CIAR,0ZGam000000isCnGAI,2026-03-27T20:31:31.000+0000
0ZRWj0000006KCwOAM,01tWj00000C393DIAR,0ZGam000000isCnGAI,2026-03-27T20:31:31.000+0000
0ZRWj0000006KEdOAM,01tWj00000C393EIAR,0ZGam000000isCnGAI,2026-03-27T20:32:06.000+0000
0ZRWj0000006KEeOAM,01tWj00000C393FIAR,0ZGam000000isCnGAI,2026-03-27T20:32:06.000+0000
0ZRWj0000006KFtOAM,01tWj00000C393GIAR,0ZGam000000isCnGAI,2026-03-27T20:32:31.000+0000
0ZRWj0000006KFuOAM,01tWj00000C393HIAR,0ZGam000000isCnGAI,2026-03-27T20:32:31.000+0000
0ZRWj0000006KICOA2,01tWj00000C393IIAR,0ZGam000000isCnGAI,2026-03-27T20:33:12.000+0000
0ZRWj0000006KIDOA2,01tWj00000C393JIAR,0ZGam000000isCnGAI,2026-03-27T20:33:12.000+0000
0ZRWj0000006KIEOA2,01tWj00000C393KIAR,0ZGam000000isCnGAI,2026-03-27T20:33:12.000+0000
0ZRWj0000006KJcOAM,01tWj00000C393LIAR,0ZGam000000isCnGAI,2026-03-27T20:33:49.000+0000
0ZRWj0000006KJdOAM,01tWj00000C393MIAR,0ZGam000000isCnGAI,2026-03-27T20:33:49.000+0000
0ZRWj0000006KJeOAM,01tWj00000C393NIAR,0ZGam000000isCnGAI,2026-03-27T20:33:49.000+0000
0ZRWj0000006KKmOAM,01tWj00000C393OIAR,0ZGam000000isCnGAI,2026-03-27T20:34:33.000+0000
0ZRWj0000006KKnOAM,01tWj00000C393PIAR,0ZGam000000isCnGAI,2026-03-27T20:34:33.000+0000
0ZRWj0000006KMqOAM,01tWj00000C393QIAR,0ZGam000000isCnGAI,2026-03-27T20:35:28.000+0000
0ZRWj0000006KMrOAM,01tWj00000C393RIAR,0ZGam000000isCnGAI,2026-03-27T20:35:28.000+0000
0ZRWj0000006KMsOAM,01tWj00000C393SIAR,0ZGam000000isCnGAI,2026-03-27T20:35:28.000+0000
0ZRWj0000006KOnOAM,01tWj00000C393TIAR,0ZGam000000isCnGAI,2026-03-27T20:36:16.000+0000
0ZRWj0000006KOoOAM,01tWj00000C393UIAR,0ZGam000000isCnGAI,2026-03-27T20:36:16.000+0000
0ZRWj0000006KOpOAM,01tWj00000C393VIAR,0ZGam000000isCnGAI,2026-03-27T20:36:16.000+0000
0ZRWj0000006KOqOAM,01tWj00000C393WIAR,0ZGam000000isCnGAI,2026-03-27T20:36:16.000+0000
0ZRWj0000006KS9OAM,01tWj00000C393XIAR,0ZGam000000isCnGAI,2026-03-27T20:37:06.000+0000
0ZRWj0000006KSAOA2,01tWj00000C393YIAR,0ZGam000000isCnGAI,2026-03-27T20:37:06.000+0000
0ZRWj0000006KSBOA2,01tWj00000C393ZIAR,0ZGam000000isCnGAI,2026-03-27T20:37:06.000+0000
0ZRWj0000006KSCOA2,01tWj00000C393aIAB,0ZGam000000isCnGAI,2026-03-27T20:37:06.000+0000
0ZRWj0000006KV5OAM,01tWj00000C393bIAB,0ZGam000000isCnGAI,2026-03-27T20:37:59.000+0000
0ZRWj0000006KV6OAM,01tWj00000C393cIAB,0ZGam000000isCnGAI,2026-03-27T20:37:59.000+0000
0ZRWj0000006KV7OAM,01tWj00000C393dIAB,0ZGam000000isCnGAI,2026-03-27T20:37:59.000+0000
0ZRWj0000006KV8OAM,01tWj00000C393eIAB,0ZGam000000isCnGAI,2026-03-27T20:37:59.000+0000
0ZRWj0000006KY4OAM,01tWj00000C393fIAB,0ZGam000000isCnGAI,2026-03-27T20:38:39.000+0000
0ZRWj0000006KY5OAM,01tWj00000C393gIAB,0ZGam000000isCnGAI,2026-03-27T20:38:39.000+0000
0ZRWj0000006KY6OAM,01tWj00000C393hIAB,0ZGam000000isCnGAI,2026-03-27T20:38:39.000+0000
0ZRWj0000006KZPOA2,01tWj00000C393iIAB,0ZGam000000isCnGAI,2026-03-27T20:39:10.000+0000
0ZRWj0000006KZQOA2,01tWj00000C393jIAB,0ZGam000000isCnGAI,2026-03-27T20:39:10.000+0000
0ZRWj0000006NGXOA2,01tWj00000C393kIAB,0ZGam000000isCnGAI,2026-03-27T23:32:46.000+0000
0ZRWj0000006N73OAE,01tWj00000C393lIAB,0ZGam000000isCnGAI,2026-03-27T23:32:34.000+0000
0ZRWj0000006NbGOAU,01tWj00000C393mIAB,0ZGam000000isCnGAI,2026-03-27T23:33:08.000+0000
0ZRWj0000006NgJOAU,01tWj00000C393nIAB,0ZGam000000isCnGAI,2026-03-27T23:33:16.000+0000
0ZRWj0000006NWaOAM,01tWj00000C393oIAB,0ZGam000000isCnGAI,2026-03-27T23:33:01.000+0000
0ZRWj0000006NIyOAM,01tWj00000C393pIAB,0ZGam000000isCnGAI,2026-03-27T23:32:46.000+0000
0ZRWj0000006NuqOAE,01tWj00000C393qIAB,0ZGam000000isCnGAI,2026-03-27T23:33:31.000+0000
0ZRWj0000006NCvOAM,01tWj00000C393rIAB,0ZGam000000isCnGAI,2026-03-27T23:32:38.000+0000
0ZRWj0000006MfvOAE,01tWj00000C393sIAB,0ZGam000000isCnGAI,2026-03-27T23:32:01.000+0000
0ZRWj0000006MdAOAU,01tWj00000C393tIAB,0ZGam000000isCnGAI,2026-03-27T23:31:57.000+0000
0ZRWj0000006KfyOAE,01tWj00000C393uIAB,0ZGam000000itATGAY,2026-03-27T20:41:20.000+0000
0ZRWj0000006KckOAE,01tWj00000C393uIAB,0ZGam000000isBBGAY,2026-03-27T20:40:58.000+0000
0ZRWj0000006KfzOAE,01tWj00000C393vIAB,0ZGam000000itATGAY,2026-03-27T20:41:20.000+0000
0ZRWj0000006KclOAE,01tWj00000C393vIAB,0ZGam000000isBBGAY,2026-03-27T20:40:58.000+0000
0ZRWj0000006KibOAE,01tWj00000C393wIAB,0ZGam000000itATGAY,2026-03-27T20:43:17.000+0000
0ZRWj0000006KlpOAE,01tWj00000C393wIAB,0ZGam000000isBBGAY,2026-03-27T20:43:37.000+0000
0ZRWj0000006KicOAE,01tWj00000C393xIAB,0ZGam000000itATGAY,2026-03-27T20:43:17.000+0000
0ZRWj0000006KlqOAE,01tWj00000C393xIAB,0ZGam000000isBBGAY,2026-03-27T20:43:37.000+0000
0ZRWj0000006KsZOAU,01tWj00000C393yIAB,0ZGam000000isBBGAY,2026-03-27T20:44:27.000+0000
0ZRWj0000006KpLOAU,01tWj00000C393yIAB,0ZGam000000itATGAY,2026-03-27T20:44:12.000+0000
0ZRWj0000006KsaOAE,01tWj00000C393zIAB,0ZGam000000isBBGAY,2026-03-27T20:44:27.000+0000
0ZRWj0000006KpMOAU,01tWj00000C393zIAB,0ZGam000000itATGAY,2026-03-27T20:44:12.000+0000
0ZRWj0000006KvtOAE,01tWj00000C3940IAB,0ZGam000000isBBGAY,2026-03-27T21:04:22.000+0000
0ZRWj0000006Kz7OAE,01tWj00000C3940IAB,0ZGam000000itATGAY,2026-03-27T21:04:37.000+0000
0ZRWj0000006Kz8OAE,01tWj00000C3941IAB,0ZGam000000itATGAY,2026-03-27T21:04:37.000+0000
0ZRWj0000006KvuOAE,01tWj00000C3941IAB,0ZGam000000isBBGAY,2026-03-27T21:04:22.000+0000
0ZRWj0000006L21OAE,01tWj00000C3942IAB,0ZGam000000isBBGAY,2026-03-27T21:05:29.000+0000
0ZRWj0000006L5FOAU,01tWj00000C3942IAB,0ZGam000000itATGAY,2026-03-27T21:05:44.000+0000
0ZRWj0000006L5GOAU,01tWj00000C3943IAB,0ZGam000000itATGAY,2026-03-27T21:05:44.000+0000
0ZRWj0000006L22OAE,01tWj00000C3943IAB,0ZGam000000isBBGAY,2026-03-27T21:05:29.000+0000
0ZRWj0000006L8nOAE,01tWj00000C3944IAB,0ZGam000000itATGAY,2026-03-27T21:06:18.000+0000
0ZRWj0000006LC1OAM,01tWj00000C3944IAB,0ZGam000000isBBGAY,2026-03-27T21:06:35.000+0000
0ZRWj0000006LC2OAM,01tWj00000C3945IAB,0ZGam000000isBBGAY,2026-03-27T21:06:35.000+0000
0ZRWj0000006L8oOAE,01tWj00000C3945IAB,0ZGam000000itATGAY,2026-03-27T21:06:18.000+0000
0ZRWj0000006MqkOAE,01tWj00000C3946IAB,0ZGam000000isBBGAY,2026-03-27T23:32:15.000+0000
0ZRWj0000006NvkOAE,01tWj00000C3947IAB,0ZGam000000isBBGAY,2026-03-27T23:33:31.000+0000
0ZRWj0000006NieOAE,01tWj00000C3948IAB,0ZGam000000isBBGAY,2026-03-27T23:33:16.000+0000
0ZRWj0000006NEVOA2,01tWj00000C3949IAB,0ZGam000000isBBGAY,2026-03-27T23:32:42.000+0000
0ZRWj0000006Ne6OAE,01tWj00000C394AIAR,0ZGam000000isBBGAY,2026-03-27T23:33:12.000+0000
0ZRWj0000006NN1OAM,01tWj00000C394BIAR,0ZGam000000isBBGAY,2026-03-27T23:32:53.000+0000
0ZRWj0000006NJnOAM,01tWj00000C394CIAR,0ZGam000000isBBGAY,2026-03-27T23:32:50.000+0000
0ZRWj0000006NEZOA2,01tWj00000C394DIAR,0ZGam000000isBBGAY,2026-03-27T23:32:42.000+0000
0ZRWj0000006N7POAU,01tWj00000C394EIAR,0ZGam000000isBBGAY,2026-03-27T23:32:34.000+0000
0ZRWj0000006Mf8OAE,01tWj00000C394FIAR,0ZGam000000isBBGAY,2026-03-27T23:32:01.000+0000
0ZRWj0000006MnhOAE,01tWj00000C394GIAR,0ZGam000000isBBGAY,2026-03-27T23:32:12.000+0000
0ZRWj0000006NmhOAE,01tWj00000C394HIAR,0ZGam000000isBBGAY,2026-03-27T23:33:20.000+0000
0ZRWj0000006NsSOAU,01tWj00000C394IIAR,0ZGam000000isBBGAY,2026-03-27T23:33:27.000+0000
0ZRWj0000006NnmOAE,01tWj00000C394JIAR,0ZGam000000isBBGAY,2026-03-27T23:33:23.000+0000
0ZRWj0000006MerOAE,01tWj00000C394KIAR,0ZGam000000isBBGAY,2026-03-27T23:32:01.000+0000
0ZRWj0000006NK2OAM,01tWj00000C394LIAR,0ZGam000000isBBGAY,2026-03-27T23:32:50.000+0000
0ZRWj0000006MgKOAU,01tWj00000C394MIAR,0ZGam000000isBBGAY,2026-03-27T23:32:01.000+0000
0ZRWj0000006NnSOAU,01tWj00000C394NIAR,0ZGam000000isBBGAY,2026-03-27T23:33:23.000+0000
0ZRWj0000006NJdOAM,01tWj00000C394OIAR,0ZGam000000isBBGAY,2026-03-27T23:32:46.000+0000
0ZRWj0000006NPLOA2,01tWj00000C394PIAR,0ZGam000000isBBGAY,2026-03-27T23:32:53.000+0000
0ZRWj0000006NQIOA2,01tWj00000C394QIAR,0ZGam000000isBBGAY,2026-03-27T23:32:57.000+0000
0ZRWj0000006N9eOAE,01tWj00000C394RIAR,0ZGam000000isBBGAY,2026-03-27T23:32:34.000+0000
0ZRWj0000006Mo2OAE,01tWj00000C394SIAR,0ZGam000000isBBGAY,2026-03-27T23:32:12.000+0000
0ZRWj0000006MlKOAU,01tWj00000C394TIAR,0ZGam000000isBBGAY,2026-03-27T23:32:08.000+0000
0ZRWj0000006NcmOAE,01tWj00000C394UIAR,0ZGam000000isBBGAY,2026-03-27T23:33:08.000+0000
0ZRWj0000006NkoOAE,01tWj00000C394VIAR,0ZGam000000isBBGAY,2026-03-27T23:33:20.000+0000
0ZRWj0000006NWnOAM,01tWj00000C394WIAR,0ZGam000000isBBGAY,2026-03-27T23:33:04.000+0000
0ZRWj0000006Nt8OAE,01tWj00000C394XIAR,0ZGam000000isBBGAY,2026-03-27T23:33:27.000+0000
0ZRWj0000006NHDOA2,01tWj00000C394YIAR,0ZGam000000isBBGAY,2026-03-27T23:32:46.000+0000
0ZRWj0000006MniOAE,01tWj00000C394ZIAR,0ZGam000000isBBGAY,2026-03-27T23:32:12.000+0000
0ZRWj0000006N35OAE,01tWj00000C394aIAB,0ZGam000000isBBGAY,2026-03-27T23:32:27.000+0000
0ZRWj0000006N9COAU,01tWj00000C394bIAB,0ZGam000000isBBGAY,2026-03-27T23:32:34.000+0000
0ZRWj0000006NP0OAM,01tWj00000C394cIAB,0ZGam000000isBBGAY,2026-03-27T23:32:53.000+0000
0ZRWj0000006NflOAE,01tWj00000C394dIAB,0ZGam000000isBBGAY,2026-03-27T23:33:12.000+0000
0ZRWj0000006N8mOAE,01tWj00000C394eIAB,0ZGam000000isBBGAY,2026-03-27T23:32:34.000+0000
0ZRWj0000006MnbOAE,01tWj00000C39B7IAJ,0ZGam000000isG1GAI,2026-03-27T23:32:12.000+0000
0ZRWj0000006NJBOA2,01tWj00000C39B8IAJ,0ZGam000000isG1GAI,2026-03-27T23:32:46.000+0000
0ZRWj0000006MbIOAU,01tWj00000C39B9IAJ,0ZGam000000isG1GAI,2026-03-27T23:31:57.000+0000
0ZRWj0000006NHwOAM,01tWj00000C39BAIAZ,0ZGam000000isG1GAI,2026-03-27T23:32:46.000+0000
0ZRWj0000006NdYOAU,01tWj00000C39BBIAZ,0ZGam000000isG1GAI,2026-03-27T23:33:12.000+0000
0ZRWj0000006NokOAE,01tWj00000C39BCIAZ,0ZGam000000isG1GAI,2026-03-27T23:33:23.000+0000
0ZRWj0000006NOiOAM,01tWj00000C39BDIAZ,0ZGam000000isG1GAI,2026-03-27T23:32:53.000+0000
0ZRWj0000006N6VOAU,01tWj00000C39BEIAZ,0ZGam000000isG1GAI,2026-03-27T23:32:31.000+0000
0ZRWj0000006NGFOA2,01tWj00000C39BFIAZ,0ZGam000000isG1GAI,2026-03-27T23:32:42.000+0000
0ZRWj0000006MeYOAU,01tWj00000C39BGIAZ,0ZGam000000isG1GAI,2026-03-27T23:32:01.000+0000
0ZRWj0000006NooOAE,01tWj00000C39BHIAZ,0ZGam000000isG1GAI,2026-03-27T23:33:23.000+0000
0ZRWj0000006NplOAE,01tWj00000C39BIIAZ,0ZGam000000isG1GAI,2026-03-27T23:33:23.000+0000
0ZRWj0000006Nf7OAE,01tWj00000C39BJIAZ,0ZGam000000isG1GAI,2026-03-27T23:33:12.000+0000
0ZRWj0000006NhJOAU,01tWj00000C39BKIAZ,0ZGam000000isG1GAI,2026-03-27T23:33:16.000+0000
0ZRWj0000006NKVOA2,01tWj00000C39BLIAZ,0ZGam000000isG1GAI,2026-03-27T23:32:50.000+0000
0ZRWj0000006McqOAE,01tWj00000C39BMIAZ,0ZGam000000isG1GAI,2026-03-27T23:31:57.000+0000
0ZRWj0000006NvpOAE,01tWj00000C39BNIAZ,0ZGam000000isG1GAI,2026-03-27T23:33:31.000+0000
0ZRWj0000006N56OAE,01tWj00000C39BOIAZ,0ZGam000000isG1GAI,2026-03-27T23:32:31.000+0000
0ZRWj0000006NcEOAU,01tWj00000C39BPIAZ,0ZGam000000isG1GAI,2026-03-27T23:33:08.000+0000
0ZRWj0000006NYDOA2,01tWj00000C39BQIAZ,0ZGam000000isG1GAI,2026-03-27T23:33:04.000+0000
0ZRWj0000006NrPOAU,01tWj00000C39BRIAZ,0ZGam000000isG1GAI,2026-03-27T23:33:27.000+0000
0ZRWj0000006NuJOAU,01tWj00000C39BSIAZ,0ZGam000000isG1GAI,2026-03-27T23:33:31.000+0000
0ZRWj0000006NSJOA2,01tWj00000C39BTIAZ,0ZGam000000isG1GAI,2026-03-27T23:32:57.000+0000
0ZRWj0000006Nv9OAE,01tWj00000C39BUIAZ,0ZGam000000isG1GAI,2026-03-27T23:33:31.000+0000
0ZRWj0000006NJbOAM,01tWj00000C39BVIAZ,0ZGam000000isG1GAI,2026-03-27T23:32:46.000+0000
0ZRWj0000006NWzOAM,01tWj00000C39BWIAZ,0ZGam000000isG1GAI,2026-03-27T23:33:04.000+0000
0ZRWj0000006NnVOAU,01tWj00000C39BXIAZ,0ZGam000000isG1GAI,2026-03-27T23:33:23.000+0000
0ZRWj0000006MuyOAE,01tWj00000C39BYIAZ,0ZGam000000isG1GAI,2026-03-27T23:32:20.000+0000
0ZRWj0000006NGiOAM,01tWj00000C39BZIAZ,0ZGam000000isG1GAI,2026-03-27T23:32:46.000+0000
0ZRWj0000006NBrOAM,01tWj00000C39BaIAJ,0ZGam000000isG1GAI,2026-03-27T23:32:38.000+0000
0ZRWj0000006NpaOAE,01tWj00000C39BbIAJ,0ZGam000000isG1GAI,2026-03-27T23:33:23.000+0000
0ZRWj0000006Nu2OAE,01tWj00000C39BcIAJ,0ZGam000000isG1GAI,2026-03-27T23:33:31.000+0000
0ZRWj0000006MbEOAU,01tWj00000C39BdIAJ,0ZGam000000isG1GAI,2026-03-27T23:31:57.000+0000
0ZRWj0000006NczOAE,01tWj00000C39BeIAJ,0ZGam000000isG1GAI,2026-03-27T23:33:08.000+0000
0ZRWj0000006MwQOAU,01tWj00000C39BfIAJ,0ZGam000000isG1GAI,2026-03-27T23:32:20.000+0000
0ZRWj0000006MuaOAE,01tWj00000C39BgIAJ,0ZGam000000isG1GAI,2026-03-27T23:32:20.000+0000
0ZRWj0000006MuuOAE,01tWj00000C39BhIAJ,0ZGam000000isG1GAI,2026-03-27T23:32:20.000+0000
0ZRWj0000006ND9OAM,01tWj00000C39BiIAJ,0ZGam000000isG1GAI,2026-03-27T23:32:38.000+0000
0ZRWj0000006Mu9OAE,01tWj00000C39BjIAJ,0ZGam000000isG1GAI,2026-03-27T23:32:20.000+0000
0ZRWj0000006NLXOA2,01tWj00000C39BkIAJ,0ZGam000000isG1GAI,2026-03-27T23:32:50.000+0000
0ZRWj0000006N0oOAE,01tWj00000C39BlIAJ,0ZGam000000isG1GAI,2026-03-27T23:32:27.000+0000
0ZRWj0000006MoCOAU,01tWj00000C39BmIAJ,0ZGam000000isG1GAI,2026-03-27T23:32:12.000+0000
0ZRWj0000006N4zOAE,01tWj00000C39BnIAJ,0ZGam000000isG1GAI,2026-03-27T23:32:31.000+0000
0ZRWj0000006NEPOA2,01tWj00000C39BoIAJ,0ZGam000000isG1GAI,2026-03-27T23:32:42.000+0000
0ZRWj0000006MwYOAU,01tWj00000C39BpIAJ,0ZGam000000isG1GAI,2026-03-27T23:32:20.000+0000
0ZRWj0000006N49OAE,01tWj00000C39BqIAJ,0ZGam000000isG1GAI,2026-03-27T23:32:31.000+0000
0ZRWj0000006Ne2OAE,01tWj00000C39BrIAJ,0ZGam000000isG1GAI,2026-03-27T23:33:12.000+0000
0ZRWj0000006NpyOAE,01tWj00000C39BsIAJ,0ZGam000000isG1GAI,2026-03-27T23:33:27.000+0000
0ZRWj0000006MiOOAU,01tWj00000C39BtIAJ,0ZGam000000isG1GAI,2026-03-27T23:32:04.000+0000
0ZRWj0000006NjVOAU,01tWj00000C39BuIAJ,0ZGam000000isG1GAI,2026-03-27T23:33:20.000+0000
0ZRWj0000006NLlOAM,01tWj00000C39BvIAJ,0ZGam000000isG1GAI,2026-03-27T23:32:50.000+0000
0ZRWj0000006NhIOAU,01tWj00000C39BwIAJ,0ZGam000000isG1GAI,2026-03-27T23:33:16.000+0000
0ZRWj0000006NsyOAE,01tWj00000C39BxIAJ,0ZGam000000isG1GAI,2026-03-27T23:33:27.000+0000
0ZRWj0000006N1sOAE,01tWj00000C39ByIAJ,0ZGam000000isG1GAI,2026-03-27T23:32:27.000+0000
0ZRWj0000006NkeOAE,01tWj00000C39BzIAJ,0ZGam000000isG1GAI,2026-03-27T23:33:20.000+0000
0ZRWj0000006MqwOAE,01tWj00000C39C0IAJ,0ZGam000000isG1GAI,2026-03-27T23:32:15.000+0000
0ZRWj0000006N4WOAU,01tWj00000C39C1IAJ,0ZGam000000isG1GAI,2026-03-27T23:32:31.000+0000
0ZRWj0000006NVJOA2,01tWj00000C39C2IAJ,0ZGam000000isG1GAI,2026-03-27T23:33:01.000+0000
0ZRWj0000006NeAOAU,01tWj00000C39C3IAJ,0ZGam000000isG1GAI,2026-03-27T23:33:12.000+0000
0ZRWj0000006MxrOAE,01tWj00000C39C4IAJ,0ZGam000000isG1GAI,2026-03-27T23:32:23.000+0000
0ZRWj0000006Mi5OAE,01tWj00000C39C5IAJ,0ZGam000000isG1GAI,2026-03-27T23:32:04.000+0000
0ZRWj0000006NA0OAM,01tWj00000C39C6IAJ,0ZGam000000isG1GAI,2026-03-27T23:32:34.000+0000
0ZRWj0000006NrQOAU,01tWj00000C39C7IAJ,0ZGam000000isG1GAI,2026-03-27T23:33:27.000+0000
0ZRWj0000006N9aOAE,01tWj00000C39C8IAJ,0ZGam000000isG1GAI,2026-03-27T23:32:34.000+0000
0ZRWj0000006MqeOAE,01tWj00000C39C9IAJ,0ZGam000000isG1GAI,2026-03-27T23:32:12.000+0000
0ZRWj0000006NryOAE,01tWj00000C39CAIAZ,0ZGam000000isG1GAI,2026-03-27T23:33:27.000+0000
0ZRWj0000006MdbOAE,01tWj00000C39CBIAZ,0ZGam000000isG1GAI,2026-03-27T23:31:57.000+0000
0ZRWj0000006NrSOAU,01tWj00000C39CCIAZ,0ZGam000000isG1GAI,2026-03-27T23:33:27.000+0000
0ZRWj0000006MrBOAU,01tWj00000C39CDIAZ,0ZGam000000isG1GAI,2026-03-27T23:32:15.000+0000
0ZRWj0000006NDuOAM,01tWj00000C39CEIAZ,0ZGam000000isG1GAI,2026-03-27T23:32:42.000+0000
0ZRWj0000006NXSOA2,01tWj00000C39CFIAZ,0ZGam000000isG1GAI,2026-03-27T23:33:04.000+0000
0ZRWj0000006NjOOAU,01tWj00000C39CGIAZ,0ZGam000000isG1GAI,2026-03-27T23:33:16.000+0000
0ZRWj0000006MgtOAE,01tWj00000C39CHIAZ,0ZGam000000isG1GAI,2026-03-27T23:32:01.000+0000
0ZRWj0000006NsFOAU,01tWj00000C39CIIAZ,0ZGam000000isG1GAI,2026-03-27T23:33:27.000+0000
0ZRWj0000006MrkOAE,01tWj00000C39CJIAZ,0ZGam000000isG1GAI,2026-03-27T23:32:15.000+0000
0ZRWj0000006Nd0OAE,01tWj00000C39CKIAZ,0ZGam000000isG1GAI,2026-03-27T23:33:08.000+0000
0ZRWj0000006MaoOAE,01tWj00000C39CLIAZ,0ZGam000000isG1GAI,2026-03-27T23:31:57.000+0000
0ZRWj0000006NmcOAE,01tWj00000C39CMIAZ,0ZGam000000isG1GAI,2026-03-27T23:33:20.000+0000
0ZRWj0000006Nt1OAE,01tWj00000C39CNIAZ,0ZGam000000isG1GAI,2026-03-27T23:33:27.000+0000
0ZRWj0000006NKROA2,01tWj00000C39COIAZ,0ZGam000000isG1GAI,2026-03-27T23:32:50.000+0000
0ZRWj0000006NlZOAU,01tWj00000C39CPIAZ,0ZGam000000isG1GAI,2026-03-27T23:33:20.000+0000
0ZRWj0000006N7TOAU,01tWj00000C39CQIAZ,0ZGam000000isG1GAI,2026-03-27T23:32:34.000+0000
0ZRWj0000006NWeOAM,01tWj00000C39CRIAZ,0ZGam000000isG1GAI,2026-03-27T23:33:04.000+0000
0ZRWj0000006NRiOAM,01tWj00000C39CSIAZ,0ZGam000000isG1GAI,2026-03-27T23:32:57.000+0000
0ZRWj0000006MarOAE,01tWj00000C39CTIAZ,0ZGam000000isG1GAI,2026-03-27T23:31:57.000+0000
0ZRWj0000006MuHOAU,01tWj00000C39CUIAZ,0ZGam000000isG1GAI,2026-03-27T23:32:20.000+0000
0ZRWj0000006NWNOA2,01tWj00000C39CVIAZ,0ZGam000000isG1GAI,2026-03-27T23:33:01.000+0000
0ZRWj0000006NB9OAM,01tWj00000C39CWIAZ,0ZGam000000isG1GAI,2026-03-27T23:32:38.000+0000
0ZRWj0000006NOuOAM,01tWj00000C39CXIAZ,0ZGam000000isG1GAI,2026-03-27T23:32:53.000+0000
0ZRWj0000006NTyOAM,01tWj00000C39CYIAZ,0ZGam000000isG1GAI,2026-03-27T23:33:01.000+0000
0ZRWj0000006MpHOAU,01tWj00000C39CZIAZ,0ZGam000000isG1GAI,2026-03-27T23:32:12.000+0000
0ZRWj0000006MalOAE,01tWj00000C39CaIAJ,0ZGam000000isG1GAI,2026-03-27T23:31:57.000+0000
0ZRWj0000006MbKOAU,01tWj00000C39CbIAJ,0ZGam000000isG1GAI,2026-03-27T23:31:57.000+0000
0ZRWj0000006N3dOAE,01tWj00000C39CcIAJ,0ZGam000000isG1GAI,2026-03-27T23:32:31.000+0000
0ZRWj0000006N42OAE,01tWj00000C39CdIAJ,0ZGam000000isG1GAI,2026-03-27T23:32:31.000+0000
0ZRWj0000006NPWOA2,01tWj00000C39CeIAJ,0ZGam000000isG1GAI,2026-03-27T23:32:53.000+0000
0ZRWj0000006NGtOAM,01tWj00000C39CfIAJ,0ZGam000000isG1GAI,2026-03-27T23:32:46.000+0000
0ZRWj0000006MrOOAU,01tWj00000C39CgIAJ,0ZGam000000isG1GAI,2026-03-27T23:32:15.000+0000
0ZRWj0000006NQbOAM,01tWj00000C39ChIAJ,0ZGam000000isG1GAI,2026-03-27T23:32:57.000+0000
0ZRWj0000006NZOOA2,01tWj00000C39CiIAJ,0ZGam000000isG1GAI,2026-03-27T23:33:04.000+0000
0ZRWj0000006Me7OAE,01tWj00000C39CjIAJ,0ZGam000000isG1GAI,2026-03-27T23:32:01.000+0000
0ZRWj0000006Mx8OAE,01tWj00000C39CkIAJ,0ZGam000000isG1GAI,2026-03-27T23:32:23.000+0000
0ZRWj0000006NX7OAM,01tWj00000C39ClIAJ,0ZGam000000isG1GAI,2026-03-27T23:33:04.000+0000
0ZRWj0000006NUSOA2,01tWj00000C39CmIAJ,0ZGam000000isG1GAI,2026-03-27T23:33:01.000+0000
0ZRWj0000006No6OAE,01tWj00000C39CnIAJ,0ZGam000000isG1GAI,2026-03-27T23:33:23.000+0000
0ZRWj0000006N1EOAU,01tWj00000C39CoIAJ,0ZGam000000isG1GAI,2026-03-27T23:32:27.000+0000
0ZRWj0000006MuAOAU,01tWj00000C39CpIAJ,0ZGam000000isG1GAI,2026-03-27T23:32:20.000+0000
0ZRWj0000006NkNOAU,01tWj00000C39CqIAJ,0ZGam000000isG1GAI,2026-03-27T23:33:20.000+0000
0ZRWj0000006MtTOAU,01tWj00000C39CrIAJ,0ZGam000000isG1GAI,2026-03-27T23:32:15.000+0000
0ZRWj0000006MdHOAU,01tWj00000C39CsIAJ,0ZGam000000isG1GAI,2026-03-27T23:31:57.000+0000
0ZRWj0000006Mi8OAE,01tWj00000C39CtIAJ,0ZGam000000isG1GAI,2026-03-27T23:32:04.000+0000
0ZRWj0000006NFVOA2,01tWj00000C39CuIAJ,0ZGam000000isG1GAI,2026-03-27T23:32:42.000+0000
0ZRWj0000006NATOA2,01tWj00000C39CvIAJ,0ZGam000000isG1GAI,2026-03-27T23:32:38.000+0000
0ZRWj0000006NLQOA2,01tWj00000C39CwIAJ,0ZGam000000isG1GAI,2026-03-27T23:32:50.000+0000
0ZRWj0000006MwSOAU,01tWj00000C39CxIAJ,0ZGam000000isG1GAI,2026-03-27T23:32:20.000+0000
0ZRWj0000006NZBOA2,01tWj00000C39CyIAJ,0ZGam000000isG1GAI,2026-03-27T23:33:04.000+0000
0ZRWj0000006MdXOAU,01tWj00000C39CzIAJ,0ZGam000000isG1GAI,2026-03-27T23:31:57.000+0000
0ZRWj0000006NHSOA2,01tWj00000C39D0IAJ,0ZGam000000isG1GAI,2026-03-27T23:32:46.000+0000
0ZRWj0000006MgSOAU,01tWj00000C39D1IAJ,0ZGam000000isG1GAI,2026-03-27T23:32:01.000+0000
0ZRWj0000006NESOA2,01tWj00000C39D2IAJ,0ZGam000000isG1GAI,2026-03-27T23:32:42.000+0000
0ZRWj0000006NCAOA2,01tWj00000C39D3IAJ,0ZGam000000isG1GAI,2026-03-27T23:32:38.000+0000
0ZRWj0000006MqUOAU,01tWj00000C39D4IAJ,0ZGam000000isG1GAI,2026-03-27T23:32:12.000+0000
0ZRWj0000006MpuOAE,01tWj00000C39D5IAJ,0ZGam000000isG1GAI,2026-03-27T23:32:12.000+0000
0ZRWj0000006NnIOAU,01tWj00000C39D6IAJ,0ZGam000000isG1GAI,2026-03-27T23:33:23.000+0000
0ZRWj0000006MmKOAU,01tWj00000C39D7IAJ,0ZGam000000isG1GAI,2026-03-27T23:32:08.000+0000
0ZRWj0000006NvuOAE,01tWj00000C39D8IAJ,0ZGam000000isG1GAI,2026-03-27T23:33:31.000+0000
0ZRWj0000006McpOAE,01tWj00000C39D9IAJ,0ZGam000000isG1GAI,2026-03-27T23:31:57.000+0000
0ZRWj0000006MmcOAE,01tWj00000C39DAIAZ,0ZGam000000isG1GAI,2026-03-27T23:32:08.000+0000
0ZRWj0000006N4uOAE,01tWj00000C39DBIAZ,0ZGam000000isG1GAI,2026-03-27T23:32:31.000+0000
0ZRWj0000006NMAOA2,01tWj00000C39DCIAZ,0ZGam000000isG1GAI,2026-03-27T23:32:50.000+0000
0ZRWj0000006NGhOAM,01tWj00000C39DDIAZ,0ZGam000000isBBGAY,2026-03-27T23:32:46.000+0000
0ZRWj0000006KMROA2,01tWj00000C39JBIAZ,0ZGam000000isCnGAI,2026-03-27T20:35:28.000+0000
0ZRWj0000006KODOA2,01tWj00000C39JCIAZ,0ZGam000000isCnGAI,2026-03-27T20:36:16.000+0000
0ZRWj0000006KOEOA2,01tWj00000C39JDIAZ,0ZGam000000isCnGAI,2026-03-27T20:36:16.000+0000
0ZRWj0000006KOFOA2,01tWj00000C39JEIAZ,0ZGam000000isCnGAI,2026-03-27T20:36:16.000+0000
0ZRWj0000006KOGOA2,01tWj00000C39JFIAZ,0ZGam000000isCnGAI,2026-03-27T20:36:16.000+0000
0ZRWj0000006KRZOA2,01tWj00000C39JGIAZ,0ZGam000000isCnGAI,2026-03-27T20:37:06.000+0000
0ZRWj0000006KRaOAM,01tWj00000C39JHIAZ,0ZGam000000isCnGAI,2026-03-27T20:37:06.000+0000
0ZRWj0000006KRbOAM,01tWj00000C39JIIAZ,0ZGam000000isCnGAI,2026-03-27T20:37:06.000+0000
0ZRWj0000006KRcOAM,01tWj00000C39JJIAZ,0ZGam000000isCnGAI,2026-03-27T20:37:06.000+0000
0ZRWj0000006KUaOAM,01tWj00000C39JKIAZ,0ZGam000000isCnGAI,2026-03-27T20:37:59.000+0000
0ZRWj0000006KUbOAM,01tWj00000C39JLIAZ,0ZGam000000isCnGAI,2026-03-27T20:37:59.000+0000
0ZRWj0000006KUcOAM,01tWj00000C39JMIAZ,0ZGam000000isCnGAI,2026-03-27T20:37:59.000+0000
0ZRWj0000006KXcOAM,01tWj00000C39JNIAZ,0ZGam000000isCnGAI,2026-03-27T20:38:39.000+0000
0ZRWj0000006KXdOAM,01tWj00000C39JOIAZ,0ZGam000000isCnGAI,2026-03-27T20:38:39.000+0000
0ZRWj0000006KZ7OAM,01tWj00000C39JPIAZ,0ZGam000000isCnGAI,2026-03-27T20:39:10.000+0000
0ZRWj0000006KZ8OAM,01tWj00000C39JQIAZ,0ZGam000000isCnGAI,2026-03-27T20:39:10.000+0000
0ZRWj0000006Nj9OAE,01tWj00000C39JRIAZ,0ZGam000000isCnGAI,2026-03-27T23:33:16.000+0000
0ZRWj0000006MzxOAE,01tWj00000C39JSIAZ,0ZGam000000isCnGAI,2026-03-27T23:32:23.000+0000
0ZRWj0000006NDFOA2,01tWj00000C39JTIAZ,0ZGam000000isCnGAI,2026-03-27T23:32:42.000+0000
0ZRWj0000006N6qOAE,01tWj00000C39JUIAZ,0ZGam000000isCnGAI,2026-03-27T23:32:34.000+0000
0ZRWj0000006MptOAE,01tWj00000C39JVIAZ,0ZGam000000isCnGAI,2026-03-27T23:32:12.000+0000
0ZRWj0000006N3gOAE,01tWj00000C39JWIAZ,0ZGam000000isCnGAI,2026-03-27T23:32:31.000+0000
0ZRWj0000006Ms0OAE,01tWj00000C39JXIAZ,0ZGam000000isCnGAI,2026-03-27T23:32:15.000+0000
0ZRWj0000006N37OAE,01tWj00000C39JYIAZ,0ZGam000000isCnGAI,2026-03-27T23:32:27.000+0000
0ZRWj0000006NIoOAM,01tWj00000C39JZIAZ,0ZGam000000isCnGAI,2026-03-27T23:32:46.000+0000
0ZRWj0000006KazOAE,01tWj00000C39JaIAJ,0ZGam000000isBBGAY,2026-03-27T20:40:58.000+0000
0ZRWj0000006KeDOAU,01tWj00000C39JaIAJ,0ZGam000000itATGAY,2026-03-27T20:41:20.000+0000
0ZRWj0000006KeEOAU,01tWj00000C39JbIAJ,0ZGam000000itATGAY,2026-03-27T20:41:20.000+0000
0ZRWj0000006Kb0OAE,01tWj00000C39JbIAJ,0ZGam000000isBBGAY,2026-03-27T20:40:58.000+0000
0ZRWj0000006KkgOAE,01tWj00000C39JcIAJ,0ZGam000000isBBGAY,2026-03-27T20:43:37.000+0000
0ZRWj0000006KhSOAU,01tWj00000C39JcIAJ,0ZGam000000itATGAY,2026-03-27T20:43:17.000+0000
0ZRWj0000006Kr7OAE,01tWj00000C39JdIAJ,0ZGam000000isBBGAY,2026-03-27T20:44:27.000+0000
0ZRWj0000006KntOAE,01tWj00000C39JdIAJ,0ZGam000000itATGAY,2026-03-27T20:44:12.000+0000
0ZRWj0000006KnuOAE,01tWj00000C39JeIAJ,0ZGam000000itATGAY,2026-03-27T20:44:12.000+0000
0ZRWj0000006Kr8OAE,01tWj00000C39JeIAJ,0ZGam000000isBBGAY,2026-03-27T20:44:27.000+0000
0ZRWj0000006KxZOAU,01tWj00000C39JfIAJ,0ZGam000000itATGAY,2026-03-27T21:04:37.000+0000
0ZRWj0000006KuLOAU,01tWj00000C39JfIAJ,0ZGam000000isBBGAY,2026-03-27T21:04:22.000+0000
0ZRWj0000006KuMOAU,01tWj00000C39JgIAJ,0ZGam000000isBBGAY,2026-03-27T21:04:22.000+0000
0ZRWj0000006KxaOAE,01tWj00000C39JgIAJ,0ZGam000000itATGAY,2026-03-27T21:04:37.000+0000
0ZRWj0000006L3wOAE,01tWj00000C39JhIAJ,0ZGam000000itATGAY,2026-03-27T21:05:44.000+0000
0ZRWj0000006L0iOAE,01tWj00000C39JhIAJ,0ZGam000000isBBGAY,2026-03-27T21:05:29.000+0000
0ZRWj0000006LATOA2,01tWj00000C39JiIAJ,0ZGam000000isBBGAY,2026-03-27T21:06:35.000+0000
0ZRWj0000006L7FOAU,01tWj00000C39JiIAJ,0ZGam000000itATGAY,2026-03-27T21:06:18.000+0000
0ZRWj0000006L7GOAU,01tWj00000C39JjIAJ,0ZGam000000itATGAY,2026-03-27T21:06:18.000+0000
0ZRWj0000006LAUOA2,01tWj00000C39JjIAJ,0ZGam000000isBBGAY,2026-03-27T21:06:35.000+0000
0ZRWj0000006N1ZOAU,01tWj00000C39JkIAJ,0ZGam000000isBBGAY,2026-03-27T23:32:27.000+0000
0ZRWj0000006NqtOAE,01tWj00000C39JlIAJ,0ZGam000000isBBGAY,2026-03-27T23:33:27.000+0000
0ZRWj0000006Mz7OAE,01tWj00000C39JmIAJ,0ZGam000000isBBGAY,2026-03-27T23:32:23.000+0000
0ZRWj0000006MdSOAU,01tWj00000C39JnIAJ,0ZGam000000isBBGAY,2026-03-27T23:31:57.000+0000
0ZRWj0000006MlTOAU,01tWj00000C39JoIAJ,0ZGam000000isBBGAY,2026-03-27T23:32:08.000+0000
0ZRWj0000006MfWOAU,01tWj00000C39JpIAJ,0ZGam000000isBBGAY,2026-03-27T23:32:01.000+0000
0ZRWj0000006Ng7OAE,01tWj00000C39JqIAJ,0ZGam000000isBBGAY,2026-03-27T23:33:12.000+0000
0ZRWj0000006N8wOAE,01tWj00000C39JrIAJ,0ZGam000000isBBGAY,2026-03-27T23:32:34.000+0000
0ZRWj0000006NXqOAM,01tWj00000C39JsIAJ,0ZGam000000isBBGAY,2026-03-27T23:33:04.000+0000
0ZRWj0000006N8GOAU,01tWj00000C39JtIAJ,0ZGam000000isBBGAY,2026-03-27T23:32:34.000+0000
0ZRWj0000006NGmOAM,01tWj00000C39JuIAJ,0ZGam000000isBBGAY,2026-03-27T23:32:46.000+0000
0ZRWj0000006NHqOAM,01tWj00000C39JvIAJ,0ZGam000000isBBGAY,2026-03-27T23:32:46.000+0000
0ZRWj0000006NIjOAM,01tWj00000C39JwIAJ,0ZGam000000isBBGAY,2026-03-27T23:32:46.000+0000
0ZRWj0000006NlGOAU,01tWj00000C39JxIAJ,0ZGam000000isBBGAY,2026-03-27T23:33:20.000+0000
0ZRWj0000006MjpOAE,01tWj00000C39JyIAJ,0ZGam000000isBBGAY,2026-03-27T23:32:04.000+0000
0ZRWj0000006N4qOAE,01tWj00000C39JzIAJ,0ZGam000000isBBGAY,2026-03-27T23:32:31.000+0000
0ZRWj0000006NT0OAM,01tWj00000C39K0IAJ,0ZGam000000isBBGAY,2026-03-27T23:32:57.000+0000
0ZRWj0000006MtYOAU,01tWj00000C39K1IAJ,0ZGam000000isBBGAY,2026-03-27T23:32:15.000+0000
0ZRWj0000006MhOOAU,01tWj00000C39K2IAJ,0ZGam000000isBBGAY,2026-03-27T23:32:04.000+0000
0ZRWj0000006Mr6OAE,01tWj00000C39K3IAJ,0ZGam000000isBBGAY,2026-03-27T23:32:15.000+0000
0ZRWj0000006N3KOAU,01tWj00000C39K4IAJ,0ZGam000000isBBGAY,2026-03-27T23:32:27.000+0000
0ZRWj0000006NBoOAM,01tWj00000C39K5IAJ,0ZGam000000isBBGAY,2026-03-27T23:32:38.000+0000
0ZRWj0000006NGJOA2,01tWj00000C39K6IAJ,0ZGam000000isBBGAY,2026-03-27T23:32:42.000+0000
0ZRWj0000006NEeOAM,01tWj00000C39K7IAJ,0ZGam000000isBBGAY,2026-03-27T23:32:42.000+0000
0ZRWj0000006NhZOAU,01tWj00000C39K8IAJ,0ZGam000000isBBGAY,2026-03-27T23:33:16.000+0000
0ZRWj0000006NFhOAM,01tWj00000C39K9IAJ,0ZGam000000isBBGAY,2026-03-27T23:32:42.000+0000
0ZRWj0000006NmlOAE,01tWj00000C39KAIAZ,0ZGam000000isBBGAY,2026-03-27T23:33:23.000+0000
0ZRWj0000006NqaOAE,01tWj00000C39KBIAZ,0ZGam000000isBBGAY,2026-03-27T23:33:27.000+0000
0ZRWj0000006NAKOA2,01tWj00000C39KCIAZ,0ZGam000000isBBGAY,2026-03-27T23:32:38.000+0000
0ZRWj0000006NA8OAM,01tWj00000C39KDIAZ,0ZGam000000isBBGAY,2026-03-27T23:32:38.000+0000
0ZRWj0000006NGSOA2,01tWj00000C39KEIAZ,0ZGam000000isBBGAY,2026-03-27T23:32:42.000+0000
0ZRWj0000006ND2OAM,01tWj00000C39KFIAZ,0ZGam000000isBBGAY,2026-03-27T23:32:38.000+0000
0ZRWj0000006K9IOAU,01tWj00000C39KGIAZ,0ZGam000000isCnGAI,2026-03-27T20:30:25.000+0000
0ZRWj0000006K9JOAU,01tWj00000C39KHIAZ,0ZGam000000isCnGAI,2026-03-27T20:30:25.000+0000
0ZRWj0000006KAzOAM,01tWj00000C39KIIAZ,0ZGam000000isCnGAI,2026-03-27T20:31:01.000+0000
0ZRWj0000006KCdOAM,01tWj00000C39KJIAZ,0ZGam000000isCnGAI,2026-03-27T20:31:31.000+0000
0ZRWj0000006KCeOAM,01tWj00000C39KKIAZ,0ZGam000000isCnGAI,2026-03-27T20:31:31.000+0000
0ZRWj0000006KEFOA2,01tWj00000C39KLIAZ,0ZGam000000isCnGAI,2026-03-27T20:32:06.000+0000
0ZRWj0000006KEGOA2,01tWj00000C39KMIAZ,0ZGam000000isCnGAI,2026-03-27T20:32:06.000+0000
0ZRWj0000006KFjOAM,01tWj00000C39KNIAZ,0ZGam000000isCnGAI,2026-03-27T20:32:31.000+0000
0ZRWj0000006KHiOAM,01tWj00000C39KOIAZ,0ZGam000000isCnGAI,2026-03-27T20:33:12.000+0000
0ZRWj0000006KHjOAM,01tWj00000C39KPIAZ,0ZGam000000isCnGAI,2026-03-27T20:33:12.000+0000
0ZRWj0000006KHkOAM,01tWj00000C39KQIAZ,0ZGam000000isCnGAI,2026-03-27T20:33:12.000+0000
0ZRWj0000006KJKOA2,01tWj00000C39KRIAZ,0ZGam000000isCnGAI,2026-03-27T20:33:49.000+0000
0ZRWj0000006KJLOA2,01tWj00000C39KSIAZ,0ZGam000000isCnGAI,2026-03-27T20:33:49.000+0000
0ZRWj0000006KJMOA2,01tWj00000C39KTIAZ,0ZGam000000isCnGAI,2026-03-27T20:33:49.000+0000
0ZRWj0000006KKcOAM,01tWj00000C39KUIAZ,0ZGam000000isCnGAI,2026-03-27T20:34:33.000+0000
0ZRWj0000006KMYOA2,01tWj00000C39KVIAZ,0ZGam000000isCnGAI,2026-03-27T20:35:28.000+0000
0ZRWj0000006KMZOA2,01tWj00000C39KWIAZ,0ZGam000000isCnGAI,2026-03-27T20:35:28.000+0000
0ZRWj0000006KMaOAM,01tWj00000C39KXIAZ,0ZGam000000isCnGAI,2026-03-27T20:35:28.000+0000
0ZRWj0000006KOPOA2,01tWj00000C39KYIAZ,0ZGam000000isCnGAI,2026-03-27T20:36:16.000+0000
0ZRWj0000006KOQOA2,01tWj00000C39KZIAZ,0ZGam000000isCnGAI,2026-03-27T20:36:16.000+0000
0ZRWj0000006KOROA2,01tWj00000C39KaIAJ,0ZGam000000isCnGAI,2026-03-27T20:36:16.000+0000
0ZRWj0000006KOSOA2,01tWj00000C39KbIAJ,0ZGam000000isCnGAI,2026-03-27T20:36:16.000+0000
0ZRWj0000006KRlOAM,01tWj00000C39KcIAJ,0ZGam000000isCnGAI,2026-03-27T20:37:06.000+0000
0ZRWj0000006KRmOAM,01tWj00000C39KdIAJ,0ZGam000000isCnGAI,2026-03-27T20:37:06.000+0000
0ZRWj0000006KRnOAM,01tWj00000C39KeIAJ,0ZGam000000isCnGAI,2026-03-27T20:37:06.000+0000
0ZRWj0000006KRoOAM,01tWj00000C39KfIAJ,0ZGam000000isCnGAI,2026-03-27T20:37:06.000+0000
0ZRWj0000006KUjOAM,01tWj00000C39KgIAJ,0ZGam000000isCnGAI,2026-03-27T20:37:59.000+0000
0ZRWj0000006KUkOAM,01tWj00000C39KhIAJ,0ZGam000000isCnGAI,2026-03-27T20:37:59.000+0000
0ZRWj0000006KUlOAM,01tWj00000C39KiIAJ,0ZGam000000isCnGAI,2026-03-27T20:37:59.000+0000
0ZRWj0000006KXiOAM,01tWj00000C39KjIAJ,0ZGam000000isCnGAI,2026-03-27T20:38:39.000+0000
0ZRWj0000006KXjOAM,01tWj00000C39KkIAJ,0ZGam000000isCnGAI,2026-03-27T20:38:39.000+0000
0ZRWj0000006KZDOA2,01tWj00000C39KlIAJ,0ZGam000000isCnGAI,2026-03-27T20:39:10.000+0000
0ZRWj0000006KZEOA2,01tWj00000C39KmIAJ,0ZGam000000isCnGAI,2026-03-27T20:39:10.000+0000
0ZRWj0000006NnWOAU,01tWj00000C39KnIAJ,0ZGam000000isCnGAI,2026-03-27T23:33:23.000+0000
0ZRWj0000006Mi3OAE,01tWj00000C39KoIAJ,0ZGam000000isCnGAI,2026-03-27T23:32:04.000+0000
0ZRWj0000006Ms6OAE,01tWj00000C39KpIAJ,0ZGam000000isCnGAI,2026-03-27T23:32:15.000+0000
0ZRWj0000006MtpOAE,01tWj00000C39KqIAJ,0ZGam000000isCnGAI,2026-03-27T23:32:15.000+0000
0ZRWj0000006NsWOAU,01tWj00000C39KrIAJ,0ZGam000000isCnGAI,2026-03-27T23:33:27.000+0000
0ZRWj0000006MkLOAU,01tWj00000C39KsIAJ,0ZGam000000isCnGAI,2026-03-27T23:32:08.000+0000
0ZRWj0000006NmHOAU,01tWj00000C39KtIAJ,0ZGam000000isCnGAI,2026-03-27T23:33:20.000+0000
0ZRWj0000006N8kOAE,01tWj00000C39KuIAJ,0ZGam000000isCnGAI,2026-03-27T23:32:34.000+0000
0ZRWj0000006N0UOAU,01tWj00000C39KvIAJ,0ZGam000000isCnGAI,2026-03-27T23:32:27.000+0000
0ZRWj0000006K9KOAU,01tWj00000C39KwIAJ,0ZGam000000isCnGAI,2026-03-27T20:30:25.000+0000
0ZRWj0000006K9LOAU,01tWj00000C39KxIAJ,0ZGam000000isCnGAI,2026-03-27T20:30:25.000+0000
0ZRWj0000006KB0OAM,01tWj00000C39KyIAJ,0ZGam000000isCnGAI,2026-03-27T20:31:01.000+0000
0ZRWj0000006KCfOAM,01tWj00000C39KzIAJ,0ZGam000000isCnGAI,2026-03-27T20:31:31.000+0000
0ZRWj0000006KCgOAM,01tWj00000C39L0IAJ,0ZGam000000isCnGAI,2026-03-27T20:31:31.000+0000
0ZRWj0000006KEHOA2,01tWj00000C39L1IAJ,0ZGam000000isCnGAI,2026-03-27T20:32:06.000+0000
0ZRWj0000006KEIOA2,01tWj00000C39L2IAJ,0ZGam000000isCnGAI,2026-03-27T20:32:06.000+0000
0ZRWj0000006KFkOAM,01tWj00000C39L3IAJ,0ZGam000000isCnGAI,2026-03-27T20:32:31.000+0000
0ZRWj0000006KHlOAM,01tWj00000C39L4IAJ,0ZGam000000isCnGAI,2026-03-27T20:33:12.000+0000
0ZRWj0000006KHmOAM,01tWj00000C39L5IAJ,0ZGam000000isCnGAI,2026-03-27T20:33:12.000+0000
0ZRWj0000006KHnOAM,01tWj00000C39L6IAJ,0ZGam000000isCnGAI,2026-03-27T20:33:12.000+0000
0ZRWj0000006KJNOA2,01tWj00000C39L7IAJ,0ZGam000000isCnGAI,2026-03-27T20:33:49.000+0000
0ZRWj0000006KJOOA2,01tWj00000C39L8IAJ,0ZGam000000isCnGAI,2026-03-27T20:33:49.000+0000
0ZRWj0000006KJPOA2,01tWj00000C39L9IAJ,0ZGam000000isCnGAI,2026-03-27T20:33:49.000+0000
0ZRWj0000006KKdOAM,01tWj00000C39LAIAZ,0ZGam000000isCnGAI,2026-03-27T20:34:33.000+0000
0ZRWj0000006KMbOAM,01tWj00000C39LBIAZ,0ZGam000000isCnGAI,2026-03-27T20:35:28.000+0000
0ZRWj0000006KMcOAM,01tWj00000C39LCIAZ,0ZGam000000isCnGAI,2026-03-27T20:35:28.000+0000
0ZRWj0000006KMdOAM,01tWj00000C39LDIAZ,0ZGam000000isCnGAI,2026-03-27T20:35:28.000+0000
0ZRWj0000006KOTOA2,01tWj00000C39LEIAZ,0ZGam000000isCnGAI,2026-03-27T20:36:16.000+0000
0ZRWj0000006KOUOA2,01tWj00000C39LFIAZ,0ZGam000000isCnGAI,2026-03-27T20:36:16.000+0000
0ZRWj0000006KOVOA2,01tWj00000C39LGIAZ,0ZGam000000isCnGAI,2026-03-27T20:36:16.000+0000
0ZRWj0000006KOWOA2,01tWj00000C39LHIAZ,0ZGam000000isCnGAI,2026-03-27T20:36:16.000+0000
0ZRWj0000006KRpOAM,01tWj00000C39LIIAZ,0ZGam000000isCnGAI,2026-03-27T20:37:06.000+0000
0ZRWj0000006KRqOAM,01tWj00000C39LJIAZ,0ZGam000000isCnGAI,2026-03-27T20:37:06.000+0000
0ZRWj0000006KRrOAM,01tWj00000C39LKIAZ,0ZGam000000isCnGAI,2026-03-27T20:37:06.000+0000
0ZRWj0000006KRsOAM,01tWj00000C39LLIAZ,0ZGam000000isCnGAI,2026-03-27T20:37:06.000+0000
0ZRWj0000006KUmOAM,01tWj00000C39LMIAZ,0ZGam000000isCnGAI,2026-03-27T20:37:59.000+0000
0ZRWj0000006KUnOAM,01tWj00000C39LNIAZ,0ZGam000000isCnGAI,2026-03-27T20:37:59.000+0000
0ZRWj0000006KUoOAM,01tWj00000C39LOIAZ,0ZGam000000isCnGAI,2026-03-27T20:37:59.000+0000
0ZRWj0000006KXkOAM,01tWj00000C39LPIAZ,0ZGam000000isCnGAI,2026-03-27T20:38:39.000+0000
0ZRWj0000006KXlOAM,01tWj00000C39LQIAZ,0ZGam000000isCnGAI,2026-03-27T20:38:39.000+0000
0ZRWj0000006KZFOA2,01tWj00000C39LRIAZ,0ZGam000000isCnGAI,2026-03-27T20:39:10.000+0000
0ZRWj0000006KZGOA2,01tWj00000C39LSIAZ,0ZGam000000isCnGAI,2026-03-27T20:39:10.000+0000
0ZRWj0000006MwtOAE,01tWj00000C39LTIAZ,0ZGam000000isCnGAI,2026-03-27T23:32:20.000+0000
0ZRWj0000006NWsOAM,01tWj00000C39LUIAZ,0ZGam000000isCnGAI,2026-03-27T23:33:04.000+0000
0ZRWj0000006Nn3OAE,01tWj00000C39LVIAZ,0ZGam000000isCnGAI,2026-03-27T23:33:23.000+0000
0ZRWj0000006MiGOAU,01tWj00000C39LWIAZ,0ZGam000000isCnGAI,2026-03-27T23:32:04.000+0000
0ZRWj0000006NHzOAM,01tWj00000C39LXIAZ,0ZGam000000isCnGAI,2026-03-27T23:32:46.000+0000
0ZRWj0000006MdJOAU,01tWj00000C39LYIAZ,0ZGam000000isCnGAI,2026-03-27T23:31:57.000+0000
0ZRWj0000006NJ9OAM,01tWj00000C39LZIAZ,0ZGam000000isCnGAI,2026-03-27T23:32:46.000+0000
0ZRWj0000006NnsOAE,01tWj00000C39LaIAJ,0ZGam000000isCnGAI,2026-03-27T23:33:23.000+0000
0ZRWj0000006NbAOAU,01tWj00000C39LbIAJ,0ZGam000000isCnGAI,2026-03-27T23:33:08.000+0000
0ZRWj0000006K9EOAU,01tWj00000C39LcIAJ,0ZGam000000isCnGAI,2026-03-27T20:30:25.000+0000
0ZRWj0000006K9FOAU,01tWj00000C39LdIAJ,0ZGam000000isCnGAI,2026-03-27T20:30:25.000+0000
0ZRWj0000006KAxOAM,01tWj00000C39LeIAJ,0ZGam000000isCnGAI,2026-03-27T20:31:01.000+0000
0ZRWj0000006KCZOA2,01tWj00000C39LfIAJ,0ZGam000000isCnGAI,2026-03-27T20:31:31.000+0000
0ZRWj0000006KCaOAM,01tWj00000C39LgIAJ,0ZGam000000isCnGAI,2026-03-27T20:31:31.000+0000
0ZRWj0000006KEBOA2,01tWj00000C39LhIAJ,0ZGam000000isCnGAI,2026-03-27T20:32:06.000+0000
0ZRWj0000006KECOA2,01tWj00000C39LiIAJ,0ZGam000000isCnGAI,2026-03-27T20:32:06.000+0000
0ZRWj0000006KFiOAM,01tWj00000C39LjIAJ,0ZGam000000isCnGAI,2026-03-27T20:32:31.000+0000
0ZRWj0000006KHfOAM,01tWj00000C39LkIAJ,0ZGam000000isCnGAI,2026-03-27T20:33:12.000+0000
0ZRWj0000006KHgOAM,01tWj00000C39LlIAJ,0ZGam000000isCnGAI,2026-03-27T20:33:12.000+0000
0ZRWj0000006KHhOAM,01tWj00000C39LmIAJ,0ZGam000000isCnGAI,2026-03-27T20:33:12.000+0000
0ZRWj0000006KJHOA2,01tWj00000C39LnIAJ,0ZGam000000isCnGAI,2026-03-27T20:33:49.000+0000
0ZRWj0000006KJIOA2,01tWj00000C39LoIAJ,0ZGam000000isCnGAI,2026-03-27T20:33:49.000+0000
0ZRWj0000006KJJOA2,01tWj00000C39LpIAJ,0ZGam000000isCnGAI,2026-03-27T20:33:49.000+0000
0ZRWj0000006KKbOAM,01tWj00000C39LqIAJ,0ZGam000000isCnGAI,2026-03-27T20:34:33.000+0000
0ZRWj0000006KMVOA2,01tWj00000C39LrIAJ,0ZGam000000isCnGAI,2026-03-27T20:35:28.000+0000
0ZRWj0000006KMWOA2,01tWj00000C39LsIAJ,0ZGam000000isCnGAI,2026-03-27T20:35:28.000+0000
0ZRWj0000006KMXOA2,01tWj00000C39LtIAJ,0ZGam000000isCnGAI,2026-03-27T20:35:28.000+0000
0ZRWj0000006KOLOA2,01tWj00000C39LuIAJ,0ZGam000000isCnGAI,2026-03-27T20:36:16.000+0000
0ZRWj0000006KOMOA2,01tWj00000C39LvIAJ,0ZGam000000isCnGAI,2026-03-27T20:36:16.000+0000
0ZRWj0000006KONOA2,01tWj00000C39LwIAJ,0ZGam000000isCnGAI,2026-03-27T20:36:16.000+0000
0ZRWj0000006KOOOA2,01tWj00000C39LxIAJ,0ZGam000000isCnGAI,2026-03-27T20:36:16.000+0000
0ZRWj0000006KRhOAM,01tWj00000C39LyIAJ,0ZGam000000isCnGAI,2026-03-27T20:37:06.000+0000
0ZRWj0000006KRiOAM,01tWj00000C39LzIAJ,0ZGam000000isCnGAI,2026-03-27T20:37:06.000+0000
0ZRWj0000006KRjOAM,01tWj00000C39M0IAJ,0ZGam000000isCnGAI,2026-03-27T20:37:06.000+0000
0ZRWj0000006KRkOAM,01tWj00000C39M1IAJ,0ZGam000000isCnGAI,2026-03-27T20:37:06.000+0000
0ZRWj0000006KUgOAM,01tWj00000C39M2IAJ,0ZGam000000isCnGAI,2026-03-27T20:37:59.000+0000
0ZRWj0000006KUhOAM,01tWj00000C39M3IAJ,0ZGam000000isCnGAI,2026-03-27T20:37:59.000+0000
0ZRWj0000006KUiOAM,01tWj00000C39M4IAJ,0ZGam000000isCnGAI,2026-03-27T20:37:59.000+0000
0ZRWj0000006KXgOAM,01tWj00000C39M5IAJ,0ZGam000000isCnGAI,2026-03-27T20:38:39.000+0000
0ZRWj0000006KXhOAM,01tWj00000C39M6IAJ,0ZGam000000isCnGAI,2026-03-27T20:38:39.000+0000
0ZRWj0000006KZBOA2,01tWj00000C39M7IAJ,0ZGam000000isCnGAI,2026-03-27T20:39:10.000+0000
0ZRWj0000006KZCOA2,01tWj00000C39M8IAJ,0ZGam000000isCnGAI,2026-03-27T20:39:10.000+0000
0ZRWj0000006MeUOAU,01tWj00000C39M9IAJ,0ZGam000000isCnGAI,2026-03-27T23:32:01.000+0000
0ZRWj0000006NOVOA2,01tWj00000C39MAIAZ,0ZGam000000isCnGAI,2026-03-27T23:32:53.000+0000
0ZRWj0000006McsOAE,01tWj00000C39MBIAZ,0ZGam000000isCnGAI,2026-03-27T23:31:57.000+0000
0ZRWj0000006NFvOAM,01tWj00000C39MCIAZ,0ZGam000000isCnGAI,2026-03-27T23:32:42.000+0000
0ZRWj0000006MnLOAU,01tWj00000C39MDIAZ,0ZGam000000isCnGAI,2026-03-27T23:32:08.000+0000
0ZRWj0000006NOeOAM,01tWj00000C39MEIAZ,0ZGam000000isCnGAI,2026-03-27T23:32:53.000+0000
0ZRWj0000006N94OAE,01tWj00000C39MFIAZ,0ZGam000000isCnGAI,2026-03-27T23:32:34.000+0000
0ZRWj0000006MeGOAU,01tWj00000C39MGIAZ,0ZGam000000isCnGAI,2026-03-27T23:32:01.000+0000
0ZRWj0000006NE8OAM,01tWj00000C39MHIAZ,0ZGam000000isCnGAI,2026-03-27T23:32:42.000+0000
0ZRWj0000006K9GOAU,01tWj00000C39MIIAZ,0ZGam000000isCnGAI,2026-03-27T20:30:25.000+0000
0ZRWj0000006K9HOAU,01tWj00000C39MJIAZ,0ZGam000000isCnGAI,2026-03-27T20:30:25.000+0000
0ZRWj0000006KAyOAM,01tWj00000C39MKIAZ,0ZGam000000isCnGAI,2026-03-27T20:31:01.000+0000
0ZRWj0000006KCbOAM,01tWj00000C39MLIAZ,0ZGam000000isCnGAI,2026-03-27T20:31:31.000+0000
0ZRWj0000006KCcOAM,01tWj00000C39MMIAZ,0ZGam000000isCnGAI,2026-03-27T20:31:31.000+0000
0ZRWj0000006KEDOA2,01tWj00000C39MNIAZ,0ZGam000000isCnGAI,2026-03-27T20:32:06.000+0000
0ZRWj0000006KEEOA2,01tWj00000C39MOIAZ,0ZGam000000isCnGAI,2026-03-27T20:32:06.000+0000
0ZRWj0000006NoTOAU,01tWj00000C39MPIAZ,0ZGam000000isBBGAY,2026-03-27T23:33:23.000+0000
0ZRWj0000006Ng9OAE,01tWj00000C39MQIAZ,0ZGam000000isBBGAY,2026-03-27T23:33:12.000+0000
0ZRWj0000006NHCOA2,01tWj00000C39MRIAZ,0ZGam000000isBBGAY,2026-03-27T23:32:46.000+0000
0ZRWj0000006McuOAE,01tWj00000C39MSIAZ,0ZGam000000isBBGAY,2026-03-27T23:31:57.000+0000
0ZRWj0000006NtDOAU,01tWj00000C39MTIAZ,0ZGam000000isBBGAY,2026-03-27T23:33:31.000+0000
0ZRWj0000006NfnOAE,01tWj00000C39MUIAZ,0ZGam000000isBBGAY,2026-03-27T23:33:12.000+0000
0ZRWj0000006NbgOAE,01tWj00000C39MVIAZ,0ZGam000000isBBGAY,2026-03-27T23:33:08.000+0000
0ZRWj0000006Ms3OAE,01tWj00000C39MWIAZ,0ZGam000000isBBGAY,2026-03-27T23:32:15.000+0000
0ZRWj0000006NVWOA2,01tWj00000C39MXIAZ,0ZGam000000isBBGAY,2026-03-27T23:33:01.000+0000
0ZRWj0000006NPPOA2,01tWj00000C39MYIAZ,0ZGam000000isBBGAY,2026-03-27T23:32:53.000+0000
0ZRWj0000006MwGOAU,01tWj00000C39MZIAZ,0ZGam000000isBBGAY,2026-03-27T23:32:20.000+0000
0ZRWj0000006Nv1OAE,01tWj00000C39MaIAJ,0ZGam000000isBBGAY,2026-03-27T23:33:31.000+0000
0ZRWj0000006NhGOAU,01tWj00000C39MbIAJ,0ZGam000000isBBGAY,2026-03-27T23:33:16.000+0000
0ZRWj0000006Ms5OAE,01tWj00000C39McIAJ,0ZGam000000isBBGAY,2026-03-27T23:32:15.000+0000
0ZRWj0000006NREOA2,01tWj00000C39MdIAJ,0ZGam000000isBBGAY,2026-03-27T23:32:57.000+0000
0ZRWj0000006NWjOAM,01tWj00000C39MeIAJ,0ZGam000000isBBGAY,2026-03-27T23:33:04.000+0000
0ZRWj0000006N9LOAU,01tWj00000C39MfIAJ,0ZGam000000isBBGAY,2026-03-27T23:32:34.000+0000
0ZRWj0000006K7XOAU,01tWj00000C39MgIAJ,0ZGam000000isCnGAI,2026-03-27T20:29:48.000+0000
0ZRWj0000006K9SOAU,01tWj00000C39MhIAJ,0ZGam000000isCnGAI,2026-03-27T20:30:25.000+0000
0ZRWj0000006K9TOAU,01tWj00000C39MiIAJ,0ZGam000000isCnGAI,2026-03-27T20:30:25.000+0000
0ZRWj0000006K0qOAE,01tWj00000C39MjIAJ,0ZGam000000isCnGAI,2026-03-27T20:02:30.000+0000
0ZRWj0000006K0pOAE,01tWj00000C39MkIAJ,0ZGam000000isCnGAI,2026-03-27T20:02:30.000+0000
0ZRWj0000006K0oOAE,01tWj00000C39MlIAJ,0ZGam000000isCnGAI,2026-03-27T20:02:30.000+0000
0ZRWj0000006K0nOAE,01tWj00000C39MmIAJ,0ZGam000000isCnGAI,2026-03-27T20:02:30.000+0000
0ZRWj0000006K0mOAE,01tWj00000C39MnIAJ,0ZGam000000isCnGAI,2026-03-27T20:02:30.000+0000
0ZRWj0000006K0lOAE,01tWj00000C39MoIAJ,0ZGam000000isCnGAI,2026-03-27T20:02:30.000+0000
0ZRWj0000006K0kOAE,01tWj00000C39MpIAJ,0ZGam000000isCnGAI,2026-03-27T20:02:30.000+0000
0ZRWj0000006K0jOAE,01tWj00000C39MqIAJ,0ZGam000000isCnGAI,2026-03-27T20:02:30.000+0000
0ZRWj0000006K0iOAE,01tWj00000C39MrIAJ,0ZGam000000isCnGAI,2026-03-27T20:02:30.000+0000
0ZRWj0000006K0hOAE,01tWj00000C39MsIAJ,0ZGam000000isCnGAI,2026-03-27T20:02:30.000+0000
0ZRWj0000006K0gOAE,01tWj00000C39MtIAJ,0ZGam000000isCnGAI,2026-03-27T20:02:30.000+0000
0ZRWj0000006K0fOAE,01tWj00000C39MuIAJ,0ZGam000000isCnGAI,2026-03-27T20:02:30.000+0000
0ZRWj0000006K0eOAE,01tWj00000C39MvIAJ,0ZGam000000isCnGAI,2026-03-27T20:02:30.000+0000
0ZRWj0000006K0dOAE,01tWj00000C39MwIAJ,0ZGam000000isCnGAI,2026-03-27T20:02:30.000+0000
0ZRWj0000006K0cOAE,01tWj00000C39MxIAJ,0ZGam000000isCnGAI,2026-03-27T20:02:30.000+0000
0ZRWj0000006K0bOAE,01tWj00000C39MyIAJ,0ZGam000000isCnGAI,2026-03-27T20:02:30.000+0000
0ZRWj0000006K0aOAE,01tWj00000C39MzIAJ,0ZGam000000isCnGAI,2026-03-27T20:02:30.000+0000
0ZRWj0000006K0ZOAU,01tWj00000C39N0IAJ,0ZGam000000isCnGAI,2026-03-27T20:02:30.000+0000
0ZRWj0000006K0YOAU,01tWj00000C39N1IAJ,0ZGam000000isCnGAI,2026-03-27T20:02:30.000+0000
0ZRWj0000006K0XOAU,01tWj00000C39N2IAJ,0ZGam000000isCnGAI,2026-03-27T20:02:30.000+0000
0ZRWj0000006K0WOAU,01tWj00000C39N3IAJ,0ZGam000000isCnGAI,2026-03-27T20:02:30.000+0000
0ZRWj0000006K0VOAU,01tWj00000C39N4IAJ,0ZGam000000isCnGAI,2026-03-27T20:02:30.000+0000
0ZRWj0000006K0UOAU,01tWj00000C39N5IAJ,0ZGam000000isCnGAI,2026-03-27T20:02:30.000+0000
0ZRWj0000006K0TOAU,01tWj00000C39N6IAJ,0ZGam000000isCnGAI,2026-03-27T20:02:30.000+0000
0ZRWj0000006K0SOAU,01tWj00000C39N7IAJ,0ZGam000000isCnGAI,2026-03-27T20:02:30.000+0000
0ZRWj0000006K0ROAU,01tWj00000C39N8IAJ,0ZGam000000isCnGAI,2026-03-27T20:02:30.000+0000
0ZRWj0000006K0QOAU,01tWj00000C39N9IAJ,0ZGam000000isCnGAI,2026-03-27T20:02:30.000+0000
0ZRWj0000006K0POAU,01tWj00000C39NAIAZ,0ZGam000000isCnGAI,2026-03-27T20:02:30.000+0000
0ZRWj0000006K0OOAU,01tWj00000C39NBIAZ,0ZGam000000isCnGAI,2026-03-27T20:02:30.000+0000
0ZRWj0000006K0NOAU,01tWj00000C39NCIAZ,0ZGam000000isCnGAI,2026-03-27T20:02:30.000+0000
0ZRWj0000006K0MOAU,01tWj00000C39NDIAZ,0ZGam000000isCnGAI,2026-03-27T20:02:30.000+0000
0ZRWj0000006K0LOAU,01tWj00000C39NEIAZ,0ZGam000000isCnGAI,2026-03-27T20:02:30.000+0000
0ZRWj0000006K0KOAU,01tWj00000C39NFIAZ,0ZGam000000isCnGAI,2026-03-27T20:02:30.000+0000
0ZRWj0000006K0JOAU,01tWj00000C39NGIAZ,0ZGam000000isCnGAI,2026-03-27T20:02:30.000+0000
0ZRWj0000006K0IOAU,01tWj00000C39NHIAZ,0ZGam000000isCnGAI,2026-03-27T20:02:30.000+0000
0ZRWj0000006K0HOAU,01tWj00000C39NIIAZ,0ZGam000000isCnGAI,2026-03-27T20:02:30.000+0000
0ZRWj0000006K0GOAU,01tWj00000C39NJIAZ,0ZGam000000isCnGAI,2026-03-27T20:02:30.000+0000
0ZRWj0000006K0FOAU,01tWj00000C39NKIAZ,0ZGam000000isCnGAI,2026-03-27T20:02:30.000+0000
0ZRWj0000006K0EOAU,01tWj00000C39NLIAZ,0ZGam000000isCnGAI,2026-03-27T20:02:30.000+0000
0ZRWj0000006K0DOAU,01tWj00000C39NMIAZ,0ZGam000000isCnGAI,2026-03-27T20:02:30.000+0000
0ZRWj0000006K0COAU,01tWj00000C39NNIAZ,0ZGam000000isCnGAI,2026-03-27T20:02:30.000+0000
0ZRWj0000006K0BOAU,01tWj00000C39NOIAZ,0ZGam000000isCnGAI,2026-03-27T20:02:30.000+0000
0ZRWj0000006K0AOAU,01tWj00000C39NPIAZ,0ZGam000000isCnGAI,2026-03-27T20:02:30.000+0000
0ZRWj0000006K09OAE,01tWj00000C39NQIAZ,0ZGam000000isCnGAI,2026-03-27T20:02:30.000+0000
0ZRWj0000006K08OAE,01tWj00000C39NRIAZ,0ZGam000000isCnGAI,2026-03-27T20:02:30.000+0000
0ZRWj0000006K07OAE,01tWj00000C39NSIAZ,0ZGam000000isCnGAI,2026-03-27T20:02:30.000+0000
0ZRWj0000006K06OAE,01tWj00000C39NTIAZ,0ZGam000000isCnGAI,2026-03-27T20:02:30.000+0000
0ZRWj0000006KcwOAE,01tWj00000C39NUIAZ,0ZGam000000isBBGAY,2026-03-27T20:40:58.000+0000
0ZRWj0000006KgAOAU,01tWj00000C39NUIAZ,0ZGam000000itATGAY,2026-03-27T20:41:20.000+0000
0ZRWj0000006KgBOAU,01tWj00000C39NVIAZ,0ZGam000000itATGAY,2026-03-27T20:41:20.000+0000
0ZRWj0000006KcxOAE,01tWj00000C39NVIAZ,0ZGam000000isBBGAY,2026-03-27T20:40:58.000+0000
0ZRWj0000006KcyOAE,01tWj00000C39NWIAZ,0ZGam000000isBBGAY,2026-03-27T20:40:58.000+0000
0ZRWj0000006KgCOAU,01tWj00000C39NWIAZ,0ZGam000000itATGAY,2026-03-27T20:41:20.000+0000
0ZRWj0000006KinOAE,01tWj00000C39NXIAZ,0ZGam000000itATGAY,2026-03-27T20:43:17.000+0000
0ZRWj0000006Km1OAE,01tWj00000C39NXIAZ,0ZGam000000isBBGAY,2026-03-27T20:43:37.000+0000
0ZRWj0000006Km2OAE,01tWj00000C39NYIAZ,0ZGam000000isBBGAY,2026-03-27T20:43:37.000+0000
0ZRWj0000006KioOAE,01tWj00000C39NYIAZ,0ZGam000000itATGAY,2026-03-27T20:43:17.000+0000
0ZRWj0000006KslOAE,01tWj00000C39NZIAZ,0ZGam000000isBBGAY,2026-03-27T20:44:27.000+0000
0ZRWj0000006KpXOAU,01tWj00000C39NZIAZ,0ZGam000000itATGAY,2026-03-27T20:44:12.000+0000
0ZRWj0000006KsmOAE,01tWj00000C39NaIAJ,0ZGam000000isBBGAY,2026-03-27T20:44:27.000+0000
0ZRWj0000006KpYOAU,01tWj00000C39NaIAJ,0ZGam000000itATGAY,2026-03-27T20:44:12.000+0000
0ZRWj0000006Kw5OAE,01tWj00000C39NbIAJ,0ZGam000000isBBGAY,2026-03-27T21:04:22.000+0000
0ZRWj0000006KzJOAU,01tWj00000C39NbIAJ,0ZGam000000itATGAY,2026-03-27T21:04:37.000+0000
0ZRWj0000006KzKOAU,01tWj00000C39NcIAJ,0ZGam000000itATGAY,2026-03-27T21:04:37.000+0000
0ZRWj0000006Kw6OAE,01tWj00000C39NcIAJ,0ZGam000000isBBGAY,2026-03-27T21:04:22.000+0000
0ZRWj0000006L2DOAU,01tWj00000C39NdIAJ,0ZGam000000isBBGAY,2026-03-27T21:05:29.000+0000
0ZRWj0000006L5ROAU,01tWj00000C39NdIAJ,0ZGam000000itATGAY,2026-03-27T21:05:44.000+0000
0ZRWj0000006L2EOAU,01tWj00000C39NeIAJ,0ZGam000000isBBGAY,2026-03-27T21:05:29.000+0000
0ZRWj0000006L5SOAU,01tWj00000C39NeIAJ,0ZGam000000itATGAY,2026-03-27T21:05:44.000+0000
0ZRWj0000006L8zOAE,01tWj00000C39NfIAJ,0ZGam000000itATGAY,2026-03-27T21:06:18.000+0000
0ZRWj0000006LCDOA2,01tWj00000C39NfIAJ,0ZGam000000isBBGAY,2026-03-27T21:06:35.000+0000
0ZRWj0000006L90OAE,01tWj00000C39NgIAJ,0ZGam000000itATGAY,2026-03-27T21:06:18.000+0000
0ZRWj0000006LCEOA2,01tWj00000C39NgIAJ,0ZGam000000isBBGAY,2026-03-27T21:06:35.000+0000
0ZRWj0000006NvUOAU,01tWj00000C39NhIAJ,0ZGam000000isBBGAY,2026-03-27T23:33:31.000+0000
0ZRWj0000006NmFOAU,01tWj00000C39NiIAJ,0ZGam000000isBBGAY,2026-03-27T23:33:20.000+0000
0ZRWj0000006NM1OAM,01tWj00000C39NjIAJ,0ZGam000000isBBGAY,2026-03-27T23:32:50.000+0000
0ZRWj0000006NG4OAM,01tWj00000C39NkIAJ,0ZGam000000isBBGAY,2026-03-27T23:32:42.000+0000
0ZRWj0000006McjOAE,01tWj00000C39NlIAJ,0ZGam000000isBBGAY,2026-03-27T23:31:57.000+0000
0ZRWj0000006MpeOAE,01tWj00000C39NmIAJ,0ZGam000000isBBGAY,2026-03-27T23:32:12.000+0000
0ZRWj0000006MvqOAE,01tWj00000C39NnIAJ,0ZGam000000isBBGAY,2026-03-27T23:32:20.000+0000
0ZRWj0000006NXDOA2,01tWj00000C39NoIAJ,0ZGam000000isBBGAY,2026-03-27T23:33:04.000+0000
0ZRWj0000006No1OAE,01tWj00000C39NpIAJ,0ZGam000000isBBGAY,2026-03-27T23:33:23.000+0000
0ZRWj0000006NIFOA2,01tWj00000C39NqIAJ,0ZGam000000isBBGAY,2026-03-27T23:32:46.000+0000
0ZRWj0000006NKwOAM,01tWj00000C39NrIAJ,0ZGam000000isBBGAY,2026-03-27T23:32:50.000+0000
0ZRWj0000006NDSOA2,01tWj00000C39NsIAJ,0ZGam000000isBBGAY,2026-03-27T23:32:42.000+0000
0ZRWj0000006NF1OAM,01tWj00000C39NtIAJ,0ZGam000000isBBGAY,2026-03-27T23:32:42.000+0000
0ZRWj0000006MsUOAU,01tWj00000C39NuIAJ,0ZGam000000isBBGAY,2026-03-27T23:32:15.000+0000
0ZRWj0000006Mh1OAE,01tWj00000C39NvIAJ,0ZGam000000isBBGAY,2026-03-27T23:32:04.000+0000
0ZRWj0000006MepOAE,01tWj00000C39NwIAJ,0ZGam000000isBBGAY,2026-03-27T23:32:01.000+0000
0ZRWj0000006N8SOAU,01tWj00000C39NxIAJ,0ZGam000000isBBGAY,2026-03-27T23:32:34.000+0000
0ZRWj0000006N7COAU,01tWj00000C39NyIAJ,0ZGam000000isBBGAY,2026-03-27T23:32:34.000+0000
0ZRWj0000006MhbOAE,01tWj00000C39NzIAJ,0ZGam000000isBBGAY,2026-03-27T23:32:04.000+0000
0ZRWj0000006N58OAE,01tWj00000C39O0IAJ,0ZGam000000isBBGAY,2026-03-27T23:32:31.000+0000
0ZRWj0000006MvcOAE,01tWj00000C39O1IAJ,0ZGam000000isBBGAY,2026-03-27T23:32:20.000+0000
0ZRWj0000006MpoOAE,01tWj00000C39O2IAJ,0ZGam000000isBBGAY,2026-03-27T23:32:12.000+0000
0ZRWj0000006NUJOA2,01tWj00000C39O3IAJ,0ZGam000000isBBGAY,2026-03-27T23:33:01.000+0000
0ZRWj0000006NlwOAE,01tWj00000C39O4IAJ,0ZGam000000isBBGAY,2026-03-27T23:33:20.000+0000
0ZRWj0000006MiXOAU,01tWj00000C39O5IAJ,0ZGam000000isBBGAY,2026-03-27T23:32:04.000+0000
0ZRWj0000006MmpOAE,01tWj00000C39O6IAJ,0ZGam000000isBBGAY,2026-03-27T23:32:08.000+0000
0ZRWj0000006NN8OAM,01tWj00000C39O7IAJ,0ZGam000000isBBGAY,2026-03-27T23:32:53.000+0000
0ZRWj0000006NRNOA2,01tWj00000C39O8IAJ,0ZGam000000isBBGAY,2026-03-27T23:32:57.000+0000
0ZRWj0000006Np8OAE,01tWj00000C39O9IAJ,0ZGam000000isBBGAY,2026-03-27T23:33:23.000+0000
0ZRWj0000006NdwOAE,01tWj00000C39OAIAZ,0ZGam000000isBBGAY,2026-03-27T23:33:12.000+0000
0ZRWj0000006NovOAE,01tWj00000C39OBIAZ,0ZGam000000isBBGAY,2026-03-27T23:33:23.000+0000
0ZRWj0000006NmkOAE,01tWj00000C39OCIAZ,0ZGam000000isBBGAY,2026-03-27T23:33:23.000+0000
0ZRWj0000006NH4OAM,01tWj00000C39ODIAZ,0ZGam000000isBBGAY,2026-03-27T23:32:46.000+0000
0ZRWj0000006NYOOA2,01tWj00000C39OEIAZ,0ZGam000000isBBGAY,2026-03-27T23:33:04.000+0000
0ZRWj0000006NDfOAM,01tWj00000C39OFIAZ,0ZGam000000isBBGAY,2026-03-27T23:32:42.000+0000
0ZRWj0000006NVoOAM,01tWj00000C39OGIAZ,0ZGam000000isBBGAY,2026-03-27T23:33:01.000+0000
0ZRWj0000006NAEOA2,01tWj00000C39OHIAZ,0ZGam000000isBBGAY,2026-03-27T23:32:38.000+0000
0ZRWj0000006K05OAE,01tWj00000C39OIIAZ,0ZGam000000isCnGAI,2026-03-27T20:02:30.000+0000
0ZRWj0000006K04OAE,01tWj00000C39OJIAZ,0ZGam000000isCnGAI,2026-03-27T20:02:30.000+0000
0ZRWj0000006K03OAE,01tWj00000C39OKIAZ,0ZGam000000isCnGAI,2026-03-27T20:02:30.000+0000
0ZRWj0000006K02OAE,01tWj00000C39OLIAZ,0ZGam000000isCnGAI,2026-03-27T20:02:30.000+0000
0ZRWj0000006K01OAE,01tWj00000C39OMIAZ,0ZGam000000isCnGAI,2026-03-27T20:02:30.000+0000
0ZRWj0000006K00OAE,01tWj00000C39ONIAZ,0ZGam000000isCnGAI,2026-03-27T20:02:30.000+0000
0ZRWj0000006JzzOAE,01tWj00000C39OOIAZ,0ZGam000000isCnGAI,2026-03-27T20:02:30.000+0000
0ZRWj0000006JzyOAE,01tWj00000C39OPIAZ,0ZGam000000isCnGAI,2026-03-27T20:02:30.000+0000
0ZRWj0000006JzxOAE,01tWj00000C39OQIAZ,0ZGam000000isCnGAI,2026-03-27T20:02:30.000+0000
0ZRWj0000006JzwOAE,01tWj00000C39ORIAZ,0ZGam000000isCnGAI,2026-03-27T20:02:30.000+0000
0ZRWj0000006JzvOAE,01tWj00000C39OSIAZ,0ZGam000000isCnGAI,2026-03-27T20:02:30.000+0000
0ZRWj0000006JzuOAE,01tWj00000C39OTIAZ,0ZGam000000isCnGAI,2026-03-27T20:02:30.000+0000
0ZRWj0000006JztOAE,01tWj00000C39OUIAZ,0ZGam000000isCnGAI,2026-03-27T20:02:30.000+0000
0ZRWj0000006JzsOAE,01tWj00000C39OVIAZ,0ZGam000000isCnGAI,2026-03-27T20:02:30.000+0000
0ZRWj0000006JzrOAE,01tWj00000C39OWIAZ,0ZGam000000isCnGAI,2026-03-27T20:02:30.000+0000
0ZRWj0000006JzqOAE,01tWj00000C39OXIAZ,0ZGam000000isCnGAI,2026-03-27T20:02:30.000+0000
0ZRWj0000006JzpOAE,01tWj00000C39OYIAZ,0ZGam000000isCnGAI,2026-03-27T20:02:30.000+0000
0ZRWj0000006JzoOAE,01tWj00000C39OZIAZ,0ZGam000000isCnGAI,2026-03-27T20:02:30.000+0000
0ZRWj0000006JznOAE,01tWj00000C39OaIAJ,0ZGam000000isCnGAI,2026-03-27T20:02:30.000+0000
0ZRWj0000006JzmOAE,01tWj00000C39ObIAJ,0ZGam000000isCnGAI,2026-03-27T20:02:30.000+0000
0ZRWj0000006JzlOAE,01tWj00000C39OcIAJ,0ZGam000000isCnGAI,2026-03-27T20:02:30.000+0000
0ZRWj0000006JzkOAE,01tWj00000C39OdIAJ,0ZGam000000isCnGAI,2026-03-27T20:02:30.000+0000
0ZRWj0000006JzjOAE,01tWj00000C39OeIAJ,0ZGam000000isCnGAI,2026-03-27T20:02:30.000+0000
0ZRWj0000006JziOAE,01tWj00000C39OfIAJ,0ZGam000000isCnGAI,2026-03-27T20:02:30.000+0000
0ZRWj0000006JzhOAE,01tWj00000C39OgIAJ,0ZGam000000isCnGAI,2026-03-27T20:02:30.000+0000
0ZRWj0000006JzgOAE,01tWj00000C39OhIAJ,0ZGam000000isCnGAI,2026-03-27T20:02:30.000+0000
0ZRWj0000006JzfOAE,01tWj00000C39OiIAJ,0ZGam000000isCnGAI,2026-03-27T20:02:30.000+0000
0ZRWj0000006JzeOAE,01tWj00000C39OjIAJ,0ZGam000000isCnGAI,2026-03-27T20:02:30.000+0000
0ZRWj0000006JzdOAE,01tWj00000C39OkIAJ,0ZGam000000isCnGAI,2026-03-27T20:02:30.000+0000
0ZRWj0000006JzcOAE,01tWj00000C39OlIAJ,0ZGam000000isCnGAI,2026-03-27T20:02:30.000+0000
0ZRWj0000006JzbOAE,01tWj00000C39OmIAJ,0ZGam000000isCnGAI,2026-03-27T20:02:30.000+0000
0ZRWj0000006JzaOAE,01tWj00000C39OnIAJ,0ZGam000000isCnGAI,2026-03-27T20:02:30.000+0000
0ZRWj0000006JzZOAU,01tWj00000C39OoIAJ,0ZGam000000isCnGAI,2026-03-27T20:02:30.000+0000
0ZRWj0000006JzYOAU,01tWj00000C39OpIAJ,0ZGam000000isCnGAI,2026-03-27T20:02:30.000+0000
0ZRWj0000006JzXOAU,01tWj00000C39OqIAJ,0ZGam000000isCnGAI,2026-03-27T20:02:30.000+0000
0ZRWj0000006JzWOAU,01tWj00000C39OrIAJ,0ZGam000000isCnGAI,2026-03-27T20:02:30.000+0000
0ZRWj0000006JzVOAU,01tWj00000C39OsIAJ,0ZGam000000isCnGAI,2026-03-27T20:02:30.000+0000
0ZRWj0000006JzUOAU,01tWj00000C39OtIAJ,0ZGam000000isCnGAI,2026-03-27T20:02:30.000+0000
0ZRWj0000006JzTOAU,01tWj00000C39OuIAJ,0ZGam000000isCnGAI,2026-03-27T20:02:30.000+0000
0ZRWj0000006JzSOAU,01tWj00000C39OvIAJ,0ZGam000000isCnGAI,2026-03-27T20:02:30.000+0000
0ZRWj0000006JzROAU,01tWj00000C39OwIAJ,0ZGam000000isCnGAI,2026-03-27T20:02:30.000+0000
0ZRWj0000006JzQOAU,01tWj00000C39OxIAJ,0ZGam000000isCnGAI,2026-03-27T20:02:30.000+0000
0ZRWj0000006JzPOAU,01tWj00000C39OyIAJ,0ZGam000000isCnGAI,2026-03-27T20:02:30.000+0000
0ZRWj0000006JzOOAU,01tWj00000C39OzIAJ,0ZGam000000isCnGAI,2026-03-27T20:02:30.000+0000
0ZRWj0000006JzNOAU,01tWj00000C39P0IAJ,0ZGam000000isCnGAI,2026-03-27T20:02:30.000+0000
0ZRWj0000006JzMOAU,01tWj00000C39P1IAJ,0ZGam000000isCnGAI,2026-03-27T20:02:30.000+0000
0ZRWj0000006JzLOAU,01tWj00000C39P2IAJ,0ZGam000000isCnGAI,2026-03-27T20:02:30.000+0000
0ZRWj0000006JzKOAU,01tWj00000C39P3IAJ,0ZGam000000isCnGAI,2026-03-27T20:02:30.000+0000
0ZRWj0000006JzJOAU,01tWj00000C39P4IAJ,0ZGam000000isCnGAI,2026-03-27T20:02:30.000+0000
0ZRWj0000006JzIOAU,01tWj00000C39P5IAJ,0ZGam000000isCnGAI,2026-03-27T20:02:30.000+0000
0ZRWj0000006KcbOAE,01tWj00000C39P6IAJ,0ZGam000000isBBGAY,2026-03-27T20:40:58.000+0000
0ZRWj0000006KfpOAE,01tWj00000C39P6IAJ,0ZGam000000itATGAY,2026-03-27T20:41:20.000+0000
0ZRWj0000006KfqOAE,01tWj00000C39P7IAJ,0ZGam000000itATGAY,2026-03-27T20:41:20.000+0000
0ZRWj0000006KccOAE,01tWj00000C39P7IAJ,0ZGam000000isBBGAY,2026-03-27T20:40:58.000+0000
0ZRWj0000006KfrOAE,01tWj00000C39P8IAJ,0ZGam000000itATGAY,2026-03-27T20:41:20.000+0000
0ZRWj0000006KcdOAE,01tWj00000C39P8IAJ,0ZGam000000isBBGAY,2026-03-27T20:40:58.000+0000
0ZRWj0000006KiTOAU,01tWj00000C39P9IAJ,0ZGam000000itATGAY,2026-03-27T20:43:17.000+0000
0ZRWj0000006KlhOAE,01tWj00000C39P9IAJ,0ZGam000000isBBGAY,2026-03-27T20:43:37.000+0000
0ZRWj0000006KiUOAU,01tWj00000C39PAIAZ,0ZGam000000itATGAY,2026-03-27T20:43:17.000+0000
0ZRWj0000006KliOAE,01tWj00000C39PAIAZ,0ZGam000000isBBGAY,2026-03-27T20:43:37.000+0000
0ZRWj0000006KpDOAU,01tWj00000C39PBIAZ,0ZGam000000itATGAY,2026-03-27T20:44:12.000+0000
0ZRWj0000006KsROAU,01tWj00000C39PBIAZ,0ZGam000000isBBGAY,2026-03-27T20:44:27.000+0000
0ZRWj0000006KsSOAU,01tWj00000C39PCIAZ,0ZGam000000isBBGAY,2026-03-27T20:44:27.000+0000
0ZRWj0000006KpEOAU,01tWj00000C39PCIAZ,0ZGam000000itATGAY,2026-03-27T20:44:12.000+0000
0ZRWj0000006KyzOAE,01tWj00000C39PDIAZ,0ZGam000000itATGAY,2026-03-27T21:04:37.000+0000
0ZRWj0000006KvlOAE,01tWj00000C39PDIAZ,0ZGam000000isBBGAY,2026-03-27T21:04:22.000+0000
0ZRWj0000006KvmOAE,01tWj00000C39PEIAZ,0ZGam000000isBBGAY,2026-03-27T21:04:22.000+0000
0ZRWj0000006Kz0OAE,01tWj00000C39PEIAZ,0ZGam000000itATGAY,2026-03-27T21:04:37.000+0000
0ZRWj0000006L1tOAE,01tWj00000C39PFIAZ,0ZGam000000isBBGAY,2026-03-27T21:05:29.000+0000
0ZRWj0000006L57OAE,01tWj00000C39PFIAZ,0ZGam000000itATGAY,2026-03-27T21:05:44.000+0000
0ZRWj0000006L1uOAE,01tWj00000C39PGIAZ,0ZGam000000isBBGAY,2026-03-27T21:05:29.000+0000
0ZRWj0000006L58OAE,01tWj00000C39PGIAZ,0ZGam000000itATGAY,2026-03-27T21:05:44.000+0000
0ZRWj0000006LBtOAM,01tWj00000C39PHIAZ,0ZGam000000isBBGAY,2026-03-27T21:06:35.000+0000
0ZRWj0000006L8fOAE,01tWj00000C39PHIAZ,0ZGam000000itATGAY,2026-03-27T21:06:18.000+0000
0ZRWj0000006L8gOAE,01tWj00000C39PIIAZ,0ZGam000000itATGAY,2026-03-27T21:06:18.000+0000
0ZRWj0000006LBuOAM,01tWj00000C39PIIAZ,0ZGam000000isBBGAY,2026-03-27T21:06:35.000+0000
0ZRWj0000006MexOAE,01tWj00000C39PJIAZ,0ZGam000000isBBGAY,2026-03-27T23:32:01.000+0000
0ZRWj0000006NLpOAM,01tWj00000C39PKIAZ,0ZGam000000isBBGAY,2026-03-27T23:32:50.000+0000
0ZRWj0000006N9sOAE,01tWj00000C39PLIAZ,0ZGam000000isBBGAY,2026-03-27T23:32:34.000+0000
0ZRWj0000006N1pOAE,01tWj00000C39PMIAZ,0ZGam000000isBBGAY,2026-03-27T23:32:27.000+0000
0ZRWj0000006NQVOA2,01tWj00000C39PNIAZ,0ZGam000000isBBGAY,2026-03-27T23:32:57.000+0000
0ZRWj0000006N21OAE,01tWj00000C39POIAZ,0ZGam000000isBBGAY,2026-03-27T23:32:27.000+0000
0ZRWj0000006N8nOAE,01tWj00000C39PPIAZ,0ZGam000000isBBGAY,2026-03-27T23:32:34.000+0000
0ZRWj0000006MxgOAE,01tWj00000C39PQIAZ,0ZGam000000isBBGAY,2026-03-27T23:32:23.000+0000
0ZRWj0000006N5FOAU,01tWj00000C39PRIAZ,0ZGam000000isBBGAY,2026-03-27T23:32:31.000+0000
0ZRWj0000006NaSOAU,01tWj00000C39PSIAZ,0ZGam000000isBBGAY,2026-03-27T23:33:08.000+0000
0ZRWj0000006NfdOAE,01tWj00000C39PTIAZ,0ZGam000000isBBGAY,2026-03-27T23:33:12.000+0000
0ZRWj0000006NDsOAM,01tWj00000C39PUIAZ,0ZGam000000isBBGAY,2026-03-27T23:32:42.000+0000
0ZRWj0000006NHkOAM,01tWj00000C39PVIAZ,0ZGam000000isBBGAY,2026-03-27T23:32:46.000+0000
0ZRWj0000006NUfOAM,01tWj00000C39PWIAZ,0ZGam000000isBBGAY,2026-03-27T23:33:01.000+0000
0ZRWj0000006NEOOA2,01tWj00000C39PXIAZ,0ZGam000000isBBGAY,2026-03-27T23:32:42.000+0000
0ZRWj0000006MxBOAU,01tWj00000C39PYIAZ,0ZGam000000isBBGAY,2026-03-27T23:32:23.000+0000
0ZRWj0000006Mo0OAE,01tWj00000C39PZIAZ,0ZGam000000isBBGAY,2026-03-27T23:32:12.000+0000
0ZRWj0000006Mb4OAE,01tWj00000C39PaIAJ,0ZGam000000isBBGAY,2026-03-27T23:31:57.000+0000
0ZRWj0000006Nj8OAE,01tWj00000C39PbIAJ,0ZGam000000isBBGAY,2026-03-27T23:33:16.000+0000
0ZRWj0000006Mu8OAE,01tWj00000C39PcIAJ,0ZGam000000isBBGAY,2026-03-27T23:32:20.000+0000
0ZRWj0000006MvIOAU,01tWj00000C39PdIAJ,0ZGam000000isBBGAY,2026-03-27T23:32:20.000+0000
0ZRWj0000006JzHOAU,01tWj00000C39PeIAJ,0ZGam000000isCnGAI,2026-03-27T20:02:30.000+0000
0ZRWj0000006JzGOAU,01tWj00000C39PfIAJ,0ZGam000000isCnGAI,2026-03-27T20:02:30.000+0000
0ZRWj0000006JzFOAU,01tWj00000C39PgIAJ,0ZGam000000isCnGAI,2026-03-27T20:02:30.000+0000
0ZRWj0000006JzEOAU,01tWj00000C39PhIAJ,0ZGam000000isCnGAI,2026-03-27T20:02:30.000+0000
0ZRWj0000006JzDOAU,01tWj00000C39PiIAJ,0ZGam000000isCnGAI,2026-03-27T20:02:30.000+0000
0ZRWj0000006JzCOAU,01tWj00000C39PjIAJ,0ZGam000000isCnGAI,2026-03-27T20:02:30.000+0000
0ZRWj0000006JzBOAU,01tWj00000C39PkIAJ,0ZGam000000isCnGAI,2026-03-27T20:02:30.000+0000
0ZRWj0000006JzAOAU,01tWj00000C39PlIAJ,0ZGam000000isCnGAI,2026-03-27T20:02:30.000+0000
0ZRWj0000006Jz9OAE,01tWj00000C39PmIAJ,0ZGam000000isCnGAI,2026-03-27T20:02:30.000+0000
0ZRWj0000006Jz8OAE,01tWj00000C39PnIAJ,0ZGam000000isCnGAI,2026-03-27T20:02:30.000+0000
0ZRWj0000006Jz7OAE,01tWj00000C39PoIAJ,0ZGam000000isCnGAI,2026-03-27T20:02:30.000+0000
0ZRWj0000006Jz6OAE,01tWj00000C39PpIAJ,0ZGam000000isCnGAI,2026-03-27T20:02:30.000+0000
0ZRWj0000006Jz5OAE,01tWj00000C39PqIAJ,0ZGam000000isCnGAI,2026-03-27T20:02:30.000+0000
0ZRWj0000006Jz4OAE,01tWj00000C39PrIAJ,0ZGam000000isCnGAI,2026-03-27T20:02:30.000+0000
0ZRWj0000006Jz3OAE,01tWj00000C39PsIAJ,0ZGam000000isCnGAI,2026-03-27T20:02:30.000+0000
0ZRWj0000006Jz2OAE,01tWj00000C39PtIAJ,0ZGam000000isCnGAI,2026-03-27T20:02:30.000+0000
0ZRWj0000006Jz1OAE,01tWj00000C39PuIAJ,0ZGam000000isCnGAI,2026-03-27T20:02:30.000+0000
0ZRWj0000006Jz0OAE,01tWj00000C39PvIAJ,0ZGam000000isCnGAI,2026-03-27T20:02:30.000+0000
0ZRWj0000006JyzOAE,01tWj00000C39PwIAJ,0ZGam000000isCnGAI,2026-03-27T20:02:30.000+0000
0ZRWj0000006JyyOAE,01tWj00000C39PxIAJ,0ZGam000000isCnGAI,2026-03-27T20:02:30.000+0000
0ZRWj0000006JyxOAE,01tWj00000C39PyIAJ,0ZGam000000isCnGAI,2026-03-27T20:02:30.000+0000
0ZRWj0000006JywOAE,01tWj00000C39PzIAJ,0ZGam000000isCnGAI,2026-03-27T20:02:30.000+0000
0ZRWj0000006JyvOAE,01tWj00000C39Q0IAJ,0ZGam000000isCnGAI,2026-03-27T20:02:30.000+0000
0ZRWj0000006JyuOAE,01tWj00000C39Q1IAJ,0ZGam000000isCnGAI,2026-03-27T20:02:30.000+0000
0ZRWj0000006JytOAE,01tWj00000C39Q2IAJ,0ZGam000000isCnGAI,2026-03-27T20:02:30.000+0000
0ZRWj0000006JysOAE,01tWj00000C39Q3IAJ,0ZGam000000isCnGAI,2026-03-27T20:02:30.000+0000
0ZRWj0000006JyrOAE,01tWj00000C39Q4IAJ,0ZGam000000isCnGAI,2026-03-27T20:02:30.000+0000
0ZRWj0000006JyqOAE,01tWj00000C39Q5IAJ,0ZGam000000isCnGAI,2026-03-27T20:02:30.000+0000
0ZRWj0000006JypOAE,01tWj00000C39Q6IAJ,0ZGam000000isCnGAI,2026-03-27T20:02:30.000+0000
0ZRWj0000006JyoOAE,01tWj00000C39Q7IAJ,0ZGam000000isCnGAI,2026-03-27T20:02:30.000+0000
0ZRWj0000006JynOAE,01tWj00000C39Q8IAJ,0ZGam000000isCnGAI,2026-03-27T20:02:30.000+0000
0ZRWj0000006JymOAE,01tWj00000C39Q9IAJ,0ZGam000000isCnGAI,2026-03-27T20:02:30.000+0000
0ZRWj0000006JylOAE,01tWj00000C39QAIAZ,0ZGam000000isCnGAI,2026-03-27T20:02:30.000+0000
0ZRWj0000006JykOAE,01tWj00000C39QBIAZ,0ZGam000000isCnGAI,2026-03-27T20:02:30.000+0000
0ZRWj0000006JyjOAE,01tWj00000C39QCIAZ,0ZGam000000isCnGAI,2026-03-27T20:02:30.000+0000
0ZRWj0000006JyiOAE,01tWj00000C39QDIAZ,0ZGam000000isCnGAI,2026-03-27T20:02:30.000+0000
0ZRWj0000006JyhOAE,01tWj00000C39QEIAZ,0ZGam000000isCnGAI,2026-03-27T20:02:30.000+0000
0ZRWj0000006JygOAE,01tWj00000C39QFIAZ,0ZGam000000isCnGAI,2026-03-27T20:02:30.000+0000
0ZRWj0000006JyfOAE,01tWj00000C39QGIAZ,0ZGam000000isCnGAI,2026-03-27T20:02:30.000+0000
0ZRWj0000006JyeOAE,01tWj00000C39QHIAZ,0ZGam000000isCnGAI,2026-03-27T20:02:30.000+0000
0ZRWj0000006JydOAE,01tWj00000C39QIIAZ,0ZGam000000isCnGAI,2026-03-27T20:02:30.000+0000
0ZRWj0000006JycOAE,01tWj00000C39QJIAZ,0ZGam000000isCnGAI,2026-03-27T20:02:30.000+0000
0ZRWj0000006JybOAE,01tWj00000C39QKIAZ,0ZGam000000isCnGAI,2026-03-27T20:02:30.000+0000
0ZRWj0000006JyaOAE,01tWj00000C39QLIAZ,0ZGam000000isCnGAI,2026-03-27T20:02:30.000+0000
0ZRWj0000006JyZOAU,01tWj00000C39QMIAZ,0ZGam000000isCnGAI,2026-03-27T20:02:30.000+0000
0ZRWj0000006JyYOAU,01tWj00000C39QNIAZ,0ZGam000000isCnGAI,2026-03-27T20:02:30.000+0000
0ZRWj0000006JyXOAU,01tWj00000C39QOIAZ,0ZGam000000isCnGAI,2026-03-27T20:02:30.000+0000
0ZRWj0000006JyWOAU,01tWj00000C39QPIAZ,0ZGam000000isCnGAI,2026-03-27T20:02:30.000+0000
0ZRWj0000006KcmOAE,01tWj00000C39QQIAZ,0ZGam000000isBBGAY,2026-03-27T20:40:58.000+0000
0ZRWj0000006Kg0OAE,01tWj00000C39QQIAZ,0ZGam000000itATGAY,2026-03-27T20:41:20.000+0000
0ZRWj0000006Kg1OAE,01tWj00000C39QRIAZ,0ZGam000000itATGAY,2026-03-27T20:41:20.000+0000
0ZRWj0000006KcnOAE,01tWj00000C39QRIAZ,0ZGam000000isBBGAY,2026-03-27T20:40:58.000+0000
0ZRWj0000006KlrOAE,01tWj00000C39QSIAZ,0ZGam000000isBBGAY,2026-03-27T20:43:37.000+0000
0ZRWj0000006KidOAE,01tWj00000C39QSIAZ,0ZGam000000itATGAY,2026-03-27T20:43:17.000+0000
0ZRWj0000006KlsOAE,01tWj00000C39QTIAZ,0ZGam000000isBBGAY,2026-03-27T20:43:37.000+0000
0ZRWj0000006KieOAE,01tWj00000C39QTIAZ,0ZGam000000itATGAY,2026-03-27T20:43:17.000+0000
0ZRWj0000006KsbOAE,01tWj00000C39QUIAZ,0ZGam000000isBBGAY,2026-03-27T20:44:27.000+0000
0ZRWj0000006KpNOAU,01tWj00000C39QUIAZ,0ZGam000000itATGAY,2026-03-27T20:44:12.000+0000
0ZRWj0000006KpOOAU,01tWj00000C39QVIAZ,0ZGam000000itATGAY,2026-03-27T20:44:12.000+0000
0ZRWj0000006KscOAE,01tWj00000C39QVIAZ,0ZGam000000isBBGAY,2026-03-27T20:44:27.000+0000
0ZRWj0000006Kz9OAE,01tWj00000C39QWIAZ,0ZGam000000itATGAY,2026-03-27T21:04:37.000+0000
0ZRWj0000006KvvOAE,01tWj00000C39QWIAZ,0ZGam000000isBBGAY,2026-03-27T21:04:22.000+0000
0ZRWj0000006KzAOAU,01tWj00000C39QXIAZ,0ZGam000000itATGAY,2026-03-27T21:04:37.000+0000
0ZRWj0000006KvwOAE,01tWj00000C39QXIAZ,0ZGam000000isBBGAY,2026-03-27T21:04:22.000+0000
0ZRWj0000006L5HOAU,01tWj00000C39QYIAZ,0ZGam000000itATGAY,2026-03-27T21:05:44.000+0000
0ZRWj0000006L23OAE,01tWj00000C39QYIAZ,0ZGam000000isBBGAY,2026-03-27T21:05:29.000+0000
0ZRWj0000006L24OAE,01tWj00000C39QZIAZ,0ZGam000000isBBGAY,2026-03-27T21:05:29.000+0000
0ZRWj0000006L5IOAU,01tWj00000C39QZIAZ,0ZGam000000itATGAY,2026-03-27T21:05:44.000+0000
0ZRWj0000006LC3OAM,01tWj00000C39QaIAJ,0ZGam000000isBBGAY,2026-03-27T21:06:35.000+0000
0ZRWj0000006L8pOAE,01tWj00000C39QaIAJ,0ZGam000000itATGAY,2026-03-27T21:06:18.000+0000
0ZRWj0000006L8qOAE,01tWj00000C39QbIAJ,0ZGam000000itATGAY,2026-03-27T21:06:18.000+0000
0ZRWj0000006LC4OAM,01tWj00000C39QbIAJ,0ZGam000000isBBGAY,2026-03-27T21:06:35.000+0000
0ZRWj0000006N0hOAE,01tWj00000C39QcIAJ,0ZGam000000isBBGAY,2026-03-27T23:32:27.000+0000
0ZRWj0000006MmQOAU,01tWj00000C39QdIAJ,0ZGam000000isBBGAY,2026-03-27T23:32:08.000+0000
0ZRWj0000006MtGOAU,01tWj00000C39QeIAJ,0ZGam000000isBBGAY,2026-03-27T23:32:15.000+0000
0ZRWj0000006NKKOA2,01tWj00000C39QfIAJ,0ZGam000000isBBGAY,2026-03-27T23:32:50.000+0000
0ZRWj0000006NgiOAE,01tWj00000C39QgIAJ,0ZGam000000isBBGAY,2026-03-27T23:33:16.000+0000
0ZRWj0000006NrJOAU,01tWj00000C39QhIAJ,0ZGam000000isBBGAY,2026-03-27T23:33:27.000+0000
0ZRWj0000006MkIOAU,01tWj00000C39QiIAJ,0ZGam000000isBBGAY,2026-03-27T23:32:08.000+0000
0ZRWj0000006Nw7OAE,01tWj00000C39QjIAJ,0ZGam000000isBBGAY,2026-03-27T23:33:31.000+0000
0ZRWj0000006NRKOA2,01tWj00000C39QkIAJ,0ZGam000000isBBGAY,2026-03-27T23:32:57.000+0000
0ZRWj0000006N0zOAE,01tWj00000C39QlIAJ,0ZGam000000isBBGAY,2026-03-27T23:32:27.000+0000
0ZRWj0000006MkDOAU,01tWj00000C39QmIAJ,0ZGam000000isBBGAY,2026-03-27T23:32:08.000+0000
0ZRWj0000006N99OAE,01tWj00000C39QnIAJ,0ZGam000000isBBGAY,2026-03-27T23:32:34.000+0000
0ZRWj0000006McEOAU,01tWj00000C39QoIAJ,0ZGam000000isBBGAY,2026-03-27T23:31:57.000+0000
0ZRWj0000006N85OAE,01tWj00000C39QpIAJ,0ZGam000000isBBGAY,2026-03-27T23:32:34.000+0000
0ZRWj0000006NujOAE,01tWj00000C39QqIAJ,0ZGam000000isBBGAY,2026-03-27T23:33:31.000+0000
0ZRWj0000006NQZOA2,01tWj00000C39QrIAJ,0ZGam000000isBBGAY,2026-03-27T23:32:57.000+0000
0ZRWj0000006MqlOAE,01tWj00000C39QsIAJ,0ZGam000000isBBGAY,2026-03-27T23:32:15.000+0000
0ZRWj0000006NAFOA2,01tWj00000C39QtIAJ,0ZGam000000isBBGAY,2026-03-27T23:32:38.000+0000
0ZRWj0000006N3HOAU,01tWj00000C39QuIAJ,0ZGam000000isBBGAY,2026-03-27T23:32:27.000+0000
0ZRWj0000006NVrOAM,01tWj00000C39QvIAJ,0ZGam000000isBBGAY,2026-03-27T23:33:01.000+0000
0ZRWj0000006NTuOAM,01tWj00000C39QwIAJ,0ZGam000000isBBGAY,2026-03-27T23:33:01.000+0000
0ZRWj0000006N6ROAU,01tWj00000C39QxIAJ,0ZGam000000isBBGAY,2026-03-27T23:32:31.000+0000
0ZRWj0000006N2QOAU,01tWj00000C39QyIAJ,0ZGam000000isBBGAY,2026-03-27T23:32:27.000+0000
0ZRWj0000006N46OAE,01tWj00000C39QzIAJ,0ZGam000000isBBGAY,2026-03-27T23:32:31.000+0000
0ZRWj0000006N0BOAU,01tWj00000C39R0IAJ,0ZGam000000isBBGAY,2026-03-27T23:32:23.000+0000
0ZRWj0000006MxYOAU,01tWj00000C39R1IAJ,0ZGam000000isBBGAY,2026-03-27T23:32:23.000+0000
0ZRWj0000006MaYOAU,01tWj00000C39R2IAJ,0ZGam000000isBBGAY,2026-03-27T23:31:57.000+0000
0ZRWj0000006NBQOA2,01tWj00000C39R3IAJ,0ZGam000000isBBGAY,2026-03-27T23:32:38.000+0000
0ZRWj0000006NGHOA2,01tWj00000C39R4IAJ,0ZGam000000isBBGAY,2026-03-27T23:32:42.000+0000
0ZRWj0000006NkyOAE,01tWj00000C39R5IAJ,0ZGam000000isBBGAY,2026-03-27T23:33:20.000+0000
0ZRWj0000006N7IOAU,01tWj00000C39R6IAJ,0ZGam000000isBBGAY,2026-03-27T23:32:34.000+0000
0ZRWj0000006Mp3OAE,01tWj00000C39R7IAJ,0ZGam000000isBBGAY,2026-03-27T23:32:12.000+0000
0ZRWj0000006N29OAE,01tWj00000C39R8IAJ,0ZGam000000isBBGAY,2026-03-27T23:32:27.000+0000
0ZRWj0000006MgDOAU,01tWj00000C39R9IAJ,0ZGam000000isBBGAY,2026-03-27T23:32:01.000+0000
0ZRWj0000006Mn9OAE,01tWj00000C39RAIAZ,0ZGam000000isBBGAY,2026-03-27T23:32:08.000+0000
0ZRWj0000006Mx2OAE,01tWj00000C39RBIAZ,0ZGam000000isBBGAY,2026-03-27T23:32:20.000+0000
0ZRWj0000006JyVOAU,01tWj00000C39RCIAZ,0ZGam000000isCnGAI,2026-03-27T20:02:30.000+0000
0ZRWj0000006JyUOAU,01tWj00000C39RDIAZ,0ZGam000000isCnGAI,2026-03-27T20:02:30.000+0000
0ZRWj0000006JyTOAU,01tWj00000C39REIAZ,0ZGam000000isCnGAI,2026-03-27T20:02:30.000+0000
0ZRWj0000006JySOAU,01tWj00000C39RFIAZ,0ZGam000000isCnGAI,2026-03-27T20:02:30.000+0000
0ZRWj0000006JyROAU,01tWj00000C39RGIAZ,0ZGam000000isCnGAI,2026-03-27T20:02:30.000+0000
0ZRWj0000006JyQOAU,01tWj00000C39RHIAZ,0ZGam000000isCnGAI,2026-03-27T20:02:30.000+0000
0ZRWj0000006JyPOAU,01tWj00000C39RIIAZ,0ZGam000000isCnGAI,2026-03-27T20:02:30.000+0000
0ZRWj0000006JyOOAU,01tWj00000C39RJIAZ,0ZGam000000isCnGAI,2026-03-27T20:02:30.000+0000
0ZRWj0000006JyNOAU,01tWj00000C39RKIAZ,0ZGam000000isCnGAI,2026-03-27T20:02:30.000+0000
0ZRWj0000006JyMOAU,01tWj00000C39RLIAZ,0ZGam000000isCnGAI,2026-03-27T20:02:30.000+0000
0ZRWj0000006JyLOAU,01tWj00000C39RMIAZ,0ZGam000000isCnGAI,2026-03-27T20:02:30.000+0000
0ZRWj0000006JyKOAU,01tWj00000C39RNIAZ,0ZGam000000isCnGAI,2026-03-27T20:02:30.000+0000
0ZRWj0000006JyJOAU,01tWj00000C39ROIAZ,0ZGam000000isCnGAI,2026-03-27T20:02:30.000+0000
0ZRWj0000006JyIOAU,01tWj00000C39RPIAZ,0ZGam000000isCnGAI,2026-03-27T20:02:30.000+0000
0ZRWj0000006JyHOAU,01tWj00000C39RQIAZ,0ZGam000000isCnGAI,2026-03-27T20:02:30.000+0000
0ZRWj0000006JyGOAU,01tWj00000C39RRIAZ,0ZGam000000isCnGAI,2026-03-27T20:02:30.000+0000
0ZRWj0000006JyFOAU,01tWj00000C39RSIAZ,0ZGam000000isCnGAI,2026-03-27T20:02:30.000+0000
0ZRWj0000006JyEOAU,01tWj00000C39RTIAZ,0ZGam000000isCnGAI,2026-03-27T20:02:30.000+0000
0ZRWj0000006JyDOAU,01tWj00000C39RUIAZ,0ZGam000000isCnGAI,2026-03-27T20:02:30.000+0000
0ZRWj0000006JyCOAU,01tWj00000C39RVIAZ,0ZGam000000isCnGAI,2026-03-27T20:02:30.000+0000
0ZRWj0000006JyBOAU,01tWj00000C39RWIAZ,0ZGam000000isCnGAI,2026-03-27T20:02:30.000+0000
0ZRWj0000006JyAOAU,01tWj00000C39RXIAZ,0ZGam000000isCnGAI,2026-03-27T20:02:30.000+0000
0ZRWj0000006Jy9OAE,01tWj00000C39RYIAZ,0ZGam000000isCnGAI,2026-03-27T20:02:30.000+0000
0ZRWj0000006Jy8OAE,01tWj00000C39RZIAZ,0ZGam000000isCnGAI,2026-03-27T20:02:30.000+0000
0ZRWj0000006Jy7OAE,01tWj00000C39RaIAJ,0ZGam000000isCnGAI,2026-03-27T20:02:30.000+0000
0ZRWj0000006Jy6OAE,01tWj00000C39RbIAJ,0ZGam000000isCnGAI,2026-03-27T20:02:30.000+0000
0ZRWj0000006Jy5OAE,01tWj00000C39RcIAJ,0ZGam000000isCnGAI,2026-03-27T20:02:30.000+0000
0ZRWj0000006Jy4OAE,01tWj00000C39RdIAJ,0ZGam000000isCnGAI,2026-03-27T20:02:30.000+0000
0ZRWj0000006Jy3OAE,01tWj00000C39ReIAJ,0ZGam000000isCnGAI,2026-03-27T20:02:30.000+0000
0ZRWj0000006Jy2OAE,01tWj00000C39RfIAJ,0ZGam000000isCnGAI,2026-03-27T20:02:30.000+0000
0ZRWj0000006Jy1OAE,01tWj00000C39RgIAJ,0ZGam000000isCnGAI,2026-03-27T20:02:30.000+0000
0ZRWj0000006Jy0OAE,01tWj00000C39RhIAJ,0ZGam000000isCnGAI,2026-03-27T20:02:30.000+0000
0ZRWj0000006JxzOAE,01tWj00000C39RiIAJ,0ZGam000000isCnGAI,2026-03-27T20:02:30.000+0000
0ZRWj0000006JxyOAE,01tWj00000C39RjIAJ,0ZGam000000isCnGAI,2026-03-27T20:02:30.000+0000
0ZRWj0000006JxxOAE,01tWj00000C39RkIAJ,0ZGam000000isCnGAI,2026-03-27T20:02:30.000+0000
0ZRWj0000006JxwOAE,01tWj00000C39RlIAJ,0ZGam000000isCnGAI,2026-03-27T20:02:30.000+0000
0ZRWj0000006JxvOAE,01tWj00000C39RmIAJ,0ZGam000000isCnGAI,2026-03-27T20:02:30.000+0000
0ZRWj0000006JxuOAE,01tWj00000C39RnIAJ,0ZGam000000isCnGAI,2026-03-27T20:02:30.000+0000
0ZRWj0000006JxtOAE,01tWj00000C39RoIAJ,0ZGam000000isCnGAI,2026-03-27T20:02:30.000+0000
0ZRWj0000006JxsOAE,01tWj00000C39RpIAJ,0ZGam000000isCnGAI,2026-03-27T20:02:30.000+0000
0ZRWj0000006JxrOAE,01tWj00000C39RqIAJ,0ZGam000000isCnGAI,2026-03-27T20:02:30.000+0000
0ZRWj0000006JxqOAE,01tWj00000C39RrIAJ,0ZGam000000isCnGAI,2026-03-27T20:02:30.000+0000
0ZRWj0000006JxpOAE,01tWj00000C39RsIAJ,0ZGam000000isCnGAI,2026-03-27T20:02:30.000+0000
0ZRWj0000006JxoOAE,01tWj00000C39RtIAJ,0ZGam000000isCnGAI,2026-03-27T20:02:30.000+0000
0ZRWj0000006JxnOAE,01tWj00000C39RuIAJ,0ZGam000000isCnGAI,2026-03-27T20:02:30.000+0000
0ZRWj0000006JxmOAE,01tWj00000C39RvIAJ,0ZGam000000isCnGAI,2026-03-27T20:02:30.000+0000
0ZRWj0000006JxlOAE,01tWj00000C39RwIAJ,0ZGam000000isCnGAI,2026-03-27T20:02:30.000+0000
0ZRWj0000006JxkOAE,01tWj00000C39RxIAJ,0ZGam000000isCnGAI,2026-03-27T20:02:30.000+0000
0ZRWj0000006Kg2OAE,01tWj00000C39RyIAJ,0ZGam000000itATGAY,2026-03-27T20:41:20.000+0000
0ZRWj0000006KcoOAE,01tWj00000C39RyIAJ,0ZGam000000isBBGAY,2026-03-27T20:40:58.000+0000
0ZRWj0000006Kg3OAE,01tWj00000C39RzIAJ,0ZGam000000itATGAY,2026-03-27T20:41:20.000+0000
0ZRWj0000006KcpOAE,01tWj00000C39RzIAJ,0ZGam000000isBBGAY,2026-03-27T20:40:58.000+0000
0ZRWj0000006KifOAE,01tWj00000C39S0IAJ,0ZGam000000itATGAY,2026-03-27T20:43:17.000+0000
0ZRWj0000006KltOAE,01tWj00000C39S0IAJ,0ZGam000000isBBGAY,2026-03-27T20:43:37.000+0000
0ZRWj0000006KluOAE,01tWj00000C39S1IAJ,0ZGam000000isBBGAY,2026-03-27T20:43:37.000+0000
0ZRWj0000006KigOAE,01tWj00000C39S1IAJ,0ZGam000000itATGAY,2026-03-27T20:43:17.000+0000
0ZRWj0000006KpPOAU,01tWj00000C39S2IAJ,0ZGam000000itATGAY,2026-03-27T20:44:12.000+0000
0ZRWj0000006KsdOAE,01tWj00000C39S2IAJ,0ZGam000000isBBGAY,2026-03-27T20:44:27.000+0000
0ZRWj0000006KpQOAU,01tWj00000C39S3IAJ,0ZGam000000itATGAY,2026-03-27T20:44:12.000+0000
0ZRWj0000006KseOAE,01tWj00000C39S3IAJ,0ZGam000000isBBGAY,2026-03-27T20:44:27.000+0000
0ZRWj0000006KzBOAU,01tWj00000C39S4IAJ,0ZGam000000itATGAY,2026-03-27T21:04:37.000+0000
0ZRWj0000006KvxOAE,01tWj00000C39S4IAJ,0ZGam000000isBBGAY,2026-03-27T21:04:22.000+0000
0ZRWj0000006KvyOAE,01tWj00000C39S5IAJ,0ZGam000000isBBGAY,2026-03-27T21:04:22.000+0000
0ZRWj0000006KzCOAU,01tWj00000C39S5IAJ,0ZGam000000itATGAY,2026-03-27T21:04:37.000+0000
0ZRWj0000006L25OAE,01tWj00000C39S6IAJ,0ZGam000000isBBGAY,2026-03-27T21:05:29.000+0000
0ZRWj0000006L5JOAU,01tWj00000C39S6IAJ,0ZGam000000itATGAY,2026-03-27T21:05:44.000+0000
0ZRWj0000006L26OAE,01tWj00000C39S7IAJ,0ZGam000000isBBGAY,2026-03-27T21:05:29.000+0000
0ZRWj0000006L5KOAU,01tWj00000C39S7IAJ,0ZGam000000itATGAY,2026-03-27T21:05:44.000+0000
0ZRWj0000006LC5OAM,01tWj00000C39S8IAJ,0ZGam000000isBBGAY,2026-03-27T21:06:35.000+0000
0ZRWj0000006L8rOAE,01tWj00000C39S8IAJ,0ZGam000000itATGAY,2026-03-27T21:06:18.000+0000
0ZRWj0000006L8sOAE,01tWj00000C39S9IAJ,0ZGam000000itATGAY,2026-03-27T21:06:18.000+0000
0ZRWj0000006LC6OAM,01tWj00000C39S9IAJ,0ZGam000000isBBGAY,2026-03-27T21:06:35.000+0000
0ZRWj0000006MjEOAU,01tWj00000C39SAIAZ,0ZGam000000isBBGAY,2026-03-27T23:32:04.000+0000
0ZRWj0000006Nd5OAE,01tWj00000C39SBIAZ,0ZGam000000isBBGAY,2026-03-27T23:33:12.000+0000
0ZRWj0000006N6pOAE,01tWj00000C39SCIAZ,0ZGam000000isBBGAY,2026-03-27T23:32:34.000+0000
0ZRWj0000006N63OAE,01tWj00000C39SDIAZ,0ZGam000000isBBGAY,2026-03-27T23:32:31.000+0000
0ZRWj0000006ND8OAM,01tWj00000C39SEIAZ,0ZGam000000isBBGAY,2026-03-27T23:32:38.000+0000
0ZRWj0000006Ml1OAE,01tWj00000C39SFIAZ,0ZGam000000isBBGAY,2026-03-27T23:32:08.000+0000
0ZRWj0000006NNDOA2,01tWj00000C39SGIAZ,0ZGam000000isBBGAY,2026-03-27T23:32:53.000+0000
0ZRWj0000006N8dOAE,01tWj00000C39SHIAZ,0ZGam000000isBBGAY,2026-03-27T23:32:34.000+0000
0ZRWj0000006MsXOAU,01tWj00000C39SIIAZ,0ZGam000000isBBGAY,2026-03-27T23:32:15.000+0000
0ZRWj0000006NUUOA2,01tWj00000C39SJIAZ,0ZGam000000isBBGAY,2026-03-27T23:33:01.000+0000
0ZRWj0000006N4ZOAU,01tWj00000C39SKIAZ,0ZGam000000isBBGAY,2026-03-27T23:32:31.000+0000
0ZRWj0000006MjJOAU,01tWj00000C39SLIAZ,0ZGam000000isBBGAY,2026-03-27T23:32:04.000+0000
0ZRWj0000006NdEOAU,01tWj00000C39SMIAZ,0ZGam000000isBBGAY,2026-03-27T23:33:12.000+0000
0ZRWj0000006NKPOA2,01tWj00000C39SNIAZ,0ZGam000000isBBGAY,2026-03-27T23:32:50.000+0000
0ZRWj0000006NumOAE,01tWj00000C39SOIAZ,0ZGam000000isBBGAY,2026-03-27T23:33:31.000+0000
0ZRWj0000006NXrOAM,01tWj00000C39SPIAZ,0ZGam000000isBBGAY,2026-03-27T23:33:04.000+0000
0ZRWj0000006Mk8OAE,01tWj00000C39SQIAZ,0ZGam000000isBBGAY,2026-03-27T23:32:04.000+0000
0ZRWj0000006NtdOAE,01tWj00000C39SRIAZ,0ZGam000000isBBGAY,2026-03-27T23:33:31.000+0000
0ZRWj0000006MeiOAE,01tWj00000C39SSIAZ,0ZGam000000isBBGAY,2026-03-27T23:32:01.000+0000
0ZRWj0000006N5dOAE,01tWj00000C39STIAZ,0ZGam000000isBBGAY,2026-03-27T23:32:31.000+0000
0ZRWj0000006N48OAE,01tWj00000C39SUIAZ,0ZGam000000isBBGAY,2026-03-27T23:32:31.000+0000
0ZRWj0000006N0cOAE,01tWj00000C39SVIAZ,0ZGam000000isBBGAY,2026-03-27T23:32:27.000+0000
0ZRWj0000006NqKOAU,01tWj00000C39SWIAZ,0ZGam000000isBBGAY,2026-03-27T23:33:27.000+0000
0ZRWj0000006NlqOAE,01tWj00000C39SXIAZ,0ZGam000000isBBGAY,2026-03-27T23:33:20.000+0000
0ZRWj0000006Nr2OAE,01tWj00000C39SYIAZ,0ZGam000000isBBGAY,2026-03-27T23:33:27.000+0000
0ZRWj0000006NR1OAM,01tWj00000C39SZIAZ,0ZGam000000isBBGAY,2026-03-27T23:32:57.000+0000
0ZRWj0000006NLPOA2,01tWj00000C39SaIAJ,0ZGam000000isBBGAY,2026-03-27T23:32:50.000+0000
0ZRWj0000006MpfOAE,01tWj00000C39SbIAJ,0ZGam000000isBBGAY,2026-03-27T23:32:12.000+0000
0ZRWj0000006MecOAE,01tWj00000C39ScIAJ,0ZGam000000isBBGAY,2026-03-27T23:32:01.000+0000
0ZRWj0000006MbqOAE,01tWj00000C39SdIAJ,0ZGam000000isBBGAY,2026-03-27T23:31:57.000+0000
0ZRWj0000006MzQOAU,01tWj00000C39SeIAJ,0ZGam000000isBBGAY,2026-03-27T23:32:23.000+0000
0ZRWj0000006MqzOAE,01tWj00000C39SfIAJ,0ZGam000000isBBGAY,2026-03-27T23:32:15.000+0000
0ZRWj0000006NgMOAU,01tWj00000C39SgIAJ,0ZGam000000isBBGAY,2026-03-27T23:33:16.000+0000
0ZRWj0000006Mn2OAE,01tWj00000C39ShIAJ,0ZGam000000isBBGAY,2026-03-27T23:32:08.000+0000
0ZRWj0000006MoJOAU,01tWj00000C39SiIAJ,0ZGam000000isBBGAY,2026-03-27T23:32:12.000+0000
0ZRWj0000006NbBOAU,01tWj00000C39SjIAJ,0ZGam000000isBBGAY,2026-03-27T23:33:08.000+0000
0ZRWj0000006JxjOAE,01tWj00000C39SkIAJ,0ZGam000000isCnGAI,2026-03-27T20:02:30.000+0000
0ZRWj0000006JxiOAE,01tWj00000C39SlIAJ,0ZGam000000isCnGAI,2026-03-27T20:02:30.000+0000
0ZRWj0000006JxhOAE,01tWj00000C39SmIAJ,0ZGam000000isCnGAI,2026-03-27T20:02:30.000+0000
0ZRWj0000006JxgOAE,01tWj00000C39SnIAJ,0ZGam000000isCnGAI,2026-03-27T20:02:30.000+0000
0ZRWj0000006JxfOAE,01tWj00000C39SoIAJ,0ZGam000000isCnGAI,2026-03-27T20:02:30.000+0000
0ZRWj0000006JxeOAE,01tWj00000C39SpIAJ,0ZGam000000isCnGAI,2026-03-27T20:02:30.000+0000
0ZRWj0000006JxdOAE,01tWj00000C39SqIAJ,0ZGam000000isCnGAI,2026-03-27T20:02:30.000+0000
0ZRWj0000006JxcOAE,01tWj00000C39SrIAJ,0ZGam000000isHdGAI,2026-03-27T20:01:52.000+0000
0ZRWj0000006JxbOAE,01tWj00000C39SsIAJ,0ZGam000000isHdGAI,2026-03-27T20:01:52.000+0000
0ZRWj0000006JxaOAE,01tWj00000C39StIAJ,0ZGam000000isHdGAI,2026-03-27T20:01:52.000+0000
0ZRWj0000006JxZOAU,01tWj00000C39SuIAJ,0ZGam000000isHdGAI,2026-03-27T20:01:52.000+0000
0ZRWj0000006JxYOAU,01tWj00000C39SvIAJ,0ZGam000000isHdGAI,2026-03-27T20:01:52.000+0000
0ZRWj0000006JxXOAU,01tWj00000C39SwIAJ,0ZGam000000isHdGAI,2026-03-27T20:01:52.000+0000
0ZRWj0000006JxWOAU,01tWj00000C39SxIAJ,0ZGam000000isHdGAI,2026-03-27T20:01:52.000+0000
0ZRWj0000006JxVOAU,01tWj00000C39SyIAJ,0ZGam000000isHdGAI,2026-03-27T20:01:52.000+0000
0ZRWj0000006JxUOAU,01tWj00000C39SzIAJ,0ZGam000000isHdGAI,2026-03-27T20:01:52.000+0000
0ZRWj0000006JxTOAU,01tWj00000C39T0IAJ,0ZGam000000isHdGAI,2026-03-27T20:01:52.000+0000
0ZRWj0000006JxSOAU,01tWj00000C39T1IAJ,0ZGam000000isHdGAI,2026-03-27T20:01:52.000+0000
0ZRWj0000006JxROAU,01tWj00000C39T2IAJ,0ZGam000000isHdGAI,2026-03-27T20:01:52.000+0000
0ZRWj0000006JxQOAU,01tWj00000C39T3IAJ,0ZGam000000isHdGAI,2026-03-27T20:01:52.000+0000
0ZRWj0000006JxPOAU,01tWj00000C39T4IAJ,0ZGam000000isHdGAI,2026-03-27T20:01:52.000+0000
0ZRWj0000006JxOOAU,01tWj00000C39T5IAJ,0ZGam000000isHdGAI,2026-03-27T20:01:52.000+0000
0ZRWj0000006JxNOAU,01tWj00000C39T6IAJ,0ZGam000000isHdGAI,2026-03-27T20:01:52.000+0000
0ZRWj0000006JxMOAU,01tWj00000C39T7IAJ,0ZGam000000isHdGAI,2026-03-27T20:01:52.000+0000
0ZRWj0000006JxLOAU,01tWj00000C39T8IAJ,0ZGam000000isHdGAI,2026-03-27T20:01:52.000+0000
0ZRWj0000006JxKOAU,01tWj00000C39T9IAJ,0ZGam000000isHdGAI,2026-03-27T20:01:52.000+0000
0ZRWj0000006JxJOAU,01tWj00000C39TAIAZ,0ZGam000000isHdGAI,2026-03-27T20:01:52.000+0000
0ZRWj0000006JxIOAU,01tWj00000C39TBIAZ,0ZGam000000isHdGAI,2026-03-27T20:01:52.000+0000
0ZRWj0000006JxHOAU,01tWj00000C39TCIAZ,0ZGam000000isHdGAI,2026-03-27T20:01:52.000+0000
0ZRWj0000006JxGOAU,01tWj00000C39TDIAZ,0ZGam000000isHdGAI,2026-03-27T20:01:52.000+0000
0ZRWj0000006JxFOAU,01tWj00000C39TEIAZ,0ZGam000000isHdGAI,2026-03-27T20:01:52.000+0000
0ZRWj0000006JxEOAU,01tWj00000C39TFIAZ,0ZGam000000isHdGAI,2026-03-27T20:01:52.000+0000
0ZRWj0000006JxDOAU,01tWj00000C39TGIAZ,0ZGam000000isHdGAI,2026-03-27T20:01:52.000+0000
0ZRWj0000006JxCOAU,01tWj00000C39THIAZ,0ZGam000000isHdGAI,2026-03-27T20:01:52.000+0000
0ZRWj0000006JxBOAU,01tWj00000C39TIIAZ,0ZGam000000isHdGAI,2026-03-27T20:01:52.000+0000
0ZRWj0000006JxAOAU,01tWj00000C39TJIAZ,0ZGam000000isHdGAI,2026-03-27T20:01:52.000+0000
0ZRWj0000006Jx9OAE,01tWj00000C39TKIAZ,0ZGam000000isHdGAI,2026-03-27T20:01:52.000+0000
0ZRWj0000006Jx8OAE,01tWj00000C39TLIAZ,0ZGam000000isHdGAI,2026-03-27T20:01:52.000+0000
0ZRWj0000006Jx7OAE,01tWj00000C39TMIAZ,0ZGam000000isHdGAI,2026-03-27T20:01:52.000+0000
0ZRWj0000006Jx6OAE,01tWj00000C39TNIAZ,0ZGam000000isHdGAI,2026-03-27T20:01:52.000+0000
0ZRWj0000006Jx5OAE,01tWj00000C39TOIAZ,0ZGam000000isHdGAI,2026-03-27T20:01:52.000+0000
0ZRWj0000006Jx4OAE,01tWj00000C39TPIAZ,0ZGam000000isHdGAI,2026-03-27T20:01:52.000+0000
0ZRWj0000006Jx3OAE,01tWj00000C39TQIAZ,0ZGam000000isHdGAI,2026-03-27T20:01:52.000+0000
0ZRWj0000006Jx2OAE,01tWj00000C39TRIAZ,0ZGam000000isHdGAI,2026-03-27T20:01:52.000+0000
0ZRWj0000006Jx1OAE,01tWj00000C39TSIAZ,0ZGam000000isHdGAI,2026-03-27T20:01:52.000+0000
0ZRWj0000006Jx0OAE,01tWj00000C39TTIAZ,0ZGam000000isHdGAI,2026-03-27T20:01:52.000+0000
0ZRWj0000006JwzOAE,01tWj00000C39TUIAZ,0ZGam000000isHdGAI,2026-03-27T20:01:52.000+0000
0ZRWj0000006JwyOAE,01tWj00000C39TVIAZ,0ZGam000000isHdGAI,2026-03-27T20:01:52.000+0000
0ZRWj0000006JwxOAE,01tWj00000C39TWIAZ,0ZGam000000isHdGAI,2026-03-27T20:01:52.000+0000
0ZRWj0000006JwwOAE,01tWj00000C39TXIAZ,0ZGam000000isHdGAI,2026-03-27T20:01:52.000+0000
0ZRWj0000006JwvOAE,01tWj00000C39TYIAZ,0ZGam000000isHdGAI,2026-03-27T20:01:52.000+0000
0ZRWj0000006JwuOAE,01tWj00000C39TZIAZ,0ZGam000000isHdGAI,2026-03-27T20:01:52.000+0000
0ZRWj0000006JwtOAE,01tWj00000C39TaIAJ,0ZGam000000isHdGAI,2026-03-27T20:01:52.000+0000
0ZRWj0000006JwsOAE,01tWj00000C39TbIAJ,0ZGam000000isHdGAI,2026-03-27T20:01:52.000+0000
0ZRWj0000006JwrOAE,01tWj00000C39TcIAJ,0ZGam000000isHdGAI,2026-03-27T20:01:52.000+0000
0ZRWj0000006JwqOAE,01tWj00000C39TdIAJ,0ZGam000000isHdGAI,2026-03-27T20:01:52.000+0000
0ZRWj0000006JwpOAE,01tWj00000C39TeIAJ,0ZGam000000isHdGAI,2026-03-27T20:01:52.000+0000
0ZRWj0000006JwoOAE,01tWj00000C39TfIAJ,0ZGam000000isHdGAI,2026-03-27T20:01:52.000+0000
0ZRWj0000006JwnOAE,01tWj00000C39TgIAJ,0ZGam000000isHdGAI,2026-03-27T20:01:52.000+0000
0ZRWj0000006JwmOAE,01tWj00000C39ThIAJ,0ZGam000000isHdGAI,2026-03-27T20:01:52.000+0000
0ZRWj0000006JwlOAE,01tWj00000C39TiIAJ,0ZGam000000isHdGAI,2026-03-27T20:01:52.000+0000
0ZRWj0000006JwkOAE,01tWj00000C39TjIAJ,0ZGam000000isHdGAI,2026-03-27T20:01:52.000+0000
0ZRWj0000006JwjOAE,01tWj00000C39TkIAJ,0ZGam000000isHdGAI,2026-03-27T20:01:52.000+0000
0ZRWj0000006JwiOAE,01tWj00000C39TlIAJ,0ZGam000000isHdGAI,2026-03-27T20:01:52.000+0000
0ZRWj0000006JwhOAE,01tWj00000C39TmIAJ,0ZGam000000isHdGAI,2026-03-27T20:01:52.000+0000
0ZRWj0000006JwgOAE,01tWj00000C39TnIAJ,0ZGam000000isHdGAI,2026-03-27T20:01:52.000+0000
0ZRWj0000006JwfOAE,01tWj00000C39ToIAJ,0ZGam000000isHdGAI,2026-03-27T20:01:52.000+0000
0ZRWj0000006JweOAE,01tWj00000C39TpIAJ,0ZGam000000isHdGAI,2026-03-27T20:01:52.000+0000
0ZRWj0000006JwdOAE,01tWj00000C39TqIAJ,0ZGam000000isHdGAI,2026-03-27T20:01:52.000+0000
0ZRWj0000006JwcOAE,01tWj00000C39TrIAJ,0ZGam000000isHdGAI,2026-03-27T20:01:52.000+0000
0ZRWj0000006JwbOAE,01tWj00000C39TsIAJ,0ZGam000000isHdGAI,2026-03-27T20:01:52.000+0000
0ZRWj0000006JwaOAE,01tWj00000C39TtIAJ,0ZGam000000isHdGAI,2026-03-27T20:01:52.000+0000
0ZRWj0000006JwZOAU,01tWj00000C39TuIAJ,0ZGam000000isHdGAI,2026-03-27T20:01:52.000+0000
0ZRWj0000006JwYOAU,01tWj00000C39TvIAJ,0ZGam000000isHdGAI,2026-03-27T20:01:52.000+0000
0ZRWj0000006JwXOAU,01tWj00000C39TwIAJ,0ZGam000000isHdGAI,2026-03-27T20:01:52.000+0000
0ZRWj0000006JwWOAU,01tWj00000C39TxIAJ,0ZGam000000isHdGAI,2026-03-27T20:01:52.000+0000
0ZRWj0000006JwVOAU,01tWj00000C39TyIAJ,0ZGam000000isHdGAI,2026-03-27T20:01:52.000+0000
0ZRWj0000006JwUOAU,01tWj00000C39TzIAJ,0ZGam000000isHdGAI,2026-03-27T20:01:52.000+0000
0ZRWj0000006JwTOAU,01tWj00000C39U0IAJ,0ZGam000000isHdGAI,2026-03-27T20:01:52.000+0000
0ZRWj0000006JwSOAU,01tWj00000C39U1IAJ,0ZGam000000isHdGAI,2026-03-27T20:01:52.000+0000
0ZRWj0000006JwROAU,01tWj00000C39U2IAJ,0ZGam000000isHdGAI,2026-03-27T20:01:52.000+0000
0ZRWj0000006JwQOAU,01tWj00000C39U3IAJ,0ZGam000000isHdGAI,2026-03-27T20:01:52.000+0000
0ZRWj0000006JwPOAU,01tWj00000C39U4IAJ,0ZGam000000isHdGAI,2026-03-27T20:01:52.000+0000
0ZRWj0000006JwOOAU,01tWj00000C39U5IAJ,0ZGam000000isHdGAI,2026-03-27T20:01:52.000+0000
0ZRWj0000006JwNOAU,01tWj00000C39U6IAJ,0ZGam000000isHdGAI,2026-03-27T20:01:52.000+0000
0ZRWj0000006JwMOAU,01tWj00000C39U7IAJ,0ZGam000000isHdGAI,2026-03-27T20:01:52.000+0000
0ZRWj0000006JwLOAU,01tWj00000C39U8IAJ,0ZGam000000isHdGAI,2026-03-27T20:01:52.000+0000
0ZRWj0000006JwKOAU,01tWj00000C39U9IAJ,0ZGam000000isHdGAI,2026-03-27T20:01:52.000+0000
0ZRWj0000006JwJOAU,01tWj00000C39UAIAZ,0ZGam000000isHdGAI,2026-03-27T20:01:52.000+0000
0ZRWj0000006JwIOAU,01tWj00000C39UBIAZ,0ZGam000000isHdGAI,2026-03-27T20:01:52.000+0000
0ZRWj0000006JwHOAU,01tWj00000C39UCIAZ,0ZGam000000isHdGAI,2026-03-27T20:01:52.000+0000
0ZRWj0000006JwGOAU,01tWj00000C39UDIAZ,0ZGam000000isHdGAI,2026-03-27T20:01:52.000+0000
0ZRWj0000006JwFOAU,01tWj00000C39UEIAZ,0ZGam000000isHdGAI,2026-03-27T20:01:52.000+0000
0ZRWj0000006JwEOAU,01tWj00000C39UFIAZ,0ZGam000000isHdGAI,2026-03-27T20:01:52.000+0000
0ZRWj0000006JwDOAU,01tWj00000C39UGIAZ,0ZGam000000isHdGAI,2026-03-27T20:01:52.000+0000
0ZRWj0000006JwCOAU,01tWj00000C39UHIAZ,0ZGam000000isHdGAI,2026-03-27T20:01:52.000+0000
0ZRWj0000006JwBOAU,01tWj00000C39UIIAZ,0ZGam000000isHdGAI,2026-03-27T20:01:52.000+0000
0ZRWj0000006JwAOAU,01tWj00000C39UJIAZ,0ZGam000000isHdGAI,2026-03-27T20:01:52.000+0000
0ZRWj0000006Jw9OAE,01tWj00000C39UKIAZ,0ZGam000000isHdGAI,2026-03-27T20:01:52.000+0000
0ZRWj0000006Jw8OAE,01tWj00000C39ULIAZ,0ZGam000000isHdGAI,2026-03-27T20:01:52.000+0000
0ZRWj0000006Jw7OAE,01tWj00000C39UMIAZ,0ZGam000000isHdGAI,2026-03-27T20:01:52.000+0000
0ZRWj0000006Jw6OAE,01tWj00000C39UNIAZ,0ZGam000000isHdGAI,2026-03-27T20:01:52.000+0000
0ZRWj0000006Jw5OAE,01tWj00000C39UOIAZ,0ZGam000000isHdGAI,2026-03-27T20:01:52.000+0000
0ZRWj0000006Jw4OAE,01tWj00000C39UPIAZ,0ZGam000000isHdGAI,2026-03-27T20:01:52.000+0000
0ZRWj0000006Jw3OAE,01tWj00000C39UQIAZ,0ZGam000000isHdGAI,2026-03-27T20:01:52.000+0000
0ZRWj0000006Jw2OAE,01tWj00000C39URIAZ,0ZGam000000isHdGAI,2026-03-27T20:01:52.000+0000
0ZRWj0000006Jw1OAE,01tWj00000C39USIAZ,0ZGam000000isHdGAI,2026-03-27T20:01:52.000+0000
0ZRWj0000006Jw0OAE,01tWj00000C39UTIAZ,0ZGam000000isHdGAI,2026-03-27T20:01:52.000+0000
0ZRWj0000006JvzOAE,01tWj00000C39UUIAZ,0ZGam000000isHdGAI,2026-03-27T20:01:52.000+0000
0ZRWj0000006JvyOAE,01tWj00000C39UVIAZ,0ZGam000000isHdGAI,2026-03-27T20:01:52.000+0000
0ZRWj0000006JvxOAE,01tWj00000C39UWIAZ,0ZGam000000isHdGAI,2026-03-27T20:01:52.000+0000
0ZRWj0000006JvwOAE,01tWj00000C39UXIAZ,0ZGam000000isHdGAI,2026-03-27T20:01:52.000+0000
0ZRWj0000006JvvOAE,01tWj00000C39UYIAZ,0ZGam000000isHdGAI,2026-03-27T20:01:52.000+0000
0ZRWj0000006JvuOAE,01tWj00000C39UZIAZ,0ZGam000000isHdGAI,2026-03-27T20:01:52.000+0000
0ZRWj0000006JvtOAE,01tWj00000C39UaIAJ,0ZGam000000isHdGAI,2026-03-27T20:01:52.000+0000
0ZRWj0000006JvsOAE,01tWj00000C39UbIAJ,0ZGam000000isHdGAI,2026-03-27T20:01:52.000+0000
0ZRWj0000006JvrOAE,01tWj00000C39UcIAJ,0ZGam000000isHdGAI,2026-03-27T20:01:52.000+0000
0ZRWj0000006JvqOAE,01tWj00000C39UdIAJ,0ZGam000000isHdGAI,2026-03-27T20:01:52.000+0000
0ZRWj0000006JvpOAE,01tWj00000C39UeIAJ,0ZGam000000isHdGAI,2026-03-27T20:01:52.000+0000
0ZRWj0000006JvoOAE,01tWj00000C39UfIAJ,0ZGam000000isHdGAI,2026-03-27T20:01:52.000+0000
0ZRWj0000006JvnOAE,01tWj00000C39UgIAJ,0ZGam000000isHdGAI,2026-03-27T20:01:52.000+0000
0ZRWj0000006JvmOAE,01tWj00000C39UhIAJ,0ZGam000000isHdGAI,2026-03-27T20:01:52.000+0000
0ZRWj0000006JvlOAE,01tWj00000C39UiIAJ,0ZGam000000isHdGAI,2026-03-27T20:01:52.000+0000
0ZRWj0000006JvkOAE,01tWj00000C39UjIAJ,0ZGam000000isHdGAI,2026-03-27T20:01:52.000+0000
0ZRWj0000006JvjOAE,01tWj00000C39UkIAJ,0ZGam000000isHdGAI,2026-03-27T20:01:52.000+0000
0ZRWj0000006JviOAE,01tWj00000C39UlIAJ,0ZGam000000isHdGAI,2026-03-27T20:01:52.000+0000
0ZRWj0000006JvhOAE,01tWj00000C39UmIAJ,0ZGam000000isHdGAI,2026-03-27T20:01:52.000+0000
0ZRWj0000006JvgOAE,01tWj00000C39UnIAJ,0ZGam000000isHdGAI,2026-03-27T20:01:52.000+0000
0ZRWj0000006JvfOAE,01tWj00000C39UoIAJ,0ZGam000000isHdGAI,2026-03-27T20:01:52.000+0000
0ZRWj0000006JveOAE,01tWj00000C39UpIAJ,0ZGam000000isHdGAI,2026-03-27T20:01:52.000+0000
0ZRWj0000006JvdOAE,01tWj00000C39UqIAJ,0ZGam000000isHdGAI,2026-03-27T20:01:52.000+0000
0ZRWj0000006JvcOAE,01tWj00000C39UrIAJ,0ZGam000000isHdGAI,2026-03-27T20:01:52.000+0000
0ZRWj0000006JvbOAE,01tWj00000C39UsIAJ,0ZGam000000isHdGAI,2026-03-27T20:01:52.000+0000
0ZRWj0000006JvaOAE,01tWj00000C39UtIAJ,0ZGam000000isHdGAI,2026-03-27T20:01:52.000+0000
0ZRWj0000006JvZOAU,01tWj00000C39UuIAJ,0ZGam000000isHdGAI,2026-03-27T20:01:52.000+0000
0ZRWj0000006JvYOAU,01tWj00000C39UvIAJ,0ZGam000000isHdGAI,2026-03-27T20:01:52.000+0000
0ZRWj0000006JvXOAU,01tWj00000C39UwIAJ,0ZGam000000isHdGAI,2026-03-27T20:01:52.000+0000
0ZRWj0000006JvWOAU,01tWj00000C39UxIAJ,0ZGam000000isHdGAI,2026-03-27T20:01:52.000+0000
0ZRWj0000006JvVOAU,01tWj00000C39UyIAJ,0ZGam000000isHdGAI,2026-03-27T20:01:52.000+0000
0ZRWj0000006JvUOAU,01tWj00000C39UzIAJ,0ZGam000000isHdGAI,2026-03-27T20:01:52.000+0000
0ZRWj0000006JvTOAU,01tWj00000C39V0IAJ,0ZGam000000isHdGAI,2026-03-27T20:01:52.000+0000
0ZRWj0000006JvSOAU,01tWj00000C39V1IAJ,0ZGam000000isHdGAI,2026-03-27T20:01:52.000+0000
0ZRWj0000006JvROAU,01tWj00000C39V2IAJ,0ZGam000000isHdGAI,2026-03-27T20:01:52.000+0000
0ZRWj0000006JvQOAU,01tWj00000C39V3IAJ,0ZGam000000isHdGAI,2026-03-27T20:01:52.000+0000
0ZRWj0000006JvPOAU,01tWj00000C39V4IAJ,0ZGam000000isHdGAI,2026-03-27T20:01:52.000+0000
0ZRWj0000006JvOOAU,01tWj00000C39V5IAJ,0ZGam000000isHdGAI,2026-03-27T20:01:52.000+0000
0ZRWj0000006JvNOAU,01tWj00000C39V6IAJ,0ZGam000000isHdGAI,2026-03-27T20:01:52.000+0000
0ZRWj0000006JvMOAU,01tWj00000C39V7IAJ,0ZGam000000isHdGAI,2026-03-27T20:01:52.000+0000
0ZRWj0000006JvLOAU,01tWj00000C39V8IAJ,0ZGam000000isHdGAI,2026-03-27T20:01:52.000+0000
0ZRWj0000006JvKOAU,01tWj00000C39V9IAJ,0ZGam000000isHdGAI,2026-03-27T20:01:52.000+0000
0ZRWj0000006JvJOAU,01tWj00000C39VAIAZ,0ZGam000000isHdGAI,2026-03-27T20:01:52.000+0000
0ZRWj0000006JvIOAU,01tWj00000C39VBIAZ,0ZGam000000isHdGAI,2026-03-27T20:01:52.000+0000
0ZRWj0000006JvHOAU,01tWj00000C39VCIAZ,0ZGam000000isHdGAI,2026-03-27T20:01:52.000+0000
0ZRWj0000006JvGOAU,01tWj00000C39VDIAZ,0ZGam000000isHdGAI,2026-03-27T20:01:52.000+0000
0ZRWj0000006JvFOAU,01tWj00000C39VEIAZ,0ZGam000000isHdGAI,2026-03-27T20:01:52.000+0000
0ZRWj0000006JvEOAU,01tWj00000C39VFIAZ,0ZGam000000isHdGAI,2026-03-27T20:01:52.000+0000
0ZRWj0000006JvDOAU,01tWj00000C39VGIAZ,0ZGam000000isHdGAI,2026-03-27T20:01:52.000+0000
0ZRWj0000006JvCOAU,01tWj00000C39VHIAZ,0ZGam000000isHdGAI,2026-03-27T20:01:52.000+0000
0ZRWj0000006JvBOAU,01tWj00000C39VIIAZ,0ZGam000000isHdGAI,2026-03-27T20:01:52.000+0000
0ZRWj0000006JvAOAU,01tWj00000C39VJIAZ,0ZGam000000isHdGAI,2026-03-27T20:01:52.000+0000
0ZRWj0000006Jv9OAE,01tWj00000C39VKIAZ,0ZGam000000isHdGAI,2026-03-27T20:01:52.000+0000
0ZRWj0000006Jv8OAE,01tWj00000C39VLIAZ,0ZGam000000isHdGAI,2026-03-27T20:01:52.000+0000
0ZRWj0000006Jv7OAE,01tWj00000C39VMIAZ,0ZGam000000isHdGAI,2026-03-27T20:01:52.000+0000
0ZRWj0000006Jv6OAE,01tWj00000C39VNIAZ,0ZGam000000isHdGAI,2026-03-27T20:01:52.000+0000
0ZRWj0000006Jv5OAE,01tWj00000C39VOIAZ,0ZGam000000isHdGAI,2026-03-27T20:01:52.000+0000
0ZRWj0000006Jv4OAE,01tWj00000C39VPIAZ,0ZGam000000isHdGAI,2026-03-27T20:01:52.000+0000
0ZRWj0000006Jv3OAE,01tWj00000C39VQIAZ,0ZGam000000isHdGAI,2026-03-27T20:01:52.000+0000
0ZRWj0000006Jv2OAE,01tWj00000C39VRIAZ,0ZGam000000isHdGAI,2026-03-27T20:01:52.000+0000
0ZRWj0000006Jv1OAE,01tWj00000C39VSIAZ,0ZGam000000isHdGAI,2026-03-27T20:01:52.000+0000
0ZRWj0000006Jv0OAE,01tWj00000C39VTIAZ,0ZGam000000isHdGAI,2026-03-27T20:01:52.000+0000
0ZRWj0000006JuzOAE,01tWj00000C39VUIAZ,0ZGam000000isHdGAI,2026-03-27T20:01:52.000+0000
0ZRWj0000006JuyOAE,01tWj00000C39VVIAZ,0ZGam000000isHdGAI,2026-03-27T20:01:52.000+0000
0ZRWj0000006JuxOAE,01tWj00000C39VWIAZ,0ZGam000000isHdGAI,2026-03-27T20:01:52.000+0000
0ZRWj0000006JuwOAE,01tWj00000C39VXIAZ,0ZGam000000isHdGAI,2026-03-27T20:01:52.000+0000
0ZRWj0000006JuvOAE,01tWj00000C39VYIAZ,0ZGam000000isHdGAI,2026-03-27T20:01:52.000+0000
0ZRWj0000006JuuOAE,01tWj00000C39VZIAZ,0ZGam000000isHdGAI,2026-03-27T20:01:52.000+0000
0ZRWj0000006JutOAE,01tWj00000C39VaIAJ,0ZGam000000isHdGAI,2026-03-27T20:01:52.000+0000
0ZRWj0000006JusOAE,01tWj00000C39VbIAJ,0ZGam000000isHdGAI,2026-03-27T20:01:52.000+0000
0ZRWj0000006JurOAE,01tWj00000C39VcIAJ,0ZGam000000isHdGAI,2026-03-27T20:01:52.000+0000
0ZRWj0000006JuqOAE,01tWj00000C39VdIAJ,0ZGam000000isHdGAI,2026-03-27T20:01:52.000+0000
0ZRWj0000006JupOAE,01tWj00000C39VeIAJ,0ZGam000000isHdGAI,2026-03-27T20:01:52.000+0000
0ZRWj0000006JuoOAE,01tWj00000C39VfIAJ,0ZGam000000isHdGAI,2026-03-27T20:01:52.000+0000
0ZRWj0000006JunOAE,01tWj00000C39VgIAJ,0ZGam000000isHdGAI,2026-03-27T20:01:52.000+0000
0ZRWj0000006JumOAE,01tWj00000C39VhIAJ,0ZGam000000isHdGAI,2026-03-27T20:01:52.000+0000
0ZRWj0000006JulOAE,01tWj00000C39ViIAJ,0ZGam000000isHdGAI,2026-03-27T20:01:52.000+0000
0ZRWj0000006JukOAE,01tWj00000C39VjIAJ,0ZGam000000isHdGAI,2026-03-27T20:01:52.000+0000
0ZRWj0000006JujOAE,01tWj00000C39VkIAJ,0ZGam000000isHdGAI,2026-03-27T20:01:52.000+0000
0ZRWj0000006JuiOAE,01tWj00000C39VlIAJ,0ZGam000000isHdGAI,2026-03-27T20:01:52.000+0000
0ZRWj0000006JuhOAE,01tWj00000C39VmIAJ,0ZGam000000isHdGAI,2026-03-27T20:01:52.000+0000
0ZRWj0000006JugOAE,01tWj00000C39VnIAJ,0ZGam000000isHdGAI,2026-03-27T20:01:52.000+0000
0ZRWj0000006JufOAE,01tWj00000C39VoIAJ,0ZGam000000isHdGAI,2026-03-27T20:01:52.000+0000
0ZRWj0000006JueOAE,01tWj00000C39VpIAJ,0ZGam000000isHdGAI,2026-03-27T20:01:52.000+0000
0ZRWj0000006JudOAE,01tWj00000C39VqIAJ,0ZGam000000isHdGAI,2026-03-27T20:01:52.000+0000
0ZRWj0000006JucOAE,01tWj00000C39VrIAJ,0ZGam000000isHdGAI,2026-03-27T20:01:52.000+0000
0ZRWj0000006JubOAE,01tWj00000C39VsIAJ,0ZGam000000isHdGAI,2026-03-27T20:01:52.000+0000
0ZRWj0000006JuaOAE,01tWj00000C39VtIAJ,0ZGam000000isHdGAI,2026-03-27T20:01:52.000+0000
0ZRWj0000006JuZOAU,01tWj00000C39VuIAJ,0ZGam000000isHdGAI,2026-03-27T20:01:52.000+0000
0ZRWj0000006JuYOAU,01tWj00000C39VvIAJ,0ZGam000000isHdGAI,2026-03-27T20:01:52.000+0000
0ZRWj0000006JuXOAU,01tWj00000C39VwIAJ,0ZGam000000isHdGAI,2026-03-27T20:01:52.000+0000
0ZRWj0000006JuWOAU,01tWj00000C39VxIAJ,0ZGam000000isHdGAI,2026-03-27T20:01:52.000+0000
0ZRWj0000006JuVOAU,01tWj00000C39VyIAJ,0ZGam000000isHdGAI,2026-03-27T20:01:52.000+0000
0ZRWj0000006JuUOAU,01tWj00000C39VzIAJ,0ZGam000000isHdGAI,2026-03-27T20:01:52.000+0000
0ZRWj0000006JuTOAU,01tWj00000C39W0IAJ,0ZGam000000isHdGAI,2026-03-27T20:01:52.000+0000
0ZRWj0000006JuSOAU,01tWj00000C39W1IAJ,0ZGam000000isHdGAI,2026-03-27T20:01:52.000+0000
0ZRWj0000006JuROAU,01tWj00000C39W2IAJ,0ZGam000000isHdGAI,2026-03-27T20:01:52.000+0000
0ZRWj0000006JuQOAU,01tWj00000C39W3IAJ,0ZGam000000isHdGAI,2026-03-27T20:01:52.000+0000
0ZRWj0000006JuPOAU,01tWj00000C39W4IAJ,0ZGam000000isHdGAI,2026-03-27T20:01:52.000+0000
0ZRWj0000006CrnOAE,01tam00000B0mXmAAJ,0ZGam000000itATGAY,2026-03-04T19:51:07.000+0000
0ZRWj0000006K45OAE,01tam00000B0mXmAAJ,0ZGam000000isCnGAI,2026-03-27T20:04:11.000+0000
0ZRam000000hIw9GAE,01tam00000BCBatAAH,0ZGam000000itATGAY,2026-02-18T15:21:52.000+0000
0ZRam000000hI06GAE,01tam00000BCBatAAH,0ZGam000000isCnGAI,2026-02-18T13:56:29.000+0000
0ZRam000000hI05GAE,01tam00000BCBauAAH,0ZGam000000isG1GAI,2026-02-18T13:56:29.000+0000
0ZRam000000hIwAGAU,01tam00000BCBauAAH,0ZGam000000itATGAY,2026-02-18T15:21:52.000+0000
0ZRam000000hIWaGAM,01tam00000BCCn4AAH,0ZGam000000isBBGAY,2026-02-18T13:58:12.000+0000
0ZRam000000hIwBGAU,01tam00000BCCn4AAH,0ZGam000000itATGAY,2026-02-18T15:21:52.000+0000
0ZRam000000hIwCGAU,01tam00000BCCn5AAH,0ZGam000000itATGAY,2026-02-18T15:21:52.000+0000
0ZRam000000hIWTGA2,01tam00000BCCn5AAH,0ZGam000000isG1GAI,2026-02-18T13:58:12.000+0000
0ZRam000000hIwDGAU,01tam00000BCCn6AAH,0ZGam000000itATGAY,2026-02-18T15:21:52.000+0000
0ZRam000000hIWeGAM,01tam00000BCCn6AAH,0ZGam000000isBBGAY,2026-02-18T13:58:12.000+0000
0ZRam000000hIwEGAU,01tam00000BCCn7AAH,0ZGam000000itATGAY,2026-02-18T15:21:52.000+0000
0ZRam000000hIWRGA2,01tam00000BCCn7AAH,0ZGam000000isBBGAY,2026-02-18T13:58:12.000+0000
0ZRam000000hIwFGAU,01tam00000BCCn8AAH,0ZGam000000itATGAY,2026-02-18T15:21:52.000+0000
0ZRam000000hIWYGA2,01tam00000BCCn8AAH,0ZGam000000isHdGAI,2026-02-18T13:58:12.000+0000
0ZRam000000hIwGGAU,01tam00000BCCn9AAH,0ZGam000000itATGAY,2026-02-18T15:21:52.000+0000
0ZRam000000hIWbGAM,01tam00000BCCn9AAH,0ZGam000000isHdGAI,2026-02-18T13:58:12.000+0000
0ZRam000000hIWSGA2,01tam00000BCCnAAAX,0ZGam000000isHdGAI,2026-02-18T13:58:12.000+0000
0ZRam000000hIwHGAU,01tam00000BCCnAAAX,0ZGam000000itATGAY,2026-02-18T15:21:52.000+0000
0ZRam000000hIWVGA2,01tam00000BCCnBAAX,0ZGam000000isBBGAY,2026-02-18T13:58:12.000+0000
0ZRam000000hIwIGAU,01tam00000BCCnBAAX,0ZGam000000itATGAY,2026-02-18T15:21:52.000+0000
0ZRam000000hIWXGA2,01tam00000BCCnCAAX,0ZGam000000isHdGAI,2026-02-18T13:58:12.000+0000
0ZRam000000hIwJGAU,01tam00000BCCnCAAX,0ZGam000000itATGAY,2026-02-18T15:21:52.000+0000
0ZRam000000hIwKGAU,01tam00000BCCnDAAX,0ZGam000000itATGAY,2026-02-18T15:21:52.000+0000
0ZRam000000hIWcGAM,01tam00000BCCnDAAX,0ZGam000000isBBGAY,2026-02-18T13:58:12.000+0000
0ZRam000000hIwLGAU,01tam00000BCCnEAAX,0ZGam000000itATGAY,2026-02-18T15:21:52.000+0000
0ZRam000000hIWWGA2,01tam00000BCCnEAAX,0ZGam000000isCnGAI,2026-02-18T13:58:12.000+0000
0ZRam000000hIwMGAU,01tam00000BCCnFAAX,0ZGam000000itATGAY,2026-02-18T15:21:52.000+0000
0ZRam000000hIWOGA2,01tam00000BCCnFAAX,0ZGam000000isCnGAI,2026-02-18T13:58:12.000+0000
0ZRam000000hIWZGA2,01tam00000BCCnGAAX,0ZGam000000isCnGAI,2026-02-18T13:58:12.000+0000
0ZRam000000hIwNGAU,01tam00000BCCnGAAX,0ZGam000000itATGAY,2026-02-18T15:21:52.000+0000
0ZRam000000hIwOGAU,01tam00000BCCnHAAX,0ZGam000000itATGAY,2026-02-18T15:21:52.000+0000
0ZRam000000hIWNGA2,01tam00000BCCnHAAX,0ZGam000000isCnGAI,2026-02-18T13:58:12.000+0000
0ZRam000000hIWPGA2,01tam00000BCCnIAAX,0ZGam000000isBBGAY,2026-02-18T13:58:12.000+0000
0ZRam000000hIwPGAU,01tam00000BCCnIAAX,0ZGam000000itATGAY,2026-02-18T15:21:52.000+0000
0ZRam000000hIwQGAU,01tam00000BCCnJAAX,0ZGam000000itATGAY,2026-02-18T15:21:52.000+0000
0ZRam000000hIWQGA2,01tam00000BCCnJAAX,0ZGam000000isG1GAI,2026-02-18T13:58:12.000+0000
0ZRam000000hIwRGAU,01tam00000BCCnKAAX,0ZGam000000itATGAY,2026-02-18T15:21:52.000+0000
0ZRam000000hIWMGA2,01tam00000BCCnKAAX,0ZGam000000isCnGAI,2026-02-18T13:58:12.000+0000
0ZRam000000hIwSGAU,01tam00000BCCnLAAX,0ZGam000000itATGAY,2026-02-18T15:21:52.000+0000
0ZRam000000hIWUGA2,01tam00000BCCnLAAX,0ZGam000000isBBGAY,2026-02-18T13:58:12.000+0000
0ZRam000000hIWLGA2,01tam00000BCCnMAAX,0ZGam000000isBBGAY,2026-02-18T13:58:12.000+0000
0ZRam000000hIwTGAU,01tam00000BCCnMAAX,0ZGam000000itATGAY,2026-02-18T15:21:52.000+0000
0ZRam000000hIwUGAU,01tam00000BCCnNAAX,0ZGam000000itATGAY,2026-02-18T15:21:52.000+0000
0ZRam000000hIWdGAM,01tam00000BCCnNAAX,0ZGam000000isCnGAI,2026-02-18T13:58:12.000+0000
0ZRam000000hIWoGAM,01tam00000BCCnOAAX,0ZGam000000isCnGAI,2026-02-18T13:58:20.000+0000
0ZRam000000hIwVGAU,01tam00000BCCnOAAX,0ZGam000000itATGAY,2026-02-18T15:21:52.000+0000
0ZRam000000hIwWGAU,01tam00000BCCnPAAX,0ZGam000000itATGAY,2026-02-18T15:21:52.000+0000
0ZRam000000hIWjGAM,01tam00000BCCnPAAX,0ZGam000000isBBGAY,2026-02-18T13:58:20.000+0000
0ZRam000000hIwXGAU,01tam00000BCCnQAAX,0ZGam000000itATGAY,2026-02-18T15:21:52.000+0000
0ZRam000000hIWxGAM,01tam00000BCCnQAAX,0ZGam000000isHdGAI,2026-02-18T13:58:20.000+0000
0ZRam000000hIWqGAM,01tam00000BCCnRAAX,0ZGam000000isHdGAI,2026-02-18T13:58:20.000+0000
0ZRam000000hIwYGAU,01tam00000BCCnRAAX,0ZGam000000itATGAY,2026-02-18T15:21:52.000+0000
0ZRam000000hIwZGAU,01tam00000BCCnSAAX,0ZGam000000itATGAY,2026-02-18T15:21:52.000+0000
0ZRam000000hIWrGAM,01tam00000BCCnSAAX,0ZGam000000isBBGAY,2026-02-18T13:58:20.000+0000
0ZRam000000hIWkGAM,01tam00000BCCnTAAX,0ZGam000000isHdGAI,2026-02-18T13:58:20.000+0000
0ZRam000000hIwaGAE,01tam00000BCCnTAAX,0ZGam000000itATGAY,2026-02-18T15:21:52.000+0000
0ZRam000000hIwbGAE,01tam00000BCCnUAAX,0ZGam000000itATGAY,2026-02-18T15:21:52.000+0000
0ZRam000000hIWgGAM,01tam00000BCCnUAAX,0ZGam000000isCnGAI,2026-02-18T13:58:20.000+0000
0ZRam000000hIwcGAE,01tam00000BCCnVAAX,0ZGam000000itATGAY,2026-02-18T15:21:52.000+0000
0ZRam000000hIWuGAM,01tam00000BCCnVAAX,0ZGam000000isG1GAI,2026-02-18T13:58:20.000+0000
0ZRam000000hIWtGAM,01tam00000BCCnWAAX,0ZGam000000isHdGAI,2026-02-18T13:58:20.000+0000
0ZRam000000hIwdGAE,01tam00000BCCnWAAX,0ZGam000000itATGAY,2026-02-18T15:21:52.000+0000
0ZRam000000hIweGAE,01tam00000BCCnXAAX,0ZGam000000itATGAY,2026-02-18T15:21:52.000+0000
0ZRam000000hIWpGAM,01tam00000BCCnXAAX,0ZGam000000isBBGAY,2026-02-18T13:58:20.000+0000
0ZRam000000hIwfGAE,01tam00000BCCnYAAX,0ZGam000000itATGAY,2026-02-18T15:21:52.000+0000
0ZRam000000hIWhGAM,01tam00000BCCnYAAX,0ZGam000000isCnGAI,2026-02-18T13:58:20.000+0000
0ZRam000000hIWnGAM,01tam00000BCCnZAAX,0ZGam000000isBBGAY,2026-02-18T13:58:20.000+0000
0ZRam000000hIwgGAE,01tam00000BCCnZAAX,0ZGam000000itATGAY,2026-02-18T15:21:52.000+0000
0ZRam000000hIWvGAM,01tam00000BCCnaAAH,0ZGam000000isBBGAY,2026-02-18T13:58:20.000+0000
0ZRam000000hIwhGAE,01tam00000BCCnaAAH,0ZGam000000itATGAY,2026-02-18T15:21:52.000+0000
0ZRam000000hIwiGAE,01tam00000BCCnbAAH,0ZGam000000itATGAY,2026-02-18T15:21:52.000+0000
0ZRam000000hIWiGAM,01tam00000BCCnbAAH,0ZGam000000isBBGAY,2026-02-18T13:58:20.000+0000
0ZRam000000hIWmGAM,01tam00000BCCncAAH,0ZGam000000isCnGAI,2026-02-18T13:58:20.000+0000
0ZRam000000hIwjGAE,01tam00000BCCncAAH,0ZGam000000itATGAY,2026-02-18T15:21:52.000+0000
0ZRam000000hIWfGAM,01tam00000BCCndAAH,0ZGam000000isBBGAY,2026-02-18T13:58:20.000+0000
0ZRam000000hIwkGAE,01tam00000BCCndAAH,0ZGam000000itATGAY,2026-02-18T15:21:52.000+0000
0ZRam000000hIWwGAM,01tam00000BCCneAAH,0ZGam000000isBBGAY,2026-02-18T13:58:20.000+0000
0ZRam000000hIwlGAE,01tam00000BCCneAAH,0ZGam000000itATGAY,2026-02-18T15:21:52.000+0000
0ZRam000000hIwmGAE,01tam00000BCCnfAAH,0ZGam000000itATGAY,2026-02-18T15:21:52.000+0000
0ZRam000000hIWlGAM,01tam00000BCCnfAAH,0ZGam000000isBBGAY,2026-02-18T13:58:20.000+0000
0ZRam000000hIWyGAM,01tam00000BCCngAAH,0ZGam000000isBBGAY,2026-02-18T13:58:20.000+0000
0ZRam000000hIwnGAE,01tam00000BCCngAAH,0ZGam000000itATGAY,2026-02-18T15:21:52.000+0000
0ZRam000000hIwoGAE,01tam00000BCCnhAAH,0ZGam000000itATGAY,2026-02-18T15:21:52.000+0000
0ZRam000000hIWsGAM,01tam00000BCCnhAAH,0ZGam000000isCnGAI,2026-02-18T13:58:20.000+0000
0ZRam000000hHjxGAE,01tam00000BCGSUAA5,0ZGam000000isJFGAY,2026-02-18T12:32:14.000+0000
0ZRam000000hIwpGAE,01tam00000BCGSUAA5,0ZGam000000itATGAY,2026-02-18T15:21:52.000+0000
0ZRam000000hHvFGAU,01tam00000BCGSUAA5,0ZGam000000isCnGAI,2026-02-18T13:56:14.000+0000
0ZRam000000hIwqGAE,01tam00000BCIFmAAP,0ZGam000000itATGAY,2026-02-18T15:21:52.000+0000
0ZRam000000hIbBGAU,01tam00000BCIFmAAP,0ZGam000000isG1GAI,2026-02-18T13:58:47.000+0000
0ZRam000000hIbEGAU,01tam00000BCIFnAAP,0ZGam000000isEPGAY,2026-02-18T13:58:49.000+0000
0ZRam000000hIwrGAE,01tam00000BCIFnAAP,0ZGam000000itATGAY,2026-02-18T15:21:52.000+0000
0ZRam000000hIbDGAU,01tam00000BCIFoAAP,0ZGam000000isEPGAY,2026-02-18T13:58:49.000+0000
0ZRam000000hIwsGAE,01tam00000BCIFoAAP,0ZGam000000itATGAY,2026-02-18T15:21:52.000+0000
0ZRam000000hIwtGAE,01tam00000BCIFpAAP,0ZGam000000itATGAY,2026-02-18T15:21:52.000+0000
0ZRam000000hIbFGAU,01tam00000BCIFpAAP,0ZGam000000isBBGAY,2026-02-18T13:58:49.000+0000
0ZRam000000hIbCGAU,01tam00000BCIFqAAP,0ZGam000000isEPGAY,2026-02-18T13:58:49.000+0000
0ZRam000000hIwuGAE,01tam00000BCIFqAAP,0ZGam000000itATGAY,2026-02-18T15:21:52.000+0000
0ZRam000000hIOHGA2,01tam00000BCJgUAAX,0ZGam000000isCnGAI,2026-02-18T13:57:40.000+0000
0ZRam000000hIwvGAE,01tam00000BCJgUAAX,0ZGam000000itATGAY,2026-02-18T15:21:52.000+0000
0ZRam000000hIwwGAE,01tam00000BCKW5AAP,0ZGam000000itATGAY,2026-02-18T15:21:52.000+0000
0ZRam000000hHwrGAE,01tam00000BCKW5AAP,0ZGam000000isBBGAY,2026-02-18T13:56:18.000+0000
0ZRam000000hIxlGAE,01tam00000BCKW6AAP,0ZGam000000itATGAY,2026-02-18T15:22:58.000+0000
0ZRam000000hHwsGAE,01tam00000BCKW6AAP,0ZGam000000isCnGAI,2026-02-18T13:56:18.000+0000
0ZRam000000hIxmGAE,01tam00000BCKXhAAP,0ZGam000000itATGAY,2026-02-18T15:22:58.000+0000
0ZRam000000hHyTGAU,01tam00000BCKXhAAP,0ZGam000000isCnGAI,2026-02-18T13:56:23.000+0000
0ZRam000000hHyUGAU,01tam00000BCKXiAAP,0ZGam000000isBBGAY,2026-02-18T13:56:26.000+0000
0ZRam000000hIxnGAE,01tam00000BCKXiAAP,0ZGam000000itATGAY,2026-02-18T15:22:58.000+0000
0ZRam000000hI1hGAE,01tam00000BCKZJAA5,0ZGam000000isCnGAI,2026-02-18T13:56:34.000+0000
0ZRam000000hIxoGAE,01tam00000BCKZJAA5,0ZGam000000itATGAY,2026-02-18T15:22:58.000+0000
0ZRam000000hIxpGAE,01tam00000BCKZKAA5,0ZGam000000itATGAY,2026-02-18T15:22:58.000+0000
0ZRam000000hI1iGAE,01tam00000BCKZKAA5,0ZGam000000isBBGAY,2026-02-18T13:56:36.000+0000
0ZRam000000hI3JGAU,01tam00000BCKavAAH,0ZGam000000isBBGAY,2026-02-18T13:56:39.000+0000
0ZRam000000hIxqGAE,01tam00000BCKavAAH,0ZGam000000itATGAY,2026-02-18T15:22:58.000+0000
0ZRam000000hI3KGAU,01tam00000BCKawAAH,0ZGam000000isEPGAY,2026-02-18T13:56:41.000+0000
0ZRam000000hIxrGAE,01tam00000BCKawAAH,0ZGam000000itATGAY,2026-02-18T15:22:58.000+0000
0ZRam000000hI4vGAE,01tam00000BCKcXAAX,0ZGam000000isHdGAI,2026-02-18T13:56:43.000+0000
0ZRam000000hIxsGAE,01tam00000BCKcXAAX,0ZGam000000itATGAY,2026-02-18T15:22:58.000+0000
0ZRam000000hIxtGAE,01tam00000BCKe9AAH,0ZGam000000itATGAY,2026-02-18T15:22:58.000+0000
0ZRam000000hI6XGAU,01tam00000BCKe9AAH,0ZGam000000isCnGAI,2026-02-18T13:56:47.000+0000
0ZRam000000hI6YGAU,01tam00000BCKeAAAX,0ZGam000000isBBGAY,2026-02-18T13:56:47.000+0000
0ZRam000000hIxuGAE,01tam00000BCKeAAAX,0ZGam000000itATGAY,2026-02-18T15:22:58.000+0000
0ZRam000000hIxvGAE,01tam00000BCKhNAAX,0ZGam000000itATGAY,2026-02-18T15:22:58.000+0000
0ZRam000000hI89GAE,01tam00000BCKhNAAX,0ZGam000000isHdGAI,2026-02-18T13:56:53.000+0000
0ZRam000000hIxwGAE,01tam00000BCKkbAAH,0ZGam000000itATGAY,2026-02-18T15:22:58.000+0000
0ZRam000000hI9mGAE,01tam00000BCKkbAAH,0ZGam000000isEPGAY,2026-02-18T13:56:55.000+0000
0ZRam000000hIxxGAE,01tam00000BCKkcAAH,0ZGam000000itATGAY,2026-02-18T15:22:58.000+0000
0ZRam000000hI9lGAE,01tam00000BCKkcAAH,0ZGam000000isBBGAY,2026-02-18T13:56:55.000+0000
0ZRam000000hIBNGA2,01tam00000BCKmDAAX,0ZGam000000isHdGAI,2026-02-18T13:57:00.000+0000
0ZRam000000hIxyGAE,01tam00000BCKmDAAX,0ZGam000000itATGAY,2026-02-18T15:22:58.000+0000
0ZRam000000hIxzGAE,01tam00000BCKnpAAH,0ZGam000000itATGAY,2026-02-18T15:22:58.000+0000
0ZRWj0000006CRbOAM,01tam00000BCKnpAAH,0ZGam000000isCnGAI,2026-03-04T18:30:24.000+0000
0ZRam000000hICzGAM,01tam00000BCKnpAAH,0ZGam000000isBBGAY,2026-02-18T13:57:03.000+0000
0ZRam000000hIEcGAM,01tam00000BCKpRAAX,0ZGam000000isBBGAY,2026-02-18T13:57:06.000+0000
0ZRam000000hIy0GAE,01tam00000BCKpRAAX,0ZGam000000itATGAY,2026-02-18T15:22:58.000+0000
0ZRam000000hIEbGAM,01tam00000BCKpSAAX,0ZGam000000isCnGAI,2026-02-18T13:57:06.000+0000
0ZRam000000hIy1GAE,01tam00000BCKpSAAX,0ZGam000000itATGAY,2026-02-18T15:22:58.000+0000
0ZRam000000hIGDGA2,01tam00000BCKr3AAH,0ZGam000000isBBGAY,2026-02-18T13:57:11.000+0000
0ZRam000000hIy2GAE,01tam00000BCKr3AAH,0ZGam000000itATGAY,2026-02-18T15:22:58.000+0000
0ZRam000000hIGEGA2,01tam00000BCKr4AAH,0ZGam000000isCnGAI,2026-02-18T13:57:11.000+0000
0ZRam000000hIy3GAE,01tam00000BCKr4AAH,0ZGam000000itATGAY,2026-02-18T15:22:58.000+0000
0ZRam000000hIHpGAM,01tam00000BCKsfAAH,0ZGam000000isBBGAY,2026-02-18T13:57:15.000+0000
0ZRam000000hIy4GAE,01tam00000BCKsfAAH,0ZGam000000itATGAY,2026-02-18T15:22:58.000+0000
0ZRam000000hIHqGAM,01tam00000BCKsgAAH,0ZGam000000isCnGAI,2026-02-18T13:57:17.000+0000
0ZRam000000hIy5GAE,01tam00000BCKsgAAH,0ZGam000000itATGAY,2026-02-18T15:22:58.000+0000
0ZRam000000hIy6GAE,01tam00000BCKshAAH,0ZGam000000itATGAY,2026-02-18T15:22:58.000+0000
0ZRam000000hIHwGAM,01tam00000BCKshAAH,0ZGam000000isHdGAI,2026-02-18T13:59:18.000+0000
0ZRam000000hIHrGAM,01tam00000BCKsiAAH,0ZGam000000isCnGAI,2026-02-18T13:59:18.000+0000
0ZRWj0000006CT7OAM,01tam00000BCKsiAAH,0ZGam000000isG1GAI,2026-03-04T18:43:08.000+0000
0ZRam000000hIy7GAE,01tam00000BCKsiAAH,0ZGam000000itATGAY,2026-02-18T15:22:58.000+0000
0ZRam000000hIy8GAE,01tam00000BCKsjAAH,0ZGam000000itATGAY,2026-02-18T15:22:58.000+0000
0ZRam000000hIHsGAM,01tam00000BCKsjAAH,0ZGam000000isCnGAI,2026-02-18T13:59:18.000+0000
0ZRam000000hIy9GAE,01tam00000BCKskAAH,0ZGam000000itATGAY,2026-02-18T15:22:58.000+0000
0ZRam000000hIHtGAM,01tam00000BCKskAAH,0ZGam000000isBBGAY,2026-02-18T13:59:18.000+0000
0ZRam000000hIyAGAU,01tam00000BCKslAAH,0ZGam000000itATGAY,2026-02-18T15:22:58.000+0000
0ZRam000000hIHxGAM,01tam00000BCKslAAH,0ZGam000000isCnGAI,2026-02-18T13:59:18.000+0000
0ZRam000000hIHyGAM,01tam00000BCKsmAAH,0ZGam000000isBBGAY,2026-02-18T13:59:18.000+0000
0ZRam000000hIyBGAU,01tam00000BCKsmAAH,0ZGam000000itATGAY,2026-02-18T15:22:58.000+0000
0ZRam000000hIHuGAM,01tam00000BCKsnAAH,0ZGam000000isBBGAY,2026-02-18T13:59:18.000+0000
0ZRam000000hIyCGAU,01tam00000BCKsnAAH,0ZGam000000itATGAY,2026-02-18T15:22:58.000+0000
0ZRam000000hII0GAM,01tam00000BCKsoAAH,0ZGam000000isCnGAI,2026-02-18T13:59:18.000+0000
0ZRam000000hIyDGAU,01tam00000BCKsoAAH,0ZGam000000itATGAY,2026-02-18T15:22:58.000+0000
0ZRam000000hIyEGAU,01tam00000BCKspAAH,0ZGam000000itATGAY,2026-02-18T15:22:58.000+0000
0ZRam000000hIHvGAM,01tam00000BCKspAAH,0ZGam000000isBBGAY,2026-02-18T13:59:18.000+0000
0ZRam000000hIyFGAU,01tam00000BCKsqAAH,0ZGam000000itATGAY,2026-02-18T15:22:58.000+0000
0ZRam000000hIHzGAM,01tam00000BCKsqAAH,0ZGam000000isJFGAY,2026-02-18T13:59:18.000+0000
0ZRam000000hIICGA2,01tam00000BCKsrAAH,0ZGam000000isHdGAI,2026-02-18T13:59:21.000+0000
0ZRam000000hIyGGAU,01tam00000BCKsrAAH,0ZGam000000itATGAY,2026-02-18T15:22:58.000+0000
0ZRam000000hIyHGAU,01tam00000BCKssAAH,0ZGam000000itATGAY,2026-02-18T15:22:58.000+0000
0ZRam000000hII8GAM,01tam00000BCKssAAH,0ZGam000000isHdGAI,2026-02-18T13:59:21.000+0000
0ZRam000000hIyIGAU,01tam00000BCKstAAH,0ZGam000000itATGAY,2026-02-18T15:22:58.000+0000
0ZRam000000hII9GAM,01tam00000BCKstAAH,0ZGam000000isBBGAY,2026-02-18T13:59:21.000+0000
0ZRam000000hII3GAM,01tam00000BCKsuAAH,0ZGam000000isCnGAI,2026-02-18T13:59:21.000+0000
0ZRam000000hIyJGAU,01tam00000BCKsuAAH,0ZGam000000itATGAY,2026-02-18T15:22:58.000+0000
0ZRam000000hII4GAM,01tam00000BCKsvAAH,0ZGam000000isHdGAI,2026-02-18T13:59:21.000+0000
0ZRam000000hIyKGAU,01tam00000BCKsvAAH,0ZGam000000itATGAY,2026-02-18T15:22:58.000+0000
0ZRam000000hIIBGA2,01tam00000BCKswAAH,0ZGam000000isBBGAY,2026-02-18T13:59:21.000+0000
0ZRam000000hIyLGAU,01tam00000BCKswAAH,0ZGam000000itATGAY,2026-02-18T15:22:58.000+0000
0ZRam000000hII6GAM,01tam00000BCKsxAAH,0ZGam000000isCnGAI,2026-02-18T13:59:21.000+0000
0ZRam000000hIyMGAU,01tam00000BCKsxAAH,0ZGam000000itATGAY,2026-02-18T15:22:58.000+0000
0ZRam000000hIyNGAU,01tam00000BCKsyAAH,0ZGam000000itATGAY,2026-02-18T15:22:58.000+0000
0ZRam000000hII7GAM,01tam00000BCKsyAAH,0ZGam000000isHdGAI,2026-02-18T13:59:21.000+0000
0ZRam000000hII2GAM,01tam00000BCKszAAH,0ZGam000000isCnGAI,2026-02-18T13:59:21.000+0000
0ZRam000000hIyOGAU,01tam00000BCKszAAH,0ZGam000000itATGAY,2026-02-18T15:22:58.000+0000
0ZRam000000hIyPGAU,01tam00000BCKt0AAH,0ZGam000000itATGAY,2026-02-18T15:22:58.000+0000
0ZRam000000hII1GAM,01tam00000BCKt0AAH,0ZGam000000isBBGAY,2026-02-18T13:59:21.000+0000
0ZRam000000hII5GAM,01tam00000BCKt1AAH,0ZGam000000isHdGAI,2026-02-18T13:59:21.000+0000
0ZRam000000hIyQGAU,01tam00000BCKt1AAH,0ZGam000000itATGAY,2026-02-18T15:22:58.000+0000
0ZRam000000hIyRGAU,01tam00000BCKt2AAH,0ZGam000000itATGAY,2026-02-18T15:22:58.000+0000
0ZRam000000hIIAGA2,01tam00000BCKt2AAH,0ZGam000000isBBGAY,2026-02-18T13:59:21.000+0000
0ZRam000000hIJRGA2,01tam00000BCKuHAAX,0ZGam000000isHdGAI,2026-02-18T13:57:19.000+0000
0ZRam000000hIySGAU,01tam00000BCKuHAAX,0ZGam000000itATGAY,2026-02-18T15:22:58.000+0000
0ZRam000000hIL3GAM,01tam00000BCKvtAAH,0ZGam000000isCnGAI,2026-02-18T13:57:23.000+0000
0ZRam000000hIyTGAU,01tam00000BCKvtAAH,0ZGam000000itATGAY,2026-02-18T15:22:58.000+0000
0ZRam000000hIL4GAM,01tam00000BCKvuAAH,0ZGam000000isBBGAY,2026-02-18T13:57:23.000+0000
0ZRam000000hIyUGAU,01tam00000BCKvuAAH,0ZGam000000itATGAY,2026-02-18T15:22:58.000+0000
0ZRam000000hIyVGAU,01tam00000BCKxVAAX,0ZGam000000itATGAY,2026-02-18T15:22:58.000+0000
0ZRam000000hIMfGAM,01tam00000BCKxVAAX,0ZGam000000isCnGAI,2026-02-18T13:57:27.000+0000
0ZRam000000hIMgGAM,01tam00000BCKxWAAX,0ZGam000000isBBGAY,2026-02-18T13:57:29.000+0000
0ZRam000000hIyWGAU,01tam00000BCKxWAAX,0ZGam000000itATGAY,2026-02-18T15:22:58.000+0000
0ZRam000000hIyXGAU,01tam00000BCKxXAAX,0ZGam000000itATGAY,2026-02-18T15:22:58.000+0000
0ZRam000000hIMhGAM,01tam00000BCKxXAAX,0ZGam000000isJFGAY,2026-02-18T13:58:27.000+0000
0ZRam000000hIyYGAU,01tam00000BCKz7AAH,0ZGam000000itATGAY,2026-02-18T15:22:58.000+0000
0ZRam000000hIQBGA2,01tam00000BCKz7AAH,0ZGam000000isCnGAI,2026-02-18T13:57:43.000+0000
0ZRam000000hIyZGAU,01tam00000BCKz8AAH,0ZGam000000itATGAY,2026-02-18T15:22:58.000+0000
0ZRam000000hIQ1GAM,01tam00000BCKz8AAH,0ZGam000000isBBGAY,2026-02-18T13:57:43.000+0000
0ZRam000000hIyaGAE,01tam00000BCKz9AAH,0ZGam000000itATGAY,2026-02-18T15:22:58.000+0000
0ZRam000000hIQ8GAM,01tam00000BCKz9AAH,0ZGam000000isCnGAI,2026-02-18T13:57:43.000+0000
0ZRam000000hIQ0GAM,01tam00000BCKzAAAX,0ZGam000000isBBGAY,2026-02-18T13:57:43.000+0000
0ZRam000000hIybGAE,01tam00000BCKzAAAX,0ZGam000000itATGAY,2026-02-18T15:22:58.000+0000
0ZRam000000hIPwGAM,01tam00000BCKzBAAX,0ZGam000000isCnGAI,2026-02-18T13:57:43.000+0000
0ZRam000000hIycGAE,01tam00000BCKzBAAX,0ZGam000000itATGAY,2026-02-18T15:22:58.000+0000
0ZRam000000hIydGAE,01tam00000BCKzCAAX,0ZGam000000itATGAY,2026-02-18T15:22:58.000+0000
0ZRam000000hIQ2GAM,01tam00000BCKzCAAX,0ZGam000000isBBGAY,2026-02-18T13:57:43.000+0000
0ZRam000000hIPyGAM,01tam00000BCKzDAAX,0ZGam000000isG1GAI,2026-02-18T13:57:43.000+0000
0ZRam000000hIyeGAE,01tam00000BCKzDAAX,0ZGam000000itATGAY,2026-02-18T15:22:58.000+0000
0ZRam000000hIQAGA2,01tam00000BCKzEAAX,0ZGam000000isCnGAI,2026-02-18T13:57:43.000+0000
0ZRam000000hIyfGAE,01tam00000BCKzEAAX,0ZGam000000itATGAY,2026-02-18T15:22:58.000+0000
0ZRam000000hIygGAE,01tam00000BCKzFAAX,0ZGam000000itATGAY,2026-02-18T15:22:58.000+0000
0ZRam000000hIQ3GAM,01tam00000BCKzFAAX,0ZGam000000isBBGAY,2026-02-18T13:57:43.000+0000
0ZRam000000hIQ7GAM,01tam00000BCKzGAAX,0ZGam000000isG1GAI,2026-02-18T13:57:43.000+0000
0ZRam000000hIyhGAE,01tam00000BCKzGAAX,0ZGam000000itATGAY,2026-02-18T15:22:58.000+0000
0ZRam000000hIPxGAM,01tam00000BCKzHAAX,0ZGam000000isCnGAI,2026-02-18T13:57:43.000+0000
0ZRam000000hIyiGAE,01tam00000BCKzHAAX,0ZGam000000itATGAY,2026-02-18T15:22:58.000+0000
0ZRam000000hIyjGAE,01tam00000BCKzIAAX,0ZGam000000itATGAY,2026-02-18T15:22:58.000+0000
0ZRam000000hIQ6GAM,01tam00000BCKzIAAX,0ZGam000000isCnGAI,2026-02-18T13:57:43.000+0000
0ZRam000000hIQ5GAM,01tam00000BCKzJAAX,0ZGam000000isBBGAY,2026-02-18T13:57:43.000+0000
0ZRam000000hIykGAE,01tam00000BCKzJAAX,0ZGam000000itATGAY,2026-02-18T15:22:58.000+0000
0ZRam000000hIQ4GAM,01tam00000BCKzKAAX,0ZGam000000isG1GAI,2026-02-18T13:57:43.000+0000
0ZRam000000hIylGAE,01tam00000BCKzKAAX,0ZGam000000itATGAY,2026-02-18T15:22:58.000+0000
0ZRam000000hIPtGAM,01tam00000BCKzLAAX,0ZGam000000isCnGAI,2026-02-18T13:57:43.000+0000
0ZRam000000hIymGAE,01tam00000BCKzLAAX,0ZGam000000itATGAY,2026-02-18T15:22:58.000+0000
0ZRam000000hIPzGAM,01tam00000BCKzMAAX,0ZGam000000isBBGAY,2026-02-18T13:57:43.000+0000
0ZRam000000hIynGAE,01tam00000BCKzMAAX,0ZGam000000itATGAY,2026-02-18T15:22:58.000+0000
0ZRam000000hIQ9GAM,01tam00000BCKzNAAX,0ZGam000000isBBGAY,2026-02-18T13:57:43.000+0000
0ZRam000000hIyoGAE,01tam00000BCKzNAAX,0ZGam000000itATGAY,2026-02-18T15:22:58.000+0000
0ZRam000000hIypGAE,01tam00000BCKzOAAX,0ZGam000000itATGAY,2026-02-18T15:22:58.000+0000
0ZRam000000hIPuGAM,01tam00000BCKzOAAX,0ZGam000000isCnGAI,2026-02-18T13:57:43.000+0000
0ZRam000000hIyqGAE,01tam00000BCKzPAAX,0ZGam000000itATGAY,2026-02-18T15:22:58.000+0000
0ZRam000000hIQCGA2,01tam00000BCKzPAAX,0ZGam000000isBBGAY,2026-02-18T13:57:43.000+0000
0ZRam000000hIPvGAM,01tam00000BCKzQAAX,0ZGam000000isBBGAY,2026-02-18T13:57:43.000+0000
0ZRam000000hIyrGAE,01tam00000BCKzQAAX,0ZGam000000itATGAY,2026-02-18T15:22:58.000+0000
0ZRam000000hIQNGA2,01tam00000BCKzRAAX,0ZGam000000isCnGAI,2026-02-18T13:57:48.000+0000
0ZRam000000hIysGAE,01tam00000BCKzRAAX,0ZGam000000itATGAY,2026-02-18T15:22:58.000+0000
0ZRam000000hIQHGA2,01tam00000BCKzSAAX,0ZGam000000isCnGAI,2026-02-18T13:57:48.000+0000
0ZRam000000hIytGAE,01tam00000BCKzSAAX,0ZGam000000itATGAY,2026-02-18T15:22:58.000+0000
0ZRam000000hIyuGAE,01tam00000BCKzTAAX,0ZGam000000itATGAY,2026-02-18T15:22:58.000+0000
0ZRam000000hIQIGA2,01tam00000BCKzTAAX,0ZGam000000isHdGAI,2026-02-18T13:57:48.000+0000
0ZRam000000hIyvGAE,01tam00000BCKzUAAX,0ZGam000000itATGAY,2026-02-18T15:22:58.000+0000
0ZRam000000hIQPGA2,01tam00000BCKzUAAX,0ZGam000000isHdGAI,2026-02-18T13:57:48.000+0000
0ZRam000000hIywGAE,01tam00000BCKzVAAX,0ZGam000000itATGAY,2026-02-18T15:22:58.000+0000
0ZRam000000hIQEGA2,01tam00000BCKzVAAX,0ZGam000000isBBGAY,2026-02-18T13:57:48.000+0000
0ZRam000000hIyxGAE,01tam00000BCKzWAAX,0ZGam000000itATGAY,2026-02-18T15:22:58.000+0000
0ZRam000000hIQKGA2,01tam00000BCKzWAAX,0ZGam000000isCnGAI,2026-02-18T13:57:48.000+0000
0ZRam000000hIyyGAE,01tam00000BCKzXAAX,0ZGam000000itATGAY,2026-02-18T15:22:58.000+0000
0ZRam000000hIQRGA2,01tam00000BCKzXAAX,0ZGam000000isCnGAI,2026-02-18T13:57:48.000+0000
0ZRam000000hIQOGA2,01tam00000BCKzYAAX,0ZGam000000isBBGAY,2026-02-18T13:57:48.000+0000
0ZRam000000hIyzGAE,01tam00000BCKzYAAX,0ZGam000000itATGAY,2026-02-18T15:22:58.000+0000
0ZRam000000hIQFGA2,01tam00000BCKzZAAX,0ZGam000000isBBGAY,2026-02-18T13:57:48.000+0000
0ZRam000000hIz0GAE,01tam00000BCKzZAAX,0ZGam000000itATGAY,2026-02-18T15:22:58.000+0000
0ZRam000000hIQLGA2,01tam00000BCKzaAAH,0ZGam000000isBBGAY,2026-02-18T13:57:48.000+0000
0ZRam000000hIz1GAE,01tam00000BCKzaAAH,0ZGam000000itATGAY,2026-02-18T15:22:58.000+0000
0ZRam000000hIQVGA2,01tam00000BCKzbAAH,0ZGam000000isBBGAY,2026-02-18T13:57:48.000+0000
0ZRam000000hIz2GAE,01tam00000BCKzbAAH,0ZGam000000itATGAY,2026-02-18T15:22:58.000+0000
0ZRam000000hIz3GAE,01tam00000BCKzcAAH,0ZGam000000itATGAY,2026-02-18T15:22:58.000+0000
0ZRam000000hIQDGA2,01tam00000BCKzcAAH,0ZGam000000isBBGAY,2026-02-18T13:57:48.000+0000
0ZRam000000hIQUGA2,01tam00000BCKzdAAH,0ZGam000000isBBGAY,2026-02-18T13:57:48.000+0000
0ZRam000000hIz4GAE,01tam00000BCKzdAAH,0ZGam000000itATGAY,2026-02-18T15:22:58.000+0000
0ZRam000000hIz5GAE,01tam00000BCKzeAAH,0ZGam000000itATGAY,2026-02-18T15:22:58.000+0000
0ZRam000000hIQGGA2,01tam00000BCKzeAAH,0ZGam000000isCnGAI,2026-02-18T13:57:48.000+0000
0ZRam000000hIz6GAE,01tam00000BCKzfAAH,0ZGam000000itATGAY,2026-02-18T15:22:58.000+0000
0ZRam000000hIQQGA2,01tam00000BCKzfAAH,0ZGam000000isCnGAI,2026-02-18T13:57:48.000+0000
0ZRam000000hIz7GAE,01tam00000BCKzgAAH,0ZGam000000itATGAY,2026-02-18T15:22:58.000+0000
0ZRam000000hIQSGA2,01tam00000BCKzgAAH,0ZGam000000isHdGAI,2026-02-18T13:57:48.000+0000
0ZRam000000hIz8GAE,01tam00000BCKzhAAH,0ZGam000000itATGAY,2026-02-18T15:22:58.000+0000
0ZRam000000hIQMGA2,01tam00000BCKzhAAH,0ZGam000000isHdGAI,2026-02-18T13:57:48.000+0000
0ZRam000000hIQJGA2,01tam00000BCKziAAH,0ZGam000000isCnGAI,2026-02-18T13:57:48.000+0000
0ZRam000000hIz9GAE,01tam00000BCKziAAH,0ZGam000000itATGAY,2026-02-18T15:22:58.000+0000
0ZRam000000hIQTGA2,01tam00000BCKzjAAH,0ZGam000000isG1GAI,2026-02-18T13:57:48.000+0000
0ZRam000000hIzAGAU,01tam00000BCKzjAAH,0ZGam000000itATGAY,2026-02-18T15:22:58.000+0000
0ZRam000000hIRfGAM,01tam00000BCL0jAAH,0ZGam000000isBBGAY,2026-02-18T13:57:53.000+0000
0ZRam000000hIzBGAU,01tam00000BCL0jAAH,0ZGam000000itATGAY,2026-02-18T15:22:58.000+0000
0ZRam000000hIzCGAU,01tam00000BCL0kAAH,0ZGam000000itATGAY,2026-02-18T15:22:58.000+0000
0ZRam000000hIRZGA2,01tam00000BCL0kAAH,0ZGam000000isCnGAI,2026-02-18T13:57:53.000+0000
0ZRam000000hIzDGAU,01tam00000BCL0lAAH,0ZGam000000itATGAY,2026-02-18T15:22:58.000+0000
0ZRam000000hIRoGAM,01tam00000BCL0lAAH,0ZGam000000isBBGAY,2026-02-18T13:57:53.000+0000
0ZRam000000hIRiGAM,01tam00000BCL0mAAH,0ZGam000000isCnGAI,2026-02-18T13:57:53.000+0000
0ZRam000000hIzEGAU,01tam00000BCL0mAAH,0ZGam000000itATGAY,2026-02-18T15:22:58.000+0000
0ZRam000000hIzFGAU,01tam00000BCL0nAAH,0ZGam000000itATGAY,2026-02-18T15:22:58.000+0000
0ZRam000000hIRmGAM,01tam00000BCL0nAAH,0ZGam000000isBBGAY,2026-02-18T13:57:53.000+0000
0ZRam000000hIzGGAU,01tam00000BCL0oAAH,0ZGam000000itATGAY,2026-02-18T15:22:58.000+0000
0ZRam000000hIRgGAM,01tam00000BCL0oAAH,0ZGam000000isCnGAI,2026-02-18T13:57:53.000+0000
0ZRam000000hIzHGAU,01tam00000BCL0pAAH,0ZGam000000itATGAY,2026-02-18T15:22:58.000+0000
0ZRam000000hIRlGAM,01tam00000BCL0pAAH,0ZGam000000isCnGAI,2026-02-18T13:57:53.000+0000
0ZRam000000hIzIGAU,01tam00000BCL0qAAH,0ZGam000000itATGAY,2026-02-18T15:22:58.000+0000
0ZRam000000hIRcGAM,01tam00000BCL0qAAH,0ZGam000000isBBGAY,2026-02-18T13:57:53.000+0000
0ZRam000000hIzJGAU,01tam00000BCL0rAAH,0ZGam000000itATGAY,2026-02-18T15:22:58.000+0000
0ZRam000000hIRnGAM,01tam00000BCL0rAAH,0ZGam000000isCnGAI,2026-02-18T13:57:53.000+0000
0ZRam000000hIzKGAU,01tam00000BCL0sAAH,0ZGam000000itATGAY,2026-02-18T15:22:58.000+0000
0ZRam000000hIRYGA2,01tam00000BCL0sAAH,0ZGam000000isBBGAY,2026-02-18T13:57:53.000+0000
0ZRam000000hIRjGAM,01tam00000BCL0tAAH,0ZGam000000isBBGAY,2026-02-18T13:57:53.000+0000
0ZRam000000hIzLGAU,01tam00000BCL0tAAH,0ZGam000000itATGAY,2026-02-18T15:22:58.000+0000
0ZRam000000hIRVGA2,01tam00000BCL0uAAH,0ZGam000000isBBGAY,2026-02-18T13:57:53.000+0000
0ZRam000000hIzMGAU,01tam00000BCL0uAAH,0ZGam000000itATGAY,2026-02-18T15:22:58.000+0000
0ZRam000000hIzNGAU,01tam00000BCL0vAAH,0ZGam000000itATGAY,2026-02-18T15:22:58.000+0000
0ZRam000000hIRkGAM,01tam00000BCL0vAAH,0ZGam000000isBBGAY,2026-02-18T13:57:53.000+0000
0ZRam000000hIzOGAU,01tam00000BCL0wAAH,0ZGam000000itATGAY,2026-02-18T15:22:58.000+0000
0ZRam000000hIRbGAM,01tam00000BCL0wAAH,0ZGam000000isCnGAI,2026-02-18T13:57:53.000+0000
0ZRam000000hIRaGAM,01tam00000BCL0xAAH,0ZGam000000isBBGAY,2026-02-18T13:57:53.000+0000
0ZRam000000hIzPGAU,01tam00000BCL0xAAH,0ZGam000000itATGAY,2026-02-18T15:22:58.000+0000
0ZRam000000hIRhGAM,01tam00000BCL0yAAH,0ZGam000000isBBGAY,2026-02-18T13:57:53.000+0000
0ZRam000000hIzQGAU,01tam00000BCL0yAAH,0ZGam000000itATGAY,2026-02-18T15:22:58.000+0000
0ZRam000000hIRWGA2,01tam00000BCL0zAAH,0ZGam000000isBBGAY,2026-02-18T13:57:53.000+0000
0ZRam000000hIzRGAU,01tam00000BCL0zAAH,0ZGam000000itATGAY,2026-02-18T15:22:58.000+0000
0ZRam000000hIRdGAM,01tam00000BCL10AAH,0ZGam000000isCnGAI,2026-02-18T13:57:53.000+0000
0ZRam000000hIzSGAU,01tam00000BCL10AAH,0ZGam000000itATGAY,2026-02-18T15:22:58.000+0000
0ZRam000000hIzTGAU,01tam00000BCL11AAH,0ZGam000000itATGAY,2026-02-18T15:22:58.000+0000
0ZRam000000hIRXGA2,01tam00000BCL11AAH,0ZGam000000isBBGAY,2026-02-18T13:57:53.000+0000
0ZRam000000hIReGAM,01tam00000BCL12AAH,0ZGam000000isCnGAI,2026-02-18T13:57:53.000+0000
0ZRam000000hIzUGAU,01tam00000BCL12AAH,0ZGam000000itATGAY,2026-02-18T15:22:58.000+0000
0ZRam000000hIzVGAU,01tam00000BCL13AAH,0ZGam000000itATGAY,2026-02-18T15:22:58.000+0000
0ZRam000000hIS1GAM,01tam00000BCL13AAH,0ZGam000000isBBGAY,2026-02-18T13:58:00.000+0000
0ZRam000000hIzWGAU,01tam00000BCL14AAH,0ZGam000000itATGAY,2026-02-18T15:22:58.000+0000
0ZRam000000hIRrGAM,01tam00000BCL14AAH,0ZGam000000isEPGAY,2026-02-18T13:58:00.000+0000
0ZRam000000hIzXGAU,01tam00000BCL15AAH,0ZGam000000itATGAY,2026-02-18T15:22:58.000+0000
0ZRam000000hIS7GAM,01tam00000BCL15AAH,0ZGam000000isCnGAI,2026-02-18T13:58:00.000+0000
0ZRam000000hIzYGAU,01tam00000BCL16AAH,0ZGam000000itATGAY,2026-02-18T15:22:58.000+0000
0ZRam000000hIRuGAM,01tam00000BCL16AAH,0ZGam000000isCnGAI,2026-02-18T13:58:00.000+0000
0ZRam000000hIRvGAM,01tam00000BCL17AAH,0ZGam000000isBBGAY,2026-02-18T13:58:00.000+0000
0ZRam000000hIzZGAU,01tam00000BCL17AAH,0ZGam000000itATGAY,2026-02-18T15:22:58.000+0000
0ZRam000000hIzaGAE,01tam00000BCL18AAH,0ZGam000000itATGAY,2026-02-18T15:22:58.000+0000
0ZRam000000hIS5GAM,01tam00000BCL18AAH,0ZGam000000isBBGAY,2026-02-18T13:58:00.000+0000
0ZRam000000hIRwGAM,01tam00000BCL19AAH,0ZGam000000isBBGAY,2026-02-18T13:58:00.000+0000
0ZRam000000hIzbGAE,01tam00000BCL19AAH,0ZGam000000itATGAY,2026-02-18T15:22:58.000+0000
0ZRam000000hIRsGAM,01tam00000BCL1AAAX,0ZGam000000isBBGAY,2026-02-18T13:58:00.000+0000
0ZRam000000hIzcGAE,01tam00000BCL1AAAX,0ZGam000000itATGAY,2026-02-18T15:22:58.000+0000
0ZRam000000hIzdGAE,01tam00000BCL1BAAX,0ZGam000000itATGAY,2026-02-18T15:22:58.000+0000
0ZRam000000hIRyGAM,01tam00000BCL1BAAX,0ZGam000000isG1GAI,2026-02-18T13:58:00.000+0000
0ZRam000000hIzeGAE,01tam00000BCL1CAAX,0ZGam000000itATGAY,2026-02-18T15:22:58.000+0000
0ZRam000000hIRxGAM,01tam00000BCL1CAAX,0ZGam000000isJFGAY,2026-02-18T13:58:00.000+0000
0ZRam000000hIzfGAE,01tam00000BCL1DAAX,0ZGam000000itATGAY,2026-02-18T15:22:58.000+0000
0ZRam000000hIS6GAM,01tam00000BCL1DAAX,0ZGam000000isHdGAI,2026-02-18T13:58:00.000+0000
0ZRam000000hIRpGAM,01tam00000BCL1EAAX,0ZGam000000isJFGAY,2026-02-18T13:58:00.000+0000
0ZRam000000hIzgGAE,01tam00000BCL1EAAX,0ZGam000000itATGAY,2026-02-18T15:22:58.000+0000
0ZRam000000hIzhGAE,01tam00000BCL1FAAX,0ZGam000000itATGAY,2026-02-18T15:22:58.000+0000
0ZRam000000hIS8GAM,01tam00000BCL1FAAX,0ZGam000000isHdGAI,2026-02-18T13:58:00.000+0000
0ZRam000000hIS2GAM,01tam00000BCL1GAAX,0ZGam000000isCnGAI,2026-02-18T13:58:00.000+0000
0ZRam000000hIziGAE,01tam00000BCL1GAAX,0ZGam000000itATGAY,2026-02-18T15:22:58.000+0000
0ZRam000000hIS3GAM,01tam00000BCL1HAAX,0ZGam000000isHdGAI,2026-02-18T13:58:00.000+0000
0ZRam000000hIzjGAE,01tam00000BCL1HAAX,0ZGam000000itATGAY,2026-02-18T15:22:58.000+0000
0ZRam000000hIzkGAE,01tam00000BCL1IAAX,0ZGam000000itATGAY,2026-02-18T15:22:58.000+0000
0ZRam000000hIRqGAM,01tam00000BCL1IAAX,0ZGam000000isEPGAY,2026-02-18T13:58:00.000+0000
0ZRam000000hIRzGAM,01tam00000BCL1JAAX,0ZGam000000isCnGAI,2026-02-18T13:58:00.000+0000
0ZRam000000hIzlGAE,01tam00000BCL1JAAX,0ZGam000000itATGAY,2026-02-18T15:22:58.000+0000
0ZRam000000hIzmGAE,01tam00000BCL1KAAX,0ZGam000000itATGAY,2026-02-18T15:22:58.000+0000
0ZRam000000hIRtGAM,01tam00000BCL1KAAX,0ZGam000000isCnGAI,2026-02-18T13:58:00.000+0000
0ZRam000000hIS4GAM,01tam00000BCL1LAAX,0ZGam000000isEPGAY,2026-02-18T13:58:00.000+0000
0ZRam000000hIznGAE,01tam00000BCL1LAAX,0ZGam000000itATGAY,2026-02-18T15:22:58.000+0000
0ZRam000000hIS0GAM,01tam00000BCL1MAAX,0ZGam000000isEPGAY,2026-02-18T13:58:00.000+0000
0ZRam000000hIzoGAE,01tam00000BCL1MAAX,0ZGam000000itATGAY,2026-02-18T15:22:58.000+0000
0ZRam000000hIT7GAM,01tam00000BCL2LAAX,0ZGam000000isBBGAY,2026-02-18T13:58:05.000+0000
0ZRam000000hIzpGAE,01tam00000BCL2LAAX,0ZGam000000itATGAY,2026-02-18T15:22:58.000+0000
0ZRam000000hIUjGAM,01tam00000BCL3xAAH,0ZGam000000isHdGAI,2026-02-18T13:58:08.000+0000
0ZRam000000hIzqGAE,01tam00000BCL3xAAH,0ZGam000000itATGAY,2026-02-18T15:22:58.000+0000
0ZRam000000hIzrGAE,01tam00000BCL7BAAX,0ZGam000000itATGAY,2026-02-18T15:22:58.000+0000
0ZRam000000hIXxGAM,01tam00000BCL7BAAX,0ZGam000000isBBGAY,2026-02-18T13:58:32.000+0000
0ZRam000000hIzsGAE,01tam00000BCL8nAAH,0ZGam000000itATGAY,2026-02-18T15:22:58.000+0000
0ZRam000000hIZZGA2,01tam00000BCL8nAAH,0ZGam000000isCnGAI,2026-02-18T13:58:36.000+0000
0ZRam000000hIztGAE,01tam00000BCLDdAAP,0ZGam000000itATGAY,2026-02-18T15:22:58.000+0000
0ZRam000000hIcnGAE,01tam00000BCLDdAAP,0ZGam000000isCnGAI,2026-02-18T13:58:59.000+0000
0ZRam000000hIzuGAE,01tam00000BCLDeAAP,0ZGam000000itATGAY,2026-02-18T15:22:58.000+0000
0ZRam000000hIcoGAE,01tam00000BCLDeAAP,0ZGam000000isCnGAI,2026-02-18T13:59:01.000+0000
0ZRam000000hIePGAU,01tam00000BCLFFAA5,0ZGam000000isBBGAY,2026-02-18T13:59:03.000+0000
0ZRam000000hIzvGAE,01tam00000BCLFFAA5,0ZGam000000itATGAY,2026-02-18T15:22:58.000+0000
0ZRam000000hIg1GAE,01tam00000BCLGrAAP,0ZGam000000isBBGAY,2026-02-18T13:59:07.000+0000
0ZRam000000hIzwGAE,01tam00000BCLGrAAP,0ZGam000000itATGAY,2026-02-18T15:22:58.000+0000
0ZRam000000hIzxGAE,01tam00000BCLGsAAP,0ZGam000000itATGAY,2026-02-18T15:22:58.000+0000
0ZRam000000hIg4GAE,01tam00000BCLGsAAP,0ZGam000000isBBGAY,2026-02-18T13:59:10.000+0000
0ZRam000000hIzyGAE,01tam00000BCLGtAAP,0ZGam000000itATGAY,2026-02-18T15:22:58.000+0000
0ZRam000000hIgJGAU,01tam00000BCLGtAAP,0ZGam000000isG1GAI,2026-02-18T13:59:10.000+0000
0ZRam000000hIzzGAE,01tam00000BCLGuAAP,0ZGam000000itATGAY,2026-02-18T15:22:58.000+0000
0ZRam000000hIgKGAU,01tam00000BCLGuAAP,0ZGam000000isHdGAI,2026-02-18T13:59:10.000+0000
0ZRam000000hIgHGAU,01tam00000BCLGvAAP,0ZGam000000isG1GAI,2026-02-18T13:59:10.000+0000
0ZRam000000hJ00GAE,01tam00000BCLGvAAP,0ZGam000000itATGAY,2026-02-18T15:22:58.000+0000
0ZRam000000hJ01GAE,01tam00000BCLGwAAP,0ZGam000000itATGAY,2026-02-18T15:22:58.000+0000
0ZRam000000hIgDGAU,01tam00000BCLGwAAP,0ZGam000000isG1GAI,2026-02-18T13:59:10.000+0000
0ZRam000000hJ02GAE,01tam00000BCLGxAAP,0ZGam000000itATGAY,2026-02-18T15:22:58.000+0000
0ZRam000000hIgAGAU,01tam00000BCLGxAAP,0ZGam000000isHdGAI,2026-02-18T13:59:10.000+0000
0ZRam000000hIg2GAE,01tam00000BCLGyAAP,0ZGam000000isHdGAI,2026-02-18T13:59:10.000+0000
0ZRam000000hJ03GAE,01tam00000BCLGyAAP,0ZGam000000itATGAY,2026-02-18T15:22:58.000+0000
0ZRam000000hIgCGAU,01tam00000BCLGzAAP,0ZGam000000isHdGAI,2026-02-18T13:59:10.000+0000
0ZRam000000hJ04GAE,01tam00000BCLGzAAP,0ZGam000000itATGAY,2026-02-18T15:22:58.000+0000
0ZRam000000hJ05GAE,01tam00000BCLH0AAP,0ZGam000000itATGAY,2026-02-18T15:22:58.000+0000
0ZRam000000hIg3GAE,01tam00000BCLH0AAP,0ZGam000000isHdGAI,2026-02-18T13:59:10.000+0000
0ZRam000000hIg8GAE,01tam00000BCLH1AAP,0ZGam000000isHdGAI,2026-02-18T13:59:10.000+0000
0ZRam000000hJ06GAE,01tam00000BCLH1AAP,0ZGam000000itATGAY,2026-02-18T15:22:58.000+0000
0ZRam000000hJ07GAE,01tam00000BCLH2AAP,0ZGam000000itATGAY,2026-02-18T15:22:58.000+0000
0ZRam000000hIgGGAU,01tam00000BCLH2AAP,0ZGam000000isHdGAI,2026-02-18T13:59:10.000+0000
0ZRam000000hIgIGAU,01tam00000BCLH3AAP,0ZGam000000isG1GAI,2026-02-18T13:59:10.000+0000
0ZRam000000hJ08GAE,01tam00000BCLH3AAP,0ZGam000000itATGAY,2026-02-18T15:22:58.000+0000
0ZRam000000hIg7GAE,01tam00000BCLH4AAP,0ZGam000000isG1GAI,2026-02-18T13:59:10.000+0000
0ZRam000000hJ09GAE,01tam00000BCLH4AAP,0ZGam000000itATGAY,2026-02-18T15:22:58.000+0000
0ZRam000000hIgBGAU,01tam00000BCLH5AAP,0ZGam000000isHdGAI,2026-02-18T13:59:10.000+0000
0ZRam000000hJ0AGAU,01tam00000BCLH5AAP,0ZGam000000itATGAY,2026-02-18T15:22:58.000+0000
0ZRam000000hIgEGAU,01tam00000BCLH6AAP,0ZGam000000isG1GAI,2026-02-18T13:59:10.000+0000
0ZRam000000hJ2yGAE,01tam00000BCLH6AAP,0ZGam000000itATGAY,2026-02-18T15:25:36.000+0000
0ZRam000000hJ2xGAE,01tam00000BCLH7AAP,0ZGam000000itATGAY,2026-02-18T15:25:36.000+0000
0ZRam000000hIg6GAE,01tam00000BCLH7AAP,0ZGam000000isBBGAY,2026-02-18T13:59:10.000+0000
0ZRam000000hJ2wGAE,01tam00000BCLH8AAP,0ZGam000000itATGAY,2026-02-18T15:25:36.000+0000
0ZRam000000hIgFGAU,01tam00000BCLH8AAP,0ZGam000000isG1GAI,2026-02-18T13:59:10.000+0000
0ZRam000000hIg5GAE,01tam00000BCLH9AAP,0ZGam000000isG1GAI,2026-02-18T13:59:10.000+0000
0ZRam000000hJ2vGAE,01tam00000BCLH9AAP,0ZGam000000itATGAY,2026-02-18T15:25:36.000+0000
0ZRam000000hIg9GAE,01tam00000BCLHAAA5,0ZGam000000isG1GAI,2026-02-18T13:59:10.000+0000
0ZRam000000hJ2uGAE,01tam00000BCLHAAA5,0ZGam000000itATGAY,2026-02-18T15:25:36.000+0000
0ZRam000000hJ2tGAE,01tam00000BCLK5AAP,0ZGam000000itATGAY,2026-02-18T15:25:36.000+0000
0ZRam000000hIhdGAE,01tam00000BCLK5AAP,0ZGam000000isBBGAY,2026-02-18T13:59:43.000+0000
0ZRam000000hIhmGAE,01tam00000BCLK6AAP,0ZGam000000isBBGAY,2026-02-18T13:59:43.000+0000
0ZRam000000hJ2sGAE,01tam00000BCLK6AAP,0ZGam000000itATGAY,2026-02-18T15:25:36.000+0000
0ZRam000000hIhkGAE,01tam00000BCLK7AAP,0ZGam000000isHdGAI,2026-02-18T13:59:43.000+0000
0ZRam000000hJ2rGAE,01tam00000BCLK7AAP,0ZGam000000itATGAY,2026-02-18T15:25:36.000+0000
0ZRam000000hIhlGAE,01tam00000BCLK8AAP,0ZGam000000isHdGAI,2026-02-18T13:59:43.000+0000
0ZRam000000hJ2qGAE,01tam00000BCLK8AAP,0ZGam000000itATGAY,2026-02-18T15:25:36.000+0000
0ZRam000000hIhfGAE,01tam00000BCLK9AAP,0ZGam000000isCnGAI,2026-02-18T13:59:43.000+0000
0ZRam000000hJ2pGAE,01tam00000BCLK9AAP,0ZGam000000itATGAY,2026-02-18T15:25:36.000+0000
0ZRam000000hIhgGAE,01tam00000BCLKAAA5,0ZGam000000isBBGAY,2026-02-18T13:59:43.000+0000
0ZRam000000hJ2oGAE,01tam00000BCLKAAA5,0ZGam000000itATGAY,2026-02-18T15:25:36.000+0000
0ZRam000000hIheGAE,01tam00000BCLKBAA5,0ZGam000000isBBGAY,2026-02-18T13:59:43.000+0000
0ZRam000000hJ2nGAE,01tam00000BCLKBAA5,0ZGam000000itATGAY,2026-02-18T15:25:36.000+0000
0ZRam000000hJ2mGAE,01tam00000BCLKCAA5,0ZGam000000itATGAY,2026-02-18T15:25:36.000+0000
0ZRam000000hIhhGAE,01tam00000BCLKCAA5,0ZGam000000isHdGAI,2026-02-18T13:59:43.000+0000
0ZRam000000hJ2lGAE,01tam00000BCLKDAA5,0ZGam000000itATGAY,2026-02-18T15:25:36.000+0000
0ZRam000000hIhjGAE,01tam00000BCLKDAA5,0ZGam000000isCnGAI,2026-02-18T13:59:43.000+0000
0ZRam000000hJ2kGAE,01tam00000BCLKEAA5,0ZGam000000itATGAY,2026-02-18T15:25:36.000+0000
0ZRam000000hIhiGAE,01tam00000BCLKEAA5,0ZGam000000isCnGAI,2026-02-18T13:59:43.000+0000
0ZRam000000hJ2jGAE,01tam00000BCLKFAA5,0ZGam000000itATGAY,2026-02-18T15:25:36.000+0000
0ZRam000000hIhnGAE,01tam00000BCLKFAA5,0ZGam000000isBBGAY,2026-02-18T13:59:43.000+0000
0ZRam000000hJ2iGAE,01tam00000BCLKGAA5,0ZGam000000itATGAY,2026-02-18T15:25:36.000+0000
0ZRam000000hIhoGAE,01tam00000BCLKGAA5,0ZGam000000isBBGAY,2026-02-18T13:59:47.000+0000
0ZRam000000hIhsGAE,01tam00000BCLKHAA5,0ZGam000000isCnGAI,2026-02-18T13:59:47.000+0000
0ZRam000000hJ2hGAE,01tam00000BCLKHAA5,0ZGam000000itATGAY,2026-02-18T15:25:36.000+0000
0ZRam000000hIhtGAE,01tam00000BCLKIAA5,0ZGam000000isHdGAI,2026-02-18T13:59:47.000+0000
0ZRam000000hJ2gGAE,01tam00000BCLKIAA5,0ZGam000000itATGAY,2026-02-18T15:25:36.000+0000
0ZRam000000hIhvGAE,01tam00000BCLKJAA5,0ZGam000000isCnGAI,2026-02-18T13:59:47.000+0000
0ZRam000000hJ2fGAE,01tam00000BCLKJAA5,0ZGam000000itATGAY,2026-02-18T15:25:36.000+0000
0ZRam000000hJ2eGAE,01tam00000BCLKKAA5,0ZGam000000itATGAY,2026-02-18T15:25:36.000+0000
0ZRam000000hIhpGAE,01tam00000BCLKKAA5,0ZGam000000isBBGAY,2026-02-18T13:59:47.000+0000
0ZRam000000hIhwGAE,01tam00000BCLKLAA5,0ZGam000000isCnGAI,2026-02-18T13:59:47.000+0000
0ZRam000000hJ2dGAE,01tam00000BCLKLAA5,0ZGam000000itATGAY,2026-02-18T15:25:36.000+0000
0ZRam000000hJ2cGAE,01tam00000BCLKMAA5,0ZGam000000itATGAY,2026-02-18T15:25:36.000+0000
0ZRam000000hIhxGAE,01tam00000BCLKMAA5,0ZGam000000isHdGAI,2026-02-18T13:59:47.000+0000
0ZRam000000hJ2bGAE,01tam00000BCLKNAA5,0ZGam000000itATGAY,2026-02-18T15:25:36.000+0000
0ZRam000000hIhuGAE,01tam00000BCLKNAA5,0ZGam000000isHdGAI,2026-02-18T13:59:47.000+0000
0ZRam000000hJ2aGAE,01tam00000BCLKOAA5,0ZGam000000itATGAY,2026-02-18T15:25:36.000+0000
0ZRam000000hIhqGAE,01tam00000BCLKOAA5,0ZGam000000isHdGAI,2026-02-18T13:59:47.000+0000
0ZRam000000hIhrGAE,01tam00000BCLKPAA5,0ZGam000000isBBGAY,2026-02-18T13:59:47.000+0000
0ZRam000000hJ2ZGAU,01tam00000BCLKPAA5,0ZGam000000itATGAY,2026-02-18T15:25:36.000+0000
0ZRam000000hIjLGAU,01tam00000BCLLhAAP,0ZGam000000isG1GAI,2026-02-18T13:59:51.000+0000
0ZRam000000hJ2YGAU,01tam00000BCLLhAAP,0ZGam000000itATGAY,2026-02-18T15:25:36.000+0000
0ZRam000000hJ2XGAU,01tam00000BCLLiAAP,0ZGam000000itATGAY,2026-02-18T15:25:36.000+0000
0ZRam000000hIjNGAU,01tam00000BCLLiAAP,0ZGam000000isG1GAI,2026-02-18T13:59:51.000+0000
0ZRam000000hIjGGAU,01tam00000BCLLjAAP,0ZGam000000isG1GAI,2026-02-18T13:59:51.000+0000
0ZRam000000hJ2WGAU,01tam00000BCLLjAAP,0ZGam000000itATGAY,2026-02-18T15:25:36.000+0000
0ZRam000000hIjFGAU,01tam00000BCLLkAAP,0ZGam000000isG1GAI,2026-02-18T13:59:51.000+0000
0ZRam000000hJ2VGAU,01tam00000BCLLkAAP,0ZGam000000itATGAY,2026-02-18T15:25:36.000+0000
0ZRam000000hIjMGAU,01tam00000BCLLlAAP,0ZGam000000isHdGAI,2026-02-18T13:59:51.000+0000
0ZRam000000hJ2UGAU,01tam00000BCLLlAAP,0ZGam000000itATGAY,2026-02-18T15:25:36.000+0000
0ZRam000000hIjJGAU,01tam00000BCLLmAAP,0ZGam000000isG1GAI,2026-02-18T13:59:51.000+0000
0ZRam000000hJ2TGAU,01tam00000BCLLmAAP,0ZGam000000itATGAY,2026-02-18T15:25:36.000+0000
0ZRam000000hIjKGAU,01tam00000BCLLnAAP,0ZGam000000isG1GAI,2026-02-18T13:59:51.000+0000
0ZRam000000hJ2SGAU,01tam00000BCLLnAAP,0ZGam000000itATGAY,2026-02-18T15:25:36.000+0000
0ZRam000000hIjIGAU,01tam00000BCLLoAAP,0ZGam000000isG1GAI,2026-02-18T13:59:51.000+0000
0ZRam000000hJ2RGAU,01tam00000BCLLoAAP,0ZGam000000itATGAY,2026-02-18T15:25:36.000+0000
0ZRam000000hIjHGAU,01tam00000BCLLpAAP,0ZGam000000isG1GAI,2026-02-18T13:59:51.000+0000
0ZRam000000hJ2QGAU,01tam00000BCLLpAAP,0ZGam000000itATGAY,2026-02-18T15:25:36.000+0000
0ZRam000000hIkrGAE,01tam00000BCLNJAA5,0ZGam000000isCnGAI,2026-02-18T13:59:58.000+0000
0ZRam000000hJ2PGAU,01tam00000BCLNJAA5,0ZGam000000itATGAY,2026-02-18T15:25:36.000+0000
0ZRam000000hJ2OGAU,01tam00000BCLOvAAP,0ZGam000000itATGAY,2026-02-18T15:25:36.000+0000
0ZRam000000hImhGAE,01tam00000BCLOvAAP,0ZGam000000isEPGAY,2026-02-18T14:01:04.000+0000
0ZRam000000hJ2NGAU,01tam00000BCLOwAAP,0ZGam000000itATGAY,2026-02-18T15:25:36.000+0000
0ZRam000000hImTGAU,01tam00000BCLOwAAP,0ZGam000000isG1GAI,2026-02-18T14:01:04.000+0000
0ZRam000000hJ2MGAU,01tam00000BCLOxAAP,0ZGam000000itATGAY,2026-02-18T15:25:36.000+0000
0ZRam000000hImgGAE,01tam00000BCLOxAAP,0ZGam000000isBBGAY,2026-02-18T14:01:04.000+0000
0ZRam000000hImYGAU,01tam00000BCLOyAAP,0ZGam000000isEPGAY,2026-02-18T14:01:04.000+0000
0ZRam000000hJ2LGAU,01tam00000BCLOyAAP,0ZGam000000itATGAY,2026-02-18T15:25:36.000+0000
0ZRam000000hImeGAE,01tam00000BCLOzAAP,0ZGam000000isBBGAY,2026-02-18T14:01:04.000+0000
0ZRam000000hJ2KGAU,01tam00000BCLOzAAP,0ZGam000000itATGAY,2026-02-18T15:25:36.000+0000
0ZRam000000hJ2JGAU,01tam00000BCLP0AAP,0ZGam000000itATGAY,2026-02-18T15:25:36.000+0000
0ZRam000000hImmGAE,01tam00000BCLP0AAP,0ZGam000000isJFGAY,2026-02-18T14:01:04.000+0000
0ZRam000000hJ2IGAU,01tam00000BCLP1AAP,0ZGam000000itATGAY,2026-02-18T15:25:36.000+0000
0ZRam000000hImlGAE,01tam00000BCLP1AAP,0ZGam000000isEPGAY,2026-02-18T14:01:04.000+0000
0ZRam000000hImdGAE,01tam00000BCLP2AAP,0ZGam000000isEPGAY,2026-02-18T14:01:04.000+0000
0ZRam000000hJ2HGAU,01tam00000BCLP2AAP,0ZGam000000itATGAY,2026-02-18T15:25:36.000+0000
0ZRam000000hImZGAU,01tam00000BCLP3AAP,0ZGam000000isBBGAY,2026-02-18T14:01:04.000+0000
0ZRam000000hJ2GGAU,01tam00000BCLP3AAP,0ZGam000000itATGAY,2026-02-18T15:25:36.000+0000
0ZRam000000hImaGAE,01tam00000BCLP4AAP,0ZGam000000isG1GAI,2026-02-18T14:01:04.000+0000
0ZRam000000hJ2FGAU,01tam00000BCLP4AAP,0ZGam000000itATGAY,2026-02-18T15:25:36.000+0000
0ZRam000000hJ2EGAU,01tam00000BCLP5AAP,0ZGam000000itATGAY,2026-02-18T15:25:36.000+0000
0ZRam000000hImcGAE,01tam00000BCLP5AAP,0ZGam000000isJFGAY,2026-02-18T14:01:04.000+0000
0ZRam000000hJ2DGAU,01tam00000BCLP6AAP,0ZGam000000itATGAY,2026-02-18T15:25:36.000+0000
0ZRam000000hImiGAE,01tam00000BCLP6AAP,0ZGam000000isBBGAY,2026-02-18T14:01:04.000+0000
0ZRam000000hImfGAE,01tam00000BCLP7AAP,0ZGam000000isCnGAI,2026-02-18T14:01:04.000+0000
0ZRam000000hJ2CGAU,01tam00000BCLP7AAP,0ZGam000000itATGAY,2026-02-18T15:25:36.000+0000
0ZRam000000hJ2BGAU,01tam00000BCLP8AAP,0ZGam000000itATGAY,2026-02-18T15:25:36.000+0000
0ZRam000000hImUGAU,01tam00000BCLP8AAP,0ZGam000000isCnGAI,2026-02-18T14:01:04.000+0000
0ZRam000000hImVGAU,01tam00000BCLP9AAP,0ZGam000000isHdGAI,2026-02-18T14:01:04.000+0000
0ZRam000000hJ2AGAU,01tam00000BCLP9AAP,0ZGam000000itATGAY,2026-02-18T15:25:36.000+0000
0ZRam000000hImWGAU,01tam00000BCLPAAA5,0ZGam000000isBBGAY,2026-02-18T14:01:04.000+0000
0ZRam000000hJ29GAE,01tam00000BCLPAAA5,0ZGam000000itATGAY,2026-02-18T15:25:36.000+0000
0ZRam000000hImjGAE,01tam00000BCLPBAA5,0ZGam000000isCnGAI,2026-02-18T14:01:04.000+0000
0ZRam000000hJ28GAE,01tam00000BCLPBAA5,0ZGam000000itATGAY,2026-02-18T15:25:36.000+0000
0ZRam000000hImkGAE,01tam00000BCLPCAA5,0ZGam000000isHdGAI,2026-02-18T14:01:04.000+0000
0ZRam000000hJ27GAE,01tam00000BCLPCAA5,0ZGam000000itATGAY,2026-02-18T15:25:36.000+0000
0ZRam000000hImbGAE,01tam00000BCLPDAA5,0ZGam000000isBBGAY,2026-02-18T14:01:04.000+0000
0ZRam000000hJ26GAE,01tam00000BCLPDAA5,0ZGam000000itATGAY,2026-02-18T15:25:36.000+0000
0ZRam000000hJ25GAE,01tam00000BCLPEAA5,0ZGam000000itATGAY,2026-02-18T15:25:36.000+0000
0ZRam000000hImXGAU,01tam00000BCLPEAA5,0ZGam000000isHdGAI,2026-02-18T14:01:04.000+0000
0ZRam000000hJ24GAE,01tam00000BCLPFAA5,0ZGam000000itATGAY,2026-02-18T15:25:36.000+0000
0ZRam000000hImnGAE,01tam00000BCLPFAA5,0ZGam000000isBBGAY,2026-02-18T14:01:12.000+0000
0ZRam000000hIn5GAE,01tam00000BCLPGAA5,0ZGam000000isG1GAI,2026-02-18T14:01:12.000+0000
0ZRam000000hJ23GAE,01tam00000BCLPGAA5,0ZGam000000itATGAY,2026-02-18T15:25:36.000+0000
0ZRam000000hJ22GAE,01tam00000BCLPHAA5,0ZGam000000itATGAY,2026-02-18T15:25:36.000+0000
0ZRam000000hIn1GAE,01tam00000BCLPHAA5,0ZGam000000isG1GAI,2026-02-18T14:01:12.000+0000
0ZRam000000hImsGAE,01tam00000BCLPIAA5,0ZGam000000isCnGAI,2026-02-18T14:01:12.000+0000
0ZRam000000hJ21GAE,01tam00000BCLPIAA5,0ZGam000000itATGAY,2026-02-18T15:25:36.000+0000
0ZRam000000hJ20GAE,01tam00000BCLPJAA5,0ZGam000000itATGAY,2026-02-18T15:25:36.000+0000
0ZRam000000hImxGAE,01tam00000BCLPJAA5,0ZGam000000isBBGAY,2026-02-18T14:01:12.000+0000
0ZRam000000hImoGAE,01tam00000BCLPKAA5,0ZGam000000isCnGAI,2026-02-18T14:01:12.000+0000
0ZRam000000hJ1zGAE,01tam00000BCLPKAA5,0ZGam000000itATGAY,2026-02-18T15:25:36.000+0000
0ZRam000000hImpGAE,01tam00000BCLPLAA5,0ZGam000000isHdGAI,2026-02-18T14:01:12.000+0000
0ZRam000000hJ1yGAE,01tam00000BCLPLAA5,0ZGam000000itATGAY,2026-02-18T15:25:36.000+0000
0ZRam000000hIn3GAE,01tam00000BCLPMAA5,0ZGam000000isCnGAI,2026-02-18T14:01:12.000+0000
0ZRam000000hJ1xGAE,01tam00000BCLPMAA5,0ZGam000000itATGAY,2026-02-18T15:25:36.000+0000
0ZRam000000hIn4GAE,01tam00000BCLPNAA5,0ZGam000000isHdGAI,2026-02-18T14:01:12.000+0000
0ZRam000000hJ1wGAE,01tam00000BCLPNAA5,0ZGam000000itATGAY,2026-02-18T15:25:36.000+0000
0ZRam000000hJ1vGAE,01tam00000BCLPOAA5,0ZGam000000itATGAY,2026-02-18T15:25:36.000+0000
0ZRam000000hIn6GAE,01tam00000BCLPOAA5,0ZGam000000isCnGAI,2026-02-18T14:01:12.000+0000
0ZRam000000hJ1uGAE,01tam00000BCLPPAA5,0ZGam000000itATGAY,2026-02-18T15:25:36.000+0000
0ZRam000000hImuGAE,01tam00000BCLPPAA5,0ZGam000000isBBGAY,2026-02-18T14:01:12.000+0000
0ZRam000000hImzGAE,01tam00000BCLPQAA5,0ZGam000000isBBGAY,2026-02-18T14:01:12.000+0000
0ZRam000000hJ1tGAE,01tam00000BCLPQAA5,0ZGam000000itATGAY,2026-02-18T15:25:36.000+0000
0ZRam000000hJ1sGAE,01tam00000BCLPRAA5,0ZGam000000itATGAY,2026-02-18T15:25:36.000+0000
0ZRam000000hImwGAE,01tam00000BCLPRAA5,0ZGam000000isCnGAI,2026-02-18T14:01:12.000+0000
0ZRam000000hImtGAE,01tam00000BCLPSAA5,0ZGam000000isG1GAI,2026-02-18T14:01:12.000+0000
0ZRam000000hJ1rGAE,01tam00000BCLPSAA5,0ZGam000000itATGAY,2026-02-18T15:25:36.000+0000
0ZRam000000hJ1qGAE,01tam00000BCLPTAA5,0ZGam000000itATGAY,2026-02-18T15:25:36.000+0000
0ZRam000000hIn2GAE,01tam00000BCLPTAA5,0ZGam000000isHdGAI,2026-02-18T14:01:12.000+0000
0ZRam000000hJ1pGAE,01tam00000BCLPUAA5,0ZGam000000itATGAY,2026-02-18T15:25:36.000+0000
0ZRam000000hImvGAE,01tam00000BCLPUAA5,0ZGam000000isHdGAI,2026-02-18T14:01:12.000+0000
0ZRam000000hJ1oGAE,01tam00000BCLPVAA5,0ZGam000000itATGAY,2026-02-18T15:25:36.000+0000
0ZRam000000hIn0GAE,01tam00000BCLPVAA5,0ZGam000000isBBGAY,2026-02-18T14:01:12.000+0000
0ZRam000000hJ1nGAE,01tam00000BCLPWAA5,0ZGam000000itATGAY,2026-02-18T15:25:36.000+0000
0ZRam000000hImqGAE,01tam00000BCLPWAA5,0ZGam000000isCnGAI,2026-02-18T14:01:12.000+0000
0ZRam000000hImrGAE,01tam00000BCLPXAA5,0ZGam000000isHdGAI,2026-02-18T14:01:12.000+0000
0ZRam000000hJ1mGAE,01tam00000BCLPXAA5,0ZGam000000itATGAY,2026-02-18T15:25:36.000+0000
0ZRam000000hJ1lGAE,01tam00000BCLPYAA5,0ZGam000000itATGAY,2026-02-18T15:25:36.000+0000
0ZRam000000hImyGAE,01tam00000BCLPYAA5,0ZGam000000isBBGAY,2026-02-18T14:01:12.000+0000
0ZRam000000hIoIGAU,01tam00000BCLVNAA5,0ZGam000000isBBGAY,2026-02-18T14:01:31.000+0000
0ZRam000000hJ1kGAE,01tam00000BCLVNAA5,0ZGam000000itATGAY,2026-02-18T15:25:36.000+0000
0ZRam000000hIoEGAU,01tam00000BCLVOAA5,0ZGam000000isCnGAI,2026-02-18T14:01:31.000+0000
0ZRam000000hJ1jGAE,01tam00000BCLVOAA5,0ZGam000000itATGAY,2026-02-18T15:25:36.000+0000
0ZRam000000hJ1iGAE,01tam00000BCLVPAA5,0ZGam000000itATGAY,2026-02-18T15:25:36.000+0000
0ZRam000000hIoKGAU,01tam00000BCLVPAA5,0ZGam000000isBBGAY,2026-02-18T14:01:31.000+0000
0ZRam000000hIo9GAE,01tam00000BCLVQAA5,0ZGam000000isBBGAY,2026-02-18T14:01:31.000+0000
0ZRam000000hJ1hGAE,01tam00000BCLVQAA5,0ZGam000000itATGAY,2026-02-18T15:25:36.000+0000
0ZRam000000hIoHGAU,01tam00000BCLVRAA5,0ZGam000000isEPGAY,2026-02-18T14:01:31.000+0000
0ZRam000000hJ1gGAE,01tam00000BCLVRAA5,0ZGam000000itATGAY,2026-02-18T15:25:36.000+0000
0ZRam000000hJ1fGAE,01tam00000BCLVSAA5,0ZGam000000itATGAY,2026-02-18T15:25:36.000+0000
0ZRam000000hIoBGAU,01tam00000BCLVSAA5,0ZGam000000isBBGAY,2026-02-18T14:01:31.000+0000
0ZRam000000hJ1eGAE,01tam00000BCLVTAA5,0ZGam000000itATGAY,2026-02-18T15:25:36.000+0000
0ZRam000000hIo8GAE,01tam00000BCLVTAA5,0ZGam000000isHdGAI,2026-02-18T14:01:31.000+0000
0ZRam000000hJ1dGAE,01tam00000BCLVUAA5,0ZGam000000itATGAY,2026-02-18T15:25:36.000+0000
0ZRam000000hIoAGAU,01tam00000BCLVUAA5,0ZGam000000isEPGAY,2026-02-18T14:01:31.000+0000
0ZRam000000hJ1cGAE,01tam00000BCLVVAA5,0ZGam000000itATGAY,2026-02-18T15:25:36.000+0000
0ZRam000000hIoDGAU,01tam00000BCLVVAA5,0ZGam000000isBBGAY,2026-02-18T14:01:31.000+0000
0ZRam000000hJ1bGAE,01tam00000BCLVWAA5,0ZGam000000itATGAY,2026-02-18T15:25:36.000+0000
0ZRam000000hIo7GAE,01tam00000BCLVWAA5,0ZGam000000isBBGAY,2026-02-18T14:01:31.000+0000
0ZRam000000hIoJGAU,01tam00000BCLVXAA5,0ZGam000000isEPGAY,2026-02-18T14:01:31.000+0000
0ZRam000000hJ1aGAE,01tam00000BCLVXAA5,0ZGam000000itATGAY,2026-02-18T15:25:36.000+0000
0ZRam000000hJ1ZGAU,01tam00000BCLVYAA5,0ZGam000000itATGAY,2026-02-18T15:25:36.000+0000
0ZRam000000hIo6GAE,01tam00000BCLVYAA5,0ZGam000000isBBGAY,2026-02-18T14:01:31.000+0000
0ZRam000000hIoGGAU,01tam00000BCLVZAA5,0ZGam000000isEPGAY,2026-02-18T14:01:31.000+0000
0ZRam000000hJ1YGAU,01tam00000BCLVZAA5,0ZGam000000itATGAY,2026-02-18T15:25:36.000+0000
0ZRam000000hIo5GAE,01tam00000BCLVaAAP,0ZGam000000isEPGAY,2026-02-18T14:01:31.000+0000
0ZRam000000hJ1XGAU,01tam00000BCLVaAAP,0ZGam000000itATGAY,2026-02-18T15:25:36.000+0000
0ZRam000000hIoCGAU,01tam00000BCLVbAAP,0ZGam000000isBBGAY,2026-02-18T14:01:31.000+0000
0ZRam000000hJ1WGAU,01tam00000BCLVbAAP,0ZGam000000itATGAY,2026-02-18T15:25:36.000+0000
0ZRam000000hJ1VGAU,01tam00000BCLVcAAP,0ZGam000000itATGAY,2026-02-18T15:25:36.000+0000
0ZRam000000hIoFGAU,01tam00000BCLVcAAP,0ZGam000000isEPGAY,2026-02-18T14:01:31.000+0000
0ZRam000000hIoPGAU,01tam00000BCLVdAAP,0ZGam000000isBBGAY,2026-02-18T14:01:37.000+0000
0ZRam000000hJ1UGAU,01tam00000BCLVdAAP,0ZGam000000itATGAY,2026-02-18T15:25:36.000+0000
0ZRam000000hIoaGAE,01tam00000BCLVeAAP,0ZGam000000isCnGAI,2026-02-18T14:01:37.000+0000
0ZRam000000hJ1TGAU,01tam00000BCLVeAAP,0ZGam000000itATGAY,2026-02-18T15:25:36.000+0000
0ZRam000000hJ1SGAU,01tam00000BCLVfAAP,0ZGam000000itATGAY,2026-02-18T15:25:36.000+0000
0ZRam000000hIoOGAU,01tam00000BCLVfAAP,0ZGam000000isCnGAI,2026-02-18T14:01:37.000+0000
0ZRam000000hIoeGAE,01tam00000BCLVgAAP,0ZGam000000isBBGAY,2026-02-18T14:01:37.000+0000
0ZRam000000hJ1RGAU,01tam00000BCLVgAAP,0ZGam000000itATGAY,2026-02-18T15:25:36.000+0000
0ZRam000000hIoSGAU,01tam00000BCLVhAAP,0ZGam000000isBBGAY,2026-02-18T14:01:37.000+0000
0ZRam000000hJ1QGAU,01tam00000BCLVhAAP,0ZGam000000itATGAY,2026-02-18T15:25:36.000+0000
0ZRam000000hJ1PGAU,01tam00000BCLViAAP,0ZGam000000itATGAY,2026-02-18T15:25:36.000+0000
0ZRam000000hIobGAE,01tam00000BCLViAAP,0ZGam000000isCnGAI,2026-02-18T14:01:37.000+0000
0ZRam000000hIoXGAU,01tam00000BCLVjAAP,0ZGam000000isCnGAI,2026-02-18T14:01:37.000+0000
0ZRam000000hJ1OGAU,01tam00000BCLVjAAP,0ZGam000000itATGAY,2026-02-18T15:25:36.000+0000
0ZRam000000hIoMGAU,01tam00000BCLVkAAP,0ZGam000000isBBGAY,2026-02-18T14:01:37.000+0000
0ZRam000000hJ1NGAU,01tam00000BCLVkAAP,0ZGam000000itATGAY,2026-02-18T15:25:36.000+0000
0ZRam000000hJ1MGAU,01tam00000BCLVlAAP,0ZGam000000itATGAY,2026-02-18T15:25:36.000+0000
0ZRam000000hIoUGAU,01tam00000BCLVlAAP,0ZGam000000isBBGAY,2026-02-18T14:01:37.000+0000
0ZRam000000hJ1LGAU,01tam00000BCLVmAAP,0ZGam000000itATGAY,2026-02-18T15:25:36.000+0000
0ZRam000000hIodGAE,01tam00000BCLVmAAP,0ZGam000000isCnGAI,2026-02-18T14:01:37.000+0000
0ZRam000000hJ1KGAU,01tam00000BCLVnAAP,0ZGam000000itATGAY,2026-02-18T15:25:36.000+0000
0ZRam000000hIoYGAU,01tam00000BCLVnAAP,0ZGam000000isBBGAY,2026-02-18T14:01:37.000+0000
0ZRam000000hJ1JGAU,01tam00000BCLVoAAP,0ZGam000000itATGAY,2026-02-18T15:25:36.000+0000
0ZRam000000hIoZGAU,01tam00000BCLVoAAP,0ZGam000000isBBGAY,2026-02-18T14:01:37.000+0000
0ZRam000000hIoNGAU,01tam00000BCLVpAAP,0ZGam000000isBBGAY,2026-02-18T14:01:37.000+0000
0ZRam000000hJ1IGAU,01tam00000BCLVpAAP,0ZGam000000itATGAY,2026-02-18T15:25:36.000+0000
0ZRam000000hIoWGAU,01tam00000BCLVqAAP,0ZGam000000isCnGAI,2026-02-18T14:01:37.000+0000
0ZRam000000hJ1HGAU,01tam00000BCLVqAAP,0ZGam000000itATGAY,2026-02-18T15:25:36.000+0000
0ZRam000000hIoTGAU,01tam00000BCLVrAAP,0ZGam000000isCnGAI,2026-02-18T14:01:37.000+0000
0ZRam000000hJ1GGAU,01tam00000BCLVrAAP,0ZGam000000itATGAY,2026-02-18T15:25:36.000+0000
0ZRam000000hJ1FGAU,01tam00000BCLVsAAP,0ZGam000000itATGAY,2026-02-18T15:25:36.000+0000
0ZRam000000hIocGAE,01tam00000BCLVsAAP,0ZGam000000isCnGAI,2026-02-18T14:01:37.000+0000
0ZRam000000hIoQGAU,01tam00000BCLVtAAP,0ZGam000000isCnGAI,2026-02-18T14:01:37.000+0000
0ZRam000000hJ1EGAU,01tam00000BCLVtAAP,0ZGam000000itATGAY,2026-02-18T15:25:36.000+0000
0ZRam000000hJ1DGAU,01tam00000BCLVuAAP,0ZGam000000itATGAY,2026-02-18T15:25:36.000+0000
0ZRam000000hIoRGAU,01tam00000BCLVuAAP,0ZGam000000isHdGAI,2026-02-18T14:01:37.000+0000
0ZRam000000hIoVGAU,01tam00000BCLVvAAP,0ZGam000000isCnGAI,2026-02-18T14:01:37.000+0000
0ZRam000000hJ1CGAU,01tam00000BCLVvAAP,0ZGam000000itATGAY,2026-02-18T15:25:36.000+0000
0ZRam000000hJ1BGAU,01tam00000BCLVwAAP,0ZGam000000itATGAY,2026-02-18T15:25:36.000+0000
0ZRam000000hIoLGAU,01tam00000BCLVwAAP,0ZGam000000isBBGAY,2026-02-18T14:01:37.000+0000
0ZRam000000hIplGAE,01tam00000BCLWzAAP,0ZGam000000isHdGAI,2026-02-18T14:01:49.000+0000
0ZRam000000hJ1AGAU,01tam00000BCLWzAAP,0ZGam000000itATGAY,2026-02-18T15:25:36.000+0000
0ZRam000000hIpmGAE,01tam00000BCLX0AAP,0ZGam000000isBBGAY,2026-02-18T14:01:49.000+0000
0ZRam000000hJ19GAE,01tam00000BCLX0AAP,0ZGam000000itATGAY,2026-02-18T15:25:36.000+0000
0ZRam000000hIpnGAE,01tam00000BCLX1AAP,0ZGam000000isBBGAY,2026-02-18T14:01:49.000+0000
0ZRam000000hJ18GAE,01tam00000BCLX1AAP,0ZGam000000itATGAY,2026-02-18T15:25:36.000+0000
0ZRam000000hJ17GAE,01tam00000BCLX2AAP,0ZGam000000itATGAY,2026-02-18T15:25:36.000+0000
0ZRam000000hIpjGAE,01tam00000BCLX2AAP,0ZGam000000isG1GAI,2026-02-18T14:01:49.000+0000
0ZRam000000hIprGAE,01tam00000BCLX3AAP,0ZGam000000isG1GAI,2026-02-18T14:01:49.000+0000
0ZRam000000hJ16GAE,01tam00000BCLX3AAP,0ZGam000000itATGAY,2026-02-18T15:25:36.000+0000
0ZRam000000hJ15GAE,01tam00000BCLX4AAP,0ZGam000000itATGAY,2026-02-18T15:25:36.000+0000
0ZRam000000hIphGAE,01tam00000BCLX4AAP,0ZGam000000isBBGAY,2026-02-18T14:01:49.000+0000
0ZRam000000hIpsGAE,01tam00000BCLX5AAP,0ZGam000000isCnGAI,2026-02-18T14:01:49.000+0000
0ZRam000000hJ14GAE,01tam00000BCLX5AAP,0ZGam000000itATGAY,2026-02-18T15:25:36.000+0000
0ZRam000000hIppGAE,01tam00000BCLX6AAP,0ZGam000000isCnGAI,2026-02-18T14:01:49.000+0000
0ZRam000000hJ13GAE,01tam00000BCLX6AAP,0ZGam000000itATGAY,2026-02-18T15:25:36.000+0000
0ZRam000000hIpqGAE,01tam00000BCLX7AAP,0ZGam000000isHdGAI,2026-02-18T14:01:49.000+0000
0ZRam000000hJ12GAE,01tam00000BCLX7AAP,0ZGam000000itATGAY,2026-02-18T15:25:36.000+0000
0ZRam000000hJ11GAE,01tam00000BCLX8AAP,0ZGam000000itATGAY,2026-02-18T15:25:36.000+0000
0ZRam000000hIpkGAE,01tam00000BCLX8AAP,0ZGam000000isG1GAI,2026-02-18T14:01:49.000+0000
0ZRam000000hJ10GAE,01tam00000BCLX9AAP,0ZGam000000itATGAY,2026-02-18T15:25:36.000+0000
0ZRam000000hIpoGAE,01tam00000BCLX9AAP,0ZGam000000isG1GAI,2026-02-18T14:01:49.000+0000
0ZRam000000hJ0zGAE,01tam00000BCLXAAA5,0ZGam000000itATGAY,2026-02-18T15:25:36.000+0000
0ZRam000000hIpiGAE,01tam00000BCLXAAA5,0ZGam000000isHdGAI,2026-02-18T14:01:49.000+0000
