Id,ProductId,ElectronicMediaId,ElectronicMediaGroupId,Name,CreatedDate
2pmWj0000004StlIAE,01tWj00000BN7VaIAL,20YWj00000spTiQMAU,2mgam000001gdyAAAQ,00000611,2026-03-04T20:09:15.000+0000
2pmWj0000004StmIAE,01tWj00000BN7VaIAL,20YWj00000spTiQMAU,2mgam000001gdy9AAA,00000612,2026-03-04T20:09:15.000+0000
2pmWj0000004SvNIAU,01tWj00000BN7VbIAL,20YWj00000sowWPMAY,2mgam000001gdyAAAQ,00000613,2026-03-04T20:09:40.000+0000
2pmWj0000004SvOIAU,01tWj00000BN7VbIAL,20YWj00000sowWPMAY,2mgam000001gdy9AAA,00000614,2026-03-04T20:09:40.000+0000
2pmWj0000004Sx0IAE,01tWj00000BN7VcIAL,20YWj00000soqIvMAI,2mgam000001gdy9AAA,00000616,2026-03-04T20:10:03.000+0000
2pmWj0000004SwzIAE,01tWj00000BN7VcIAL,20YWj00000soqIvMAI,2mgam000001gdyAAAQ,00000615,2026-03-04T20:10:03.000+0000
2pmWj0000004SybIAE,01tWj00000BN7VdIAL,20YWj00000spV5vMAE,2mgam000001gdyAAAQ,00000617,2026-03-04T20:11:03.000+0000
2pmWj0000004SycIAE,01tWj00000BN7VdIAL,20YWj00000spV5vMAE,2mgam000001gdy9AAA,00000618,2026-03-04T20:11:03.000+0000
2pmWj0000004T0EIAU,01tWj00000BN7VeIAL,20YWj00000spbw6MAA,2mgam000001gdy9AAA,00000620,2026-03-04T20:11:28.000+0000
2pmWj0000004T0DIAU,01tWj00000BN7VeIAL,20YWj00000spbw6MAA,2mgam000001gdyAAAQ,00000619,2026-03-04T20:11:28.000+0000
2pmWj0000004T1pIAE,01tWj00000BN7VfIAL,20YWj00000spg2vMAA,2mgam000001gdyAAAQ,00000621,2026-03-04T20:12:09.000+0000
2pmWj0000004T1qIAE,01tWj00000BN7VfIAL,20YWj00000spg2vMAA,2mgam000001gdy9AAA,00000622,2026-03-04T20:12:09.000+0000
2pmWj0000004T3RIAU,01tWj00000BN7VgIAL,20YWj00000so5YaMAI,2mgam000001gdyAAAQ,00000623,2026-03-04T20:13:10.000+0000
2pmWj0000004T3SIAU,01tWj00000BN7VgIAL,20YWj00000so5YaMAI,2mgam000001gdy9AAA,00000624,2026-03-04T20:13:10.000+0000
2pmWj0000004T6gIAE,01tWj00000BN7VhIAL,20YWj00000soP96MAE,2mgam000001gdy9AAA,00000628,2026-03-04T20:16:02.000+0000
2pmWj0000004T6fIAE,01tWj00000BN7VhIAL,20YWj00000soP96MAE,2mgam000001gdyAAAQ,00000627,2026-03-04T20:16:02.000+0000
2pmWj0000004T53IAE,01tWj00000BN7ViIAL,20YWj00000so7otMAA,2mgam000001gdyAAAQ,00000625,2026-03-04T20:15:22.000+0000
2pmWj0000004T54IAE,01tWj00000BN7ViIAL,20YWj00000so7otMAA,2mgam000001gdy9AAA,00000626,2026-03-04T20:15:22.000+0000
2pmWj0000004T8HIAU,01tWj00000BN7VjIAL,20YWj00000spX7jMAE,2mgam000001gdyAAAQ,00000629,2026-03-04T20:18:25.000+0000
2pmWj0000004T8IIAU,01tWj00000BN7VjIAL,20YWj00000spX7jMAE,2mgam000001gdy9AAA,00000630,2026-03-04T20:18:25.000+0000
2pmWj0000004T9tIAE,01tWj00000BN7VkIAL,20YWj00000somIXMAY,2mgam000001gdyAAAQ,00000631,2026-03-04T20:18:52.000+0000
2pmWj0000004T9uIAE,01tWj00000BN7VkIAL,20YWj00000somIXMAY,2mgam000001gdy9AAA,00000632,2026-03-04T20:18:52.000+0000
2pmWj0000004TBVIA2,01tWj00000BN7VlIAL,20YWj00000spdzWMAQ,2mgam000001gdyAAAQ,00000633,2026-03-04T20:19:22.000+0000
2pmWj0000004TBWIA2,01tWj00000BN7VlIAL,20YWj00000spdzWMAQ,2mgam000001gdy9AAA,00000634,2026-03-04T20:19:22.000+0000
2pmWj0000004TD7IAM,01tWj00000BN7VmIAL,20YWj00000sorRuMAI,2mgam000001gdyAAAQ,00000635,2026-03-04T20:20:26.000+0000
2pmWj0000004TD8IAM,01tWj00000BN7VmIAL,20YWj00000sorRuMAI,2mgam000001gdy9AAA,00000636,2026-03-04T20:20:26.000+0000
2pmWj0000004TJZIA2,01tWj00000BN7VnIAL,20YWj00000soyEsMAI,2mgam000001gdyAAAQ,00000637,2026-03-04T20:21:02.000+0000
2pmWj0000004TJaIAM,01tWj00000BN7VnIAL,20YWj00000soyEsMAI,2mgam000001gdy9AAA,00000638,2026-03-04T20:21:02.000+0000
2pmWj0000004TLBIA2,01tWj00000BN7VoIAL,20YWj00000spcx1MAA,2mgam000001gdyAAAQ,00000639,2026-03-04T20:21:42.000+0000
2pmWj0000004TLCIA2,01tWj00000BN7VoIAL,20YWj00000spcx1MAA,2mgam000001gdy9AAA,00000640,2026-03-04T20:21:42.000+0000
2pmWj0000004TMnIAM,01tWj00000BN7VpIAL,20YWj00000soVUaMAM,2mgam000001gdyAAAQ,00000641,2026-03-04T20:22:05.000+0000
2pmWj0000004TMoIAM,01tWj00000BN7VpIAL,20YWj00000soVUaMAM,2mgam000001gdy9AAA,00000642,2026-03-04T20:22:05.000+0000
2pmWj0000004TOPIA2,01tWj00000BN7VqIAL,20YWj00000so5n4MAA,2mgam000001gdyAAAQ,00000643,2026-03-04T20:22:38.000+0000
2pmWj0000004TOQIA2,01tWj00000BN7VqIAL,20YWj00000so5n4MAA,2mgam000001gdy9AAA,00000644,2026-03-04T20:22:38.000+0000
2pmWj0000004TQ1IAM,01tWj00000BN7VrIAL,20YWj00000spLhiMAE,2mgam000001gdyAAAQ,00000645,2026-03-04T20:24:04.000+0000
2pmWj0000004TQ2IAM,01tWj00000BN7VrIAL,20YWj00000spLhiMAE,2mgam000001gdy9AAA,00000646,2026-03-04T20:24:04.000+0000
2pmWj0000004TRdIAM,01tWj00000BN7VsIAL,20YWj00000soUvAMAU,2mgam000001gdyAAAQ,00000647,2026-03-04T20:24:38.000+0000
2pmWj0000004TReIAM,01tWj00000BN7VsIAL,20YWj00000soUvAMAU,2mgam000001gdy9AAA,00000648,2026-03-04T20:24:38.000+0000
2pmWj0000004TTFIA2,01tWj00000BN7VtIAL,20YWj00000soZmnMAE,2mgam000001gdyAAAQ,00000649,2026-03-04T20:26:18.000+0000
2pmWj0000004TTGIA2,01tWj00000BN7VtIAL,20YWj00000soZmnMAE,2mgam000001gdy9AAA,00000650,2026-03-04T20:26:18.000+0000
2pmWj0000004TUrIAM,01tWj00000BN7VuIAL,20YWj00000sooNaMAI,2mgam000001gdyAAAQ,00000651,2026-03-04T20:27:24.000+0000
2pmWj0000004TUsIAM,01tWj00000BN7VuIAL,20YWj00000sooNaMAI,2mgam000001gdy9AAA,00000652,2026-03-04T20:27:24.000+0000
2pmWj0000004TWTIA2,01tWj00000BN7VvIAL,20YWj00000sp7zhMAA,2mgam000001gdyAAAQ,00000653,2026-03-04T20:28:09.000+0000
2pmWj0000004TWUIA2,01tWj00000BN7VvIAL,20YWj00000sp7zhMAA,2mgam000001gdy9AAA,00000654,2026-03-04T20:28:09.000+0000
2pmWj0000004TY5IAM,01tWj00000BN7VwIAL,20YWj00000solEOMAY,2mgam000001gdyAAAQ,00000655,2026-03-04T20:28:44.000+0000
2pmWj0000004TY6IAM,01tWj00000BN7VwIAL,20YWj00000solEOMAY,2mgam000001gdy9AAA,00000656,2026-03-04T20:28:44.000+0000
2pmWj0000004TZhIAM,01tWj00000BN7VxIAL,20YWj00000sprT0MAI,2mgam000001gdyAAAQ,00000657,2026-03-04T20:29:10.000+0000
2pmWj0000004TZiIAM,01tWj00000BN7VxIAL,20YWj00000sprT0MAI,2mgam000001gdy9AAA,00000658,2026-03-04T20:29:10.000+0000
2pmWj0000004TbKIAU,01tWj00000BN7VyIAL,20YWj00000spiG3MAI,2mgam000001gdy9AAA,00000660,2026-03-04T20:30:55.000+0000
2pmWj0000004TbJIAU,01tWj00000BN7VyIAL,20YWj00000spiG3MAI,2mgam000001gdyAAAQ,00000659,2026-03-04T20:30:55.000+0000
2pmWj0000004TcvIAE,01tWj00000BN7VzIAL,20YWj00000sp3RZMAY,2mgam000001gdyAAAQ,00000661,2026-03-04T20:31:27.000+0000
2pmWj0000004TcwIAE,01tWj00000BN7VzIAL,20YWj00000sp3RZMAY,2mgam000001gdy9AAA,00000662,2026-03-04T20:31:27.000+0000
2pmWj0000004TeYIAU,01tWj00000BN7W0IAL,20YWj00000spQz5MAE,2mgam000001gdy9AAA,00000664,2026-03-04T20:32:01.000+0000
2pmWj0000004TeXIAU,01tWj00000BN7W0IAL,20YWj00000spQz5MAE,2mgam000001gdyAAAQ,00000663,2026-03-04T20:32:01.000+0000
2pmWj0000004Tg9IAE,01tWj00000BN7W1IAL,20YWj00000spE55MAE,2mgam000001gdyAAAQ,00000665,2026-03-04T20:33:20.000+0000
2pmWj0000004TgAIAU,01tWj00000BN7W1IAL,20YWj00000spE55MAE,2mgam000001gdy9AAA,00000666,2026-03-04T20:33:20.000+0000
2pmWj0000004ThlIAE,01tWj00000BN7W2IAL,20YWj00000spaOyMAI,2mgam000001gdyAAAQ,00000667,2026-03-04T20:33:52.000+0000
2pmWj0000004ThmIAE,01tWj00000BN7W2IAL,20YWj00000spaOyMAI,2mgam000001gdy9AAA,00000668,2026-03-04T20:33:52.000+0000
2pmWj0000004TjNIAU,01tWj00000BN7W3IAL,20YWj00000spyMPMAY,2mgam000001gdyAAAQ,00000669,2026-03-04T20:34:25.000+0000
2pmWj0000004TjOIAU,01tWj00000BN7W3IAL,20YWj00000spyMPMAY,2mgam000001gdy9AAA,00000670,2026-03-04T20:34:25.000+0000
2pmWj0000004Tl0IAE,01tWj00000BN7W4IAL,20YWj00000sp3GGMAY,2mgam000001gdy9AAA,00000672,2026-03-04T20:35:14.000+0000
2pmWj0000004TkzIAE,01tWj00000BN7W4IAL,20YWj00000sp3GGMAY,2mgam000001gdyAAAQ,00000671,2026-03-04T20:35:14.000+0000
2pmWj0000004TmbIAE,01tWj00000BN7W5IAL,20YWj00000spzAPMAY,2mgam000001gdyAAAQ,00000673,2026-03-04T20:35:42.000+0000
2pmWj0000004TmcIAE,01tWj00000BN7W5IAL,20YWj00000spzAPMAY,2mgam000001gdy9AAA,00000674,2026-03-04T20:35:42.000+0000
2pmWj0000004ToEIAU,01tWj00000BN7W6IAL,20YWj00000spzQXMAY,2mgam000001gdy9AAA,00000676,2026-03-04T20:36:15.000+0000
2pmWj0000004ToDIAU,01tWj00000BN7W6IAL,20YWj00000spzQXMAY,2mgam000001gdyAAAQ,00000675,2026-03-04T20:36:15.000+0000
2pmWj0000004ToFIAU,01tWj00000BN7W7IAL,20YWj00000spD2gMAE,2mgam000001gdyAAAQ,00000677,2026-03-04T20:36:57.000+0000
2pmWj0000004ToGIAU,01tWj00000BN7W7IAL,20YWj00000spD2gMAE,2mgam000001gdy9AAA,00000678,2026-03-04T20:36:57.000+0000
2pmWj0000004TpqIAE,01tWj00000BN7W8IAL,20YWj00000sorenMAA,2mgam000001gdy9AAA,00000680,2026-03-04T20:37:40.000+0000
2pmWj0000004TppIAE,01tWj00000BN7W8IAL,20YWj00000sorenMAA,2mgam000001gdyAAAQ,00000679,2026-03-04T20:37:40.000+0000
2pmWj0000004TrSIAU,01tWj00000BN7W9IAL,20YWj00000sot8lMAA,2mgam000001gdy9AAA,00000682,2026-03-04T20:38:05.000+0000
2pmWj0000004TrRIAU,01tWj00000BN7W9IAL,20YWj00000sot8lMAA,2mgam000001gdyAAAQ,00000681,2026-03-04T20:38:05.000+0000
2pmWj0000004Tt4IAE,01tWj00000BN7WAIA1,20YWj00000sotv9MAA,2mgam000001gdy9AAA,00000684,2026-03-04T20:39:03.000+0000
2pmWj0000004Tt3IAE,01tWj00000BN7WAIA1,20YWj00000sotv9MAA,2mgam000001gdyAAAQ,00000683,2026-03-04T20:39:03.000+0000
2pmWj0000004TufIAE,01tWj00000BN7WBIA1,20YWj00000spnVvMAI,2mgam000001gdyAAAQ,00000685,2026-03-04T20:39:33.000+0000
2pmWj0000004TugIAE,01tWj00000BN7WBIA1,20YWj00000spnVvMAI,2mgam000001gdy9AAA,00000686,2026-03-04T20:39:33.000+0000
2pmWj0000004TwHIAU,01tWj00000BN7WCIA1,20YWj00000spnHKMAY,2mgam000001gdyAAAQ,00000687,2026-03-04T20:40:03.000+0000
2pmWj0000004TwIIAU,01tWj00000BN7WCIA1,20YWj00000spnHKMAY,2mgam000001gdy9AAA,00000688,2026-03-04T20:40:03.000+0000
2pmWj0000004c9yIAA,01tWj00000BN7WDIA1,20YWj00000t5SlaMAE,2mgam000001gdy9AAA,00001320,2026-03-06T10:59:28.000+0000
2pmWj0000004c9xIAA,01tWj00000BN7WDIA1,20YWj00000t5SlaMAE,2mgam000001gdyAAAQ,00001319,2026-03-06T10:59:28.000+0000
2pmWj0000004c8LIAQ,01tWj00000BN7WEIA1,20YWj00000t5HtVMAU,2mgam000001gdyAAAQ,00001317,2026-03-06T10:59:04.000+0000
2pmWj0000004c8MIAQ,01tWj00000BN7WEIA1,20YWj00000t5HtVMAU,2mgam000001gdy9AAA,00001318,2026-03-06T10:59:04.000+0000
2pmWj0000004TxtIAE,01tWj00000BN7WFIA1,20YWj00000souMbMAI,2mgam000001gdyAAAQ,00000689,2026-03-04T20:42:35.000+0000
2pmWj0000004TxuIAE,01tWj00000BN7WFIA1,20YWj00000souMbMAI,2mgam000001gdy9AAA,00000690,2026-03-04T20:42:35.000+0000
2pmWj0000004TzWIAU,01tWj00000BN7WGIA1,20YWj00000sorbaMAA,2mgam000001gdy9AAA,00000692,2026-03-04T20:43:11.000+0000
2pmWj0000004TzVIAU,01tWj00000BN7WGIA1,20YWj00000sorbaMAA,2mgam000001gdyAAAQ,00000691,2026-03-04T20:43:11.000+0000
2pmWj0000004U17IAE,01tWj00000BN7WHIA1,20YWj00000sotyLMAQ,2mgam000001gdyAAAQ,00000693,2026-03-04T20:43:43.000+0000
2pmWj0000004U18IAE,01tWj00000BN7WHIA1,20YWj00000sotyLMAQ,2mgam000001gdy9AAA,00000694,2026-03-04T20:43:43.000+0000
2pmWj0000004U2jIAE,01tWj00000BN7WIIA1,20YWj00000sorbbMAA,2mgam000001gdyAAAQ,00000695,2026-03-04T20:44:18.000+0000
2pmWj0000004U2kIAE,01tWj00000BN7WIIA1,20YWj00000sorbbMAA,2mgam000001gdy9AAA,00000696,2026-03-04T20:44:18.000+0000
2pmWj0000004cDBIAY,01tWj00000BN7WJIA1,20YWj00000t5j88MAA,2mgam000001gdyAAAQ,00001323,2026-03-06T11:00:35.000+0000
2pmWj0000004cDCIAY,01tWj00000BN7WJIA1,20YWj00000t5j88MAA,2mgam000001gdy9AAA,00001324,2026-03-06T11:00:35.000+0000
2pmWj0000004cBZIAY,01tWj00000BN7WKIA1,20YWj00000t5SDpMAM,2mgam000001gdyAAAQ,00001321,2026-03-06T11:00:11.000+0000
2pmWj0000004cBaIAI,01tWj00000BN7WKIA1,20YWj00000t5SDpMAM,2mgam000001gdy9AAA,00001322,2026-03-06T11:00:11.000+0000
2pmWj0000004U4LIAU,01tWj00000BN7WLIA1,20YWj00000spxyEMAQ,2mgam000001gdyAAAQ,00000697,2026-03-04T20:44:59.000+0000
2pmWj0000004U4MIAU,01tWj00000BN7WLIA1,20YWj00000spxyEMAQ,2mgam000001gdy9AAA,00000698,2026-03-04T20:44:59.000+0000
2pmWj0000004U5yIAE,01tWj00000BN7WMIA1,20YWj00000spyEMMAY,2mgam000001gdy9AAA,00000700,2026-03-04T20:45:38.000+0000
2pmWj0000004U5xIAE,01tWj00000BN7WMIA1,20YWj00000spyEMMAY,2mgam000001gdyAAAQ,00000699,2026-03-04T20:45:38.000+0000
2pmWj0000004U7aIAE,01tWj00000BN7WNIA1,20YWj00000spAnyMAE,2mgam000001gdy9AAA,00000702,2026-03-04T20:46:08.000+0000
2pmWj0000004U7ZIAU,01tWj00000BN7WNIA1,20YWj00000spAnyMAE,2mgam000001gdyAAAQ,00000701,2026-03-04T20:46:08.000+0000
2pmWj0000004U9BIAU,01tWj00000BN7WOIA1,20YWj00000spNGTMA2,2mgam000001gdyAAAQ,00000703,2026-03-04T20:46:39.000+0000
2pmWj0000004U9CIAU,01tWj00000BN7WOIA1,20YWj00000spNGTMA2,2mgam000001gdy9AAA,00000704,2026-03-04T20:46:39.000+0000
2pmWj0000004UAoIAM,01tWj00000BN7WPIA1,20YWj00000sp86AMAQ,2mgam000001gdy9AAA,00000706,2026-03-04T20:47:10.000+0000
2pmWj0000004UAnIAM,01tWj00000BN7WPIA1,20YWj00000sp86AMAQ,2mgam000001gdyAAAQ,00000705,2026-03-04T20:47:10.000+0000
2pmWj0000004UCPIA2,01tWj00000BN7WQIA1,20YWj00000sq1LuMAI,2mgam000001gdyAAAQ,00000707,2026-03-04T20:47:39.000+0000
2pmWj0000004UCQIA2,01tWj00000BN7WQIA1,20YWj00000sq1LuMAI,2mgam000001gdy9AAA,00000708,2026-03-04T20:47:39.000+0000
2pmWj0000004UE1IAM,01tWj00000BN7WRIA1,20YWj00000sphIOMAY,2mgam000001gdyAAAQ,00000709,2026-03-04T20:48:46.000+0000
2pmWj0000004UE2IAM,01tWj00000BN7WRIA1,20YWj00000sphIOMAY,2mgam000001gdy9AAA,00000710,2026-03-04T20:48:46.000+0000
2pmWj0000004UFdIAM,01tWj00000BN7WSIA1,20YWj00000sosvrMAA,2mgam000001gdyAAAQ,00000711,2026-03-04T20:49:42.000+0000
2pmWj0000004UFeIAM,01tWj00000BN7WSIA1,20YWj00000sosvrMAA,2mgam000001gdy9AAA,00000712,2026-03-04T20:49:42.000+0000
2pmWj0000004UHFIA2,01tWj00000BN7WTIA1,20YWj00000sq7PhMAI,2mgam000001gdyAAAQ,00000713,2026-03-04T20:50:27.000+0000
2pmWj0000004UHGIA2,01tWj00000BN7WTIA1,20YWj00000sq7PhMAI,2mgam000001gdy9AAA,00000714,2026-03-04T20:50:27.000+0000
2pmWj0000004UIrIAM,01tWj00000BN7WUIA1,20YWj00000spvwTMAQ,2mgam000001gdyAAAQ,00000715,2026-03-04T20:52:20.000+0000
2pmWj0000004UIsIAM,01tWj00000BN7WUIA1,20YWj00000spvwTMAQ,2mgam000001gdy9AAA,00000716,2026-03-04T20:52:20.000+0000
2pmWj0000004UKTIA2,01tWj00000BN7WVIA1,20YWj00000sqF8kMAE,2mgam000001gdyAAAQ,00000717,2026-03-04T21:04:17.000+0000
2pmWj0000004UKUIA2,01tWj00000BN7WVIA1,20YWj00000sqF8kMAE,2mgam000001gdy9AAA,00000718,2026-03-04T21:04:17.000+0000
2pmWj0000004UM5IAM,01tWj00000BN7WWIA1,20YWj00000sqGnxMAE,2mgam000001gdyAAAQ,00000719,2026-03-04T21:05:27.000+0000
2pmWj0000004UM6IAM,01tWj00000BN7WWIA1,20YWj00000sqGnxMAE,2mgam000001gdy9AAA,00000720,2026-03-04T21:05:27.000+0000
2pmWj0000004TZkIAM,01tWj00000BN7WXIA1,20YWj00000sppJDMAY,2mgam000001gdy9AAA,00000722,2026-03-04T21:06:19.000+0000
2pmWj0000004TZjIAM,01tWj00000BN7WXIA1,20YWj00000sppJDMAY,2mgam000001gdyAAAQ,00000721,2026-03-04T21:06:19.000+0000
2pmWj0000004UNiIAM,01tWj00000BN7WYIA1,20YWj00000sq1sBMAQ,2mgam000001gdy9AAA,00000724,2026-03-04T21:06:56.000+0000
2pmWj0000004UNhIAM,01tWj00000BN7WYIA1,20YWj00000sq1sBMAQ,2mgam000001gdyAAAQ,00000723,2026-03-04T21:06:56.000+0000
2pmWj0000004UPKIA2,01tWj00000BN7WZIA1,20YWj00000spLQ0MAM,2mgam000001gdy9AAA,00000726,2026-03-04T21:08:13.000+0000
2pmWj0000004UPJIA2,01tWj00000BN7WZIA1,20YWj00000spLQ0MAM,2mgam000001gdyAAAQ,00000725,2026-03-04T21:08:13.000+0000
2pmWj0000004UQwIAM,01tWj00000BN7WaIAL,20YWj00000spPjiMAE,2mgam000001gdy9AAA,00000728,2026-03-04T21:08:59.000+0000
2pmWj0000004UQvIAM,01tWj00000BN7WaIAL,20YWj00000spPjiMAE,2mgam000001gdyAAAQ,00000727,2026-03-04T21:08:59.000+0000
2pmWj0000004USYIA2,01tWj00000BN7WbIAL,20YWj00000spKAcMAM,2mgam000001gdy9AAA,00000730,2026-03-04T21:09:30.000+0000
2pmWj0000004USXIA2,01tWj00000BN7WbIAL,20YWj00000spKAcMAM,2mgam000001gdyAAAQ,00000729,2026-03-04T21:09:30.000+0000
2pmWj0000004UU9IAM,01tWj00000BN7WcIAL,20YWj00000sqIzTMAU,2mgam000001gdyAAAQ,00000731,2026-03-04T21:11:12.000+0000
2pmWj0000004UUAIA2,01tWj00000BN7WcIAL,20YWj00000sqIzTMAU,2mgam000001gdy9AAA,00000732,2026-03-04T21:11:12.000+0000
2pmWj0000004UVlIAM,01tWj00000BN7WdIAL,20YWj00000sqJylMAE,2mgam000001gdyAAAQ,00000733,2026-03-04T21:11:49.000+0000
2pmWj0000004UVmIAM,01tWj00000BN7WdIAL,20YWj00000sqJylMAE,2mgam000001gdy9AAA,00000734,2026-03-04T21:11:49.000+0000
2pmWj0000004UXNIA2,01tWj00000BN7WeIAL,20YWj00000sq3lwMAA,2mgam000001gdyAAAQ,00000735,2026-03-04T21:12:24.000+0000
2pmWj0000004UXOIA2,01tWj00000BN7WeIAL,20YWj00000sq3lwMAA,2mgam000001gdy9AAA,00000736,2026-03-04T21:12:24.000+0000
2pmWj0000004UYzIAM,01tWj00000BN7WfIAL,20YWj00000spixdMAA,2mgam000001gdyAAAQ,00000737,2026-03-04T21:12:59.000+0000
2pmWj0000004UZ0IAM,01tWj00000BN7WfIAL,20YWj00000spixdMAA,2mgam000001gdy9AAA,00000738,2026-03-04T21:12:59.000+0000
2pmWj0000004UabIAE,01tWj00000BN7WgIAL,20YWj00000spBiKMAU,2mgam000001gdyAAAQ,00000739,2026-03-04T21:14:15.000+0000
2pmWj0000004UacIAE,01tWj00000BN7WgIAL,20YWj00000spBiKMAU,2mgam000001gdy9AAA,00000740,2026-03-04T21:14:15.000+0000
2pmWj0000004UcDIAU,01tWj00000BN7WhIAL,20YWj00000sprODMAY,2mgam000001gdyAAAQ,00000741,2026-03-04T21:14:49.000+0000
2pmWj0000004UcEIAU,01tWj00000BN7WhIAL,20YWj00000sprODMAY,2mgam000001gdy9AAA,00000742,2026-03-04T21:14:49.000+0000
2pmWj0000004UdpIAE,01tWj00000BN7WiIAL,20YWj00000spsX9MAI,2mgam000001gdyAAAQ,00000743,2026-03-04T21:15:23.000+0000
2pmWj0000004UdqIAE,01tWj00000BN7WiIAL,20YWj00000spsX9MAI,2mgam000001gdy9AAA,00000744,2026-03-04T21:15:23.000+0000
2pmWj0000004UfRIAU,01tWj00000BN7WjIAL,20YWj00000sozCdMAI,2mgam000001gdyAAAQ,00000745,2026-03-04T21:16:06.000+0000
2pmWj0000004UfSIAU,01tWj00000BN7WjIAL,20YWj00000sozCdMAI,2mgam000001gdy9AAA,00000746,2026-03-04T21:16:06.000+0000
2pmWj0000004Uh3IAE,01tWj00000BN7WkIAL,20YWj00000sqQNWMA2,2mgam000001gdyAAAQ,00000747,2026-03-04T21:16:37.000+0000
2pmWj0000004Uh4IAE,01tWj00000BN7WkIAL,20YWj00000sqQNWMA2,2mgam000001gdy9AAA,00000748,2026-03-04T21:16:37.000+0000
2pmWj0000004UigIAE,01tWj00000BN7WlIAL,20YWj00000spyZKMAY,2mgam000001gdy9AAA,00000750,2026-03-04T21:17:11.000+0000
2pmWj0000004UifIAE,01tWj00000BN7WlIAL,20YWj00000spyZKMAY,2mgam000001gdyAAAQ,00000749,2026-03-04T21:17:11.000+0000
2pmWj0000004UkHIAU,01tWj00000BN7WmIAL,20YWj00000sq7b6MAA,2mgam000001gdyAAAQ,00000751,2026-03-04T21:17:50.000+0000
2pmWj0000004UkIIAU,01tWj00000BN7WmIAL,20YWj00000sq7b6MAA,2mgam000001gdy9AAA,00000752,2026-03-04T21:17:50.000+0000
2pmWj0000004UluIAE,01tWj00000BN7WnIAL,20YWj00000sqS4LMAU,2mgam000001gdy9AAA,00000754,2026-03-04T21:18:36.000+0000
2pmWj0000004UltIAE,01tWj00000BN7WnIAL,20YWj00000sqS4LMAU,2mgam000001gdyAAAQ,00000753,2026-03-04T21:18:36.000+0000
2pmWj0000004UnVIAU,01tWj00000BN7WoIAL,20YWj00000sp8qyMAA,2mgam000001gdyAAAQ,00000755,2026-03-04T21:19:14.000+0000
2pmWj0000004UnWIAU,01tWj00000BN7WoIAL,20YWj00000sp8qyMAA,2mgam000001gdy9AAA,00000756,2026-03-04T21:19:14.000+0000
2pmWj0000004Up8IAE,01tWj00000BN7WpIAL,20YWj00000sqIbGMAU,2mgam000001gdy9AAA,00000758,2026-03-04T21:19:57.000+0000
2pmWj0000004Up7IAE,01tWj00000BN7WpIAL,20YWj00000sqIbGMAU,2mgam000001gdyAAAQ,00000757,2026-03-04T21:19:57.000+0000
2pmWj0000004UqkIAE,01tWj00000BN7WqIAL,20YWj00000spUwGMAU,2mgam000001gdy9AAA,00000760,2026-03-04T21:20:30.000+0000
2pmWj0000004UqjIAE,01tWj00000BN7WqIAL,20YWj00000spUwGMAU,2mgam000001gdyAAAQ,00000759,2026-03-04T21:20:30.000+0000
2pmWj0000004UsMIAU,01tWj00000BN7WrIAL,20YWj00000sqHLsMAM,2mgam000001gdy9AAA,00000762,2026-03-04T21:21:03.000+0000
2pmWj0000004UsLIAU,01tWj00000BN7WrIAL,20YWj00000sqHLsMAM,2mgam000001gdyAAAQ,00000761,2026-03-04T21:21:03.000+0000
2pmWj0000004UtxIAE,01tWj00000BN7WsIAL,20YWj00000sqWEPMA2,2mgam000001gdyAAAQ,00000763,2026-03-04T21:23:33.000+0000
2pmWj0000004UtyIAE,01tWj00000BN7WsIAL,20YWj00000sqWEPMA2,2mgam000001gdy9AAA,00000764,2026-03-04T21:23:33.000+0000
2pmWj0000004UvZIAU,01tWj00000BN7WtIAL,20YWj00000sqAtvMAE,2mgam000001gdyAAAQ,00000765,2026-03-04T21:24:08.000+0000
2pmWj0000004UvaIAE,01tWj00000BN7WtIAL,20YWj00000sqAtvMAE,2mgam000001gdy9AAA,00000766,2026-03-04T21:24:08.000+0000
2pmWj0000004UxCIAU,01tWj00000BN7WuIAL,20YWj00000sqGxgMAE,2mgam000001gdy9AAA,00000768,2026-03-04T21:24:47.000+0000
2pmWj0000004UxBIAU,01tWj00000BN7WuIAL,20YWj00000sqGxgMAE,2mgam000001gdyAAAQ,00000767,2026-03-04T21:24:47.000+0000
2pmWj0000004UynIAE,01tWj00000BN7WvIAL,20YWj00000spJ6PMAU,2mgam000001gdyAAAQ,00000769,2026-03-04T21:26:10.000+0000
2pmWj0000004UyoIAE,01tWj00000BN7WvIAL,20YWj00000spJ6PMAU,2mgam000001gdy9AAA,00000770,2026-03-04T21:26:10.000+0000
2pmWj0000004V0PIAU,01tWj00000BN7WwIAL,20YWj00000sq5kVMAQ,2mgam000001gdyAAAQ,00000771,2026-03-04T21:27:06.000+0000
2pmWj0000004V0QIAU,01tWj00000BN7WwIAL,20YWj00000sq5kVMAQ,2mgam000001gdy9AAA,00000772,2026-03-04T21:27:06.000+0000
2pmWj0000004V21IAE,01tWj00000BN7WxIAL,20YWj00000spzGtMAI,2mgam000001gdyAAAQ,00000773,2026-03-04T21:28:01.000+0000
2pmWj0000004V22IAE,01tWj00000BN7WxIAL,20YWj00000spzGtMAI,2mgam000001gdy9AAA,00000774,2026-03-04T21:28:01.000+0000
2pmWj0000004V3dIAE,01tWj00000BN7WyIAL,20YWj00000spqFHMAY,2mgam000001gdyAAAQ,00000775,2026-03-04T21:28:52.000+0000
2pmWj0000004V3eIAE,01tWj00000BN7WyIAL,20YWj00000spqFHMAY,2mgam000001gdy9AAA,00000776,2026-03-04T21:28:52.000+0000
2pmWj0000004V5GIAU,01tWj00000BN7WzIAL,20YWj00000sqXAUMA2,2mgam000001gdy9AAA,00000778,2026-03-04T21:29:27.000+0000
2pmWj0000004V5FIAU,01tWj00000BN7WzIAL,20YWj00000sqXAUMA2,2mgam000001gdyAAAQ,00000777,2026-03-04T21:29:27.000+0000
2pmWj0000004V6sIAE,01tWj00000BN7X0IAL,20YWj00000sqJ2hMAE,2mgam000001gdy9AAA,00000780,2026-03-04T21:30:05.000+0000
2pmWj0000004V6rIAE,01tWj00000BN7X0IAL,20YWj00000sqJ2hMAE,2mgam000001gdyAAAQ,00000779,2026-03-04T21:30:05.000+0000
2pmWj0000004V8TIAU,01tWj00000BN7X1IAL,20YWj00000sq8KFMAY,2mgam000001gdyAAAQ,00000781,2026-03-04T21:32:53.000+0000
2pmWj0000004V8UIAU,01tWj00000BN7X1IAL,20YWj00000sq8KFMAY,2mgam000001gdy9AAA,00000782,2026-03-04T21:32:53.000+0000
2pmWj0000004VA5IAM,01tWj00000BN7X2IAL,20YWj00000sq2DCMAY,2mgam000001gdyAAAQ,00000783,2026-03-04T21:33:25.000+0000
2pmWj0000004VA6IAM,01tWj00000BN7X2IAL,20YWj00000sq2DCMAY,2mgam000001gdy9AAA,00000784,2026-03-04T21:33:25.000+0000
2pmWj0000004VBiIAM,01tWj00000BN7X3IAL,20YWj00000sqcgPMAQ,2mgam000001gdy9AAA,00000786,2026-03-04T21:34:02.000+0000
2pmWj0000004VBhIAM,01tWj00000BN7X3IAL,20YWj00000sqcgPMAQ,2mgam000001gdyAAAQ,00000785,2026-03-04T21:34:02.000+0000
2pmWj0000004VGXIA2,01tWj00000BN7X4IAL,20YWj00000sqTICMA2,2mgam000001gdyAAAQ,00000793,2026-03-04T21:37:20.000+0000
2pmWj0000004VGYIA2,01tWj00000BN7X4IAL,20YWj00000sqTICMA2,2mgam000001gdy9AAA,00000794,2026-03-04T21:37:20.000+0000
2pmWj0000004VI9IAM,01tWj00000BN7X5IAL,20YWj00000sqEz5MAE,2mgam000001gdyAAAQ,00000795,2026-03-04T21:37:54.000+0000
2pmWj0000004VIAIA2,01tWj00000BN7X5IAL,20YWj00000sqEz5MAE,2mgam000001gdy9AAA,00000796,2026-03-04T21:37:54.000+0000
2pmWj0000004VJlIAM,01tWj00000BN7X6IAL,20YWj00000sq0xoMAA,2mgam000001gdyAAAQ,00000797,2026-03-04T21:38:23.000+0000
2pmWj0000004VJmIAM,01tWj00000BN7X6IAL,20YWj00000sq0xoMAA,2mgam000001gdy9AAA,00000798,2026-03-04T21:38:23.000+0000
2pmWj0000004VDJIA2,01tWj00000BND33IAH,20YWj00000sq0RYMAY,2mgam000001gdyAAAQ,00000787,2026-03-04T21:35:15.000+0000
2pmWj0000004VDKIA2,01tWj00000BND33IAH,20YWj00000sq0RYMAY,2mgam000001gdy9AAA,00000788,2026-03-04T21:35:15.000+0000
2pmWj0000004VEvIAM,01tWj00000BND34IAH,20YWj00000spT4DMAU,2mgam000001gdyAAAQ,00000789,2026-03-04T21:35:46.000+0000
2pmWj0000004VEwIAM,01tWj00000BND34IAH,20YWj00000spT4DMAU,2mgam000001gdy9AAA,00000790,2026-03-04T21:35:46.000+0000
2pmWj0000004U5zIAE,01tWj00000BND35IAH,20YWj00000spxLaMAI,2mgam000001gdyAAAQ,00000791,2026-03-04T21:36:28.000+0000
2pmWj0000004U60IAE,01tWj00000BND35IAH,20YWj00000spxLaMAI,2mgam000001gdy9AAA,00000792,2026-03-04T21:36:28.000+0000
2pmWj0000004cJdIAI,01tWj00000BND36IAH,20YWj00000t5rFKMAY,2mgam000001gdyAAAQ,00001331,2026-03-06T11:03:37.000+0000
2pmWj0000004cJeIAI,01tWj00000BND36IAH,20YWj00000t5rFKMAY,2mgam000001gdy9AAA,00001332,2026-03-06T11:03:37.000+0000
2pmWj0000004cMrIAI,01tWj00000BND37IAH,20YWj00000t5cD5MAI,2mgam000001gdyAAAQ,00001335,2026-03-06T11:04:20.000+0000
2pmWj0000004cMsIAI,01tWj00000BND37IAH,20YWj00000t5cD5MAI,2mgam000001gdy9AAA,00001336,2026-03-06T11:04:20.000+0000
2pmWj0000004VLNIA2,01tWj00000BND38IAH,20YWj00000sp5xuMAA,2mgam000001gdyAAAQ,00000799,2026-03-04T21:39:41.000+0000
2pmWj0000004VLOIA2,01tWj00000BND38IAH,20YWj00000sp5xuMAA,2mgam000001gdy9AAA,00000800,2026-03-04T21:39:41.000+0000
2pmWj0000004VMzIAM,01tWj00000BND39IAH,20YWj00000sq9GIMAY,2mgam000001gdyAAAQ,00000801,2026-03-04T21:40:27.000+0000
2pmWj0000004VN0IAM,01tWj00000BND39IAH,20YWj00000sq9GIMAY,2mgam000001gdy9AAA,00000802,2026-03-04T21:40:27.000+0000
2pmWj0000004VObIAM,01tWj00000BND3AIAX,20YWj00000spbUkMAI,2mgam000001gdyAAAQ,00000803,2026-03-04T21:41:13.000+0000
2pmWj0000004VOcIAM,01tWj00000BND3AIAX,20YWj00000spbUkMAI,2mgam000001gdy9AAA,00000804,2026-03-04T21:41:13.000+0000
2pmWj0000004VQEIA2,01tWj00000BND3BIAX,20YWj00000sqA13MAE,2mgam000001gdy9AAA,00000806,2026-03-04T21:42:37.000+0000
2pmWj0000004VQDIA2,01tWj00000BND3BIAX,20YWj00000sqA13MAE,2mgam000001gdyAAAQ,00000805,2026-03-04T21:42:37.000+0000
2pmWj0000004VRpIAM,01tWj00000BND3CIAX,20YWj00000spz7FMAQ,2mgam000001gdyAAAQ,00000807,2026-03-04T21:43:20.000+0000
2pmWj0000004VRqIAM,01tWj00000BND3CIAX,20YWj00000spz7FMAQ,2mgam000001gdy9AAA,00000808,2026-03-04T21:43:20.000+0000
2pmWj0000004VTRIA2,01tWj00000BND3DIAX,20YWj00000sqPRSMA2,2mgam000001gdyAAAQ,00000809,2026-03-04T21:44:12.000+0000
2pmWj0000004VTSIA2,01tWj00000BND3DIAX,20YWj00000sqPRSMA2,2mgam000001gdy9AAA,00000810,2026-03-04T21:44:12.000+0000
2pmWj0000004VV3IAM,01tWj00000BND3EIAX,20YWj00000sqLCbMAM,2mgam000001gdyAAAQ,00000811,2026-03-04T21:44:55.000+0000
2pmWj0000004VV4IAM,01tWj00000BND3EIAX,20YWj00000sqLCbMAM,2mgam000001gdy9AAA,00000812,2026-03-04T21:44:55.000+0000
2pmWj0000004VWfIAM,01tWj00000BND3FIAX,20YWj00000spQMQMA2,2mgam000001gdyAAAQ,00000813,2026-03-04T21:45:40.000+0000
2pmWj0000004VWgIAM,01tWj00000BND3FIAX,20YWj00000spQMQMA2,2mgam000001gdy9AAA,00000814,2026-03-04T21:45:40.000+0000
2pmWj0000004VYHIA2,01tWj00000BND3GIAX,20YWj00000sq7peMAA,2mgam000001gdyAAAQ,00000815,2026-03-04T21:46:24.000+0000
2pmWj0000004VYIIA2,01tWj00000BND3GIAX,20YWj00000sq7peMAA,2mgam000001gdy9AAA,00000816,2026-03-04T21:46:24.000+0000
2pmWj0000004VZtIAM,01tWj00000BND3HIAX,20YWj00000sppnrMAA,2mgam000001gdyAAAQ,00000817,2026-03-04T21:47:04.000+0000
2pmWj0000004VZuIAM,01tWj00000BND3HIAX,20YWj00000sppnrMAA,2mgam000001gdy9AAA,00000818,2026-03-04T21:47:04.000+0000
2pmWj0000004VbVIAU,01tWj00000BND3IIAX,20YWj00000sq91jMAA,2mgam000001gdyAAAQ,00000819,2026-03-04T21:47:43.000+0000
2pmWj0000004VbWIAU,01tWj00000BND3IIAX,20YWj00000sq91jMAA,2mgam000001gdy9AAA,00000820,2026-03-04T21:47:43.000+0000
2pmWj0000004Vd7IAE,01tWj00000BND3JIAX,20YWj00000sqJvaMAE,2mgam000001gdyAAAQ,00000821,2026-03-04T21:49:33.000+0000
2pmWj0000004Vd8IAE,01tWj00000BND3JIAX,20YWj00000sqJvaMAE,2mgam000001gdy9AAA,00000822,2026-03-04T21:49:33.000+0000
2pmWj0000004VejIAE,01tWj00000BND3KIAX,20YWj00000sqFvDMAU,2mgam000001gdyAAAQ,00000823,2026-03-04T21:50:42.000+0000
2pmWj0000004VekIAE,01tWj00000BND3KIAX,20YWj00000sqFvDMAU,2mgam000001gdy9AAA,00000824,2026-03-04T21:50:42.000+0000
2pmWj0000004VgLIAU,01tWj00000BND3LIAX,20YWj00000spkcsMAA,2mgam000001gdyAAAQ,00000825,2026-03-04T21:51:43.000+0000
2pmWj0000004VgMIAU,01tWj00000BND3LIAX,20YWj00000spkcsMAA,2mgam000001gdy9AAA,00000826,2026-03-04T21:51:43.000+0000
2pmWj0000004VhxIAE,01tWj00000BND3MIAX,20YWj00000sq1x4MAA,2mgam000001gdyAAAQ,00000827,2026-03-04T21:52:28.000+0000
2pmWj0000004VhyIAE,01tWj00000BND3MIAX,20YWj00000sq1x4MAA,2mgam000001gdy9AAA,00000828,2026-03-04T21:52:28.000+0000
2pmWj0000004VjaIAE,01tWj00000BND3NIAX,20YWj00000sqc8ZMAQ,2mgam000001gdy9AAA,00000830,2026-03-04T21:53:22.000+0000
2pmWj0000004VjZIAU,01tWj00000BND3NIAX,20YWj00000sqc8ZMAQ,2mgam000001gdyAAAQ,00000829,2026-03-04T21:53:22.000+0000
2pmWj0000004VlBIAU,01tWj00000BND3OIAX,20YWj00000sqDF0MAM,2mgam000001gdyAAAQ,00000831,2026-03-04T21:53:58.000+0000
2pmWj0000004VlCIAU,01tWj00000BND3OIAX,20YWj00000sqDF0MAM,2mgam000001gdy9AAA,00000832,2026-03-04T21:53:58.000+0000
2pmWj0000004VmnIAE,01tWj00000BND3PIAX,20YWj00000sqNSuMAM,2mgam000001gdyAAAQ,00000833,2026-03-04T21:54:56.000+0000
2pmWj0000004VmoIAE,01tWj00000BND3PIAX,20YWj00000sqNSuMAM,2mgam000001gdy9AAA,00000834,2026-03-04T21:54:56.000+0000
2pmWj0000004VoPIAU,01tWj00000BND3QIAX,20YWj00000sqZgyMAE,2mgam000001gdyAAAQ,00000835,2026-03-04T21:56:20.000+0000
2pmWj0000004VoQIAU,01tWj00000BND3QIAX,20YWj00000sqZgyMAE,2mgam000001gdy9AAA,00000836,2026-03-04T21:56:20.000+0000
2pmWj0000004Vq1IAE,01tWj00000BND3RIAX,20YWj00000sqJPHMA2,2mgam000001gdyAAAQ,00000837,2026-03-04T21:57:16.000+0000
2pmWj0000004Vq2IAE,01tWj00000BND3RIAX,20YWj00000sqJPHMA2,2mgam000001gdy9AAA,00000838,2026-03-04T21:57:16.000+0000
2pmWj0000004VrdIAE,01tWj00000BND3SIAX,20YWj00000sqjMyMAI,2mgam000001gdyAAAQ,00000839,2026-03-04T21:58:18.000+0000
2pmWj0000004VreIAE,01tWj00000BND3SIAX,20YWj00000sqjMyMAI,2mgam000001gdy9AAA,00000840,2026-03-04T21:58:18.000+0000
2pmWj0000004VtFIAU,01tWj00000BND3TIAX,20YWj00000sqjWcMAI,2mgam000001gdyAAAQ,00000841,2026-03-04T21:59:53.000+0000
2pmWj0000004VtGIAU,01tWj00000BND3TIAX,20YWj00000sqjWcMAI,2mgam000001gdy9AAA,00000842,2026-03-04T21:59:53.000+0000
2pmWj0000004VusIAE,01tWj00000BND3UIAX,20YWj00000srdKHMAY,2mgam000001gdy9AAA,00000844,2026-03-04T23:44:15.000+0000
2pmWj0000004VurIAE,01tWj00000BND3UIAX,20YWj00000srdKHMAY,2mgam000001gdyAAAQ,00000843,2026-03-04T23:44:15.000+0000
2pmWj0000004VwUIAU,01tWj00000BND3VIAX,20YWj00000sr32KMAQ,2mgam000001gdy9AAA,00000846,2026-03-04T23:44:52.000+0000
2pmWj0000004VwTIAU,01tWj00000BND3VIAX,20YWj00000sr32KMAQ,2mgam000001gdyAAAQ,00000845,2026-03-04T23:44:52.000+0000
2pmWj0000004Vy6IAE,01tWj00000BND3WIAX,20YWj00000sqxrNMAQ,2mgam000001gdy9AAA,00000848,2026-03-04T23:45:47.000+0000
2pmWj0000004Vy5IAE,01tWj00000BND3WIAX,20YWj00000sqxrNMAQ,2mgam000001gdyAAAQ,00000847,2026-03-04T23:45:47.000+0000
2pmWj0000004VziIAE,01tWj00000BND3XIAX,20YWj00000srOrWMAU,2mgam000001gdy9AAA,00000850,2026-03-04T23:46:34.000+0000
2pmWj0000004VzhIAE,01tWj00000BND3XIAX,20YWj00000srOrWMAU,2mgam000001gdyAAAQ,00000849,2026-03-04T23:46:34.000+0000
2pmWj0000004W1KIAU,01tWj00000BND3YIAX,20YWj00000sreZhMAI,2mgam000001gdy9AAA,00000852,2026-03-04T23:47:21.000+0000
2pmWj0000004W1JIAU,01tWj00000BND3YIAX,20YWj00000sreZhMAI,2mgam000001gdyAAAQ,00000851,2026-03-04T23:47:21.000+0000
2pmWj0000004W2wIAE,01tWj00000BND3ZIAX,20YWj00000srcBKMAY,2mgam000001gdy9AAA,00000854,2026-03-04T23:47:53.000+0000
2pmWj0000004W2vIAE,01tWj00000BND3ZIAX,20YWj00000srcBKMAY,2mgam000001gdyAAAQ,00000853,2026-03-04T23:47:53.000+0000
2pmWj0000004W4YIAU,01tWj00000BND3aIAH,20YWj00000srfHFMAY,2mgam000001gdy9AAA,00000856,2026-03-04T23:48:38.000+0000
2pmWj0000004W4XIAU,01tWj00000BND3aIAH,20YWj00000srfHFMAY,2mgam000001gdyAAAQ,00000855,2026-03-04T23:48:38.000+0000
2pmWj0000004W6AIAU,01tWj00000BND3bIAH,20YWj00000srdiUMAQ,2mgam000001gdy9AAA,00000858,2026-03-04T23:49:08.000+0000
2pmWj0000004W69IAE,01tWj00000BND3bIAH,20YWj00000srdiUMAQ,2mgam000001gdyAAAQ,00000857,2026-03-04T23:49:08.000+0000
2pmWj0000004W7lIAE,01tWj00000BND3cIAH,20YWj00000sqr7cMAA,2mgam000001gdyAAAQ,00000859,2026-03-04T23:49:41.000+0000
2pmWj0000004W7mIAE,01tWj00000BND3cIAH,20YWj00000sqr7cMAA,2mgam000001gdy9AAA,00000860,2026-03-04T23:49:41.000+0000
2pmWj0000004W9NIAU,01tWj00000BND3dIAH,20YWj00000sqxOMMAY,2mgam000001gdyAAAQ,00000861,2026-03-04T23:50:56.000+0000
2pmWj0000004W9OIAU,01tWj00000BND3dIAH,20YWj00000sqxOMMAY,2mgam000001gdy9AAA,00000862,2026-03-04T23:50:56.000+0000
2pmWj0000004WB0IAM,01tWj00000BND3eIAH,20YWj00000srgZuMAI,2mgam000001gdy9AAA,00000864,2026-03-04T23:51:57.000+0000
2pmWj0000004WAzIAM,01tWj00000BND3eIAH,20YWj00000srgZuMAI,2mgam000001gdyAAAQ,00000863,2026-03-04T23:51:57.000+0000
2pmWj0000004WCbIAM,01tWj00000BND3fIAH,20YWj00000srJ8iMAE,2mgam000001gdyAAAQ,00000865,2026-03-04T23:52:33.000+0000
2pmWj0000004WCcIAM,01tWj00000BND3fIAH,20YWj00000srJ8iMAE,2mgam000001gdy9AAA,00000866,2026-03-04T23:52:33.000+0000
2pmWj0000004WEDIA2,01tWj00000BND3gIAH,20YWj00000sqcbhMAA,2mgam000001gdyAAAQ,00000867,2026-03-04T23:53:11.000+0000
2pmWj0000004WEEIA2,01tWj00000BND3gIAH,20YWj00000sqcbhMAA,2mgam000001gdy9AAA,00000868,2026-03-04T23:53:11.000+0000
2pmWj0000004cI1IAI,01tWj00000BND3hIAH,20YWj00000t5bPCMAY,2mgam000001gdyAAAQ,00001329,2026-03-06T11:02:51.000+0000
2pmWj0000004cI2IAI,01tWj00000BND3hIAH,20YWj00000t5bPCMAY,2mgam000001gdy9AAA,00001330,2026-03-06T11:02:51.000+0000
2pmWj0000004cEnIAI,01tWj00000BND3iIAH,20YWj00000t5EUBMA2,2mgam000001gdyAAAQ,00001325,2026-03-06T11:01:51.000+0000
2pmWj0000004cEoIAI,01tWj00000BND3iIAH,20YWj00000t5EUBMA2,2mgam000001gdy9AAA,00001326,2026-03-06T11:01:51.000+0000
2pmWj0000004WFpIAM,01tWj00000BND3jIAH,20YWj00000srhe1MAA,2mgam000001gdyAAAQ,00000869,2026-03-04T23:55:01.000+0000
2pmWj0000004WFqIAM,01tWj00000BND3jIAH,20YWj00000srhe1MAA,2mgam000001gdy9AAA,00000870,2026-03-04T23:55:01.000+0000
2pmWj0000004WHRIA2,01tWj00000BND3kIAH,20YWj00000srL44MAE,2mgam000001gdyAAAQ,00000871,2026-03-04T23:55:46.000+0000
2pmWj0000004WHSIA2,01tWj00000BND3kIAH,20YWj00000srL44MAE,2mgam000001gdy9AAA,00000872,2026-03-04T23:55:46.000+0000
2pmWj0000004WJ3IAM,01tWj00000BND3lIAH,20YWj00000srh1KMAQ,2mgam000001gdyAAAQ,00000873,2026-03-04T23:56:16.000+0000
2pmWj0000004WJ4IAM,01tWj00000BND3lIAH,20YWj00000srh1KMAQ,2mgam000001gdy9AAA,00000874,2026-03-04T23:56:16.000+0000
2pmWj0000004WKfIAM,01tWj00000BND3mIAH,20YWj00000srilNMAQ,2mgam000001gdyAAAQ,00000875,2026-03-04T23:57:46.000+0000
2pmWj0000004WKgIAM,01tWj00000BND3mIAH,20YWj00000srilNMAQ,2mgam000001gdy9AAA,00000876,2026-03-04T23:57:46.000+0000
2pmWj0000004WMHIA2,01tWj00000BND3nIAH,20YWj00000srS5WMAU,2mgam000001gdyAAAQ,00000877,2026-03-04T23:58:51.000+0000
2pmWj0000004WMIIA2,01tWj00000BND3nIAH,20YWj00000srS5WMAU,2mgam000001gdy9AAA,00000878,2026-03-04T23:58:51.000+0000
2pmWj0000004WNtIAM,01tWj00000BND3oIAH,20YWj00000srfyoMAA,2mgam000001gdyAAAQ,00000879,2026-03-04T23:59:58.000+0000
2pmWj0000004WNuIAM,01tWj00000BND3oIAH,20YWj00000srfyoMAA,2mgam000001gdy9AAA,00000880,2026-03-04T23:59:58.000+0000
2pmWj0000004WPVIA2,01tWj00000BND3pIAH,20YWj00000srrTiMAI,2mgam000001gdyAAAQ,00000881,2026-03-05T00:19:39.000+0000
2pmWj0000004WPWIA2,01tWj00000BND3pIAH,20YWj00000srrTiMAI,2mgam000001gdy9AAA,00000882,2026-03-05T00:19:39.000+0000
2pmWj0000004WR7IAM,01tWj00000BND3qIAH,20YWj00000srC5aMAE,2mgam000001gdyAAAQ,00000883,2026-03-05T00:20:49.000+0000
2pmWj0000004WR8IAM,01tWj00000BND3qIAH,20YWj00000srC5aMAE,2mgam000001gdy9AAA,00000884,2026-03-05T00:20:49.000+0000
2pmWj0000004WSjIAM,01tWj00000BND3rIAH,20YWj00000srubFMAQ,2mgam000001gdyAAAQ,00000885,2026-03-05T00:21:57.000+0000
2pmWj0000004WSkIAM,01tWj00000BND3rIAH,20YWj00000srubFMAQ,2mgam000001gdy9AAA,00000886,2026-03-05T00:21:57.000+0000
2pmWj0000004WULIA2,01tWj00000BND3sIAH,20YWj00000srv7VMAQ,2mgam000001gdyAAAQ,00000887,2026-03-05T00:23:15.000+0000
2pmWj0000004WUMIA2,01tWj00000BND3sIAH,20YWj00000srv7VMAQ,2mgam000001gdy9AAA,00000888,2026-03-05T00:23:15.000+0000
2pmWj0000004WVxIAM,01tWj00000BND3tIAH,20YWj00000sugS9MAI,2mgam000001gdyAAAQ,00000889,2026-03-05T10:05:46.000+0000
2pmWj0000004WVyIAM,01tWj00000BND3tIAH,20YWj00000sugS9MAI,2mgam000001gdy9AAA,00000890,2026-03-05T10:05:46.000+0000
2pmWj0000004WXZIA2,01tWj00000BND3uIAH,20YWj00000suh4rMAA,2mgam000001gdyAAAQ,00000891,2026-03-05T10:06:49.000+0000
2pmWj0000004WXaIAM,01tWj00000BND3uIAH,20YWj00000suh4rMAA,2mgam000001gdy9AAA,00000892,2026-03-05T10:06:49.000+0000
2pmWj0000004WZBIA2,01tWj00000BND3vIAH,20YWj00000suEalMAE,2mgam000001gdyAAAQ,00000893,2026-03-05T10:09:11.000+0000
2pmWj0000004WZCIA2,01tWj00000BND3vIAH,20YWj00000suEalMAE,2mgam000001gdy9AAA,00000894,2026-03-05T10:09:11.000+0000
2pmWj0000004WanIAE,01tWj00000BND3wIAH,20YWj00000suJ4DMAU,2mgam000001gdyAAAQ,00000895,2026-03-05T10:10:08.000+0000
2pmWj0000004WaoIAE,01tWj00000BND3wIAH,20YWj00000suJ4DMAU,2mgam000001gdy9AAA,00000896,2026-03-05T10:10:08.000+0000
2pmWj0000004WcQIAU,01tWj00000BND3xIAH,20YWj00000suNyyMAE,2mgam000001gdy9AAA,00000898,2026-03-05T10:12:34.000+0000
2pmWj0000004WcPIAU,01tWj00000BND3xIAH,20YWj00000suNyyMAE,2mgam000001gdyAAAQ,00000897,2026-03-05T10:12:34.000+0000
2pmWj0000004We1IAE,01tWj00000BND3yIAH,20YWj00000suTl4MAE,2mgam000001gdyAAAQ,00000899,2026-03-05T10:15:14.000+0000
2pmWj0000004We2IAE,01tWj00000BND3yIAH,20YWj00000suTl4MAE,2mgam000001gdy9AAA,00000900,2026-03-05T10:15:14.000+0000
2pmWj0000004WfdIAE,01tWj00000BND3zIAH,20YWj00000su4LHMAY,2mgam000001gdyAAAQ,00000901,2026-03-05T10:16:07.000+0000
2pmWj0000004WfeIAE,01tWj00000BND3zIAH,20YWj00000su4LHMAY,2mgam000001gdy9AAA,00000902,2026-03-05T10:16:07.000+0000
2pmWj0000004WhFIAU,01tWj00000BND40IAH,20YWj00000suwAKMAY,2mgam000001gdyAAAQ,00000903,2026-03-05T10:17:45.000+0000
2pmWj0000004WhGIAU,01tWj00000BND40IAH,20YWj00000suwAKMAY,2mgam000001gdy9AAA,00000904,2026-03-05T10:17:45.000+0000
2pmWj0000004WirIAE,01tWj00000BND41IAH,20YWj00000subQsMAI,2mgam000001gdyAAAQ,00000905,2026-03-05T10:19:14.000+0000
2pmWj0000004WisIAE,01tWj00000BND41IAH,20YWj00000subQsMAI,2mgam000001gdy9AAA,00000906,2026-03-05T10:19:14.000+0000
2pmWj0000004WkUIAU,01tWj00000BND42IAH,20YWj00000su7MPMAY,2mgam000001gdy9AAA,00000908,2026-03-05T10:20:46.000+0000
2pmWj0000004WkTIAU,01tWj00000BND42IAH,20YWj00000su7MPMAY,2mgam000001gdyAAAQ,00000907,2026-03-05T10:20:46.000+0000
2pmWj0000004Wm5IAE,01tWj00000BND43IAH,20YWj00000sutItMAI,2mgam000001gdyAAAQ,00000909,2026-03-05T10:21:50.000+0000
2pmWj0000004Wm6IAE,01tWj00000BND43IAH,20YWj00000sutItMAI,2mgam000001gdy9AAA,00000910,2026-03-05T10:21:50.000+0000
2pmWj0000004WnhIAE,01tWj00000BND44IAH,20YWj00000sujppMAA,2mgam000001gdyAAAQ,00000911,2026-03-05T10:22:35.000+0000
2pmWj0000004WniIAE,01tWj00000BND44IAH,20YWj00000sujppMAA,2mgam000001gdy9AAA,00000912,2026-03-05T10:22:35.000+0000
2pmWj0000004WpJIAU,01tWj00000BND45IAH,20YWj00000suutOMAQ,2mgam000001gdyAAAQ,00000913,2026-03-05T10:23:37.000+0000
2pmWj0000004WpKIAU,01tWj00000BND45IAH,20YWj00000suutOMAQ,2mgam000001gdy9AAA,00000914,2026-03-05T10:23:37.000+0000
2pmWj0000004WqvIAE,01tWj00000BND46IAH,20YWj00000suROKMA2,2mgam000001gdyAAAQ,00000915,2026-03-05T10:25:24.000+0000
2pmWj0000004WqwIAE,01tWj00000BND46IAH,20YWj00000suROKMA2,2mgam000001gdy9AAA,00000916,2026-03-05T10:25:24.000+0000
2pmWj0000004WsXIAU,01tWj00000BND47IAH,20YWj00000suAP5MAM,2mgam000001gdyAAAQ,00000917,2026-03-05T10:26:09.000+0000
2pmWj0000004WsYIAU,01tWj00000BND47IAH,20YWj00000suAP5MAM,2mgam000001gdy9AAA,00000918,2026-03-05T10:26:09.000+0000
2pmWj0000004WuAIAU,01tWj00000BND48IAH,20YWj00000suUNmMAM,2mgam000001gdy9AAA,00000920,2026-03-05T10:27:04.000+0000
2pmWj0000004Wu9IAE,01tWj00000BND48IAH,20YWj00000suUNmMAM,2mgam000001gdyAAAQ,00000919,2026-03-05T10:27:04.000+0000
2pmWj0000004WvlIAE,01tWj00000BND49IAH,20YWj00000suxuNMAQ,2mgam000001gdyAAAQ,00000921,2026-03-05T10:28:30.000+0000
2pmWj0000004WvmIAE,01tWj00000BND49IAH,20YWj00000suxuNMAQ,2mgam000001gdy9AAA,00000922,2026-03-05T10:28:30.000+0000
2pmWj0000004WxNIAU,01tWj00000BND4AIAX,20YWj00000sv1WYMAY,2mgam000001gdyAAAQ,00000923,2026-03-05T10:29:31.000+0000
2pmWj0000004WxOIAU,01tWj00000BND4AIAX,20YWj00000sv1WYMAY,2mgam000001gdy9AAA,00000924,2026-03-05T10:29:31.000+0000
2pmWj0000004Wz0IAE,01tWj00000BND4BIAX,20YWj00000suvKiMAI,2mgam000001gdy9AAA,00000926,2026-03-05T10:30:19.000+0000
2pmWj0000004WyzIAE,01tWj00000BND4BIAX,20YWj00000suvKiMAI,2mgam000001gdyAAAQ,00000925,2026-03-05T10:30:19.000+0000
2pmWj0000004X0bIAE,01tWj00000BND4CIAX,20YWj00000sunJyMAI,2mgam000001gdyAAAQ,00000927,2026-03-05T10:31:46.000+0000
2pmWj0000004X0cIAE,01tWj00000BND4CIAX,20YWj00000sunJyMAI,2mgam000001gdy9AAA,00000928,2026-03-05T10:31:46.000+0000
2pmWj0000004X2DIAU,01tWj00000BND4DIAX,20YWj00000susxvMAA,2mgam000001gdyAAAQ,00000929,2026-03-05T10:32:36.000+0000
2pmWj0000004X2EIAU,01tWj00000BND4DIAX,20YWj00000susxvMAA,2mgam000001gdy9AAA,00000930,2026-03-05T10:32:36.000+0000
2pmWj0000004X3pIAE,01tWj00000BND4EIAX,20YWj00000sudB0MAI,2mgam000001gdyAAAQ,00000931,2026-03-05T10:33:24.000+0000
2pmWj0000004X3qIAE,01tWj00000BND4EIAX,20YWj00000sudB0MAI,2mgam000001gdy9AAA,00000932,2026-03-05T10:33:24.000+0000
2pmWj0000004X5RIAU,01tWj00000BND4FIAX,20YWj00000sutVoMAI,2mgam000001gdyAAAQ,00000933,2026-03-05T10:34:34.000+0000
2pmWj0000004X5SIAU,01tWj00000BND4FIAX,20YWj00000sutVoMAI,2mgam000001gdy9AAA,00000934,2026-03-05T10:34:34.000+0000
2pmWj0000004X73IAE,01tWj00000BND4GIAX,20YWj00000suYT0MAM,2mgam000001gdyAAAQ,00000935,2026-03-05T10:35:22.000+0000
2pmWj0000004X74IAE,01tWj00000BND4GIAX,20YWj00000suYT0MAM,2mgam000001gdy9AAA,00000936,2026-03-05T10:35:22.000+0000
2pmWj0000004X8fIAE,01tWj00000BND4HIAX,20YWj00000sumZ9MAI,2mgam000001gdyAAAQ,00000937,2026-03-05T10:36:19.000+0000
2pmWj0000004X8gIAE,01tWj00000BND4HIAX,20YWj00000sumZ9MAI,2mgam000001gdy9AAA,00000938,2026-03-05T10:36:19.000+0000
2pmWj0000004XAIIA2,01tWj00000BND4IIAX,20YWj00000sup41MAA,2mgam000001gdy9AAA,00000940,2026-03-05T10:37:31.000+0000
2pmWj0000004XAHIA2,01tWj00000BND4IIAX,20YWj00000sup41MAA,2mgam000001gdyAAAQ,00000939,2026-03-05T10:37:31.000+0000
2pmWj0000004XBtIAM,01tWj00000BND4JIAX,20YWj00000suxXqMAI,2mgam000001gdyAAAQ,00000941,2026-03-05T10:38:33.000+0000
2pmWj0000004XBuIAM,01tWj00000BND4JIAX,20YWj00000suxXqMAI,2mgam000001gdy9AAA,00000942,2026-03-05T10:38:33.000+0000
2pmWj0000004XDVIA2,01tWj00000BND4KIAX,20YWj00000sugCBMAY,2mgam000001gdyAAAQ,00000943,2026-03-05T10:39:23.000+0000
2pmWj0000004XDWIA2,01tWj00000BND4KIAX,20YWj00000sugCBMAY,2mgam000001gdy9AAA,00000944,2026-03-05T10:39:23.000+0000
2pmWj0000004lQ9IAI,01tWj00000BipQIIAZ,20YWj00000sqEz5MAE,2mgam000001gdy9AAA,00001340,2026-03-16T20:19:24.000+0000
2pmWj0000004lLJIAY,01tWj00000BipQIIAZ,20YWj00000sqTICMA2,2mgam000001gdyAAAQ,00001337,2026-03-16T20:19:22.000+0000
2pmWj0000004lMvIAI,01tWj00000BipQIIAZ,20YWj00000sqTICMA2,2mgam000001gdy9AAA,00001338,2026-03-16T20:19:23.000+0000
2pmWj0000004lOXIAY,01tWj00000BipQIIAZ,20YWj00000sqEz5MAE,2mgam000001gdyAAAQ,00001339,2026-03-16T20:19:24.000+0000
2pmWj0000004lRlIAI,01tWj00000BipQIIAZ,20YWj00000sq0xoMAA,2mgam000001gdy9AAA,00001341,2026-03-16T20:19:26.000+0000
2pmWj0000004lTNIAY,01tWj00000BipQIIAZ,20YWj00000sw1ZJMAY,2mgam000001gdy9AAA,00001342,2026-03-16T20:19:27.000+0000
2pmWj0000004lWbIAI,01tWj00000BiqnmIAB,20YWj00000svKEGMA2,2mgam000001gdy9AAA,00001344,2026-03-16T20:19:29.000+0000
2pmWj0000004lUzIAI,01tWj00000BiqnmIAB,20YWj00000svKEGMA2,2mgam000001gdyAAAQ,00001343,2026-03-16T20:19:28.000+0000
2pmWj0000004lbRIAQ,01tWj00000Bitx0IAB,20YWj00000sqDF0MAM,2mgam000001gdyAAAQ,00001347,2026-03-16T20:19:31.000+0000
2pmWj0000004ld3IAA,01tWj00000Bitx0IAB,20YWj00000sqDF0MAM,2mgam000001gdy9AAA,00001348,2026-03-16T20:19:31.000+0000
2pmWj0000004lYDIAY,01tWj00000Bitx0IAB,20YWj00000sqc8ZMAQ,2mgam000001gdyAAAQ,00001345,2026-03-16T20:19:29.000+0000
2pmWj0000004lZpIAI,01tWj00000Bitx0IAB,20YWj00000sqc8ZMAQ,2mgam000001gdy9AAA,00001346,2026-03-16T20:19:30.000+0000
2pmWj0000004lefIAA,01tWj00000Bitx0IAB,20YWj00000sy54DMAQ,2mgam000001gdy9AAA,00001349,2026-03-16T20:19:32.000+0000
2pmWj0000004lhtIAA,01tWj00000BivdlIAB,20YWj00000sqJvaMAE,2mgam000001gdy9AAA,00001351,2026-03-16T20:19:35.000+0000
2pmWj0000004ll7IAA,01tWj00000BivdlIAB,20YWj00000swBtmMAE,2mgam000001gdy9AAA,00001353,2026-03-16T20:19:37.000+0000
2pmWj0000004lgHIAQ,01tWj00000BivdlIAB,20YWj00000sqJvaMAE,2mgam000001gdyAAAQ,00001350,2026-03-16T20:19:34.000+0000
2pmWj0000004ljVIAQ,01tWj00000BivdlIAB,20YWj00000swBtmMAE,2mgam000001gdyAAAQ,00001352,2026-03-16T20:19:36.000+0000
2pmWj0000004loLIAQ,01tWj00000BivfNIAR,20YWj00000syaRTMAY,2mgam000001gdy9AAA,00001355,2026-03-16T20:19:39.000+0000
2pmWj0000004lmjIAA,01tWj00000BivfNIAR,20YWj00000syaRTMAY,2mgam000001gdyAAAQ,00001354,2026-03-16T20:19:38.000+0000
2pmWj0000004lpxIAA,01tWj00000BivgzIAB,20YWj00000swbsxMAA,2mgam000001gdyAAAQ,00001356,2026-03-16T20:19:40.000+0000
2pmWj0000004lrZIAQ,01tWj00000BivgzIAB,20YWj00000swbsxMAA,2mgam000001gdy9AAA,00001357,2026-03-16T20:19:41.000+0000
2pmWj0000004lunIAA,01tWj00000BivibIAB,20YWj00000syjT6MAI,2mgam000001gdy9AAA,00001359,2026-03-16T20:19:43.000+0000
2pmWj0000004ltBIAQ,01tWj00000BivibIAB,20YWj00000syjT6MAI,2mgam000001gdyAAAQ,00001358,2026-03-16T20:19:42.000+0000
2pmWj0000004lwPIAQ,01tWj00000BivkDIAR,20YWj00000svZDMMA2,2mgam000001gdyAAAQ,00001360,2026-03-16T20:19:44.000+0000
2pmWj0000004ly1IAA,01tWj00000BivkDIAR,20YWj00000svZDMMA2,2mgam000001gdy9AAA,00001361,2026-03-16T20:19:45.000+0000
2pmWj0000004lzdIAA,01tWj00000BivlpIAB,20YWj00000syQDVMA2,2mgam000001gdyAAAQ,00001362,2026-03-16T20:19:46.000+0000
2pmWj0000004m1FIAQ,01tWj00000BivlpIAB,20YWj00000syQDVMA2,2mgam000001gdy9AAA,00001363,2026-03-16T20:19:47.000+0000
2pmWj0000004m2rIAA,01tWj00000BivnRIAR,20YWj00000swtY7MAI,2mgam000001gdyAAAQ,00001364,2026-03-16T20:19:48.000+0000
2pmWj0000004m4TIAQ,01tWj00000BivnRIAR,20YWj00000swtY7MAI,2mgam000001gdy9AAA,00001365,2026-03-16T20:19:49.000+0000
2pmWj0000004m7hIAA,01tWj00000Bivp3IAB,20YWj00000sybbvMAA,2mgam000001gdy9AAA,00001367,2026-03-16T20:19:51.000+0000
2pmWj0000004m65IAA,01tWj00000Bivp3IAB,20YWj00000sybbvMAA,2mgam000001gdyAAAQ,00001366,2026-03-16T20:19:50.000+0000
2pmWj0000004m9JIAQ,01tWj00000BivqfIAB,20YWj00000sz3QDMAY,2mgam000001gdyAAAQ,00001368,2026-03-16T20:19:52.000+0000
2pmWj0000004mAvIAI,01tWj00000BivqfIAB,20YWj00000sz3QDMAY,2mgam000001gdy9AAA,00001369,2026-03-16T20:19:53.000+0000
2pmWj0000004mCXIAY,01tWj00000BivsHIAR,20YWj00000szFeBMAU,2mgam000001gdyAAAQ,00001370,2026-03-16T20:19:54.000+0000
2pmWj0000004mE9IAI,01tWj00000BivsHIAR,20YWj00000szFeBMAU,2mgam000001gdy9AAA,00001371,2026-03-16T20:19:55.000+0000
2pmWj0000004mFlIAI,01tWj00000BivttIAB,20YWj00000sz6nmMAA,2mgam000001gdyAAAQ,00001372,2026-03-16T20:19:56.000+0000
2pmWj0000004mHNIAY,01tWj00000BivttIAB,20YWj00000sz6nmMAA,2mgam000001gdy9AAA,00001373,2026-03-16T20:19:57.000+0000
2pmWj0000004mKbIAI,01tWj00000BivvVIAR,20YWj00000sy7hHMAQ,2mgam000001gdy9AAA,00001375,2026-03-16T20:19:59.000+0000
2pmWj0000004mIzIAI,01tWj00000BivvVIAR,20YWj00000sy7hHMAQ,2mgam000001gdyAAAQ,00001374,2026-03-16T20:19:58.000+0000
2pmWj0000004mMDIAY,01tWj00000Bivx7IAB,20YWj00000sypOkMAI,2mgam000001gdyAAAQ,00001376,2026-03-16T20:20:01.000+0000
2pmWj0000004mNpIAI,01tWj00000Bivx7IAB,20YWj00000sypOkMAI,2mgam000001gdy9AAA,00001377,2026-03-16T20:20:02.000+0000
2pmWj0000004mUHIAY,01tWj00000BivyjIAB,20YWj00000spkcsMAA,2mgam000001gdy9AAA,00001381,2026-03-16T20:20:06.000+0000
2pmWj0000004mXVIAY,01tWj00000BivyjIAB,20YWj00000swxv3MAA,2mgam000001gdy9AAA,00001383,2026-03-16T20:20:09.000+0000
2pmWj0000004mR3IAI,01tWj00000BivyjIAB,20YWj00000sqFvDMAU,2mgam000001gdy9AAA,00001379,2026-03-16T20:20:04.000+0000
2pmWj0000004mPRIAY,01tWj00000BivyjIAB,20YWj00000sqFvDMAU,2mgam000001gdyAAAQ,00001378,2026-03-16T20:20:03.000+0000
2pmWj0000004mSfIAI,01tWj00000BivyjIAB,20YWj00000spkcsMAA,2mgam000001gdyAAAQ,00001380,2026-03-16T20:20:05.000+0000
2pmWj0000004mVtIAI,01tWj00000BivyjIAB,20YWj00000sq1x4MAA,2mgam000001gdy9AAA,00001382,2026-03-16T20:20:07.000+0000
2pmWj0000004majIAA,01tWj00000Biw0LIAR,20YWj00000sqNSuMAM,2mgam000001gdy9AAA,00001385,2026-03-16T20:20:11.000+0000
2pmWj0000004mZ7IAI,01tWj00000Biw0LIAR,20YWj00000sqNSuMAM,2mgam000001gdyAAAQ,00001384,2026-03-16T20:20:10.000+0000
2pmWj0000004mcLIAQ,01tWj00000Biw0LIAR,20YWj00000syQLdMAM,2mgam000001gdyAAAQ,00001386,2026-03-16T20:20:12.000+0000
2pmWj0000004mdxIAA,01tWj00000Biw0LIAR,20YWj00000syQLdMAM,2mgam000001gdy9AAA,00001387,2026-03-16T20:20:13.000+0000
2pmWj0000004mfZIAQ,01tWj00000Biw1xIAB,20YWj00000sqjWcMAI,2mgam000001gdyAAAQ,00001388,2026-03-16T20:20:14.000+0000
2pmWj0000004mhBIAQ,01tWj00000Biw1xIAB,20YWj00000sqjWcMAI,2mgam000001gdy9AAA,00001389,2026-03-16T20:20:15.000+0000
2pmWj0000004minIAA,01tWj00000Biw1xIAB,20YWj00000sy8msMAA,2mgam000001gdyAAAQ,00001390,2026-03-16T20:20:16.000+0000
2pmWj0000004mkPIAQ,01tWj00000Biw1xIAB,20YWj00000sy8msMAA,2mgam000001gdy9AAA,00001391,2026-03-16T20:20:17.000+0000
2pmWj0000004mpFIAQ,01tWj00000Biw3ZIAR,20YWj00000sqJPHMA2,2mgam000001gdyAAAQ,00001394,2026-03-16T20:20:20.000+0000
2pmWj0000004mm1IAA,01tWj00000Biw3ZIAR,20YWj00000sqZgyMAE,2mgam000001gdyAAAQ,00001392,2026-03-16T20:20:18.000+0000
2pmWj0000004mndIAA,01tWj00000Biw3ZIAR,20YWj00000sqZgyMAE,2mgam000001gdy9AAA,00001393,2026-03-16T20:20:19.000+0000
2pmWj0000004mu5IAA,01tWj00000Biw3ZIAR,20YWj00000syytXMAQ,2mgam000001gdy9AAA,00001397,2026-03-16T20:20:25.000+0000
2pmWj0000004msTIAQ,01tWj00000Biw3ZIAR,20YWj00000sqjMyMAI,2mgam000001gdy9AAA,00001396,2026-03-16T20:20:23.000+0000
2pmWj0000004mqrIAA,01tWj00000Biw3ZIAR,20YWj00000sqJPHMA2,2mgam000001gdy9AAA,00001395,2026-03-16T20:20:21.000+0000
2pmWj0000004mxJIAQ,01tWj00000Biw5BIAR,20YWj00000sw2yZMAQ,2mgam000001gdy9AAA,00001399,2026-03-16T20:20:27.000+0000
2pmWj0000004mvhIAA,01tWj00000Biw5BIAR,20YWj00000sw2yZMAQ,2mgam000001gdyAAAQ,00001398,2026-03-16T20:20:26.000+0000
2pmWj0000004n29IAA,01tWj00000Biw6nIAB,20YWj00000sq5kVMAQ,2mgam000001gdyAAAQ,00001402,2026-03-16T20:20:30.000+0000
2pmWj0000004n3lIAA,01tWj00000Biw6nIAB,20YWj00000sq5kVMAQ,2mgam000001gdy9AAA,00001403,2026-03-16T20:20:31.000+0000
2pmWj0000004n5NIAQ,01tWj00000Biw6nIAB,20YWj00000spzGtMAI,2mgam000001gdy9AAA,00001404,2026-03-16T20:20:34.000+0000
2pmWj0000004n6zIAA,01tWj00000Biw6nIAB,20YWj00000swWTUMA2,2mgam000001gdy9AAA,00001405,2026-03-16T20:20:35.000+0000
2pmWj0000004myvIAA,01tWj00000Biw6nIAB,20YWj00000spJ6PMAU,2mgam000001gdyAAAQ,00001400,2026-03-16T20:20:28.000+0000
2pmWj0000004n0XIAQ,01tWj00000Biw6nIAB,20YWj00000spJ6PMAU,2mgam000001gdy9AAA,00001401,2026-03-16T20:20:29.000+0000
2pmWj0000004nADIAY,01tWj00000Biw8PIAR,20YWj00000sqWEPMA2,2mgam000001gdy9AAA,00001407,2026-03-16T20:20:36.000+0000
2pmWj0000004n8bIAA,01tWj00000Biw8PIAR,20YWj00000sqWEPMA2,2mgam000001gdyAAAQ,00001406,2026-03-16T20:20:35.000+0000
2pmWj0000004nBpIAI,01tWj00000Biw8PIAR,20YWj00000sqAtvMAE,2mgam000001gdyAAAQ,00001408,2026-03-16T20:20:37.000+0000
2pmWj0000004nDRIAY,01tWj00000Biw8PIAR,20YWj00000sqAtvMAE,2mgam000001gdy9AAA,00001409,2026-03-16T20:20:37.000+0000
2pmWj0000004nF3IAI,01tWj00000Biw8PIAR,20YWj00000sqGxgMAE,2mgam000001gdy9AAA,00001410,2026-03-16T20:20:39.000+0000
2pmWj0000004nGfIAI,01tWj00000Biw8PIAR,20YWj00000sw5l5MAA,2mgam000001gdy9AAA,00001411,2026-03-16T20:20:40.000+0000
2pmWj0000004nQLIAY,01tWj00000BiwBdIAJ,20YWj00000sv7ybMAA,2mgam000001gdy9AAA,00001417,2026-03-16T20:20:46.000+0000
2pmWj0000004nIHIAY,01tWj00000BiwBdIAJ,20YWj00000spqFHMAY,2mgam000001gdyAAAQ,00001412,2026-03-16T20:20:41.000+0000
2pmWj0000004nJtIAI,01tWj00000BiwBdIAJ,20YWj00000spqFHMAY,2mgam000001gdy9AAA,00001413,2026-03-16T20:20:42.000+0000
2pmWj0000004nLVIAY,01tWj00000BiwBdIAJ,20YWj00000sqXAUMA2,2mgam000001gdyAAAQ,00001414,2026-03-16T20:20:42.000+0000
2pmWj0000004nN7IAI,01tWj00000BiwBdIAJ,20YWj00000sqXAUMA2,2mgam000001gdy9AAA,00001415,2026-03-16T20:20:43.000+0000
2pmWj0000004nOjIAI,01tWj00000BiwBdIAJ,20YWj00000sqJ2hMAE,2mgam000001gdy9AAA,00001416,2026-03-16T20:20:44.000+0000
2pmWj0000004nRxIAI,01tWj00000BiwDFIAZ,20YWj00000swZO6MAM,2mgam000001gdyAAAQ,00001418,2026-03-16T20:20:47.000+0000
2pmWj0000004nTZIAY,01tWj00000BiwDFIAZ,20YWj00000swZO6MAM,2mgam000001gdy9AAA,00001419,2026-03-16T20:20:47.000+0000
2pmWj0000004nVBIAY,01tWj00000BiwGTIAZ,20YWj00000sveOJMAY,2mgam000001gdy9AAA,00001421,2026-03-16T20:20:48.000+0000
2pmWj0000004mHOIAY,01tWj00000BiwGTIAZ,20YWj00000sveOJMAY,2mgam000001gdyAAAQ,00001420,2026-03-16T20:20:48.000+0000
2pmWj0000004nYPIAY,01tWj00000BiwI5IAJ,20YWj00000svEs0MAE,2mgam000001gdy9AAA,00001423,2026-03-16T20:20:50.000+0000
2pmWj0000004nWnIAI,01tWj00000BiwI5IAJ,20YWj00000svEs0MAE,2mgam000001gdyAAAQ,00001422,2026-03-16T20:20:49.000+0000
2pmWj0000004nbdIAA,01tWj00000BiwJhIAJ,20YWj00000svVGEMA2,2mgam000001gdy9AAA,00001425,2026-03-16T20:20:51.000+0000
2pmWj0000004na1IAA,01tWj00000BiwJhIAJ,20YWj00000svVGEMA2,2mgam000001gdyAAAQ,00001424,2026-03-16T20:20:51.000+0000
2pmWj0000004nerIAA,01tWj00000BiwLJIAZ,20YWj00000swVCRMA2,2mgam000001gdy9AAA,00001427,2026-03-16T20:20:53.000+0000
2pmWj0000004ndFIAQ,01tWj00000BiwLJIAZ,20YWj00000swVCRMA2,2mgam000001gdyAAAQ,00001426,2026-03-16T20:20:52.000+0000
2pmWj0000004ngTIAQ,01tWj00000BiwMvIAJ,20YWj00000swKKGMA2,2mgam000001gdyAAAQ,00001428,2026-03-16T20:20:53.000+0000
2pmWj0000004ni5IAA,01tWj00000BiwMvIAJ,20YWj00000swKKGMA2,2mgam000001gdy9AAA,00001429,2026-03-16T20:20:54.000+0000
2pmWj0000004njhIAA,01tWj00000BiwOXIAZ,20YWj00000sw7QFMAY,2mgam000001gdy9AAA,00001431,2026-03-16T20:20:55.000+0000
2pmWj0000004n8cIAA,01tWj00000BiwOXIAZ,20YWj00000sw7QFMAY,2mgam000001gdyAAAQ,00001430,2026-03-16T20:20:55.000+0000
2pmWj0000004nlJIAQ,01tWj00000BiwQ9IAJ,20YWj00000sw9rtMAA,2mgam000001gdyAAAQ,00001432,2026-03-16T20:20:56.000+0000
2pmWj0000004nmvIAA,01tWj00000BiwQ9IAJ,20YWj00000sw9rtMAA,2mgam000001gdy9AAA,00001433,2026-03-16T20:20:57.000+0000
2pmWj0000004noXIAQ,01tWj00000BiwRlIAJ,20YWj00000svjpRMAQ,2mgam000001gdyAAAQ,00001434,2026-03-16T20:20:57.000+0000
2pmWj0000004nq9IAA,01tWj00000BiwRlIAJ,20YWj00000svjpRMAQ,2mgam000001gdy9AAA,00001435,2026-03-16T20:20:58.000+0000
2pmWj0000004nWoIAI,01tWj00000BiwTNIAZ,20YWj00000svT6JMAU,2mgam000001gdy9AAA,00001437,2026-03-16T20:20:59.000+0000
2pmWj0000004nrlIAA,01tWj00000BiwTNIAZ,20YWj00000svT6JMAU,2mgam000001gdyAAAQ,00001436,2026-03-16T20:20:59.000+0000
2pmWj0000004ntNIAQ,01tWj00000BiwUzIAJ,20YWj00000svEvKMAU,2mgam000001gdyAAAQ,00001438,2026-03-16T20:21:00.000+0000
2pmWj0000004nYQIAY,01tWj00000BiwUzIAJ,20YWj00000svEvKMAU,2mgam000001gdy9AAA,00001439,2026-03-16T20:21:01.000+0000
2pmWj0000004nuzIAA,01tWj00000BiwWbIAJ,20YWj00000swaDiMAI,2mgam000001gdyAAAQ,00001440,2026-03-16T20:21:01.000+0000
2pmWj0000004nwbIAA,01tWj00000BiwWbIAJ,20YWj00000swaDiMAI,2mgam000001gdy9AAA,00001441,2026-03-16T20:21:02.000+0000
2pmWj0000004nzpIAA,01tWj00000BiwYDIAZ,20YWj00000svQBcMAM,2mgam000001gdy9AAA,00001443,2026-03-16T20:21:03.000+0000
2pmWj0000004nyDIAQ,01tWj00000BiwYDIAZ,20YWj00000svQBcMAM,2mgam000001gdyAAAQ,00001442,2026-03-16T20:21:02.000+0000
2pmWj0000004o33IAA,01tWj00000BiwZpIAJ,20YWj00000swIOxMAM,2mgam000001gdy9AAA,00001445,2026-03-16T20:21:04.000+0000
2pmWj0000004o1RIAQ,01tWj00000BiwZpIAJ,20YWj00000swIOxMAM,2mgam000001gdyAAAQ,00001444,2026-03-16T20:21:04.000+0000
2pmWj0000004o6HIAQ,01tWj00000BiwbRIAR,20YWj00000swajzMAA,2mgam000001gdy9AAA,00001447,2026-03-16T20:21:06.000+0000
2pmWj0000004o4fIAA,01tWj00000BiwbRIAR,20YWj00000swajzMAA,2mgam000001gdyAAAQ,00001446,2026-03-16T20:21:05.000+0000
2pmWj0000004o7tIAA,01tWj00000Biwd3IAB,20YWj00000svUTmMAM,2mgam000001gdyAAAQ,00001448,2026-03-16T20:21:06.000+0000
2pmWj0000004o9VIAQ,01tWj00000Biwd3IAB,20YWj00000svUTmMAM,2mgam000001gdy9AAA,00001449,2026-03-16T20:21:07.000+0000
2pmWj0000004oCjIAI,01tWj00000BiwefIAB,20YWj00000swOnhMAE,2mgam000001gdy9AAA,00001451,2026-03-16T20:21:08.000+0000
2pmWj0000004oB7IAI,01tWj00000BiwefIAB,20YWj00000swOnhMAE,2mgam000001gdyAAAQ,00001450,2026-03-16T20:21:08.000+0000
2pmWj0000004oELIAY,01tWj00000BiwgHIAR,20YWj00000sviJmMAI,2mgam000001gdyAAAQ,00001452,2026-03-16T20:21:09.000+0000
2pmWj0000004oFxIAI,01tWj00000BiwgHIAR,20YWj00000sviJmMAI,2mgam000001gdy9AAA,00001453,2026-03-16T20:21:10.000+0000
2pmWj0000004mUIIAY,01tWj00000BiwhtIAB,20YWj00000sqcgPMAQ,2mgam000001gdy9AAA,00001458,2026-03-16T20:21:14.000+0000
2pmWj0000004oHZIAY,01tWj00000BiwhtIAB,20YWj00000sq8KFMAY,2mgam000001gdyAAAQ,00001454,2026-03-16T20:21:11.000+0000
2pmWj0000004oJBIAY,01tWj00000BiwhtIAB,20YWj00000sq8KFMAY,2mgam000001gdy9AAA,00001455,2026-03-16T20:21:11.000+0000
2pmWj0000004oKnIAI,01tWj00000BiwhtIAB,20YWj00000sq2DCMAY,2mgam000001gdyAAAQ,00001456,2026-03-16T20:21:12.000+0000
2pmWj0000004oMPIAY,01tWj00000BiwhtIAB,20YWj00000sq2DCMAY,2mgam000001gdy9AAA,00001457,2026-03-16T20:21:13.000+0000
2pmWj0000004oO1IAI,01tWj00000BiwhtIAB,20YWj00000svbdHMAQ,2mgam000001gdy9AAA,00001459,2026-03-16T20:21:15.000+0000
2pmWj0000004oXhIAI,01tWj00000BiwjVIAR,20YWj00000svqFlMAI,2mgam000001gdy9AAA,00001465,2026-03-16T20:21:20.000+0000
2pmWj0000004oPdIAI,01tWj00000BiwjVIAR,20YWj00000sq0RYMAY,2mgam000001gdyAAAQ,00001460,2026-03-16T20:21:16.000+0000
2pmWj0000004oRFIAY,01tWj00000BiwjVIAR,20YWj00000sq0RYMAY,2mgam000001gdy9AAA,00001461,2026-03-16T20:21:17.000+0000
2pmWj0000004oSrIAI,01tWj00000BiwjVIAR,20YWj00000spT4DMAU,2mgam000001gdyAAAQ,00001462,2026-03-16T20:21:17.000+0000
2pmWj0000004oUTIAY,01tWj00000BiwjVIAR,20YWj00000spT4DMAU,2mgam000001gdy9AAA,00001463,2026-03-16T20:21:18.000+0000
2pmWj0000004oW5IAI,01tWj00000BiwjVIAR,20YWj00000spxLaMAI,2mgam000001gdy9AAA,00001464,2026-03-16T20:21:19.000+0000
2pmWj0000004RXtIAM,01tam00000BCBatAAH,20YWj00000sMikyMAC,2mgam000001gdyAAAQ,00000589,2026-03-02T14:43:38.000+0000
2pmWj0000004RXuIAM,01tam00000BCBatAAH,20YWj00000sMikyMAC,2mgam000001gdy9AAA,00000590,2026-03-02T14:43:38.000+0000
2pmWj0000004PZJIA2,01tam00000BCBauAAH,20YWj00000s1BK8MAM,2mgam000001gdyAAAQ,00000480,2026-02-26T21:33:46.000+0000
2pmWj0000004PZKIA2,01tam00000BCBauAAH,20YWj00000s1BK8MAM,2mgam000001gdy9AAA,00000481,2026-02-26T21:33:46.000+0000
2pmWj0000004O5OIAU,01tam00000BCCn4AAH,20YWj00000ryv6hMAA,2mgam000001gdy9AAA,00000367,2026-02-26T18:39:58.000+0000
2pmWj0000004O5NIAU,01tam00000BCCn4AAH,20YWj00000ryv6hMAA,2mgam000001gdyAAAQ,00000366,2026-02-26T18:39:58.000+0000
2pmWj0000004O70IAE,01tam00000BCCn5AAH,20YWj00000ryn4HMAQ,2mgam000001gdy9AAA,00000369,2026-02-26T18:43:16.000+0000
2pmWj0000004O6zIAE,01tam00000BCCn5AAH,20YWj00000ryn4HMAQ,2mgam000001gdyAAAQ,00000368,2026-02-26T18:43:16.000+0000
2pmWj0000004O3lIAE,01tam00000BCCn6AAH,20YWj00000rzaBLMAY,2mgam000001gdyAAAQ,00000364,2026-02-26T18:36:57.000+0000
2pmWj0000004O3mIAE,01tam00000BCCn6AAH,20YWj00000rzaBLMAY,2mgam000001gdy9AAA,00000365,2026-02-26T18:36:57.000+0000
2pmWj0000004O8bIAE,01tam00000BCCn7AAH,20YWj00000ryx25MAA,2mgam000001gdyAAAQ,00000370,2026-02-26T18:46:52.000+0000
2pmWj0000004O8cIAE,01tam00000BCCn7AAH,20YWj00000ryx25MAA,2mgam000001gdy9AAA,00000371,2026-02-26T18:46:52.000+0000
2pmWj0000004OADIA2,01tam00000BCCn8AAH,20YWj00000rzrqVMAQ,2mgam000001gdyAAAQ,00000372,2026-02-26T18:49:16.000+0000
2pmWj0000004OAEIA2,01tam00000BCCn8AAH,20YWj00000rzrqVMAQ,2mgam000001gdy9AAA,00000373,2026-02-26T18:49:16.000+0000
2pmWj0000004OBpIAM,01tam00000BCCn9AAH,20YWj00000rzfZCMAY,2mgam000001gdyAAAQ,00000374,2026-02-26T18:51:28.000+0000
2pmWj0000004OBqIAM,01tam00000BCCn9AAH,20YWj00000rzfZCMAY,2mgam000001gdy9AAA,00000375,2026-02-26T18:51:28.000+0000
2pmWj0000004ODRIA2,01tam00000BCCnAAAX,20YWj00000rzjPvMAI,2mgam000001gdyAAAQ,00000376,2026-02-26T18:54:21.000+0000
2pmWj0000004ODSIA2,01tam00000BCCnAAAX,20YWj00000rzjPvMAI,2mgam000001gdy9AAA,00000377,2026-02-26T18:54:21.000+0000
2pmWj0000004OF3IAM,01tam00000BCCnBAAX,20YWj00000rzNh9MAE,2mgam000001gdyAAAQ,00000378,2026-02-26T18:56:43.000+0000
2pmWj0000004OF4IAM,01tam00000BCCnBAAX,20YWj00000rzNh9MAE,2mgam000001gdy9AAA,00000379,2026-02-26T18:56:43.000+0000
2pmWj0000004OGgIAM,01tam00000BCCnCAAX,20YWj00000rzMd4MAE,2mgam000001gdy9AAA,00000381,2026-02-26T19:00:24.000+0000
2pmWj0000004OGfIAM,01tam00000BCCnCAAX,20YWj00000rzMd4MAE,2mgam000001gdyAAAQ,00000380,2026-02-26T19:00:24.000+0000
2pmWj0000004OIIIA2,01tam00000BCCnDAAX,20YWj00000rzUKVMA2,2mgam000001gdy9AAA,00000383,2026-02-26T19:04:06.000+0000
2pmWj0000004OIHIA2,01tam00000BCCnDAAX,20YWj00000rzUKVMA2,2mgam000001gdyAAAQ,00000382,2026-02-26T19:04:06.000+0000
2pmWj0000004OJuIAM,01tam00000BCCnEAAX,20YWj00000s0DPZMA2,2mgam000001gdy9AAA,00000385,2026-02-26T19:05:49.000+0000
2pmWj0000004OJtIAM,01tam00000BCCnEAAX,20YWj00000s0DPZMA2,2mgam000001gdyAAAQ,00000384,2026-02-26T19:05:49.000+0000
2pmWj0000004OLWIA2,01tam00000BCCnFAAX,20YWj00000rzYsiMAE,2mgam000001gdy9AAA,00000387,2026-02-26T19:10:21.000+0000
2pmWj0000004OLVIA2,01tam00000BCCnFAAX,20YWj00000rzYsiMAE,2mgam000001gdyAAAQ,00000386,2026-02-26T19:10:21.000+0000
2pmWj0000004ON8IAM,01tam00000BCCnGAAX,20YWj00000rzP36MAE,2mgam000001gdy9AAA,00000389,2026-02-26T19:12:41.000+0000
2pmWj0000004ON7IAM,01tam00000BCCnGAAX,20YWj00000rzP36MAE,2mgam000001gdyAAAQ,00000388,2026-02-26T19:12:41.000+0000
2pmWj0000004OOkIAM,01tam00000BCCnHAAX,20YWj00000ryvt0MAA,2mgam000001gdy9AAA,00000391,2026-02-26T19:15:04.000+0000
2pmWj0000004OOjIAM,01tam00000BCCnHAAX,20YWj00000ryvt0MAA,2mgam000001gdyAAAQ,00000390,2026-02-26T19:15:04.000+0000
2pmWj0000004OQLIA2,01tam00000BCCnIAAX,20YWj00000rzQAPMA2,2mgam000001gdyAAAQ,00000392,2026-02-26T19:19:01.000+0000
2pmWj0000004OQMIA2,01tam00000BCCnIAAX,20YWj00000rzQAPMA2,2mgam000001gdy9AAA,00000393,2026-02-26T19:19:01.000+0000
2pmWj0000004ORxIAM,01tam00000BCCnJAAX,20YWj00000s03q4MAA,2mgam000001gdyAAAQ,00000394,2026-02-26T19:22:32.000+0000
2pmWj0000004ORyIAM,01tam00000BCCnJAAX,20YWj00000s03q4MAA,2mgam000001gdy9AAA,00000395,2026-02-26T19:22:32.000+0000
2pmWj0000004OTZIA2,01tam00000BCCnKAAX,20YWj00000s0PLuMAM,2mgam000001gdyAAAQ,00000396,2026-02-26T19:24:06.000+0000
2pmWj0000004OTaIAM,01tam00000BCCnKAAX,20YWj00000s0PLuMAM,2mgam000001gdy9AAA,00000397,2026-02-26T19:24:06.000+0000
2pmWj0000004O8dIAE,01tam00000BCCnLAAX,20YWj00000s03JmMAI,2mgam000001gdyAAAQ,00000398,2026-02-26T19:25:34.000+0000
2pmWj0000004O8eIAE,01tam00000BCCnLAAX,20YWj00000s03JmMAI,2mgam000001gdy9AAA,00000399,2026-02-26T19:25:34.000+0000
2pmWj0000004OVBIA2,01tam00000BCCnMAAX,20YWj00000s0E0iMAE,2mgam000001gdyAAAQ,00000400,2026-02-26T19:27:13.000+0000
2pmWj0000004OVCIA2,01tam00000BCCnMAAX,20YWj00000s0E0iMAE,2mgam000001gdy9AAA,00000401,2026-02-26T19:27:13.000+0000
2pmWj0000004OWnIAM,01tam00000BCCnNAAX,20YWj00000s0X3JMAU,2mgam000001gdyAAAQ,00000402,2026-02-26T19:31:55.000+0000
2pmWj0000004OWoIAM,01tam00000BCCnNAAX,20YWj00000s0X3JMAU,2mgam000001gdy9AAA,00000403,2026-02-26T19:31:55.000+0000
2pmWj0000004OYQIA2,01tam00000BCCnOAAX,20YWj00000rzp0lMAA,2mgam000001gdy9AAA,00000405,2026-02-26T19:34:16.000+0000
2pmWj0000004OYPIA2,01tam00000BCCnOAAX,20YWj00000rzp0lMAA,2mgam000001gdyAAAQ,00000404,2026-02-26T19:34:16.000+0000
2pmWj0000004Oa2IAE,01tam00000BCCnPAAX,20YWj00000rzLM3MAM,2mgam000001gdy9AAA,00000407,2026-02-26T19:36:48.000+0000
2pmWj0000004Oa1IAE,01tam00000BCCnPAAX,20YWj00000rzLM3MAM,2mgam000001gdyAAAQ,00000406,2026-02-26T19:36:48.000+0000
2pmWj0000004ObdIAE,01tam00000BCCnQAAX,20YWj00000s0RqlMAE,2mgam000001gdyAAAQ,00000408,2026-02-26T19:39:52.000+0000
2pmWj0000004ObeIAE,01tam00000BCCnQAAX,20YWj00000s0RqlMAE,2mgam000001gdy9AAA,00000409,2026-02-26T19:39:52.000+0000
2pmWj0000004OdFIAU,01tam00000BCCnRAAX,20YWj00000s01MsMAI,2mgam000001gdyAAAQ,00000410,2026-02-26T19:42:25.000+0000
2pmWj0000004OdGIAU,01tam00000BCCnRAAX,20YWj00000s01MsMAI,2mgam000001gdy9AAA,00000411,2026-02-26T19:42:25.000+0000
2pmWj0000004OerIAE,01tam00000BCCnSAAX,20YWj00000rziLoMAI,2mgam000001gdyAAAQ,00000412,2026-02-26T19:44:39.000+0000
2pmWj0000004OesIAE,01tam00000BCCnSAAX,20YWj00000rziLoMAI,2mgam000001gdy9AAA,00000413,2026-02-26T19:44:39.000+0000
2pmWj0000004OgTIAU,01tam00000BCCnTAAX,20YWj00000s0AJjMAM,2mgam000001gdyAAAQ,00000414,2026-02-26T19:47:19.000+0000
2pmWj0000004OgUIAU,01tam00000BCCnTAAX,20YWj00000s0AJjMAM,2mgam000001gdy9AAA,00000415,2026-02-26T19:47:19.000+0000
2pmWj0000004Oi5IAE,01tam00000BCCnUAAX,20YWj00000s0i8PMAQ,2mgam000001gdyAAAQ,00000416,2026-02-26T19:49:42.000+0000
2pmWj0000004Oi6IAE,01tam00000BCCnUAAX,20YWj00000s0i8PMAQ,2mgam000001gdy9AAA,00000417,2026-02-26T19:49:42.000+0000
2pmWj0000004OjiIAE,01tam00000BCCnVAAX,20YWj00000rzQP1MAM,2mgam000001gdy9AAA,00000419,2026-02-26T19:52:27.000+0000
2pmWj0000004OjhIAE,01tam00000BCCnVAAX,20YWj00000rzQP1MAM,2mgam000001gdyAAAQ,00000418,2026-02-26T19:52:27.000+0000
2pmWj0000004OlJIAU,01tam00000BCCnWAAX,20YWj00000s0FWJMA2,2mgam000001gdyAAAQ,00000420,2026-02-26T19:55:19.000+0000
2pmWj0000004OlKIAU,01tam00000BCCnWAAX,20YWj00000s0FWJMA2,2mgam000001gdy9AAA,00000421,2026-02-26T19:55:19.000+0000
2pmWj0000004OmwIAE,01tam00000BCCnXAAX,20YWj00000s0n9hMAA,2mgam000001gdy9AAA,00000423,2026-02-26T19:57:17.000+0000
2pmWj0000004OmvIAE,01tam00000BCCnXAAX,20YWj00000s0n9hMAA,2mgam000001gdyAAAQ,00000422,2026-02-26T19:57:17.000+0000
2pmWj0000004OoYIAU,01tam00000BCCnYAAX,20YWj00000s0dLfMAI,2mgam000001gdy9AAA,00000425,2026-02-26T19:59:15.000+0000
2pmWj0000004OoXIAU,01tam00000BCCnYAAX,20YWj00000s0dLfMAI,2mgam000001gdyAAAQ,00000424,2026-02-26T19:59:15.000+0000
2pmWj0000004Oq9IAE,01tam00000BCCnZAAX,20YWj00000s0prRMAQ,2mgam000001gdyAAAQ,00000426,2026-02-26T20:01:14.000+0000
2pmWj0000004OqAIAU,01tam00000BCCnZAAX,20YWj00000s0prRMAQ,2mgam000001gdy9AAA,00000427,2026-02-26T20:01:14.000+0000
2pmWj0000004OrmIAE,01tam00000BCCnaAAH,20YWj00000s0HgAMAU,2mgam000001gdy9AAA,00000429,2026-02-26T20:03:55.000+0000
2pmWj0000004OrlIAE,01tam00000BCCnaAAH,20YWj00000s0HgAMAU,2mgam000001gdyAAAQ,00000428,2026-02-26T20:03:55.000+0000
2pmWj0000004OtNIAU,01tam00000BCCnbAAH,20YWj00000s0ZGTMA2,2mgam000001gdyAAAQ,00000430,2026-02-26T20:05:59.000+0000
2pmWj0000004OtOIAU,01tam00000BCCnbAAH,20YWj00000s0ZGTMA2,2mgam000001gdy9AAA,00000431,2026-02-26T20:05:59.000+0000
2pmWj0000004OuzIAE,01tam00000BCCncAAH,20YWj00000s0v2PMAQ,2mgam000001gdyAAAQ,00000432,2026-02-26T20:07:59.000+0000
2pmWj0000004Ov0IAE,01tam00000BCCncAAH,20YWj00000s0v2PMAQ,2mgam000001gdy9AAA,00000433,2026-02-26T20:07:59.000+0000
2pmWj0000004OwbIAE,01tam00000BCCndAAH,20YWj00000s0wRVMAY,2mgam000001gdyAAAQ,00000434,2026-02-26T20:10:06.000+0000
2pmWj0000004OwcIAE,01tam00000BCCndAAH,20YWj00000s0wRVMAY,2mgam000001gdy9AAA,00000435,2026-02-26T20:10:06.000+0000
2pmWj0000004OyDIAU,01tam00000BCCneAAH,20YWj00000s0TChMAM,2mgam000001gdyAAAQ,00000436,2026-02-26T20:12:08.000+0000
2pmWj0000004OyEIAU,01tam00000BCCneAAH,20YWj00000s0TChMAM,2mgam000001gdy9AAA,00000437,2026-02-26T20:12:08.000+0000
2pmWj0000004P1RIAU,01tam00000BCCnfAAH,20YWj00000s05rvMAA,2mgam000001gdyAAAQ,00000438,2026-02-26T20:14:02.000+0000
2pmWj0000004P1SIAU,01tam00000BCCnfAAH,20YWj00000s05rvMAA,2mgam000001gdy9AAA,00000439,2026-02-26T20:14:02.000+0000
2pmWj0000004P33IAE,01tam00000BCCngAAH,20YWj00000s0VpXMAU,2mgam000001gdyAAAQ,00000440,2026-02-26T20:16:53.000+0000
2pmWj0000004P34IAE,01tam00000BCCngAAH,20YWj00000s0VpXMAU,2mgam000001gdy9AAA,00000441,2026-02-26T20:16:53.000+0000
2pmWj0000004P4gIAE,01tam00000BCCnhAAH,20YWj00000s0T7pMAE,2mgam000001gdy9AAA,00000443,2026-02-26T20:18:44.000+0000
2pmWj0000004P4fIAE,01tam00000BCCnhAAH,20YWj00000s0T7pMAE,2mgam000001gdyAAAQ,00000442,2026-02-26T20:18:44.000+0000
2pmWj0000004QbpIAE,01tam00000BCGSUAA5,20YWj00000sLXQDMA4,2mgam000001gdy9AAA,00000518,2026-03-02T12:33:27.000+0000
2pmam0000027lCLAAY,01tam00000BCGSUAA5,20Yam000009AkdtEAC,2mgam000001gdyAAAQ,00000001,2026-02-18T12:33:18.000+0000
2pmWj0000004P6HIAU,01tam00000BCIFmAAP,20YWj00000s0bV9MAI,2mgam000001gdyAAAQ,00000444,2026-02-26T20:23:54.000+0000
2pmWj0000004P6IIAU,01tam00000BCIFmAAP,20YWj00000s0bV9MAI,2mgam000001gdy9AAA,00000445,2026-02-26T20:23:54.000+0000
2pmWj0000004P7tIAE,01tam00000BCIFnAAP,20YWj00000s0MG5MAM,2mgam000001gdyAAAQ,00000446,2026-02-26T20:26:26.000+0000
2pmWj0000004P7uIAE,01tam00000BCIFnAAP,20YWj00000s0MG5MAM,2mgam000001gdy9AAA,00000447,2026-02-26T20:26:26.000+0000
2pmWj0000004P9WIAU,01tam00000BCIFoAAP,20YWj00000s0NDmMAM,2mgam000001gdy9AAA,00000449,2026-02-26T20:28:43.000+0000
2pmWj0000004P9VIAU,01tam00000BCIFoAAP,20YWj00000s0NDmMAM,2mgam000001gdyAAAQ,00000448,2026-02-26T20:28:43.000+0000
2pmWj0000004PB8IAM,01tam00000BCIFpAAP,20YWj00000s0TZGMA2,2mgam000001gdy9AAA,00000451,2026-02-26T20:30:56.000+0000
2pmWj0000004PB7IAM,01tam00000BCIFpAAP,20YWj00000s0TZGMA2,2mgam000001gdyAAAQ,00000450,2026-02-26T20:30:56.000+0000
2pmWj0000004PCkIAM,01tam00000BCIFqAAP,20YWj00000s0TqxMAE,2mgam000001gdy9AAA,00000453,2026-02-26T20:33:25.000+0000
2pmWj0000004PCjIAM,01tam00000BCIFqAAP,20YWj00000s0TqxMAE,2mgam000001gdyAAAQ,00000452,2026-02-26T20:33:25.000+0000
2pmWj0000004PELIA2,01tam00000BCJgUAAX,20YWj00000s0YvWMAU,2mgam000001gdyAAAQ,00000454,2026-02-26T20:35:37.000+0000
2pmWj0000004PEMIA2,01tam00000BCJgUAAX,20YWj00000s0YvWMAU,2mgam000001gdy9AAA,00000455,2026-02-26T20:35:37.000+0000
2pmWj0000004PFxIAM,01tam00000BCKW5AAP,20YWj00000s06snMAA,2mgam000001gdyAAAQ,00000456,2026-02-26T20:38:07.000+0000
2pmWj0000004PFyIAM,01tam00000BCKW5AAP,20YWj00000s06snMAA,2mgam000001gdy9AAA,00000457,2026-02-26T20:38:07.000+0000
2pmWj0000004PKoIAM,01tam00000BCKW6AAP,20YWj00000s1UoBMAU,2mgam000001gdy9AAA,00000463,2026-02-26T21:08:01.000+0000
2pmWj0000004PKnIAM,01tam00000BCKW6AAP,20YWj00000s1UoBMAU,2mgam000001gdyAAAQ,00000462,2026-02-26T21:08:01.000+0000
2pmWj0000004PMPIA2,01tam00000BCKXhAAP,20YWj00000s165wMAA,2mgam000001gdyAAAQ,00000464,2026-02-26T21:10:47.000+0000
2pmWj0000004PMQIA2,01tam00000BCKXhAAP,20YWj00000s165wMAA,2mgam000001gdy9AAA,00000465,2026-02-26T21:10:47.000+0000
2pmWj0000004PO2IAM,01tam00000BCKXiAAP,20YWj00000s0zMEMAY,2mgam000001gdy9AAA,00000467,2026-02-26T21:13:38.000+0000
2pmWj0000004PO1IAM,01tam00000BCKXiAAP,20YWj00000s0zMEMAY,2mgam000001gdyAAAQ,00000466,2026-02-26T21:13:38.000+0000
2pmWj0000004PPdIAM,01tam00000BCKZJAA5,20YWj00000s0qNjMAI,2mgam000001gdyAAAQ,00000468,2026-02-26T21:16:22.000+0000
2pmWj0000004PPeIAM,01tam00000BCKZJAA5,20YWj00000s0qNjMAI,2mgam000001gdy9AAA,00000469,2026-02-26T21:16:22.000+0000
2pmWj0000004PRGIA2,01tam00000BCKZKAA5,20YWj00000s1jFJMAY,2mgam000001gdy9AAA,00000471,2026-02-26T21:18:46.000+0000
2pmWj0000004PRFIA2,01tam00000BCKZKAA5,20YWj00000s1jFJMAY,2mgam000001gdyAAAQ,00000470,2026-02-26T21:18:46.000+0000
2pmWj0000004QdSIAU,01tam00000BCKavAAH,20YWj00000sLuPxMAK,2mgam000001gdy9AAA,00000520,2026-03-02T12:35:03.000+0000
2pmWj0000004QdRIAU,01tam00000BCKavAAH,20YWj00000sLuPxMAK,2mgam000001gdyAAAQ,00000519,2026-03-02T12:35:03.000+0000
2pmWj0000004Qf4IAE,01tam00000BCKawAAH,20YWj00000sLvihMAC,2mgam000001gdy9AAA,00000522,2026-03-02T12:35:51.000+0000
2pmWj0000004Qf3IAE,01tam00000BCKawAAH,20YWj00000sLvihMAC,2mgam000001gdyAAAQ,00000521,2026-03-02T12:35:51.000+0000
2pmWj0000004PSrIAM,01tam00000BCKcXAAX,20YWj00000s1TtiMAE,2mgam000001gdyAAAQ,00000472,2026-02-26T21:22:09.000+0000
2pmWj0000004PSsIAM,01tam00000BCKcXAAX,20YWj00000s1TtiMAE,2mgam000001gdy9AAA,00000473,2026-02-26T21:22:09.000+0000
2pmWj0000004PUUIA2,01tam00000BCKe9AAH,20YWj00000s1KopMAE,2mgam000001gdy9AAA,00000475,2026-02-26T21:26:29.000+0000
2pmWj0000004PUTIA2,01tam00000BCKe9AAH,20YWj00000s1KopMAE,2mgam000001gdyAAAQ,00000474,2026-02-26T21:26:29.000+0000
2pmWj0000004PW5IAM,01tam00000BCKeAAAX,20YWj00000s1Q7sMAE,2mgam000001gdyAAAQ,00000476,2026-02-26T21:28:40.000+0000
2pmWj0000004PW6IAM,01tam00000BCKeAAAX,20YWj00000s1Q7sMAE,2mgam000001gdy9AAA,00000477,2026-02-26T21:28:40.000+0000
2pmWj0000004QggIAE,01tam00000BCKhNAAX,20YWj00000sLpJpMAK,2mgam000001gdy9AAA,00000524,2026-03-02T12:37:03.000+0000
2pmWj0000004QgfIAE,01tam00000BCKhNAAX,20YWj00000sLpJpMAK,2mgam000001gdyAAAQ,00000523,2026-03-02T12:37:03.000+0000
2pmWj0000004PXiIAM,01tam00000BCKkbAAH,20YWj00000s1LkvMAE,2mgam000001gdy9AAA,00000479,2026-02-26T21:31:18.000+0000
2pmWj0000004PXhIAM,01tam00000BCKkbAAH,20YWj00000s1LkvMAE,2mgam000001gdyAAAQ,00000478,2026-02-26T21:31:18.000+0000
2pmWj0000004PawIAE,01tam00000BCKkcAAH,20YWj00000s1MQsMAM,2mgam000001gdy9AAA,00000483,2026-02-26T21:36:13.000+0000
2pmWj0000004PavIAE,01tam00000BCKkcAAH,20YWj00000s1MQsMAM,2mgam000001gdyAAAQ,00000482,2026-02-26T21:36:13.000+0000
2pmWj0000004PcXIAU,01tam00000BCKmDAAX,20YWj00000s0nBMMAY,2mgam000001gdyAAAQ,00000484,2026-02-26T21:39:00.000+0000
2pmWj0000004PcYIAU,01tam00000BCKmDAAX,20YWj00000s0nBMMAY,2mgam000001gdy9AAA,00000485,2026-02-26T21:39:00.000+0000
2pmWj0000004Pe9IAE,01tam00000BCKnpAAH,20YWj00000s0k5UMAQ,2mgam000001gdyAAAQ,00000486,2026-02-26T21:41:15.000+0000
2pmWj0000004PeAIAU,01tam00000BCKnpAAH,20YWj00000s0k5UMAQ,2mgam000001gdy9AAA,00000487,2026-02-26T21:41:15.000+0000
2pmWj0000004PhNIAU,01tam00000BCKpRAAX,20YWj00000s1YzqMAE,2mgam000001gdyAAAQ,00000490,2026-02-26T21:49:10.000+0000
2pmWj0000004PhOIAU,01tam00000BCKpRAAX,20YWj00000s1YzqMAE,2mgam000001gdy9AAA,00000491,2026-02-26T21:49:10.000+0000
2pmWj0000004Pj0IAE,01tam00000BCKpSAAX,20YWj00000s1NpwMAE,2mgam000001gdy9AAA,00000493,2026-02-26T21:51:40.000+0000
2pmWj0000004PizIAE,01tam00000BCKpSAAX,20YWj00000s1NpwMAE,2mgam000001gdyAAAQ,00000492,2026-02-26T21:51:40.000+0000
2pmWj0000004PkbIAE,01tam00000BCKr3AAH,20YWj00000s1D5qMAE,2mgam000001gdyAAAQ,00000494,2026-02-26T21:53:50.000+0000
2pmWj0000004PkcIAE,01tam00000BCKr3AAH,20YWj00000s1D5qMAE,2mgam000001gdy9AAA,00000495,2026-02-26T21:53:50.000+0000
2pmWj0000004PfmIAE,01tam00000BCKr4AAH,20YWj00000s1XZAMA2,2mgam000001gdy9AAA,00000489,2026-02-26T21:47:08.000+0000
2pmWj0000004PflIAE,01tam00000BCKr4AAH,20YWj00000s1XZAMA2,2mgam000001gdyAAAQ,00000488,2026-02-26T21:47:08.000+0000
2pmWj0000004PJBIA2,01tam00000BCKsfAAH,20YWj00000s1Cg0MAE,2mgam000001gdyAAAQ,00000460,2026-02-26T21:01:41.000+0000
2pmWj0000004PJCIA2,01tam00000BCKsfAAH,20YWj00000s1Cg0MAE,2mgam000001gdy9AAA,00000461,2026-02-26T21:01:41.000+0000
2pmWj0000004PHaIAM,01tam00000BCKsgAAH,20YWj00000s1EUtMAM,2mgam000001gdy9AAA,00000459,2026-02-26T20:56:15.000+0000
2pmWj0000004PHZIA2,01tam00000BCKsgAAH,20YWj00000s1EUtMAM,2mgam000001gdyAAAQ,00000458,2026-02-26T20:56:15.000+0000
2pmam0000028Vv7AAE,01tam00000BCKshAAH,20Yam000009DVnBEAW,2mgam000001gdyAAAQ,00000356,2026-02-24T19:57:15.000+0000
2pmam0000028Vv8AAE,01tam00000BCKshAAH,20Yam000009DVnBEAW,2mgam000001gdy9AAA,00000357,2026-02-24T19:57:15.000+0000
2pmam0000028VblAAE,01tam00000BCKsiAAH,20Yam000009DVNNEA4,2mgam000001gdyAAAQ,00000330,2026-02-24T19:43:39.000+0000
2pmam0000028VbmAAE,01tam00000BCKsiAAH,20Yam000009DVNNEA4,2mgam000001gdy9AAA,00000331,2026-02-24T19:43:39.000+0000
2pmam0000028VgcAAE,01tam00000BCKsjAAH,20Yam000009DVTpEAO,2mgam000001gdy9AAA,00000339,2026-02-24T19:46:47.000+0000
2pmam0000028VgbAAE,01tam00000BCKsjAAH,20Yam000009DVTpEAO,2mgam000001gdyAAAQ,00000338,2026-02-24T19:46:47.000+0000
2pmam0000028ViDAAU,01tam00000BCKskAAH,20Yam000009DPobEAG,2mgam000001gdyAAAQ,00000340,2026-02-24T19:47:21.000+0000
2pmam0000028ViEAAU,01tam00000BCKskAAH,20Yam000009DPobEAG,2mgam000001gdy9AAA,00000341,2026-02-24T19:47:21.000+0000
2pmam0000028VFDAA2,01tam00000BCKslAAH,20Yam000009DVQbEAO,2mgam000001gdyAAAQ,00000334,2026-02-24T19:45:21.000+0000
2pmam0000028VFEAA2,01tam00000BCKslAAH,20Yam000009DVQbEAO,2mgam000001gdy9AAA,00000335,2026-02-24T19:45:21.000+0000
2pmam0000028VezAAE,01tam00000BCKsmAAH,20Yam000009DVSDEA4,2mgam000001gdyAAAQ,00000336,2026-02-24T19:45:48.000+0000
2pmam0000028Vf0AAE,01tam00000BCKsmAAH,20Yam000009DVSDEA4,2mgam000001gdy9AAA,00000337,2026-02-24T19:45:48.000+0000
2pmam0000028VdOAAU,01tam00000BCKsnAAH,20Yam000009DVOzEAO,2mgam000001gdy9AAA,00000333,2026-02-24T19:44:13.000+0000
2pmam0000028VdNAAU,01tam00000BCKsnAAH,20Yam000009DVOzEAO,2mgam000001gdyAAAQ,00000332,2026-02-24T19:44:13.000+0000
2pmam0000028VjpAAE,01tam00000BCKsoAAH,20Yam000009DVX3EAO,2mgam000001gdyAAAQ,00000342,2026-02-24T19:48:38.000+0000
2pmam0000028VjqAAE,01tam00000BCKsoAAH,20Yam000009DVX3EAO,2mgam000001gdy9AAA,00000343,2026-02-24T19:48:38.000+0000
2pmWj0000004PmDIAU,01tam00000BCKspAAH,20YWj00000s1xQNMAY,2mgam000001gdyAAAQ,00000496,2026-02-26T21:57:03.000+0000
2pmWj0000004PmEIAU,01tam00000BCKspAAH,20YWj00000s1xQNMAY,2mgam000001gdy9AAA,00000497,2026-02-26T21:57:03.000+0000
2pmWj0000004QiIIAU,01tam00000BCKsqAAH,20YWj00000sLu6cMAC,2mgam000001gdy9AAA,00000526,2026-03-02T12:37:58.000+0000
2pmWj0000004QiHIAU,01tam00000BCKsqAAH,20YWj00000sLu6cMAC,2mgam000001gdyAAAQ,00000525,2026-03-02T12:37:58.000+0000
2pmWj0000004QokIAE,01tam00000BCKsrAAH,20YWj00000sMd5GMAS,2mgam000001gdy9AAA,00000534,2026-03-02T12:59:12.000+0000
2pmWj0000004QojIAE,01tam00000BCKsrAAH,20YWj00000sMd5GMAS,2mgam000001gdyAAAQ,00000533,2026-03-02T12:59:12.000+0000
2pmWj0000004QlWIAU,01tam00000BCKssAAH,20YWj00000sMDvcMAG,2mgam000001gdy9AAA,00000530,2026-03-02T12:54:59.000+0000
2pmWj0000004QlVIAU,01tam00000BCKssAAH,20YWj00000sMDvcMAG,2mgam000001gdyAAAQ,00000529,2026-03-02T12:54:59.000+0000
2pmam0000028Vn3AAE,01tam00000BCKstAAH,20Yam000009DVdVEAW,2mgam000001gdyAAAQ,00000346,2026-02-24T19:50:05.000+0000
2pmam0000028Vn4AAE,01tam00000BCKstAAH,20Yam000009DVdVEAW,2mgam000001gdy9AAA,00000347,2026-02-24T19:50:05.000+0000
2pmam0000028VrtAAE,01tam00000BCKsuAAH,20Yam000009DVjxEAG,2mgam000001gdyAAAQ,00000352,2026-02-24T19:52:42.000+0000
2pmam0000028VruAAE,01tam00000BCKsuAAH,20Yam000009DVjxEAG,2mgam000001gdy9AAA,00000353,2026-02-24T19:52:42.000+0000
2pmWj0000004Qn8IAE,01tam00000BCKsvAAH,20YWj00000sMCt8MAG,2mgam000001gdy9AAA,00000532,2026-03-02T12:57:49.000+0000
2pmWj0000004Qn7IAE,01tam00000BCKsvAAH,20YWj00000sMCt8MAG,2mgam000001gdyAAAQ,00000531,2026-03-02T12:57:49.000+0000
2pmWj0000004PnpIAE,01tam00000BCKswAAH,20YWj00000s2841MAA,2mgam000001gdyAAAQ,00000498,2026-02-26T22:01:28.000+0000
2pmWj0000004PnqIAE,01tam00000BCKswAAH,20YWj00000s2841MAA,2mgam000001gdy9AAA,00000499,2026-02-26T22:01:28.000+0000
2pmam0000028VogAAE,01tam00000BCKsxAAH,20Yam000009DVgjEAG,2mgam000001gdy9AAA,00000349,2026-02-24T19:50:36.000+0000
2pmam0000028VofAAE,01tam00000BCKsxAAH,20Yam000009DVgjEAG,2mgam000001gdyAAAQ,00000348,2026-02-24T19:50:36.000+0000
2pmWj0000004QjuIAE,01tam00000BCKsyAAH,20YWj00000sMXMRMA4,2mgam000001gdy9AAA,00000528,2026-03-02T12:53:39.000+0000
2pmWj0000004QjtIAE,01tam00000BCKsyAAH,20YWj00000sMXMRMA4,2mgam000001gdyAAAQ,00000527,2026-03-02T12:53:39.000+0000
2pmam0000028VlRAAU,01tam00000BCKszAAH,20Yam000009DVbtEAG,2mgam000001gdyAAAQ,00000344,2026-02-24T19:49:36.000+0000
2pmam0000028VlSAAU,01tam00000BCKszAAH,20Yam000009DVbtEAG,2mgam000001gdy9AAA,00000345,2026-02-24T19:49:36.000+0000
2pmam0000028VtWAAU,01tam00000BCKt0AAH,20Yam000009DQvbEAG,2mgam000001gdy9AAA,00000355,2026-02-24T19:53:56.000+0000
2pmam0000028VtVAAU,01tam00000BCKt0AAH,20Yam000009DQvbEAG,2mgam000001gdyAAAQ,00000354,2026-02-24T19:53:56.000+0000
2pmWj0000004QqLIAU,01tam00000BCKt1AAH,20YWj00000sMVAwMAO,2mgam000001gdyAAAQ,00000535,2026-03-02T13:00:53.000+0000
2pmWj0000004QqMIAU,01tam00000BCKt1AAH,20YWj00000sMVAwMAO,2mgam000001gdy9AAA,00000536,2026-03-02T13:00:53.000+0000
2pmam0000028VqIAAU,01tam00000BCKt2AAH,20Yam000009DViLEAW,2mgam000001gdy9AAA,00000351,2026-02-24T19:51:13.000+0000
2pmam0000028VqHAAU,01tam00000BCKt2AAH,20Yam000009DViLEAW,2mgam000001gdyAAAQ,00000350,2026-02-24T19:51:13.000+0000
2pmWj0000004PsfIAE,01tam00000BCKuHAAX,20YWj00000s2BMtMAM,2mgam000001gdyAAAQ,00000504,2026-02-26T22:15:20.000+0000
2pmWj0000004PsgIAE,01tam00000BCKuHAAX,20YWj00000s2BMtMAM,2mgam000001gdy9AAA,00000505,2026-02-26T22:15:20.000+0000
2pmWj0000004PuIIAU,01tam00000BCKvtAAH,20YWj00000s1HhOMAU,2mgam000001gdy9AAA,00000507,2026-02-26T22:17:28.000+0000
2pmWj0000004PuHIAU,01tam00000BCKvtAAH,20YWj00000s1HhOMAU,2mgam000001gdyAAAQ,00000506,2026-02-26T22:17:28.000+0000
2pmWj0000004PvuIAE,01tam00000BCKvuAAH,20YWj00000s1h3uMAA,2mgam000001gdy9AAA,00000509,2026-02-26T22:19:37.000+0000
2pmWj0000004PvtIAE,01tam00000BCKvuAAH,20YWj00000s1h3uMAA,2mgam000001gdyAAAQ,00000508,2026-02-26T22:19:37.000+0000
2pmWj0000004PxVIAU,01tam00000BCKxVAAX,20YWj00000s2Jc9MAE,2mgam000001gdyAAAQ,00000510,2026-02-26T22:21:46.000+0000
2pmWj0000004PxWIAU,01tam00000BCKxVAAX,20YWj00000s2Jc9MAE,2mgam000001gdy9AAA,00000511,2026-02-26T22:21:46.000+0000
2pmWj0000004Pz7IAE,01tam00000BCKxWAAX,20YWj00000s2GT1MAM,2mgam000001gdyAAAQ,00000512,2026-02-26T22:23:51.000+0000
2pmWj0000004Pz8IAE,01tam00000BCKxWAAX,20YWj00000s2GT1MAM,2mgam000001gdy9AAA,00000513,2026-02-26T22:23:51.000+0000
2pmWj0000004Pr3IAE,01tam00000BCKxXAAX,20YWj00000s1wywMAA,2mgam000001gdyAAAQ,00000502,2026-02-26T22:12:21.000+0000
2pmWj0000004Pr4IAE,01tam00000BCKxXAAX,20YWj00000s1wywMAA,2mgam000001gdy9AAA,00000503,2026-02-26T22:12:21.000+0000
2pmWj0000004PpRIAU,01tam00000BCKz7AAH,20YWj00000s1gKhMAI,2mgam000001gdyAAAQ,00000500,2026-02-26T22:09:50.000+0000
2pmWj0000004PpSIAU,01tam00000BCKz7AAH,20YWj00000s1gKhMAI,2mgam000001gdy9AAA,00000501,2026-02-26T22:09:50.000+0000
2pmWj0000004QYbIAM,01tam00000BCKz8AAH,20YWj00000sMLZlMAO,2mgam000001gdyAAAQ,00000514,2026-03-02T12:23:17.000+0000
2pmWj0000004QYcIAM,01tam00000BCKz8AAH,20YWj00000sMLZlMAO,2mgam000001gdy9AAA,00000515,2026-03-02T12:23:17.000+0000
2pmWj0000004QaDIAU,01tam00000BCKz9AAH,20YWj00000sMP77MAG,2mgam000001gdyAAAQ,00000516,2026-03-02T12:31:00.000+0000
2pmWj0000004QaEIAU,01tam00000BCKz9AAH,20YWj00000sMP77MAG,2mgam000001gdy9AAA,00000517,2026-03-02T12:31:00.000+0000
2pmWj0000004RmPIAU,01tam00000BCKzAAAX,20YWj00000sPiV1MAK,2mgam000001gdyAAAQ,00000607,2026-03-02T17:22:27.000+0000
2pmWj0000004RmQIAU,01tam00000BCKzAAAX,20YWj00000sPiV1MAK,2mgam000001gdy9AAA,00000608,2026-03-02T17:22:27.000+0000
2pmWj0000004Ro2IAE,01tam00000BCKzBAAX,20YWj00000sPNTqMAO,2mgam000001gdy9AAA,00000610,2026-03-02T17:26:43.000+0000
2pmWj0000004Ro1IAE,01tam00000BCKzBAAX,20YWj00000sPNTqMAO,2mgam000001gdyAAAQ,00000609,2026-03-02T17:26:43.000+0000
2pmWj0000004XF7IAM,01tam00000BCKzCAAX,20YWj00000svGqaMAE,2mgam000001gdyAAAQ,00000945,2026-03-05T12:28:22.000+0000
2pmWj0000004XF8IAM,01tam00000BCKzCAAX,20YWj00000svGqaMAE,2mgam000001gdy9AAA,00000946,2026-03-05T12:28:22.000+0000
2pmWj0000004XGjIAM,01tam00000BCKzDAAX,20YWj00000sv3dJMAQ,2mgam000001gdyAAAQ,00000947,2026-03-05T12:30:35.000+0000
2pmWj0000004XGkIAM,01tam00000BCKzDAAX,20YWj00000sv3dJMAQ,2mgam000001gdy9AAA,00000948,2026-03-05T12:30:35.000+0000
2pmWj0000004XILIA2,01tam00000BCKzEAAX,20YWj00000svDfnMAE,2mgam000001gdyAAAQ,00000949,2026-03-05T12:31:55.000+0000
2pmWj0000004XIMIA2,01tam00000BCKzEAAX,20YWj00000svDfnMAE,2mgam000001gdy9AAA,00000950,2026-03-05T12:31:55.000+0000
2pmWj0000004XJxIAM,01tam00000BCKzFAAX,20YWj00000svYibMAE,2mgam000001gdyAAAQ,00000951,2026-03-05T12:33:43.000+0000
2pmWj0000004XJyIAM,01tam00000BCKzFAAX,20YWj00000svYibMAE,2mgam000001gdy9AAA,00000952,2026-03-05T12:33:43.000+0000
2pmWj0000004XLZIA2,01tam00000BCKzGAAX,20YWj00000svZd3MAE,2mgam000001gdyAAAQ,00000953,2026-03-05T12:35:28.000+0000
2pmWj0000004XLaIAM,01tam00000BCKzGAAX,20YWj00000svZd3MAE,2mgam000001gdy9AAA,00000954,2026-03-05T12:35:28.000+0000
2pmWj0000004XNBIA2,01tam00000BCKzHAAX,20YWj00000svH9uMAE,2mgam000001gdyAAAQ,00000955,2026-03-05T12:36:59.000+0000
2pmWj0000004XNCIA2,01tam00000BCKzHAAX,20YWj00000svH9uMAE,2mgam000001gdy9AAA,00000956,2026-03-05T12:36:59.000+0000
2pmWj0000004XOnIAM,01tam00000BCKzIAAX,20YWj00000sv6hbMAA,2mgam000001gdyAAAQ,00000957,2026-03-05T12:37:59.000+0000
2pmWj0000004XOoIAM,01tam00000BCKzIAAX,20YWj00000sv6hbMAA,2mgam000001gdy9AAA,00000958,2026-03-05T12:37:59.000+0000
2pmWj0000004XQPIA2,01tam00000BCKzJAAX,20YWj00000svQ9zMAE,2mgam000001gdyAAAQ,00000959,2026-03-05T12:39:11.000+0000
2pmWj0000004XQQIA2,01tam00000BCKzJAAX,20YWj00000svQ9zMAE,2mgam000001gdy9AAA,00000960,2026-03-05T12:39:11.000+0000
2pmWj0000004XS1IAM,01tam00000BCKzKAAX,20YWj00000svCjnMAE,2mgam000001gdyAAAQ,00000961,2026-03-05T12:40:32.000+0000
2pmWj0000004XS2IAM,01tam00000BCKzKAAX,20YWj00000svCjnMAE,2mgam000001gdy9AAA,00000962,2026-03-05T12:40:32.000+0000
2pmWj0000004XTdIAM,01tam00000BCKzLAAX,20YWj00000sv63HMAQ,2mgam000001gdyAAAQ,00000963,2026-03-05T12:42:02.000+0000
2pmWj0000004XTeIAM,01tam00000BCKzLAAX,20YWj00000sv63HMAQ,2mgam000001gdy9AAA,00000964,2026-03-05T12:42:02.000+0000
2pmWj0000004XVFIA2,01tam00000BCKzMAAX,20YWj00000svUISMA2,2mgam000001gdyAAAQ,00000965,2026-03-05T12:43:33.000+0000
2pmWj0000004XVGIA2,01tam00000BCKzMAAX,20YWj00000svUISMA2,2mgam000001gdy9AAA,00000966,2026-03-05T12:43:33.000+0000
2pmWj0000004XWrIAM,01tam00000BCKzNAAX,20YWj00000sve01MAA,2mgam000001gdyAAAQ,00000967,2026-03-05T12:45:08.000+0000
2pmWj0000004XWsIAM,01tam00000BCKzNAAX,20YWj00000sve01MAA,2mgam000001gdy9AAA,00000968,2026-03-05T12:45:08.000+0000
2pmWj0000004XYTIA2,01tam00000BCKzOAAX,20YWj00000svfDpMAI,2mgam000001gdyAAAQ,00000969,2026-03-05T12:46:41.000+0000
2pmWj0000004XYUIA2,01tam00000BCKzOAAX,20YWj00000svfDpMAI,2mgam000001gdy9AAA,00000970,2026-03-05T12:46:41.000+0000
2pmWj0000004Xa5IAE,01tam00000BCKzPAAX,20YWj00000svhIrMAI,2mgam000001gdyAAAQ,00000971,2026-03-05T12:48:12.000+0000
2pmWj0000004Xa6IAE,01tam00000BCKzPAAX,20YWj00000svhIrMAI,2mgam000001gdy9AAA,00000972,2026-03-05T12:48:12.000+0000
2pmWj0000004XbiIAE,01tam00000BCKzQAAX,20YWj00000svjKfMAI,2mgam000001gdy9AAA,00000974,2026-03-05T12:49:44.000+0000
2pmWj0000004XbhIAE,01tam00000BCKzQAAX,20YWj00000svjKfMAI,2mgam000001gdyAAAQ,00000973,2026-03-05T12:49:44.000+0000
2pmWj0000004XdJIAU,01tam00000BCKzRAAX,20YWj00000svl7xMAA,2mgam000001gdyAAAQ,00000975,2026-03-05T12:51:27.000+0000
2pmWj0000004XdKIAU,01tam00000BCKzRAAX,20YWj00000svl7xMAA,2mgam000001gdy9AAA,00000976,2026-03-05T12:51:27.000+0000
2pmWj0000004XevIAE,01tam00000BCKzSAAX,20YWj00000svM1cMAE,2mgam000001gdyAAAQ,00000977,2026-03-05T12:52:48.000+0000
2pmWj0000004XewIAE,01tam00000BCKzSAAX,20YWj00000svM1cMAE,2mgam000001gdy9AAA,00000978,2026-03-05T12:52:48.000+0000
2pmWj0000004XgXIAU,01tam00000BCKzTAAX,20YWj00000svnBNMAY,2mgam000001gdyAAAQ,00000979,2026-03-05T12:54:09.000+0000
2pmWj0000004XgYIAU,01tam00000BCKzTAAX,20YWj00000svnBNMAY,2mgam000001gdy9AAA,00000980,2026-03-05T12:54:09.000+0000
2pmWj0000004Xi9IAE,01tam00000BCKzUAAX,20YWj00000svnxlMAA,2mgam000001gdyAAAQ,00000981,2026-03-05T12:55:18.000+0000
2pmWj0000004XiAIAU,01tam00000BCKzUAAX,20YWj00000svnxlMAA,2mgam000001gdy9AAA,00000982,2026-03-05T12:55:18.000+0000
2pmWj0000004XjlIAE,01tam00000BCKzVAAX,20YWj00000svjhGMAQ,2mgam000001gdyAAAQ,00000983,2026-03-05T12:56:26.000+0000
2pmWj0000004XjmIAE,01tam00000BCKzVAAX,20YWj00000svjhGMAQ,2mgam000001gdy9AAA,00000984,2026-03-05T12:56:26.000+0000
2pmWj0000004YHdIAM,01tam00000BCKzWAAX,20YWj00000swIv7MAE,2mgam000001gdyAAAQ,00001025,2026-03-05T13:52:56.000+0000
2pmWj0000004YHeIAM,01tam00000BCKzWAAX,20YWj00000swIv7MAE,2mgam000001gdy9AAA,00001026,2026-03-05T13:52:56.000+0000
2pmWj0000004YJFIA2,01tam00000BCKzXAAX,20YWj00000svcmGMAQ,2mgam000001gdyAAAQ,00001027,2026-03-05T13:54:27.000+0000
2pmWj0000004YJGIA2,01tam00000BCKzXAAX,20YWj00000svcmGMAQ,2mgam000001gdy9AAA,00001028,2026-03-05T13:54:27.000+0000
2pmWj0000004YKrIAM,01tam00000BCKzYAAX,20YWj00000sviq7MAA,2mgam000001gdyAAAQ,00001029,2026-03-05T13:56:23.000+0000
2pmWj0000004YKsIAM,01tam00000BCKzYAAX,20YWj00000sviq7MAA,2mgam000001gdy9AAA,00001030,2026-03-05T13:56:23.000+0000
2pmWj0000004YMTIA2,01tam00000BCKzZAAX,20YWj00000swC3LMAU,2mgam000001gdyAAAQ,00001031,2026-03-05T13:58:17.000+0000
2pmWj0000004YMUIA2,01tam00000BCKzZAAX,20YWj00000swC3LMAU,2mgam000001gdy9AAA,00001032,2026-03-05T13:58:17.000+0000
2pmWj0000004YO5IAM,01tam00000BCKzaAAH,20YWj00000svOjLMAU,2mgam000001gdyAAAQ,00001033,2026-03-05T13:59:50.000+0000
2pmWj0000004YO6IAM,01tam00000BCKzaAAH,20YWj00000svOjLMAU,2mgam000001gdy9AAA,00001034,2026-03-05T13:59:50.000+0000
2pmWj0000004YPhIAM,01tam00000BCKzbAAH,20YWj00000swBleMAE,2mgam000001gdyAAAQ,00001035,2026-03-05T14:01:39.000+0000
2pmWj0000004YPiIAM,01tam00000BCKzbAAH,20YWj00000swBleMAE,2mgam000001gdy9AAA,00001036,2026-03-05T14:01:39.000+0000
2pmWj0000004YRJIA2,01tam00000BCKzcAAH,20YWj00000svQ22MAE,2mgam000001gdyAAAQ,00001037,2026-03-05T14:03:09.000+0000
2pmWj0000004YRKIA2,01tam00000BCKzcAAH,20YWj00000svQ22MAE,2mgam000001gdy9AAA,00001038,2026-03-05T14:03:09.000+0000
2pmWj0000004YSvIAM,01tam00000BCKzdAAH,20YWj00000svwt3MAA,2mgam000001gdyAAAQ,00001039,2026-03-05T14:04:45.000+0000
2pmWj0000004YSwIAM,01tam00000BCKzdAAH,20YWj00000svwt3MAA,2mgam000001gdy9AAA,00001040,2026-03-05T14:04:45.000+0000
2pmWj0000004YUXIA2,01tam00000BCKzeAAH,20YWj00000sve02MAA,2mgam000001gdyAAAQ,00001041,2026-03-05T14:06:15.000+0000
2pmWj0000004YUYIA2,01tam00000BCKzeAAH,20YWj00000sve02MAA,2mgam000001gdy9AAA,00001042,2026-03-05T14:06:15.000+0000
2pmWj0000004YWAIA2,01tam00000BCKzfAAH,20YWj00000svNAdMAM,2mgam000001gdy9AAA,00001044,2026-03-05T14:07:52.000+0000
2pmWj0000004YW9IAM,01tam00000BCKzfAAH,20YWj00000svNAdMAM,2mgam000001gdyAAAQ,00001043,2026-03-05T14:07:52.000+0000
2pmWj0000004YXmIAM,01tam00000BCKzgAAH,20YWj00000svFo7MAE,2mgam000001gdy9AAA,00001046,2026-03-05T14:09:35.000+0000
2pmWj0000004YXlIAM,01tam00000BCKzgAAH,20YWj00000svFo7MAE,2mgam000001gdyAAAQ,00001045,2026-03-05T14:09:35.000+0000
2pmWj0000004YZNIA2,01tam00000BCKzhAAH,20YWj00000swQO2MAM,2mgam000001gdyAAAQ,00001047,2026-03-05T14:11:17.000+0000
2pmWj0000004YZOIA2,01tam00000BCKzhAAH,20YWj00000swQO2MAM,2mgam000001gdy9AAA,00001048,2026-03-05T14:11:17.000+0000
2pmWj0000004Yb0IAE,01tam00000BCKziAAH,20YWj00000svIhIMAU,2mgam000001gdy9AAA,00001050,2026-03-05T14:13:06.000+0000
2pmWj0000004YazIAE,01tam00000BCKziAAH,20YWj00000svIhIMAU,2mgam000001gdyAAAQ,00001049,2026-03-05T14:13:06.000+0000
2pmWj0000004YcbIAE,01tam00000BCKzjAAH,20YWj00000svbWuMAI,2mgam000001gdyAAAQ,00001051,2026-03-05T14:14:48.000+0000
2pmWj0000004YccIAE,01tam00000BCKzjAAH,20YWj00000svbWuMAI,2mgam000001gdy9AAA,00001052,2026-03-05T14:14:48.000+0000
2pmWj0000004YeEIAU,01tam00000BCL0jAAH,20YWj00000sveOJMAY,2mgam000001gdy9AAA,00001054,2026-03-05T14:16:39.000+0000
2pmWj0000004YeDIAU,01tam00000BCL0jAAH,20YWj00000sveOJMAY,2mgam000001gdyAAAQ,00001053,2026-03-05T14:16:39.000+0000
2pmWj0000004YfpIAE,01tam00000BCL0kAAH,20YWj00000svEvKMAU,2mgam000001gdyAAAQ,00001055,2026-03-05T14:18:15.000+0000
2pmWj0000004YfqIAE,01tam00000BCL0kAAH,20YWj00000svEvKMAU,2mgam000001gdy9AAA,00001056,2026-03-05T14:18:15.000+0000
2pmWj0000004YhRIAU,01tam00000BCL0lAAH,20YWj00000swIOxMAM,2mgam000001gdyAAAQ,00001057,2026-03-05T14:19:58.000+0000
2pmWj0000004YhSIAU,01tam00000BCL0lAAH,20YWj00000swIOxMAM,2mgam000001gdy9AAA,00001058,2026-03-05T14:19:58.000+0000
2pmWj0000004Yj4IAE,01tam00000BCL0mAAH,20YWj00000swZO6MAM,2mgam000001gdy9AAA,00001060,2026-03-05T14:21:57.000+0000
2pmWj0000004Yj3IAE,01tam00000BCL0mAAH,20YWj00000swZO6MAM,2mgam000001gdyAAAQ,00001059,2026-03-05T14:21:57.000+0000
2pmWj0000004YkgIAE,01tam00000BCL0nAAH,20YWj00000sw5l5MAA,2mgam000001gdy9AAA,00001062,2026-03-05T14:23:53.000+0000
2pmWj0000004YkfIAE,01tam00000BCL0nAAH,20YWj00000sw5l5MAA,2mgam000001gdyAAAQ,00001061,2026-03-05T14:23:53.000+0000
2pmWj0000004YmIIAU,01tam00000BCL0oAAH,20YWj00000swVCRMA2,2mgam000001gdy9AAA,00001064,2026-03-05T14:25:34.000+0000
2pmWj0000004YmHIAU,01tam00000BCL0oAAH,20YWj00000swVCRMA2,2mgam000001gdyAAAQ,00001063,2026-03-05T14:25:34.000+0000
2pmWj0000004YnuIAE,01tam00000BCL0pAAH,20YWj00000swajzMAA,2mgam000001gdy9AAA,00001066,2026-03-05T14:27:21.000+0000
2pmWj0000004YntIAE,01tam00000BCL0pAAH,20YWj00000swajzMAA,2mgam000001gdyAAAQ,00001065,2026-03-05T14:27:21.000+0000
2pmWj0000004XlQIAU,01tam00000BCL0qAAH,20YWj00000sw9rtMAA,2mgam000001gdy9AAA,00001068,2026-03-05T14:28:58.000+0000
2pmWj0000004XlPIAU,01tam00000BCL0qAAH,20YWj00000sw9rtMAA,2mgam000001gdyAAAQ,00001067,2026-03-05T14:28:58.000+0000
2pmWj0000004YpWIAU,01tam00000BCL0rAAH,20YWj00000svjpRMAQ,2mgam000001gdy9AAA,00001070,2026-03-05T14:30:42.000+0000
2pmWj0000004YpVIAU,01tam00000BCL0rAAH,20YWj00000svjpRMAQ,2mgam000001gdyAAAQ,00001069,2026-03-05T14:30:42.000+0000
2pmWj0000004YuMIAU,01tam00000BCL0sAAH,20YWj00000swWTUMA2,2mgam000001gdy9AAA,00001076,2026-03-05T14:36:10.000+0000
2pmWj0000004YuLIAU,01tam00000BCL0sAAH,20YWj00000swWTUMA2,2mgam000001gdyAAAQ,00001075,2026-03-05T14:36:10.000+0000
2pmWj0000004Yr8IAE,01tam00000BCL0tAAH,20YWj00000swaDiMAI,2mgam000001gdy9AAA,00001072,2026-03-05T14:32:14.000+0000
2pmWj0000004Yr7IAE,01tam00000BCL0tAAH,20YWj00000swaDiMAI,2mgam000001gdyAAAQ,00001071,2026-03-05T14:32:14.000+0000
2pmWj0000004YsjIAE,01tam00000BCL0uAAH,20YWj00000swKKGMA2,2mgam000001gdyAAAQ,00001073,2026-03-05T14:33:46.000+0000
2pmWj0000004YskIAE,01tam00000BCL0uAAH,20YWj00000swKKGMA2,2mgam000001gdy9AAA,00001074,2026-03-05T14:33:46.000+0000
2pmWj0000004YEPIA2,01tam00000BCL0vAAH,20YWj00000svUTmMAM,2mgam000001gdyAAAQ,00001021,2026-03-05T13:31:54.000+0000
2pmWj0000004YEQIA2,01tam00000BCL0vAAH,20YWj00000svUTmMAM,2mgam000001gdy9AAA,00001022,2026-03-05T13:31:54.000+0000
2pmWj0000004YCoIAM,01tam00000BCL0wAAH,20YWj00000sw7QFMAY,2mgam000001gdy9AAA,00001020,2026-03-05T13:30:13.000+0000
2pmWj0000004YCnIAM,01tam00000BCL0wAAH,20YWj00000sw7QFMAY,2mgam000001gdyAAAQ,00001019,2026-03-05T13:30:13.000+0000
2pmWj0000004YBCIA2,01tam00000BCL0xAAH,20YWj00000svT6JMAU,2mgam000001gdy9AAA,00001018,2026-03-05T13:28:45.000+0000
2pmWj0000004YBBIA2,01tam00000BCL0xAAH,20YWj00000svT6JMAU,2mgam000001gdyAAAQ,00001017,2026-03-05T13:28:45.000+0000
2pmWj0000004Y9ZIAU,01tam00000BCL0yAAH,20YWj00000svVGEMA2,2mgam000001gdyAAAQ,00001015,2026-03-05T13:27:12.000+0000
2pmWj0000004Y9aIAE,01tam00000BCL0yAAH,20YWj00000svVGEMA2,2mgam000001gdy9AAA,00001016,2026-03-05T13:27:12.000+0000
2pmWj0000004Y7yIAE,01tam00000BCL0zAAH,20YWj00000svKEGMA2,2mgam000001gdy9AAA,00001014,2026-03-05T13:25:30.000+0000
2pmWj0000004Y7xIAE,01tam00000BCL0zAAH,20YWj00000svKEGMA2,2mgam000001gdyAAAQ,00001013,2026-03-05T13:25:30.000+0000
2pmWj0000004Y6MIAU,01tam00000BCL10AAH,20YWj00000svEs0MAE,2mgam000001gdy9AAA,00001012,2026-03-05T13:23:25.000+0000
2pmWj0000004Y6LIAU,01tam00000BCL10AAH,20YWj00000svEs0MAE,2mgam000001gdyAAAQ,00001011,2026-03-05T13:23:25.000+0000
2pmWj0000004Y4kIAE,01tam00000BCL11AAH,20YWj00000sv7ybMAA,2mgam000001gdy9AAA,00001010,2026-03-05T13:21:55.000+0000
2pmWj0000004Y4jIAE,01tam00000BCL11AAH,20YWj00000sv7ybMAA,2mgam000001gdyAAAQ,00001009,2026-03-05T13:21:55.000+0000
2pmWj0000004Y38IAE,01tam00000BCL12AAH,20YWj00000svQBcMAM,2mgam000001gdy9AAA,00001008,2026-03-05T13:20:08.000+0000
2pmWj0000004Y37IAE,01tam00000BCL12AAH,20YWj00000svQBcMAM,2mgam000001gdyAAAQ,00001007,2026-03-05T13:20:08.000+0000
2pmWj0000004Y1VIAU,01tam00000BCL13AAH,20YWj00000svHQ2MAM,2mgam000001gdyAAAQ,00001005,2026-03-05T13:18:24.000+0000
2pmWj0000004Y1WIAU,01tam00000BCL13AAH,20YWj00000svHQ2MAM,2mgam000001gdy9AAA,00001006,2026-03-05T13:18:24.000+0000
2pmWj0000004XztIAE,01tam00000BCL14AAH,20YWj00000svzEAMAY,2mgam000001gdyAAAQ,00001003,2026-03-05T13:16:56.000+0000
2pmWj0000004XzuIAE,01tam00000BCL14AAH,20YWj00000svzEAMAY,2mgam000001gdy9AAA,00001004,2026-03-05T13:16:56.000+0000
2pmWj0000004XyHIAU,01tam00000BCL15AAH,20YWj00000svbdHMAQ,2mgam000001gdyAAAQ,00001001,2026-03-05T13:15:13.000+0000
2pmWj0000004XyIIAU,01tam00000BCL15AAH,20YWj00000svbdHMAQ,2mgam000001gdy9AAA,00001002,2026-03-05T13:15:13.000+0000
2pmWj0000004XwfIAE,01tam00000BCL16AAH,20YWj00000sw1ZJMAY,2mgam000001gdyAAAQ,00000999,2026-03-05T13:13:26.000+0000
2pmWj0000004XwgIAE,01tam00000BCL16AAH,20YWj00000sw1ZJMAY,2mgam000001gdy9AAA,00001000,2026-03-05T13:13:26.000+0000
2pmWj0000004RRSIA2,01tam00000BCL17AAH,20YWj00000sMJjJMAW,2mgam000001gdy9AAA,00000582,2026-03-02T14:34:26.000+0000
2pmWj0000004RRRIA2,01tam00000BCL17AAH,20YWj00000sMJjJMAW,2mgam000001gdyAAAQ,00000581,2026-03-02T14:34:26.000+0000
2pmWj0000004b0zIAA,01tam00000BCL18AAH,20YWj00000t12wAMAQ,2mgam000001gdyAAAQ,00001235,2026-03-05T20:43:07.000+0000
2pmWj0000004b10IAA,01tam00000BCL18AAH,20YWj00000t12wAMAQ,2mgam000001gdy9AAA,00001236,2026-03-05T20:43:07.000+0000
2pmWj0000004Xv4IAE,01tam00000BCL19AAH,20YWj00000sv9ynMAA,2mgam000001gdy9AAA,00000998,2026-03-05T13:09:02.000+0000
2pmWj0000004Xv3IAE,01tam00000BCL19AAH,20YWj00000sv9ynMAA,2mgam000001gdyAAAQ,00000997,2026-03-05T13:09:02.000+0000
2pmWj0000004XtRIAU,01tam00000BCL1AAAX,20YWj00000sviJmMAI,2mgam000001gdyAAAQ,00000995,2026-03-05T13:07:27.000+0000
2pmWj0000004XtSIAU,01tam00000BCL1AAAX,20YWj00000sviJmMAI,2mgam000001gdy9AAA,00000996,2026-03-05T13:07:27.000+0000
2pmWj0000004XrqIAE,01tam00000BCL1BAAX,20YWj00000svwplMAA,2mgam000001gdy9AAA,00000994,2026-03-05T13:05:53.000+0000
2pmWj0000004XrpIAE,01tam00000BCL1BAAX,20YWj00000svwplMAA,2mgam000001gdyAAAQ,00000993,2026-03-05T13:05:53.000+0000
2pmWj0000004RWHIA2,01tam00000BCL1CAAX,20YWj00000sNrRBMA0,2mgam000001gdyAAAQ,00000587,2026-03-02T14:38:06.000+0000
2pmWj0000004RWIIA2,01tam00000BCL1CAAX,20YWj00000sNrRBMA0,2mgam000001gdy9AAA,00000588,2026-03-02T14:38:06.000+0000
2pmWj0000004XqDIAU,01tam00000BCL1DAAX,20YWj00000svrRuMAI,2mgam000001gdyAAAQ,00000991,2026-03-05T13:04:27.000+0000
2pmWj0000004XqEIAU,01tam00000BCL1DAAX,20YWj00000svrRuMAI,2mgam000001gdy9AAA,00000992,2026-03-05T13:04:27.000+0000
2pmWj0000004XocIAE,01tam00000BCL1EAAX,20YWj00000svLyMMAU,2mgam000001gdy9AAA,00000990,2026-03-05T13:02:48.000+0000
2pmWj0000004XobIAE,01tam00000BCL1EAAX,20YWj00000svLyMMAU,2mgam000001gdyAAAQ,00000989,2026-03-05T13:02:48.000+0000
2pmWj0000004RUfIAM,01tam00000BCL1FAAX,20YWj00000sNWBSMA4,2mgam000001gdyAAAQ,00000585,2026-03-02T14:36:44.000+0000
2pmWj0000004RUgIAM,01tam00000BCL1FAAX,20YWj00000sNWBSMA4,2mgam000001gdy9AAA,00000586,2026-03-02T14:36:44.000+0000
2pmWj0000004RPpIAM,01tam00000BCL1GAAX,20YWj00000sNUMVMA4,2mgam000001gdyAAAQ,00000579,2026-03-02T14:33:15.000+0000
2pmWj0000004RPqIAM,01tam00000BCL1GAAX,20YWj00000sNUMVMA4,2mgam000001gdy9AAA,00000580,2026-03-02T14:33:15.000+0000
2pmWj0000004XmzIAE,01tam00000BCL1HAAX,20YWj00000svj6BMAQ,2mgam000001gdyAAAQ,00000987,2026-03-05T13:00:02.000+0000
2pmWj0000004Xn0IAE,01tam00000BCL1HAAX,20YWj00000svj6BMAQ,2mgam000001gdy9AAA,00000988,2026-03-05T13:00:02.000+0000
2pmWj0000004XlOIAU,01tam00000BCL1IAAX,20YWj00000svqXRMAY,2mgam000001gdy9AAA,00000986,2026-03-05T12:58:16.000+0000
2pmWj0000004XlNIAU,01tam00000BCL1IAAX,20YWj00000svqXRMAY,2mgam000001gdyAAAQ,00000985,2026-03-05T12:58:16.000+0000
2pmWj0000004YxaIAE,01tam00000BCL1JAAX,20YWj00000svqFlMAI,2mgam000001gdy9AAA,00001080,2026-03-05T14:41:07.000+0000
2pmWj0000004YxZIAU,01tam00000BCL1JAAX,20YWj00000svqFlMAI,2mgam000001gdyAAAQ,00001079,2026-03-05T14:41:07.000+0000
2pmWj0000004YvxIAE,01tam00000BCL1KAAX,20YWj00000swOnhMAE,2mgam000001gdyAAAQ,00001077,2026-03-05T14:38:58.000+0000
2pmWj0000004YvyIAE,01tam00000BCL1KAAX,20YWj00000swOnhMAE,2mgam000001gdy9AAA,00001078,2026-03-05T14:38:58.000+0000
2pmWj0000004YG2IAM,01tam00000BCL1LAAX,20YWj00000sw5zbMAA,2mgam000001gdy9AAA,00001024,2026-03-05T13:51:23.000+0000
2pmWj0000004YG1IAM,01tam00000BCL1LAAX,20YWj00000sw5zbMAA,2mgam000001gdyAAAQ,00001023,2026-03-05T13:51:23.000+0000
2pmWj0000004RT4IAM,01tam00000BCL1MAAX,20YWj00000sMzAgMAK,2mgam000001gdy9AAA,00000584,2026-03-02T14:35:26.000+0000
2pmWj0000004RT3IAM,01tam00000BCL1MAAX,20YWj00000sMzAgMAK,2mgam000001gdyAAAQ,00000583,2026-03-02T14:35:26.000+0000
2pmWj0000004RcjIAE,01tam00000BCL2LAAX,20YWj00000sPW8tMAG,2mgam000001gdyAAAQ,00000595,2026-03-02T17:04:23.000+0000
2pmWj0000004RckIAE,01tam00000BCL2LAAX,20YWj00000sPW8tMAG,2mgam000001gdy9AAA,00000596,2026-03-02T17:04:23.000+0000
2pmWj0000004cLGIAY,01tam00000BCL3xAAH,20YWj00000t5cHzMAI,2mgam000001gdy9AAA,00001334,2026-03-06T11:04:00.000+0000
2pmWj0000004cLFIAY,01tam00000BCL3xAAH,20YWj00000t5cHzMAI,2mgam000001gdyAAAQ,00001333,2026-03-06T11:04:00.000+0000
2pmWj0000004RjCIAU,01tam00000BCL7BAAX,20YWj00000sPwsvMAC,2mgam000001gdy9AAA,00000604,2026-03-02T17:10:47.000+0000
2pmWj0000004RjBIAU,01tam00000BCL7BAAX,20YWj00000sPwsvMAC,2mgam000001gdyAAAQ,00000603,2026-03-02T17:10:47.000+0000
2pmWj0000004RkoIAE,01tam00000BCL8nAAH,20YWj00000sPRaeMAG,2mgam000001gdy9AAA,00000606,2026-03-02T17:12:19.000+0000
2pmWj0000004RknIAE,01tam00000BCL8nAAH,20YWj00000sPRaeMAG,2mgam000001gdyAAAQ,00000605,2026-03-02T17:12:19.000+0000
2pmWj0000004RhZIAU,01tam00000BCLDdAAP,20YWj00000sOl0OMAS,2mgam000001gdyAAAQ,00000601,2026-03-02T17:09:34.000+0000
2pmWj0000004RhaIAE,01tam00000BCLDdAAP,20YWj00000sOl0OMAS,2mgam000001gdy9AAA,00000602,2026-03-02T17:09:34.000+0000
2pmWj0000004ReMIAU,01tam00000BCLDeAAP,20YWj00000sPUNEMA4,2mgam000001gdy9AAA,00000598,2026-03-02T17:05:57.000+0000
2pmWj0000004ReLIAU,01tam00000BCLDeAAP,20YWj00000sPUNEMA4,2mgam000001gdyAAAQ,00000597,2026-03-02T17:05:57.000+0000
2pmWj0000004Rb8IAE,01tam00000BCLFFAA5,20YWj00000sNlDoMAK,2mgam000001gdy9AAA,00000594,2026-03-02T17:02:56.000+0000
2pmWj0000004Rb7IAE,01tam00000BCLFFAA5,20YWj00000sNlDoMAK,2mgam000001gdyAAAQ,00000593,2026-03-02T17:02:56.000+0000
2pmWj0000004RfyIAE,01tam00000BCLGrAAP,20YWj00000sPCADMA4,2mgam000001gdy9AAA,00000600,2026-03-02T17:08:08.000+0000
2pmWj0000004RfxIAE,01tam00000BCLGrAAP,20YWj00000sPCADMA4,2mgam000001gdyAAAQ,00000599,2026-03-02T17:08:08.000+0000
2pmWj0000004YzBIAU,01tam00000BCLGsAAP,20YWj00000sw2yZMAQ,2mgam000001gdyAAAQ,00001081,2026-03-05T14:45:01.000+0000
2pmWj0000004YzCIAU,01tam00000BCLGsAAP,20YWj00000sw2yZMAQ,2mgam000001gdy9AAA,00001082,2026-03-05T14:45:01.000+0000
2pmWj0000004Z0oIAE,01tam00000BCLGtAAP,20YWj00000svZDMMA2,2mgam000001gdy9AAA,00001084,2026-03-05T14:47:09.000+0000
2pmWj0000004Z0nIAE,01tam00000BCLGtAAP,20YWj00000svZDMMA2,2mgam000001gdyAAAQ,00001083,2026-03-05T14:47:09.000+0000
2pmWj0000004Z2PIAU,01tam00000BCLGuAAP,20YWj00000swBtmMAE,2mgam000001gdyAAAQ,00001085,2026-03-05T14:49:25.000+0000
2pmWj0000004Z2QIAU,01tam00000BCLGuAAP,20YWj00000swBtmMAE,2mgam000001gdy9AAA,00001086,2026-03-05T14:49:25.000+0000
2pmWj0000004YuNIAU,01tam00000BCLGvAAP,20YWj00000swxv3MAA,2mgam000001gdyAAAQ,00001087,2026-03-05T14:52:54.000+0000
2pmWj0000004YuOIAU,01tam00000BCLGvAAP,20YWj00000swxv3MAA,2mgam000001gdy9AAA,00001088,2026-03-05T14:52:54.000+0000
2pmWj0000004Z42IAE,01tam00000BCLGwAAP,20YWj00000swtY7MAI,2mgam000001gdy9AAA,00001090,2026-03-05T14:55:10.000+0000
2pmWj0000004Z41IAE,01tam00000BCLGwAAP,20YWj00000swtY7MAI,2mgam000001gdyAAAQ,00001089,2026-03-05T14:55:10.000+0000
2pmWj0000004Z7FIAU,01tam00000BCLGxAAP,20YWj00000sybbvMAA,2mgam000001gdyAAAQ,00001093,2026-03-05T18:06:22.000+0000
2pmWj0000004Z7GIAU,01tam00000BCLGxAAP,20YWj00000sybbvMAA,2mgam000001gdy9AAA,00001094,2026-03-05T18:06:22.000+0000
2pmWj0000004Z8sIAE,01tam00000BCLGyAAP,20YWj00000syjT6MAI,2mgam000001gdy9AAA,00001096,2026-03-05T18:08:53.000+0000
2pmWj0000004Z8rIAE,01tam00000BCLGyAAP,20YWj00000syjT6MAI,2mgam000001gdyAAAQ,00001095,2026-03-05T18:08:53.000+0000
2pmWj0000004ZC5IAM,01tam00000BCLGzAAP,20YWj00000szFeBMAU,2mgam000001gdyAAAQ,00001099,2026-03-05T18:14:38.000+0000
2pmWj0000004ZC6IAM,01tam00000BCLGzAAP,20YWj00000szFeBMAU,2mgam000001gdy9AAA,00001100,2026-03-05T18:14:38.000+0000
2pmWj0000004ZDhIAM,01tam00000BCLH0AAP,20YWj00000syQDVMA2,2mgam000001gdyAAAQ,00001101,2026-03-05T18:18:01.000+0000
2pmWj0000004ZDiIAM,01tam00000BCLH0AAP,20YWj00000syQDVMA2,2mgam000001gdy9AAA,00001102,2026-03-05T18:18:01.000+0000
2pmWj0000004ZFJIA2,01tam00000BCLH1AAP,20YWj00000sy7hHMAQ,2mgam000001gdyAAAQ,00001103,2026-03-05T18:20:19.000+0000
2pmWj0000004ZFKIA2,01tam00000BCLH1AAP,20YWj00000sy7hHMAQ,2mgam000001gdy9AAA,00001104,2026-03-05T18:20:19.000+0000
2pmWj0000004ZGwIAM,01tam00000BCLH2AAP,20YWj00000syaRTMAY,2mgam000001gdy9AAA,00001106,2026-03-05T18:23:29.000+0000
2pmWj0000004ZGvIAM,01tam00000BCLH2AAP,20YWj00000syaRTMAY,2mgam000001gdyAAAQ,00001105,2026-03-05T18:23:29.000+0000
2pmWj0000004ZK9IAM,01tam00000BCLH3AAP,20YWj00000sypOkMAI,2mgam000001gdyAAAQ,00001109,2026-03-05T18:28:02.000+0000
2pmWj0000004ZKAIA2,01tam00000BCLH3AAP,20YWj00000sypOkMAI,2mgam000001gdy9AAA,00001110,2026-03-05T18:28:02.000+0000
2pmWj0000004ZLmIAM,01tam00000BCLH4AAP,20YWj00000sy54DMAQ,2mgam000001gdy9AAA,00001112,2026-03-05T18:30:23.000+0000
2pmWj0000004ZLlIAM,01tam00000BCLH4AAP,20YWj00000sy54DMAQ,2mgam000001gdyAAAQ,00001111,2026-03-05T18:30:23.000+0000
2pmWj0000004ZP0IAM,01tam00000BCLH5AAP,20YWj00000syQLdMAM,2mgam000001gdy9AAA,00001116,2026-03-05T18:38:19.000+0000
2pmWj0000004ZOzIAM,01tam00000BCLH5AAP,20YWj00000syQLdMAM,2mgam000001gdyAAAQ,00001115,2026-03-05T18:38:19.000+0000
2pmWj0000004ZQcIAM,01tam00000BCLH6AAP,20YWj00000sz3QDMAY,2mgam000001gdy9AAA,00001118,2026-03-05T18:40:44.000+0000
2pmWj0000004ZQbIAM,01tam00000BCLH6AAP,20YWj00000sz3QDMAY,2mgam000001gdyAAAQ,00001117,2026-03-05T18:40:44.000+0000
2pmWj0000004ZNOIA2,01tam00000BCLH7AAP,20YWj00000syytXMAQ,2mgam000001gdy9AAA,00001114,2026-03-05T18:35:24.000+0000
2pmWj0000004ZNNIA2,01tam00000BCLH7AAP,20YWj00000syytXMAQ,2mgam000001gdyAAAQ,00001113,2026-03-05T18:35:24.000+0000
2pmWj0000004ZIYIA2,01tam00000BCLH8AAP,20YWj00000sz6nmMAA,2mgam000001gdy9AAA,00001108,2026-03-05T18:26:06.000+0000
2pmWj0000004ZIXIA2,01tam00000BCLH8AAP,20YWj00000sz6nmMAA,2mgam000001gdyAAAQ,00001107,2026-03-05T18:26:06.000+0000
2pmWj0000004ZAUIA2,01tam00000BCLH9AAP,20YWj00000sy8msMAA,2mgam000001gdy9AAA,00001098,2026-03-05T18:12:03.000+0000
2pmWj0000004ZATIA2,01tam00000BCLH9AAP,20YWj00000sy8msMAA,2mgam000001gdyAAAQ,00001097,2026-03-05T18:12:03.000+0000
2pmWj0000004XlSIAU,01tam00000BCLHAAA5,20YWj00000swbsxMAA,2mgam000001gdy9AAA,00001092,2026-03-05T14:57:19.000+0000
2pmWj0000004XlRIAU,01tam00000BCLHAAA5,20YWj00000swbsxMAA,2mgam000001gdyAAAQ,00001091,2026-03-05T14:57:19.000+0000
2pmWj0000004R85IAE,01tam00000BCLK5AAP,20YWj00000sMjU8MAK,2mgam000001gdyAAAQ,00000557,2026-03-02T14:13:25.000+0000
2pmWj0000004R86IAE,01tam00000BCLK5AAP,20YWj00000sMjU8MAK,2mgam000001gdy9AAA,00000558,2026-03-02T14:13:25.000+0000
2pmWj0000004R1eIAE,01tam00000BCLK6AAP,20YWj00000sM2KKMA0,2mgam000001gdy9AAA,00000550,2026-03-02T14:07:01.000+0000
2pmWj0000004R1dIAE,01tam00000BCLK6AAP,20YWj00000sM2KKMA0,2mgam000001gdyAAAQ,00000549,2026-03-02T14:07:01.000+0000
2pmWj0000004REXIA2,01tam00000BCLK7AAP,20YWj00000sNqlBMAS,2mgam000001gdyAAAQ,00000565,2026-03-02T14:19:40.000+0000
2pmWj0000004REYIA2,01tam00000BCLK7AAP,20YWj00000sNqlBMAS,2mgam000001gdy9AAA,00000566,2026-03-02T14:19:40.000+0000
2pmWj0000004RHmIAM,01tam00000BCLK8AAP,20YWj00000sNjIIMA0,2mgam000001gdy9AAA,00000570,2026-03-02T14:23:09.000+0000
2pmWj0000004RHlIAM,01tam00000BCLK8AAP,20YWj00000sNjIIMA0,2mgam000001gdyAAAQ,00000569,2026-03-02T14:23:09.000+0000
2pmWj0000004QvCIAU,01tam00000BCLK9AAP,20YWj00000sMXHeMAO,2mgam000001gdy9AAA,00000542,2026-03-02T13:58:48.000+0000
2pmWj0000004QvBIAU,01tam00000BCLK9AAP,20YWj00000sMXHeMAO,2mgam000001gdyAAAQ,00000541,2026-03-02T13:58:48.000+0000
2pmWj0000004R6TIAU,01tam00000BCLKAAA5,20YWj00000sNWOIMA4,2mgam000001gdyAAAQ,00000555,2026-03-02T14:11:57.000+0000
2pmWj0000004R6UIAU,01tam00000BCLKAAA5,20YWj00000sNWOIMA4,2mgam000001gdy9AAA,00000556,2026-03-02T14:11:57.000+0000
2pmWj0000004R3FIAU,01tam00000BCLKBAA5,20YWj00000sNNCvMAO,2mgam000001gdyAAAQ,00000551,2026-03-02T14:08:50.000+0000
2pmWj0000004R3GIAU,01tam00000BCLKBAA5,20YWj00000sNNCvMAO,2mgam000001gdy9AAA,00000552,2026-03-02T14:08:50.000+0000
2pmWj0000004RG9IAM,01tam00000BCLKCAA5,20YWj00000sM5YLMA0,2mgam000001gdyAAAQ,00000567,2026-03-02T14:21:26.000+0000
2pmWj0000004RGAIA2,01tam00000BCLKCAA5,20YWj00000sM5YLMA0,2mgam000001gdy9AAA,00000568,2026-03-02T14:21:26.000+0000
2pmWj0000004QrxIAE,01tam00000BCLKDAA5,20YWj00000sMaNWMA0,2mgam000001gdyAAAQ,00000537,2026-03-02T13:10:30.000+0000
2pmWj0000004QryIAE,01tam00000BCLKDAA5,20YWj00000sMaNWMA0,2mgam000001gdy9AAA,00000538,2026-03-02T13:10:30.000+0000
2pmWj0000004QtZIAU,01tam00000BCLKEAA5,20YWj00000sMsQrMAK,2mgam000001gdyAAAQ,00000539,2026-03-02T13:12:22.000+0000
2pmWj0000004QtaIAE,01tam00000BCLKEAA5,20YWj00000sMsQrMAK,2mgam000001gdy9AAA,00000540,2026-03-02T13:12:22.000+0000
2pmWj0000004R4sIAE,01tam00000BCLKFAA5,20YWj00000sN2TUMA0,2mgam000001gdy9AAA,00000554,2026-03-02T14:10:28.000+0000
2pmWj0000004R4rIAE,01tam00000BCLKFAA5,20YWj00000sN2TUMA0,2mgam000001gdyAAAQ,00000553,2026-03-02T14:10:28.000+0000
2pmWj0000004RBKIA2,01tam00000BCLKGAA5,20YWj00000sNjIHMA0,2mgam000001gdy9AAA,00000562,2026-03-02T14:16:19.000+0000
2pmWj0000004RBJIA2,01tam00000BCLKGAA5,20YWj00000sNjIHMA0,2mgam000001gdyAAAQ,00000561,2026-03-02T14:16:19.000+0000
2pmWj0000004QwnIAE,01tam00000BCLKHAA5,20YWj00000sNC1NMAW,2mgam000001gdyAAAQ,00000543,2026-03-02T14:01:02.000+0000
2pmWj0000004QwoIAE,01tam00000BCLKHAA5,20YWj00000sNC1NMAW,2mgam000001gdy9AAA,00000544,2026-03-02T14:01:02.000+0000
2pmWj0000004RMbIAM,01tam00000BCLKIAA5,20YWj00000sNdpbMAC,2mgam000001gdyAAAQ,00000575,2026-03-02T14:27:43.000+0000
2pmWj0000004RMcIAM,01tam00000BCLKIAA5,20YWj00000sNdpbMAC,2mgam000001gdy9AAA,00000576,2026-03-02T14:27:43.000+0000
2pmWj0000004R01IAE,01tam00000BCLKJAA5,20YWj00000sMjSZMA0,2mgam000001gdyAAAQ,00000547,2026-03-02T14:04:21.000+0000
2pmWj0000004R02IAE,01tam00000BCLKJAA5,20YWj00000sMjSZMA0,2mgam000001gdy9AAA,00000548,2026-03-02T14:04:21.000+0000
2pmWj0000004R9iIAE,01tam00000BCLKKAA5,20YWj00000sNRDLMA4,2mgam000001gdy9AAA,00000560,2026-03-02T14:14:48.000+0000
2pmWj0000004R9hIAE,01tam00000BCLKKAA5,20YWj00000sNRDLMA4,2mgam000001gdyAAAQ,00000559,2026-03-02T14:14:48.000+0000
2pmWj0000004QyQIAU,01tam00000BCLKLAA5,20YWj00000sNDDZMA4,2mgam000001gdy9AAA,00000546,2026-03-02T14:02:29.000+0000
2pmWj0000004QyPIAU,01tam00000BCLKLAA5,20YWj00000sNDDZMA4,2mgam000001gdyAAAQ,00000545,2026-03-02T14:02:29.000+0000
2pmWj0000004ROEIA2,01tam00000BCLKMAA5,20YWj00000sMBHBMA4,2mgam000001gdy9AAA,00000578,2026-03-02T14:30:21.000+0000
2pmWj0000004RODIA2,01tam00000BCLKMAA5,20YWj00000sMBHBMA4,2mgam000001gdyAAAQ,00000577,2026-03-02T14:30:21.000+0000
2pmWj0000004RJOIA2,01tam00000BCLKNAA5,20YWj00000sNtfqMAC,2mgam000001gdy9AAA,00000572,2026-03-02T14:25:02.000+0000
2pmWj0000004RJNIA2,01tam00000BCLKNAA5,20YWj00000sNtfqMAC,2mgam000001gdyAAAQ,00000571,2026-03-02T14:25:02.000+0000
2pmWj0000004RKzIAM,01tam00000BCLKOAA5,20YWj00000sNeNTMA0,2mgam000001gdyAAAQ,00000573,2026-03-02T14:26:23.000+0000
2pmWj0000004RL0IAM,01tam00000BCLKOAA5,20YWj00000sNeNTMA0,2mgam000001gdy9AAA,00000574,2026-03-02T14:26:23.000+0000
2pmWj0000004RCvIAM,01tam00000BCLKPAA5,20YWj00000sN3vrMAC,2mgam000001gdyAAAQ,00000563,2026-03-02T14:17:56.000+0000
2pmWj0000004RCwIAM,01tam00000BCLKPAA5,20YWj00000sN3vrMAC,2mgam000001gdy9AAA,00000564,2026-03-02T14:17:56.000+0000
2pmWj0000004ZSDIA2,01tam00000BCLLhAAP,20YWj00000syjzJMAQ,2mgam000001gdyAAAQ,00001119,2026-03-05T18:43:58.000+0000
2pmWj0000004ZSEIA2,01tam00000BCLLhAAP,20YWj00000syjzJMAQ,2mgam000001gdy9AAA,00001120,2026-03-05T18:43:58.000+0000
2pmWj0000004ZTqIAM,01tam00000BCLLiAAP,20YWj00000sylLEMAY,2mgam000001gdy9AAA,00001122,2026-03-05T18:47:00.000+0000
2pmWj0000004ZTpIAM,01tam00000BCLLiAAP,20YWj00000sylLEMAY,2mgam000001gdyAAAQ,00001121,2026-03-05T18:47:00.000+0000
2pmWj0000004ZVRIA2,01tam00000BCLLjAAP,20YWj00000szELbMAM,2mgam000001gdyAAAQ,00001123,2026-03-05T18:49:22.000+0000
2pmWj0000004ZVSIA2,01tam00000BCLLjAAP,20YWj00000szELbMAM,2mgam000001gdy9AAA,00001124,2026-03-05T18:49:22.000+0000
2pmWj0000004axlIAA,01tam00000BCLLkAAP,20YWj00000t0PlBMAU,2mgam000001gdyAAAQ,00001231,2026-03-05T20:39:29.000+0000
2pmWj0000004axmIAA,01tam00000BCLLkAAP,20YWj00000t0PlBMAU,2mgam000001gdy9AAA,00001232,2026-03-05T20:39:29.000+0000
2pmWj0000004cGQIAY,01tam00000BCLLlAAP,20YWj00000t5m60MAA,2mgam000001gdy9AAA,00001328,2026-03-06T11:02:25.000+0000
2pmWj0000004cGPIAY,01tam00000BCLLlAAP,20YWj00000t5m60MAA,2mgam000001gdyAAAQ,00001327,2026-03-06T11:02:25.000+0000
2pmWj0000004bSQIAY,01tam00000BCLLmAAP,20YWj00000t4TWoMAM,2mgam000001gdy9AAA,00001268,2026-03-06T06:33:09.000+0000
2pmWj0000004bSPIAY,01tam00000BCLLmAAP,20YWj00000t4TWoMAM,2mgam000001gdyAAAQ,00001267,2026-03-06T06:33:09.000+0000
2pmWj0000004asvIAA,01tam00000BCLLnAAP,20YWj00000t0g1DMAQ,2mgam000001gdyAAAQ,00001225,2026-03-05T20:18:26.000+0000
2pmWj0000004aswIAA,01tam00000BCLLnAAP,20YWj00000t0g1DMAQ,2mgam000001gdy9AAA,00001226,2026-03-05T20:18:26.000+0000
2pmWj0000004aw9IAA,01tam00000BCLLoAAP,20YWj00000t0NWVMA2,2mgam000001gdyAAAQ,00001229,2026-03-05T20:35:47.000+0000
2pmWj0000004awAIAQ,01tam00000BCLLoAAP,20YWj00000t0NWVMA2,2mgam000001gdy9AAA,00001230,2026-03-05T20:35:47.000+0000
2pmWj0000004bNZIAY,01tam00000BCLLpAAP,20YWj00000szxnTMAQ,2mgam000001gdyAAAQ,00001263,2026-03-05T21:13:00.000+0000
2pmWj0000004bNaIAI,01tam00000BCLLpAAP,20YWj00000szxnTMAQ,2mgam000001gdy9AAA,00001264,2026-03-05T21:13:00.000+0000
2pmWj0000004RZVIA2,01tam00000BCLNJAA5,20YWj00000sPiA3MAK,2mgam000001gdyAAAQ,00000591,2026-03-02T17:00:49.000+0000
2pmWj0000004RZWIA2,01tam00000BCLNJAA5,20YWj00000sPiA3MAK,2mgam000001gdy9AAA,00000592,2026-03-02T17:00:49.000+0000
2pmWj0000004bIjIAI,01tam00000BCLOvAAP,20YWj00000t12hgMAA,2mgam000001gdyAAAQ,00001257,2026-03-05T21:05:38.000+0000
2pmWj0000004bIkIAI,01tam00000BCLOvAAP,20YWj00000t12hgMAA,2mgam000001gdy9AAA,00001258,2026-03-05T21:05:38.000+0000
2pmWj0000004b5pIAA,01tam00000BCLOwAAP,20YWj00000t0lQiMAI,2mgam000001gdyAAAQ,00001241,2026-03-05T20:49:43.000+0000
2pmWj0000004b5qIAA,01tam00000BCLOwAAP,20YWj00000t0lQiMAI,2mgam000001gdy9AAA,00001242,2026-03-05T20:49:43.000+0000
2pmWj0000004bH7IAI,01tam00000BCLOxAAP,20YWj00000t1GXhMAM,2mgam000001gdyAAAQ,00001255,2026-03-05T21:04:10.000+0000
2pmWj0000004bH8IAI,01tam00000BCLOxAAP,20YWj00000t1GXhMAM,2mgam000001gdy9AAA,00001256,2026-03-05T21:04:10.000+0000
2pmWj0000004b4DIAQ,01tam00000BCLOyAAP,20YWj00000t0jDdMAI,2mgam000001gdyAAAQ,00001239,2026-03-05T20:48:22.000+0000
2pmWj0000004b4EIAQ,01tam00000BCLOyAAP,20YWj00000t0jDdMAI,2mgam000001gdy9AAA,00001240,2026-03-05T20:48:22.000+0000
2pmWj0000004b93IAA,01tam00000BCLOzAAP,20YWj00000t1ATtMAM,2mgam000001gdyAAAQ,00001245,2026-03-05T20:55:54.000+0000
2pmWj0000004b94IAA,01tam00000BCLOzAAP,20YWj00000t1ATtMAM,2mgam000001gdy9AAA,00001246,2026-03-05T20:55:54.000+0000
2pmWj0000004bFWIAY,01tam00000BCLP0AAP,20YWj00000szjFqMAI,2mgam000001gdy9AAA,00001254,2026-03-05T21:02:42.000+0000
2pmWj0000004bFVIAY,01tam00000BCLP0AAP,20YWj00000szjFqMAI,2mgam000001gdyAAAQ,00001253,2026-03-05T21:02:42.000+0000
2pmWj0000004bAgIAI,01tam00000BCLP1AAP,20YWj00000t1Bg5MAE,2mgam000001gdy9AAA,00001248,2026-03-05T20:57:39.000+0000
2pmWj0000004bAfIAI,01tam00000BCLP1AAP,20YWj00000t1Bg5MAE,2mgam000001gdyAAAQ,00001247,2026-03-05T20:57:39.000+0000
2pmWj0000004bCIIAY,01tam00000BCLP2AAP,20YWj00000t1AKEMA2,2mgam000001gdy9AAA,00001250,2026-03-05T20:59:21.000+0000
2pmWj0000004bCHIAY,01tam00000BCLP2AAP,20YWj00000t1AKEMA2,2mgam000001gdyAAAQ,00001249,2026-03-05T20:59:21.000+0000
2pmWj0000004bDuIAI,01tam00000BCLP3AAP,20YWj00000t1DpxMAE,2mgam000001gdy9AAA,00001252,2026-03-05T21:00:40.000+0000
2pmWj0000004bDtIAI,01tam00000BCLP3AAP,20YWj00000t1DpxMAE,2mgam000001gdyAAAQ,00001251,2026-03-05T21:00:40.000+0000
2pmWj0000004b7RIAQ,01tam00000BCLP4AAP,20YWj00000t0oWdMAI,2mgam000001gdyAAAQ,00001243,2026-03-05T20:54:21.000+0000
2pmWj0000004b7SIAQ,01tam00000BCLP4AAP,20YWj00000t0oWdMAI,2mgam000001gdy9AAA,00001244,2026-03-05T20:54:21.000+0000
2pmWj0000004b2bIAA,01tam00000BCLP5AAP,20YWj00000t0aYYMAY,2mgam000001gdyAAAQ,00001237,2026-03-05T20:46:32.000+0000
2pmWj0000004b2cIAA,01tam00000BCLP5AAP,20YWj00000t0aYYMAY,2mgam000001gdy9AAA,00001238,2026-03-05T20:46:32.000+0000
2pmWj0000004bU2IAI,01tam00000BCLP6AAP,20YWj00000t4C2yMAE,2mgam000001gdy9AAA,00001270,2026-03-06T06:35:47.000+0000
2pmWj0000004bU1IAI,01tam00000BCLP6AAP,20YWj00000t4C2yMAE,2mgam000001gdyAAAQ,00001269,2026-03-06T06:35:47.000+0000
2pmWj0000004bVeIAI,01tam00000BCLP7AAP,20YWj00000t4Z7bMAE,2mgam000001gdy9AAA,00001272,2026-03-06T06:38:16.000+0000
2pmWj0000004bVdIAI,01tam00000BCLP7AAP,20YWj00000t4Z7bMAE,2mgam000001gdyAAAQ,00001271,2026-03-06T06:38:16.000+0000
2pmWj0000004bXFIAY,01tam00000BCLP8AAP,20YWj00000t40ZhMAI,2mgam000001gdyAAAQ,00001273,2026-03-06T06:41:00.000+0000
2pmWj0000004bXGIAY,01tam00000BCLP8AAP,20YWj00000t40ZhMAI,2mgam000001gdy9AAA,00001274,2026-03-06T06:41:00.000+0000
2pmWj0000004bYsIAI,01tam00000BCLP9AAP,20YWj00000t4c2DMAQ,2mgam000001gdy9AAA,00001276,2026-03-06T06:43:19.000+0000
2pmWj0000004bYrIAI,01tam00000BCLP9AAP,20YWj00000t4c2DMAQ,2mgam000001gdyAAAQ,00001275,2026-03-06T06:43:19.000+0000
2pmWj0000004bLyIAI,01tam00000BCLPAAA5,20YWj00000t13LzMAI,2mgam000001gdy9AAA,00001262,2026-03-05T21:10:03.000+0000
2pmWj0000004bLxIAI,01tam00000BCLPAAA5,20YWj00000t13LzMAI,2mgam000001gdyAAAQ,00001261,2026-03-05T21:10:03.000+0000
2pmWj0000004baUIAQ,01tam00000BCLPBAA5,20YWj00000t4YzWMAU,2mgam000001gdy9AAA,00001278,2026-03-06T06:43:43.000+0000
2pmWj0000004baTIAQ,01tam00000BCLPBAA5,20YWj00000t4YzWMAU,2mgam000001gdyAAAQ,00001277,2026-03-06T06:43:43.000+0000
2pmWj0000004auXIAQ,01tam00000BCLPCAA5,20YWj00000szTm3MAE,2mgam000001gdyAAAQ,00001227,2026-03-05T20:22:45.000+0000
2pmWj0000004auYIAQ,01tam00000BCLPCAA5,20YWj00000szTm3MAE,2mgam000001gdy9AAA,00001228,2026-03-05T20:22:45.000+0000
2pmWj0000004azOIAQ,01tam00000BCLPDAA5,20YWj00000t0A35MAE,2mgam000001gdy9AAA,00001234,2026-03-05T20:41:06.000+0000
2pmWj0000004azNIAQ,01tam00000BCLPDAA5,20YWj00000t0A35MAE,2mgam000001gdyAAAQ,00001233,2026-03-05T20:41:06.000+0000
2pmWj0000004bKMIAY,01tam00000BCLPEAA5,20YWj00000t0clbMAA,2mgam000001gdy9AAA,00001260,2026-03-05T21:07:04.000+0000
2pmWj0000004bKLIAY,01tam00000BCLPEAA5,20YWj00000t0clbMAA,2mgam000001gdyAAAQ,00001259,2026-03-05T21:07:04.000+0000
2pmWj0000004bnOIAQ,01tam00000BCLPFAA5,20YWj00000t5ZiIMAU,2mgam000001gdy9AAA,00001292,2026-03-06T10:39:41.000+0000
2pmWj0000004bnNIAQ,01tam00000BCLPFAA5,20YWj00000t5ZiIMAU,2mgam000001gdyAAAQ,00001291,2026-03-06T10:39:41.000+0000
2pmWj0000004bp0IAA,01tam00000BCLPGAA5,20YWj00000t5OGcMAM,2mgam000001gdy9AAA,00001294,2026-03-06T10:42:11.000+0000
2pmWj0000004bozIAA,01tam00000BCLPGAA5,20YWj00000t5OGcMAM,2mgam000001gdyAAAQ,00001293,2026-03-06T10:42:11.000+0000
2pmWj0000004bqcIAA,01tam00000BCLPHAA5,20YWj00000t5heCMAQ,2mgam000001gdy9AAA,00001296,2026-03-06T10:45:53.000+0000
2pmWj0000004bqbIAA,01tam00000BCLPHAA5,20YWj00000t5heCMAQ,2mgam000001gdyAAAQ,00001295,2026-03-06T10:45:53.000+0000
2pmWj0000004bsEIAQ,01tam00000BCLPIAA5,20YWj00000t5o1KMAQ,2mgam000001gdy9AAA,00001298,2026-03-06T10:47:27.000+0000
2pmWj0000004bsDIAQ,01tam00000BCLPIAA5,20YWj00000t5o1KMAQ,2mgam000001gdyAAAQ,00001297,2026-03-06T10:47:27.000+0000
2pmWj0000004c1tIAA,01tam00000BCLPJAA5,20YWj00000t5NNmMAM,2mgam000001gdyAAAQ,00001309,2026-03-06T10:52:46.000+0000
2pmWj0000004c1uIAA,01tam00000BCLPJAA5,20YWj00000t5NNmMAM,2mgam000001gdy9AAA,00001310,2026-03-06T10:52:46.000+0000
2pmWj0000004bvRIAQ,01tam00000BCLPKAA5,20YWj00000t4x1xMAA,2mgam000001gdyAAAQ,00001301,2026-03-06T10:49:51.000+0000
2pmWj0000004bvSIAQ,01tam00000BCLPKAA5,20YWj00000t4x1xMAA,2mgam000001gdy9AAA,00001302,2026-03-06T10:49:51.000+0000
2pmWj0000004c57IAA,01tam00000BCLPLAA5,20YWj00000t5mvbMAA,2mgam000001gdyAAAQ,00001313,2026-03-06T10:54:02.000+0000
2pmWj0000004c58IAA,01tam00000BCLPLAA5,20YWj00000t5mvbMAA,2mgam000001gdy9AAA,00001314,2026-03-06T10:54:02.000+0000
2pmWj0000004c0HIAQ,01tam00000BCLPMAA5,20YWj00000t5kFSMAY,2mgam000001gdyAAAQ,00001307,2026-03-06T10:51:58.000+0000
2pmWj0000004c0IIAQ,01tam00000BCLPMAA5,20YWj00000t5kFSMAY,2mgam000001gdy9AAA,00001308,2026-03-06T10:51:58.000+0000
2pmWj0000004bx4IAA,01tam00000BCLPNAA5,20YWj00000t5T07MAE,2mgam000001gdy9AAA,00001304,2026-03-06T10:50:28.000+0000
2pmWj0000004bx3IAA,01tam00000BCLPNAA5,20YWj00000t5T07MAE,2mgam000001gdyAAAQ,00001303,2026-03-06T10:50:28.000+0000
2pmWj0000004c3VIAQ,01tam00000BCLPOAA5,20YWj00000t5jhcMAA,2mgam000001gdyAAAQ,00001311,2026-03-06T10:53:26.000+0000
2pmWj0000004c3WIAQ,01tam00000BCLPOAA5,20YWj00000t5jhcMAA,2mgam000001gdy9AAA,00001312,2026-03-06T10:53:26.000+0000
2pmWj0000004btqIAA,01tam00000BCLPPAA5,20YWj00000t5Qv4MAE,2mgam000001gdy9AAA,00001300,2026-03-06T10:49:02.000+0000
2pmWj0000004btpIAA,01tam00000BCLPPAA5,20YWj00000t5Qv4MAE,2mgam000001gdyAAAQ,00001299,2026-03-06T10:49:02.000+0000
2pmWj0000004bygIAA,01tam00000BCLPQAA5,20YWj00000t5EVmMAM,2mgam000001gdy9AAA,00001306,2026-03-06T10:51:32.000+0000
2pmWj0000004byfIAA,01tam00000BCLPQAA5,20YWj00000t5EVmMAM,2mgam000001gdyAAAQ,00001305,2026-03-06T10:51:32.000+0000
2pmWj0000004c6jIAA,01tam00000BCLPRAA5,20YWj00000t5TZcMAM,2mgam000001gdyAAAQ,00001315,2026-03-06T10:54:54.000+0000
2pmWj0000004c6kIAA,01tam00000BCLPRAA5,20YWj00000t5TZcMAM,2mgam000001gdy9AAA,00001316,2026-03-06T10:54:54.000+0000
2pmWj0000004bQoIAI,01tam00000BCLPSAA5,20YWj00000t1jrRMAQ,2mgam000001gdy9AAA,00001266,2026-03-05T21:51:03.000+0000
2pmWj0000004bQnIAI,01tam00000BCLPSAA5,20YWj00000t1jrRMAQ,2mgam000001gdyAAAQ,00001265,2026-03-05T21:51:03.000+0000
2pmWj0000004bdhIAA,01tam00000BCLPTAA5,20YWj00000t5NsMMAU,2mgam000001gdyAAAQ,00001279,2026-03-06T10:21:08.000+0000
2pmWj0000004bdiIAA,01tam00000BCLPTAA5,20YWj00000t5NsMMAU,2mgam000001gdy9AAA,00001280,2026-03-06T10:21:08.000+0000
2pmWj0000004bfJIAQ,01tam00000BCLPUAA5,20YWj00000t5ICoMAM,2mgam000001gdyAAAQ,00001281,2026-03-06T10:24:18.000+0000
2pmWj0000004bfKIAQ,01tam00000BCLPUAA5,20YWj00000t5ICoMAM,2mgam000001gdy9AAA,00001282,2026-03-06T10:24:18.000+0000
2pmWj0000004bgvIAA,01tam00000BCLPVAA5,20YWj00000t4wgxMAA,2mgam000001gdyAAAQ,00001283,2026-03-06T10:28:47.000+0000
2pmWj0000004bgwIAA,01tam00000BCLPVAA5,20YWj00000t4wgxMAA,2mgam000001gdy9AAA,00001284,2026-03-06T10:28:47.000+0000
2pmWj0000004biYIAQ,01tam00000BCLPWAA5,20YWj00000t5ArxMAE,2mgam000001gdy9AAA,00001286,2026-03-06T10:32:15.000+0000
2pmWj0000004biXIAQ,01tam00000BCLPWAA5,20YWj00000t5ArxMAE,2mgam000001gdyAAAQ,00001285,2026-03-06T10:32:15.000+0000
2pmWj0000004bkAIAQ,01tam00000BCLPXAA5,20YWj00000t5k7QMAQ,2mgam000001gdy9AAA,00001288,2026-03-06T10:35:16.000+0000
2pmWj0000004bk9IAA,01tam00000BCLPXAA5,20YWj00000t5k7QMAQ,2mgam000001gdyAAAQ,00001287,2026-03-06T10:35:16.000+0000
2pmWj0000004blmIAA,01tam00000BCLPYAA5,20YWj00000t51C0MAI,2mgam000001gdy9AAA,00001290,2026-03-06T10:35:44.000+0000
2pmWj0000004bllIAA,01tam00000BCLPYAA5,20YWj00000t51C0MAI,2mgam000001gdyAAAQ,00001289,2026-03-06T10:35:44.000+0000
2pmWj0000004ajFIAQ,01tam00000BCLVNAA5,20YWj00000t0a0cMAA,2mgam000001gdyAAAQ,00001213,2026-03-05T20:05:06.000+0000
2pmWj0000004ajGIAQ,01tam00000BCLVNAA5,20YWj00000t0a0cMAA,2mgam000001gdy9AAA,00001214,2026-03-05T20:05:06.000+0000
2pmWj0000004aUkIAI,01tam00000BCLVOAA5,20YWj00000szaHGMAY,2mgam000001gdy9AAA,00001196,2026-03-05T19:52:07.000+0000
2pmWj0000004aUjIAI,01tam00000BCLVOAA5,20YWj00000szaHGMAY,2mgam000001gdyAAAQ,00001195,2026-03-05T19:52:07.000+0000
2pmWj0000004ag2IAA,01tam00000BCLVPAA5,20YWj00000t0G0KMAU,2mgam000001gdy9AAA,00001210,2026-03-05T20:02:16.000+0000
2pmWj0000004ag1IAA,01tam00000BCLVPAA5,20YWj00000t0G0KMAU,2mgam000001gdyAAAQ,00001209,2026-03-05T20:02:16.000+0000
2pmWj0000004ao5IAA,01tam00000BCLVQAA5,20YWj00000t0gyrMAA,2mgam000001gdyAAAQ,00001219,2026-03-05T20:13:20.000+0000
2pmWj0000004ao6IAA,01tam00000BCLVQAA5,20YWj00000t0gyrMAA,2mgam000001gdy9AAA,00001220,2026-03-05T20:13:20.000+0000
2pmWj0000004abBIAQ,01tam00000BCLVRAA5,20YWj00000szm0gMAA,2mgam000001gdyAAAQ,00001203,2026-03-05T19:58:03.000+0000
2pmWj0000004abCIAQ,01tam00000BCLVRAA5,20YWj00000szm0gMAA,2mgam000001gdy9AAA,00001204,2026-03-05T19:58:03.000+0000
2pmWj0000004arJIAQ,01tam00000BCLVSAA5,20YWj00000szGX3MAM,2mgam000001gdyAAAQ,00001223,2026-03-05T20:16:38.000+0000
2pmWj0000004arKIAQ,01tam00000BCLVSAA5,20YWj00000szGX3MAM,2mgam000001gdy9AAA,00001224,2026-03-05T20:16:38.000+0000
2pmWj0000004aksIAA,01tam00000BCLVTAA5,20YWj00000szipsMAA,2mgam000001gdy9AAA,00001216,2026-03-05T20:07:53.000+0000
2pmWj0000004akrIAA,01tam00000BCLVTAA5,20YWj00000szipsMAA,2mgam000001gdyAAAQ,00001215,2026-03-05T20:07:53.000+0000
2pmWj0000004aXxIAI,01tam00000BCLVUAA5,20YWj00000szwZYMAY,2mgam000001gdyAAAQ,00001199,2026-03-05T19:55:41.000+0000
2pmWj0000004aXyIAI,01tam00000BCLVUAA5,20YWj00000szwZYMAY,2mgam000001gdy9AAA,00001200,2026-03-05T19:55:41.000+0000
2pmWj0000004aphIAA,01tam00000BCLVVAA5,20YWj00000t0gScMAI,2mgam000001gdyAAAQ,00001221,2026-03-05T20:14:50.000+0000
2pmWj0000004apiIAA,01tam00000BCLVVAA5,20YWj00000t0gScMAI,2mgam000001gdy9AAA,00001222,2026-03-05T20:14:50.000+0000
2pmWj0000004acoIAA,01tam00000BCLVWAA5,20YWj00000szok2MAA,2mgam000001gdy9AAA,00001206,2026-03-05T19:59:33.000+0000
2pmWj0000004acnIAA,01tam00000BCLVWAA5,20YWj00000szok2MAA,2mgam000001gdyAAAQ,00001205,2026-03-05T19:59:33.000+0000
2pmWj0000004aePIAQ,01tam00000BCLVXAA5,20YWj00000t05haMAA,2mgam000001gdyAAAQ,00001207,2026-03-05T20:00:41.000+0000
2pmWj0000004aeQIAQ,01tam00000BCLVXAA5,20YWj00000t05haMAA,2mgam000001gdy9AAA,00001208,2026-03-05T20:00:41.000+0000
2pmWj0000004amTIAQ,01tam00000BCLVYAA5,20YWj00000szkutMAA,2mgam000001gdyAAAQ,00001217,2026-03-05T20:11:03.000+0000
2pmWj0000004amUIAQ,01tam00000BCLVYAA5,20YWj00000szkutMAA,2mgam000001gdy9AAA,00001218,2026-03-05T20:11:03.000+0000
2pmWj0000004aZaIAI,01tam00000BCLVZAA5,20YWj00000szz19MAA,2mgam000001gdy9AAA,00001202,2026-03-05T19:56:55.000+0000
2pmWj0000004aZZIAY,01tam00000BCLVZAA5,20YWj00000szz19MAA,2mgam000001gdyAAAQ,00001201,2026-03-05T19:56:55.000+0000
2pmWj0000004aheIAA,01tam00000BCLVaAAP,20YWj00000t0HilMAE,2mgam000001gdy9AAA,00001212,2026-03-05T20:03:27.000+0000
2pmWj0000004ahdIAA,01tam00000BCLVaAAP,20YWj00000t0HilMAE,2mgam000001gdyAAAQ,00001211,2026-03-05T20:03:27.000+0000
2pmWj0000004aT8IAI,01tam00000BCLVbAAP,20YWj00000t0L6QMAU,2mgam000001gdy9AAA,00001194,2026-03-05T19:50:59.000+0000
2pmWj0000004aT7IAI,01tam00000BCLVbAAP,20YWj00000t0L6QMAU,2mgam000001gdyAAAQ,00001193,2026-03-05T19:50:59.000+0000
2pmWj0000004aWLIAY,01tam00000BCLVcAAP,20YWj00000szz2jMAA,2mgam000001gdyAAAQ,00001197,2026-03-05T19:54:24.000+0000
2pmWj0000004aWMIAY,01tam00000BCLVcAAP,20YWj00000szz2jMAA,2mgam000001gdy9AAA,00001198,2026-03-05T19:54:24.000+0000
2pmWj0000004aPuIAI,01tam00000BCLVdAAP,20YWj00000t019MMAQ,2mgam000001gdy9AAA,00001190,2026-03-05T19:48:44.000+0000
2pmWj0000004aPtIAI,01tam00000BCLVdAAP,20YWj00000t019MMAQ,2mgam000001gdyAAAQ,00001189,2026-03-05T19:48:44.000+0000
2pmWj0000004aHpIAI,01tam00000BCLVeAAP,20YWj00000szPlhMAE,2mgam000001gdyAAAQ,00001179,2026-03-05T19:42:31.000+0000
2pmWj0000004aHqIAI,01tam00000BCLVeAAP,20YWj00000szPlhMAE,2mgam000001gdy9AAA,00001180,2026-03-05T19:42:31.000+0000
2pmWj0000004aEcIAI,01tam00000BCLVfAAP,20YWj00000szckWMAQ,2mgam000001gdy9AAA,00001176,2026-03-05T19:40:20.000+0000
2pmWj0000004aEbIAI,01tam00000BCLVfAAP,20YWj00000szckWMAQ,2mgam000001gdyAAAQ,00001175,2026-03-05T19:40:20.000+0000
2pmWj0000004aJRIAY,01tam00000BCLVgAAP,20YWj00000szcNwMAI,2mgam000001gdyAAAQ,00001181,2026-03-05T19:43:32.000+0000
2pmWj0000004aJSIAY,01tam00000BCLVgAAP,20YWj00000szcNwMAI,2mgam000001gdy9AAA,00001182,2026-03-05T19:43:32.000+0000
2pmWj0000004aGDIAY,01tam00000BCLVhAAP,20YWj00000t0GGRMA2,2mgam000001gdyAAAQ,00001177,2026-03-05T19:41:22.000+0000
2pmWj0000004aGEIAY,01tam00000BCLVhAAP,20YWj00000t0GGRMA2,2mgam000001gdy9AAA,00001178,2026-03-05T19:41:22.000+0000
2pmWj0000004aL4IAI,01tam00000BCLViAAP,20YWj00000sziZjMAI,2mgam000001gdy9AAA,00001184,2026-03-05T19:44:37.000+0000
2pmWj0000004aL3IAI,01tam00000BCLViAAP,20YWj00000sziZjMAI,2mgam000001gdyAAAQ,00001183,2026-03-05T19:44:37.000+0000
2pmWj0000004ZqPIAU,01tam00000BCLVjAAP,20YWj00000szbzfMAA,2mgam000001gdyAAAQ,00001151,2026-03-05T19:06:58.000+0000
2pmWj0000004ZqQIAU,01tam00000BCLVjAAP,20YWj00000szbzfMAA,2mgam000001gdy9AAA,00001152,2026-03-05T19:06:58.000+0000
2pmWj0000004a05IAA,01tam00000BCLVkAAP,20YWj00000szyxpMAA,2mgam000001gdyAAAQ,00001163,2026-03-05T19:16:08.000+0000
2pmWj0000004a06IAA,01tam00000BCLVkAAP,20YWj00000szyxpMAA,2mgam000001gdy9AAA,00001164,2026-03-05T19:16:08.000+0000
2pmWj0000004ZvFIAU,01tam00000BCLVlAAP,20YWj00000syyQWMAY,2mgam000001gdyAAAQ,00001157,2026-03-05T19:13:07.000+0000
2pmWj0000004ZvGIAU,01tam00000BCLVlAAP,20YWj00000syyQWMAY,2mgam000001gdy9AAA,00001158,2026-03-05T19:13:07.000+0000
2pmWj0000004a1iIAA,01tam00000BCLVmAAP,20YWj00000szuuFMAQ,2mgam000001gdy9AAA,00001166,2026-03-05T19:17:14.000+0000
2pmWj0000004a1hIAA,01tam00000BCLVmAAP,20YWj00000szuuFMAQ,2mgam000001gdyAAAQ,00001165,2026-03-05T19:17:14.000+0000
2pmWj0000004Zs1IAE,01tam00000BCLVnAAP,20YWj00000sytAoMAI,2mgam000001gdyAAAQ,00001153,2026-03-05T19:08:52.000+0000
2pmWj0000004Zs2IAE,01tam00000BCLVnAAP,20YWj00000sytAoMAI,2mgam000001gdy9AAA,00001154,2026-03-05T19:08:52.000+0000
2pmWj0000004aMfIAI,01tam00000BCLVoAAP,20YWj00000szrWZMAY,2mgam000001gdyAAAQ,00001185,2026-03-05T19:45:57.000+0000
2pmWj0000004aMgIAI,01tam00000BCLVoAAP,20YWj00000szrWZMAY,2mgam000001gdy9AAA,00001186,2026-03-05T19:45:57.000+0000
2pmWj0000004ZonIAE,01tam00000BCLVpAAP,20YWj00000syccuMAA,2mgam000001gdyAAAQ,00001149,2026-03-05T19:04:37.000+0000
2pmWj0000004ZooIAE,01tam00000BCLVpAAP,20YWj00000syccuMAA,2mgam000001gdy9AAA,00001150,2026-03-05T19:04:37.000+0000
2pmWj0000004ZwrIAE,01tam00000BCLVqAAP,20YWj00000sz73xMAA,2mgam000001gdyAAAQ,00001159,2026-03-05T19:14:07.000+0000
2pmWj0000004ZwsIAE,01tam00000BCLVqAAP,20YWj00000sz73xMAA,2mgam000001gdy9AAA,00001160,2026-03-05T19:14:07.000+0000
2pmWj0000004aRWIAY,01tam00000BCLVrAAP,20YWj00000szpOKMAY,2mgam000001gdy9AAA,00001192,2026-03-05T19:49:53.000+0000
2pmWj0000004aRVIAY,01tam00000BCLVrAAP,20YWj00000szpOKMAY,2mgam000001gdyAAAQ,00001191,2026-03-05T19:49:53.000+0000
2pmWj0000004ZtdIAE,01tam00000BCLVsAAP,20YWj00000szw3BMAQ,2mgam000001gdyAAAQ,00001155,2026-03-05T19:11:51.000+0000
2pmWj0000004ZteIAE,01tam00000BCLVsAAP,20YWj00000szw3BMAQ,2mgam000001gdy9AAA,00001156,2026-03-05T19:11:51.000+0000
2pmWj0000004aOHIAY,01tam00000BCLVtAAP,20YWj00000szemGMAQ,2mgam000001gdyAAAQ,00001187,2026-03-05T19:47:17.000+0000
2pmWj0000004aOIIAY,01tam00000BCLVtAAP,20YWj00000szemGMAQ,2mgam000001gdy9AAA,00001188,2026-03-05T19:47:17.000+0000
2pmWj0000004ZyTIAU,01tam00000BCLVuAAP,20YWj00000szbGYMAY,2mgam000001gdyAAAQ,00001161,2026-03-05T19:14:59.000+0000
2pmWj0000004ZyUIAU,01tam00000BCLVuAAP,20YWj00000szbGYMAY,2mgam000001gdy9AAA,00001162,2026-03-05T19:14:59.000+0000
2pmWj0000004a3KIAQ,01tam00000BCLVvAAP,20YWj00000sywYOMAY,2mgam000001gdy9AAA,00001168,2026-03-05T19:18:20.000+0000
2pmWj0000004a3JIAQ,01tam00000BCLVvAAP,20YWj00000sywYOMAY,2mgam000001gdyAAAQ,00001167,2026-03-05T19:18:20.000+0000
2pmWj0000004a89IAA,01tam00000BCLVwAAP,20YWj00000szL5GMAU,2mgam000001gdy9AAA,00001173,2026-03-05T19:22:42.000+0000
2pmWj0000004aCzIAI,01tam00000BCLVwAAP,20YWj00000szL5GMAU,2mgam000001gdyAAAQ,00001174,2026-03-05T19:38:57.000+0000
2pmWj0000004ZaIIAU,01tam00000BCLWzAAP,20YWj00000syhvuMAA,2mgam000001gdy9AAA,00001130,2026-03-05T18:52:54.000+0000
2pmWj0000004ZaHIAU,01tam00000BCLWzAAP,20YWj00000syhvuMAA,2mgam000001gdyAAAQ,00001129,2026-03-05T18:52:54.000+0000
2pmWj0000004ZgjIAE,01tam00000BCLX0AAP,20YWj00000szl1JMAQ,2mgam000001gdyAAAQ,00001137,2026-03-05T18:57:43.000+0000
2pmWj0000004ZgkIAE,01tam00000BCLX0AAP,20YWj00000szl1JMAQ,2mgam000001gdy9AAA,00001138,2026-03-05T18:57:43.000+0000
2pmWj0000004ZlaIAE,01tam00000BCLX1AAP,20YWj00000sywGgMAI,2mgam000001gdy9AAA,00001144,2026-03-05T19:00:45.000+0000
2pmWj0000004ZlZIAU,01tam00000BCLX1AAP,20YWj00000sywGgMAI,2mgam000001gdyAAAQ,00001143,2026-03-05T19:00:45.000+0000
2pmWj0000004ZnBIAU,01tam00000BCLX2AAP,20YWj00000syGhHMAU,2mgam000001gdyAAAQ,00001147,2026-03-05T19:02:37.000+0000
2pmWj0000004ZnCIAU,01tam00000BCLX2AAP,20YWj00000syGhHMAU,2mgam000001gdy9AAA,00001148,2026-03-05T19:02:37.000+0000
2pmWj0000004Zf7IAE,01tam00000BCLX3AAP,20YWj00000szhoxMAA,2mgam000001gdyAAAQ,00001135,2026-03-05T18:56:30.000+0000
2pmWj0000004Zf8IAE,01tam00000BCLX3AAP,20YWj00000szhoxMAA,2mgam000001gdy9AAA,00001136,2026-03-05T18:56:30.000+0000
2pmWj0000004ZbtIAE,01tam00000BCLX4AAP,20YWj00000sz8WIMAY,2mgam000001gdyAAAQ,00001131,2026-03-05T18:53:57.000+0000
2pmWj0000004ZbuIAE,01tam00000BCLX4AAP,20YWj00000sz8WIMAY,2mgam000001gdy9AAA,00001132,2026-03-05T18:53:57.000+0000
2pmWj0000004ZSFIA2,01tam00000BCLX5AAP,20YWj00000sznazMAA,2mgam000001gdyAAAQ,00001145,2026-03-05T19:01:34.000+0000
2pmWj0000004ZSGIA2,01tam00000BCLX5AAP,20YWj00000sznazMAA,2mgam000001gdy9AAA,00001146,2026-03-05T19:01:34.000+0000
2pmWj0000004ZdVIAU,01tam00000BCLX6AAP,20YWj00000szR2eMAE,2mgam000001gdyAAAQ,00001133,2026-03-05T18:55:00.000+0000
2pmWj0000004ZdWIAU,01tam00000BCLX6AAP,20YWj00000szR2eMAE,2mgam000001gdy9AAA,00001134,2026-03-05T18:55:00.000+0000
2pmWj0000004ZjxIAE,01tam00000BCLX7AAP,20YWj00000szP7IMAU,2mgam000001gdyAAAQ,00001141,2026-03-05T18:59:45.000+0000
2pmWj0000004ZjyIAE,01tam00000BCLX7AAP,20YWj00000szP7IMAU,2mgam000001gdy9AAA,00001142,2026-03-05T18:59:45.000+0000
2pmWj0000004ZYfIAM,01tam00000BCLX8AAP,20YWj00000syuuhMAA,2mgam000001gdyAAAQ,00001127,2026-03-05T18:51:53.000+0000
2pmWj0000004ZYgIAM,01tam00000BCLX8AAP,20YWj00000syuuhMAA,2mgam000001gdy9AAA,00001128,2026-03-05T18:51:53.000+0000
2pmWj0000004ZX3IAM,01tam00000BCLX9AAP,20YWj00000szS5AMAU,2mgam000001gdyAAAQ,00001125,2026-03-05T18:50:41.000+0000
2pmWj0000004ZX4IAM,01tam00000BCLX9AAP,20YWj00000szS5AMAU,2mgam000001gdy9AAA,00001126,2026-03-05T18:50:41.000+0000
2pmWj0000004ZiLIAU,01tam00000BCLXAAA5,20YWj00000szi6gMAA,2mgam000001gdyAAAQ,00001139,2026-03-05T18:58:39.000+0000
2pmWj0000004ZiMIAU,01tam00000BCLXAAA5,20YWj00000szi6gMAA,2mgam000001gdy9AAA,00001140,2026-03-05T18:58:39.000+0000
